method,planted_wgds,duprate,simid,dup_cost,solution_cost,solution_nbdups,solution_nblosses,time
segdup,1,10,10,10,10,1,0,168.784263
insider,1,10,10,10,10.0,1.0,0.0,0.094625
fastmultrec_greedy,1,10,10,10,10.0,1.0,0.0,0.395388
lcamap,1,10,10,10,10.0,1.0,0.0,0.063185
segdup,1,10,10,15,15,1,0,99.425718
insider,1,10,10,15,15.0,1.0,0.0,0.095638
fastmultrec_greedy,1,10,10,15,15.0,1.0,0.0,0.401986
lcamap,1,10,10,15,15.0,1.0,0.0,0.066158
segdup,1,10,10,20,20,1,0,129.905099
insider,1,10,10,20,20.0,1.0,0.0,0.092441
fastmultrec_greedy,1,10,10,20,20.0,1.0,0.0,0.401749
lcamap,1,10,10,20,20.0,1.0,0.0,0.060492
segdup,1,10,10,25,25,1,0,98.582964
insider,1,10,10,25,25.0,1.0,0.0,0.091777
fastmultrec_greedy,1,10,10,25,25.0,1.0,0.0,0.398291
lcamap,1,10,10,25,25.0,1.0,0.0,0.062289
segdup,1,10,10,5,5,1,0,176.899172
insider,1,10,10,5,5.0,1.0,0.0,0.095596
fastmultrec_greedy,1,10,10,5,5.0,1.0,0.0,0.400133
lcamap,1,10,10,5,5.0,1.0,0.0,0.061839
segdup,1,11,10,10,20,2,0,102.961963
insider,1,11,10,10,20.0,2.0,0.0,0.058858
fastmultrec_greedy,1,11,10,10,20.0,2.0,0.0,0.197322
lcamap,1,11,10,10,20.0,2.0,0.0,0.035929
segdup,1,11,10,15,30,2,0,84.688535
insider,1,11,10,15,30.0,2.0,0.0,0.058594
fastmultrec_greedy,1,11,10,15,30.0,2.0,0.0,0.198136
lcamap,1,11,10,15,30.0,2.0,0.0,0.035927
segdup,1,11,10,20,40,2,0,57.677149
insider,1,11,10,20,40.0,2.0,0.0,0.057082
fastmultrec_greedy,1,11,10,20,40.0,2.0,0.0,0.195794
lcamap,1,11,10,20,40.0,2.0,0.0,0.034301
segdup,1,11,10,25,50,2,0,57.260151
insider,1,11,10,25,50.0,2.0,0.0,0.060263
fastmultrec_greedy,1,11,10,25,50.0,2.0,0.0,0.200067
lcamap,1,11,10,25,50.0,2.0,0.0,0.034820
segdup,1,11,10,5,10,2,0,102.211864
insider,1,11,10,5,10.0,2.0,0.0,0.058375
fastmultrec_greedy,1,11,10,5,10.0,2.0,0.0,0.198701
lcamap,1,11,10,5,10.0,2.0,0.0,0.034493
segdup,1,15,10,10,10,1,0,107.283594
insider,1,15,10,10,10.0,1.0,0.0,0.061646
fastmultrec_greedy,1,15,10,10,10.0,1.0,0.0,0.210418
lcamap,1,15,10,10,10.0,1.0,0.0,0.038768
segdup,1,15,10,15,15,1,0,63.870162
insider,1,15,10,15,15.0,1.0,0.0,0.061390
fastmultrec_greedy,1,15,10,15,15.0,1.0,0.0,0.211413
lcamap,1,15,10,15,15.0,1.0,0.0,0.037625
segdup,1,15,10,20,20,1,0,58.925172
insider,1,15,10,20,20.0,1.0,0.0,0.062857
fastmultrec_greedy,1,15,10,20,20.0,1.0,0.0,0.211184
lcamap,1,15,10,20,20.0,1.0,0.0,0.038186
segdup,1,15,10,25,25,1,0,61.188230
insider,1,15,10,25,25.0,1.0,0.0,0.063260
fastmultrec_greedy,1,15,10,25,25.0,1.0,0.0,0.212262
lcamap,1,15,10,25,25.0,1.0,0.0,0.037924
segdup,1,15,10,5,5,1,0,110.030762
insider,1,15,10,5,5.0,1.0,0.0,0.061630
fastmultrec_greedy,1,15,10,5,5.0,1.0,0.0,0.210899
lcamap,1,15,10,5,5.0,1.0,0.0,0.038028
segdup,1,8,10,10,203,18,23,113.518050
insider,1,8,10,10,199.0,17.0,29.0,0.085765
fastmultrec_greedy,1,8,10,10,203.0,18.0,23.0,0.276344
lcamap,1,8,10,10,203.0,18.0,23.0,0.041342
segdup,1,8,10,15,293,18,23,106.093828
insider,1,8,10,15,284.0,17.0,29.0,0.100229
fastmultrec_greedy,1,8,10,15,293.0,18.0,23.0,0.275420
lcamap,1,8,10,15,293.0,18.0,23.0,0.040001
segdup,1,8,10,20,377,17,37,105.406950
insider,1,8,10,20,369.0,17.0,29.0,0.139569
fastmultrec_greedy,1,8,10,20,383.0,18.0,23.0,0.275974
lcamap,1,8,10,20,383.0,18.0,23.0,0.041439
segdup,1,8,10,25,473,18,23,84.360499
insider,1,8,10,25,451.0,16.0,51.0,0.292397
fastmultrec_greedy,1,8,10,25,473.0,18.0,23.0,0.276922
lcamap,1,8,10,25,473.0,18.0,23.0,0.040454
segdup,1,8,10,5,113,18,23,108.964615
insider,1,8,10,5,113.0,18.0,23.0,0.075549
fastmultrec_greedy,1,8,10,5,113.0,18.0,23.0,0.275886
lcamap,1,8,10,5,113.0,18.0,23.0,0.040975
segdup,1,9,10,10,53,5,3,134.768298
insider,1,9,10,10,53.0,5.0,3.0,0.068925
fastmultrec_greedy,1,9,10,10,53.0,5.0,3.0,0.216569
lcamap,1,9,10,10,53.0,5.0,3.0,0.038744
segdup,1,9,10,15,78,5,3,120.792124
insider,1,9,10,15,78.0,5.0,3.0,0.070249
fastmultrec_greedy,1,9,10,15,78.0,5.0,3.0,0.216171
lcamap,1,9,10,15,78.0,5.0,3.0,0.042219
segdup,1,9,10,20,103,5,3,73.496056
insider,1,9,10,20,103.0,5.0,3.0,0.071270
fastmultrec_greedy,1,9,10,20,103.0,5.0,3.0,0.216270
lcamap,1,9,10,20,103.0,5.0,3.0,0.040707
segdup,1,9,10,25,128,5,3,74.542888
insider,1,9,10,25,128.0,5.0,3.0,0.076203
fastmultrec_greedy,1,9,10,25,128.0,5.0,3.0,0.219627
lcamap,1,9,10,25,128.0,5.0,3.0,0.039590
segdup,1,9,10,5,28,5,3,131.505664
insider,1,9,10,5,28.0,5.0,3.0,0.067063
fastmultrec_greedy,1,9,10,5,28.0,5.0,3.0,0.221714
lcamap,1,9,10,5,28.0,5.0,3.0,0.039397
segdup,2,10,10,10,53,5,3,281.284344
insider,2,10,10,10,53.0,5.0,3.0,0.147414
fastmultrec_greedy,2,10,10,10,53.0,5.0,3.0,0.590574
lcamap,2,10,10,10,53.0,5.0,3.0,0.090284
segdup,2,10,10,15,78,5,3,226.233256
insider,2,10,10,15,78.0,5.0,3.0,0.150673
fastmultrec_greedy,2,10,10,15,78.0,5.0,3.0,0.590470
lcamap,2,10,10,15,78.0,5.0,3.0,0.089397
segdup,2,10,10,20,103,5,3,158.376360
insider,2,10,10,20,103.0,5.0,3.0,0.148590
fastmultrec_greedy,2,10,10,20,103.0,5.0,3.0,0.599160
lcamap,2,10,10,20,103.0,5.0,3.0,0.092349
segdup,2,10,10,25,128,5,3,158.500763
insider,2,10,10,25,128.0,5.0,3.0,0.149230
fastmultrec_greedy,2,10,10,25,128.0,5.0,3.0,0.590591
lcamap,2,10,10,25,128.0,5.0,3.0,0.090806
segdup,2,10,10,5,28,5,3,327.632116
insider,2,10,10,5,28.0,5.0,3.0,0.148715
fastmultrec_greedy,2,10,10,5,28.0,5.0,3.0,0.589761
lcamap,2,10,10,5,28.0,5.0,3.0,0.092913
segdup,2,11,10,10,20,2,0,201.191484
insider,2,11,10,10,20.0,2.0,0.0,0.134525
fastmultrec_greedy,2,11,10,10,20.0,2.0,0.0,0.512659
lcamap,2,11,10,10,20.0,2.0,0.0,0.085058
segdup,2,11,10,15,30,2,0,106.804422
insider,2,11,10,15,30.0,2.0,0.0,0.131254
fastmultrec_greedy,2,11,10,15,30.0,2.0,0.0,0.508075
lcamap,2,11,10,15,30.0,2.0,0.0,0.087186
segdup,2,11,10,20,40,2,0,176.090174
insider,2,11,10,20,40.0,2.0,0.0,0.130587
fastmultrec_greedy,2,11,10,20,40.0,2.0,0.0,0.513146
lcamap,2,11,10,20,40.0,2.0,0.0,0.087098
segdup,2,11,10,25,50,2,0,107.051409
insider,2,11,10,25,50.0,2.0,0.0,0.134482
fastmultrec_greedy,2,11,10,25,50.0,2.0,0.0,0.510617
lcamap,2,11,10,25,50.0,2.0,0.0,0.084539
segdup,2,11,10,5,10,2,0,234.114140
insider,2,11,10,5,10.0,2.0,0.0,0.131347
fastmultrec_greedy,2,11,10,5,10.0,2.0,0.0,0.517589
lcamap,2,11,10,5,10.0,2.0,0.0,0.085318
segdup,2,15,10,10,20,2,0,213.366027
insider,2,15,10,10,20.0,2.0,0.0,0.130995
fastmultrec_greedy,2,15,10,10,20.0,2.0,0.0,0.576232
lcamap,2,15,10,10,20.0,2.0,0.0,0.078152
segdup,2,15,10,15,30,2,0,219.320290
insider,2,15,10,15,30.0,2.0,0.0,0.131588
fastmultrec_greedy,2,15,10,15,30.0,2.0,0.0,0.578979
lcamap,2,15,10,15,30.0,2.0,0.0,0.081318
segdup,2,15,10,20,40,2,0,135.590562
insider,2,15,10,20,40.0,2.0,0.0,0.129895
fastmultrec_greedy,2,15,10,20,40.0,2.0,0.0,0.572012
lcamap,2,15,10,20,40.0,2.0,0.0,0.079970
segdup,2,15,10,25,50,2,0,133.151767
insider,2,15,10,25,50.0,2.0,0.0,0.130915
fastmultrec_greedy,2,15,10,25,50.0,2.0,0.0,0.578849
lcamap,2,15,10,25,50.0,2.0,0.0,0.080919
segdup,2,15,10,5,10,2,0,285.992330
insider,2,15,10,5,10.0,2.0,0.0,0.130855
fastmultrec_greedy,2,15,10,5,10.0,2.0,0.0,0.580173
lcamap,2,15,10,5,10.0,2.0,0.0,0.081528
segdup,2,8,10,10,1585,111,475,187.917282
insider,2,8,10,10,1548.0,101.0,538.0,0.488578
fastmultrec_greedy,2,8,10,10,1567.0,108.0,487.0,1.597301
lcamap,2,8,10,10,1585.0,111.0,475.0,0.081104
segdup,2,8,10,15,2140,111,475,181.756348
insider,2,8,10,15,2039.0,95.0,614.0,1.368322
fastmultrec_greedy,2,8,10,15,2104.0,107.0,499.0,2.010205
lcamap,2,8,10,15,2140.0,111.0,475.0,0.082759
segdup,2,8,10,20,2695,111,475,178.490276
insider,2,8,10,20,2500.0,89.0,720.0,4.645506
fastmultrec_greedy,2,8,10,20,2634.0,106.0,514.0,2.390925
lcamap,2,8,10,20,2695.0,111.0,475.0,0.081887
segdup,2,8,10,25,3250,111,475,185.334082
insider,2,8,10,25,2935.0,85.0,810.0,20.698167
fastmultrec_greedy,2,8,10,25,3164.0,106.0,514.0,2.391330
lcamap,2,8,10,25,3250.0,111.0,475.0,0.082083
segdup,2,8,10,5,1030,111,475,197.027210
insider,2,8,10,5,1026.0,109.0,481.0,0.248889
fastmultrec_greedy,2,8,10,5,1026.0,109.0,481.0,1.197937
lcamap,2,8,10,5,1030.0,111.0,475.0,0.083320
segdup,2,9,10,10,70,6,10,110.042253
insider,2,9,10,10,70.0,6.0,10.0,0.097575
fastmultrec_greedy,2,9,10,10,70.0,6.0,10.0,0.315019
lcamap,2,9,10,10,70.0,6.0,10.0,0.049979
segdup,2,9,10,15,100,6,10,91.526102
insider,2,9,10,15,100.0,6.0,10.0,0.100615
fastmultrec_greedy,2,9,10,15,100.0,6.0,10.0,0.315669
lcamap,2,9,10,15,100.0,6.0,10.0,0.055795
segdup,2,9,10,20,130,6,10,70.823755
insider,2,9,10,20,130.0,6.0,10.0,0.104568
fastmultrec_greedy,2,9,10,20,130.0,6.0,10.0,0.316401
lcamap,2,9,10,20,130.0,6.0,10.0,0.050492
segdup,2,9,10,25,160,6,10,69.431246
insider,2,9,10,25,160.0,6.0,10.0,0.107212
fastmultrec_greedy,2,9,10,25,160.0,6.0,10.0,0.316828
lcamap,2,9,10,25,160.0,6.0,10.0,0.050753
segdup,2,9,10,5,40,6,10,116.892731
insider,2,9,10,5,40.0,6.0,10.0,0.094916
fastmultrec_greedy,2,9,10,5,40.0,6.0,10.0,0.320938
lcamap,2,9,10,5,40.0,6.0,10.0,0.050694
segdup,1,10,11,10,10,1,0,52.798561
insider,1,10,11,10,10.0,1.0,0.0,0.029304
fastmultrec_greedy,1,10,11,10,10.0,1.0,0.0,0.083718
lcamap,1,10,11,10,10.0,1.0,0.0,0.015869
segdup,1,10,11,15,15,1,0,31.769185
insider,1,10,11,15,15.0,1.0,0.0,0.028342
fastmultrec_greedy,1,10,11,15,15.0,1.0,0.0,0.083597
lcamap,1,10,11,15,15.0,1.0,0.0,0.015705
segdup,1,10,11,20,20,1,0,29.867408
insider,1,10,11,20,20.0,1.0,0.0,0.029900
fastmultrec_greedy,1,10,11,20,20.0,1.0,0.0,0.084024
lcamap,1,10,11,20,20.0,1.0,0.0,0.015836
segdup,1,10,11,25,25,1,0,29.740758
insider,1,10,11,25,25.0,1.0,0.0,0.028353
fastmultrec_greedy,1,10,11,25,25.0,1.0,0.0,0.084101
lcamap,1,10,11,25,25.0,1.0,0.0,0.016052
segdup,1,10,11,5,5,1,0,53.057537
insider,1,10,11,5,5.0,1.0,0.0,0.030163
fastmultrec_greedy,1,10,11,5,5.0,1.0,0.0,0.083300
lcamap,1,10,11,5,5.0,1.0,0.0,0.015688
segdup,1,11,11,10,11,1,1,81.448167
insider,1,11,11,10,11.0,1.0,1.0,0.045589
fastmultrec_greedy,1,11,11,10,11.0,1.0,1.0,0.164030
lcamap,1,11,11,10,11.0,1.0,1.0,0.027979
segdup,1,11,11,15,16,1,1,75.603079
insider,1,11,11,15,16.0,1.0,1.0,0.047604
fastmultrec_greedy,1,11,11,15,16.0,1.0,1.0,0.164855
lcamap,1,11,11,15,16.0,1.0,1.0,0.028483
segdup,1,11,11,20,21,1,1,49.881970
insider,1,11,11,20,21.0,1.0,1.0,0.046783
fastmultrec_greedy,1,11,11,20,21.0,1.0,1.0,0.161834
lcamap,1,11,11,20,21.0,1.0,1.0,0.029186
segdup,1,11,11,25,26,1,1,47.355247
insider,1,11,11,25,26.0,1.0,1.0,0.046944
fastmultrec_greedy,1,11,11,25,26.0,1.0,1.0,0.162711
lcamap,1,11,11,25,26.0,1.0,1.0,0.028014
segdup,1,11,11,5,6,1,1,86.017281
insider,1,11,11,5,6.0,1.0,1.0,0.046864
fastmultrec_greedy,1,11,11,5,6.0,1.0,1.0,0.161137
lcamap,1,11,11,5,6.0,1.0,1.0,0.027898
segdup,1,15,11,10,10,1,0,66.649636
insider,1,15,11,10,10.0,1.0,0.0,0.039074
fastmultrec_greedy,1,15,11,10,10.0,1.0,0.0,0.131731
lcamap,1,15,11,10,10.0,1.0,0.0,0.021817
segdup,1,15,11,15,15,1,0,56.556923
insider,1,15,11,15,15.0,1.0,0.0,0.039805
fastmultrec_greedy,1,15,11,15,15.0,1.0,0.0,0.130325
lcamap,1,15,11,15,15.0,1.0,0.0,0.022329
segdup,1,15,11,20,20,1,0,40.885799
insider,1,15,11,20,20.0,1.0,0.0,0.038005
fastmultrec_greedy,1,15,11,20,20.0,1.0,0.0,0.134479
lcamap,1,15,11,20,20.0,1.0,0.0,0.021990
segdup,1,15,11,25,25,1,0,40.658230
insider,1,15,11,25,25.0,1.0,0.0,0.037875
fastmultrec_greedy,1,15,11,25,25.0,1.0,0.0,0.132036
lcamap,1,15,11,25,25.0,1.0,0.0,0.021968
segdup,1,15,11,5,5,1,0,72.619403
insider,1,15,11,5,5.0,1.0,0.0,0.040883
fastmultrec_greedy,1,15,11,5,5.0,1.0,0.0,0.133585
lcamap,1,15,11,5,5.0,1.0,0.0,0.021398
segdup,1,8,11,10,615,50,115,53.346820
insider,1,8,11,10,592.0,46.0,132.0,0.178865
fastmultrec_greedy,1,8,11,10,606.0,49.0,116.0,0.564313
lcamap,1,8,11,10,623.0,54.0,83.0,0.021178
segdup,1,8,11,15,854,50,104,46.941351
insider,1,8,11,15,814.0,44.0,154.0,0.924855
fastmultrec_greedy,1,8,11,15,851.0,49.0,116.0,0.562124
lcamap,1,8,11,15,893.0,54.0,83.0,0.021042
segdup,1,8,11,20,1130,52,90,44.612215
insider,1,8,11,20,1028.0,38.0,268.0,7.409772
fastmultrec_greedy,1,8,11,20,1096.0,49.0,116.0,0.567691
lcamap,1,8,11,20,1163.0,54.0,83.0,0.021114
segdup,1,8,11,25,1352,50,102,46.278656
insider,1,8,11,25,1217.0,37.0,292.0,34.098726
fastmultrec_greedy,1,8,11,25,1341.0,49.0,116.0,0.568803
lcamap,1,8,11,25,1433.0,54.0,83.0,0.021697
segdup,1,8,11,5,353,54,83,51.665042
insider,1,8,11,5,348.0,51.0,93.0,0.075367
fastmultrec_greedy,1,8,11,5,349.0,52.0,89.0,0.285256
lcamap,1,8,11,5,353.0,54.0,83.0,0.021471
segdup,1,9,11,10,190,18,10,65.220132
insider,1,9,11,10,190.0,18.0,10.0,0.069217
fastmultrec_greedy,1,9,11,10,190.0,18.0,10.0,0.151359
lcamap,1,9,11,10,190.0,18.0,10.0,0.024752
segdup,1,9,11,15,280,18,10,68.267626
insider,1,9,11,15,280.0,18.0,10.0,0.105016
fastmultrec_greedy,1,9,11,15,280.0,18.0,10.0,0.152503
lcamap,1,9,11,15,280.0,18.0,10.0,0.025117
segdup,1,9,11,20,370,18,10,42.024901
insider,1,9,11,20,370.0,18.0,10.0,0.172036
fastmultrec_greedy,1,9,11,20,370.0,18.0,10.0,0.153177
lcamap,1,9,11,20,370.0,18.0,10.0,0.025364
segdup,1,9,11,25,460,18,10,43.050027
insider,1,9,11,25,460.0,18.0,10.0,0.487656
fastmultrec_greedy,1,9,11,25,460.0,18.0,10.0,0.151125
lcamap,1,9,11,25,460.0,18.0,10.0,0.024888
segdup,1,9,11,5,100,18,10,68.273397
insider,1,9,11,5,100.0,18.0,10.0,0.053378
fastmultrec_greedy,1,9,11,5,100.0,18.0,10.0,0.153061
lcamap,1,9,11,5,100.0,18.0,10.0,0.024826
segdup,2,10,11,10,41,4,1,242.758167
insider,2,10,11,10,41.0,4.0,1.0,0.146230
fastmultrec_greedy,2,10,11,10,41.0,4.0,1.0,0.519864
lcamap,2,10,11,10,41.0,4.0,1.0,0.091427
segdup,2,10,11,15,61,4,1,182.490554
insider,2,10,11,15,61.0,4.0,1.0,0.150784
fastmultrec_greedy,2,10,11,15,61.0,4.0,1.0,0.529206
lcamap,2,10,11,15,61.0,4.0,1.0,0.093552
segdup,2,10,11,20,81,4,1,120.866919
insider,2,10,11,20,81.0,4.0,1.0,0.154229
fastmultrec_greedy,2,10,11,20,81.0,4.0,1.0,0.529096
lcamap,2,10,11,20,81.0,4.0,1.0,0.093281
segdup,2,10,11,25,101,4,1,122.199238
insider,2,10,11,25,101.0,4.0,1.0,0.152861
fastmultrec_greedy,2,10,11,25,101.0,4.0,1.0,0.523035
lcamap,2,10,11,25,101.0,4.0,1.0,0.091954
segdup,2,10,11,5,21,4,1,279.421228
insider,2,10,11,5,21.0,4.0,1.0,0.147627
fastmultrec_greedy,2,10,11,5,21.0,4.0,1.0,0.529095
lcamap,2,10,11,5,21.0,4.0,1.0,0.094747
segdup,2,11,11,10,20,2,0,143.178437
insider,2,11,11,10,20.0,2.0,0.0,0.094175
fastmultrec_greedy,2,11,11,10,20.0,2.0,0.0,0.326928
lcamap,2,11,11,10,20.0,2.0,0.0,0.051572
segdup,2,11,11,15,30,2,0,69.951292
insider,2,11,11,15,30.0,2.0,0.0,0.093344
fastmultrec_greedy,2,11,11,15,30.0,2.0,0.0,0.327697
lcamap,2,11,11,15,30.0,2.0,0.0,0.051854
segdup,2,11,11,20,40,2,0,98.242974
insider,2,11,11,20,40.0,2.0,0.0,0.093123
fastmultrec_greedy,2,11,11,20,40.0,2.0,0.0,0.330137
lcamap,2,11,11,20,40.0,2.0,0.0,0.052558
segdup,2,11,11,25,50,2,0,65.615321
insider,2,11,11,25,50.0,2.0,0.0,0.093771
fastmultrec_greedy,2,11,11,25,50.0,2.0,0.0,0.329937
lcamap,2,11,11,25,50.0,2.0,0.0,0.052659
segdup,2,11,11,5,10,2,0,154.059322
insider,2,11,11,5,10.0,2.0,0.0,0.093164
fastmultrec_greedy,2,11,11,5,10.0,2.0,0.0,0.331683
lcamap,2,11,11,5,10.0,2.0,0.0,0.052274
segdup,2,15,11,10,20,2,0,233.959920
insider,2,15,11,10,20.0,2.0,0.0,0.138139
fastmultrec_greedy,2,15,11,10,20.0,2.0,0.0,0.548695
lcamap,2,15,11,10,20.0,2.0,0.0,0.084597
segdup,2,15,11,15,30,2,0,107.534261
insider,2,15,11,15,30.0,2.0,0.0,0.137343
fastmultrec_greedy,2,15,11,15,30.0,2.0,0.0,0.533671
lcamap,2,15,11,15,30.0,2.0,0.0,0.086427
segdup,2,15,11,20,40,2,0,179.767532
insider,2,15,11,20,40.0,2.0,0.0,0.138214
fastmultrec_greedy,2,15,11,20,40.0,2.0,0.0,0.538439
lcamap,2,15,11,20,40.0,2.0,0.0,0.087161
segdup,2,15,11,25,50,2,0,110.791618
insider,2,15,11,25,50.0,2.0,0.0,0.135959
fastmultrec_greedy,2,15,11,25,50.0,2.0,0.0,0.544786
lcamap,2,15,11,25,50.0,2.0,0.0,0.087747
segdup,2,15,11,5,10,2,0,249.732874
insider,2,15,11,5,10.0,2.0,0.0,0.137310
fastmultrec_greedy,2,15,11,5,10.0,2.0,0.0,0.539338
lcamap,2,15,11,5,10.0,2.0,0.0,0.086915
segdup,2,8,11,10,865,72,145,196.792413
insider,2,8,11,10,854.0,67.0,184.0,0.532925
fastmultrec_greedy,2,8,11,10,865.0,72.0,145.0,0.587508
lcamap,2,8,11,10,865.0,72.0,145.0,0.101017
segdup,2,8,11,15,1218,71,153,177.487071
insider,2,8,11,15,1182.0,64.0,222.0,3.487501
fastmultrec_greedy,2,8,11,15,1225.0,72.0,145.0,0.585449
lcamap,2,8,11,15,1225.0,72.0,145.0,0.107219
segdup,2,8,11,20,1585,72,145,182.462418
insider,2,8,11,20,1498.0,62.0,258.0,10.812134
fastmultrec_greedy,2,8,11,20,1585.0,72.0,145.0,0.582424
lcamap,2,8,11,20,1585.0,72.0,145.0,0.104359
segdup,2,8,11,25,1945,72,145,176.069190
insider,2,8,11,25,1803.0,60.0,303.0,50.803047
fastmultrec_greedy,2,8,11,25,1945.0,72.0,145.0,0.599039
lcamap,2,8,11,25,1945.0,72.0,145.0,0.105856
segdup,2,8,11,5,505,72,145,194.471760
insider,2,8,11,5,505.0,72.0,145.0,0.245956
fastmultrec_greedy,2,8,11,5,505.0,72.0,145.0,0.594774
lcamap,2,8,11,5,505.0,72.0,145.0,0.101660
segdup,2,9,11,10,156,15,6,145.891779
insider,2,9,11,10,156.0,15.0,6.0,0.145478
fastmultrec_greedy,2,9,11,10,156.0,15.0,6.0,0.457565
lcamap,2,9,11,10,156.0,15.0,6.0,0.069890
segdup,2,9,11,15,231,15,6,92.159887
insider,2,9,11,15,231.0,15.0,6.0,0.204345
fastmultrec_greedy,2,9,11,15,231.0,15.0,6.0,0.463629
lcamap,2,9,11,15,231.0,15.0,6.0,0.079882
segdup,2,9,11,20,306,15,6,92.403209
insider,2,9,11,20,306.0,15.0,6.0,0.366996
fastmultrec_greedy,2,9,11,20,306.0,15.0,6.0,0.450818
lcamap,2,9,11,20,306.0,15.0,6.0,0.069563
segdup,2,9,11,25,381,15,6,92.501501
insider,2,9,11,25,381.0,15.0,6.0,1.201108
fastmultrec_greedy,2,9,11,25,381.0,15.0,6.0,0.461411
lcamap,2,9,11,25,381.0,15.0,6.0,0.071640
segdup,2,9,11,5,81,15,6,157.579362
insider,2,9,11,5,81.0,15.0,6.0,0.127005
fastmultrec_greedy,2,9,11,5,81.0,15.0,6.0,0.463840
lcamap,2,9,11,5,81.0,15.0,6.0,0.067682
segdup,1,10,12,10,21,2,1,66.852259
insider,1,10,12,10,21.0,2.0,1.0,0.039983
fastmultrec_greedy,1,10,12,10,21.0,2.0,1.0,0.135364
lcamap,1,10,12,10,21.0,2.0,1.0,0.022806
segdup,1,10,12,15,31,2,1,44.621143
insider,1,10,12,15,31.0,2.0,1.0,0.047493
fastmultrec_greedy,1,10,12,15,31.0,2.0,1.0,0.135615
lcamap,1,10,12,15,31.0,2.0,1.0,0.022633
segdup,1,10,12,20,41,2,1,62.208181
insider,1,10,12,20,41.0,2.0,1.0,0.040076
fastmultrec_greedy,1,10,12,20,41.0,2.0,1.0,0.140070
lcamap,1,10,12,20,41.0,2.0,1.0,0.029342
segdup,1,10,12,25,51,2,1,39.220574
insider,1,10,12,25,51.0,2.0,1.0,0.040716
fastmultrec_greedy,1,10,12,25,51.0,2.0,1.0,0.154157
lcamap,1,10,12,25,51.0,2.0,1.0,0.024393
segdup,1,10,12,5,11,2,1,71.041018
insider,1,10,12,5,11.0,2.0,1.0,0.037884
fastmultrec_greedy,1,10,12,5,11.0,2.0,1.0,0.133043
lcamap,1,10,12,5,11.0,2.0,1.0,0.022429
segdup,1,11,12,10,10,1,0,87.328543
insider,1,11,12,10,10.0,1.0,0.0,0.046904
fastmultrec_greedy,1,11,12,10,10.0,1.0,0.0,0.163441
lcamap,1,11,12,10,10.0,1.0,0.0,0.029241
segdup,1,11,12,15,15,1,0,71.089355
insider,1,11,12,15,15.0,1.0,0.0,0.045937
fastmultrec_greedy,1,11,12,15,15.0,1.0,0.0,0.162992
lcamap,1,11,12,15,15.0,1.0,0.0,0.029194
segdup,1,11,12,20,20,1,0,50.863209
insider,1,11,12,20,20.0,1.0,0.0,0.047351
fastmultrec_greedy,1,11,12,20,20.0,1.0,0.0,0.164602
lcamap,1,11,12,20,20.0,1.0,0.0,0.029767
segdup,1,11,12,25,25,1,0,50.779346
insider,1,11,12,25,25.0,1.0,0.0,0.054688
fastmultrec_greedy,1,11,12,25,25.0,1.0,0.0,0.164835
lcamap,1,11,12,25,25.0,1.0,0.0,0.029355
segdup,1,11,12,5,5,1,0,93.781365
insider,1,11,12,5,5.0,1.0,0.0,0.047328
fastmultrec_greedy,1,11,12,5,5.0,1.0,0.0,0.165337
lcamap,1,11,12,5,5.0,1.0,0.0,0.028939
segdup,1,15,12,10,10,1,0,70.932846
insider,1,15,12,10,10.0,1.0,0.0,0.041188
fastmultrec_greedy,1,15,12,10,10.0,1.0,0.0,0.127332
lcamap,1,15,12,10,10.0,1.0,0.0,0.023399
segdup,1,15,12,15,15,1,0,56.017288
insider,1,15,12,15,15.0,1.0,0.0,0.040273
fastmultrec_greedy,1,15,12,15,15.0,1.0,0.0,0.124983
lcamap,1,15,12,15,15.0,1.0,0.0,0.023584
segdup,1,15,12,20,20,1,0,41.733738
insider,1,15,12,20,20.0,1.0,0.0,0.039514
fastmultrec_greedy,1,15,12,20,20.0,1.0,0.0,0.129765
lcamap,1,15,12,20,20.0,1.0,0.0,0.022981
segdup,1,15,12,25,25,1,0,40.224189
insider,1,15,12,25,25.0,1.0,0.0,0.041053
fastmultrec_greedy,1,15,12,25,25.0,1.0,0.0,0.124772
lcamap,1,15,12,25,25.0,1.0,0.0,0.023429
segdup,1,15,12,5,5,1,0,74.433045
insider,1,15,12,5,5.0,1.0,0.0,0.039536
fastmultrec_greedy,1,15,12,5,5.0,1.0,0.0,0.124352
lcamap,1,15,12,5,5.0,1.0,0.0,0.023741
segdup,1,8,12,10,1150,95,200,124.488270
insider,1,8,12,10,1136.0,90.0,236.0,0.353959
fastmultrec_greedy,1,8,12,10,1150.0,95.0,200.0,0.374475
lcamap,1,8,12,10,1150.0,95.0,200.0,0.064450
segdup,1,8,12,15,1625,95,200,122.044581
insider,1,8,12,15,1571.0,82.0,341.0,1.477091
fastmultrec_greedy,1,8,12,15,1625.0,95.0,200.0,0.394119
lcamap,1,8,12,15,1625.0,95.0,200.0,0.066128
segdup,1,8,12,20,2100,95,200,116.628988
insider,1,8,12,20,1970.0,78.0,410.0,7.902323
fastmultrec_greedy,1,8,12,20,2095.0,94.0,215.0,0.688456
lcamap,1,8,12,20,2100.0,95.0,200.0,0.063847
segdup,1,8,12,25,2575,95,200,118.722844
insider,1,8,12,25,2348.0,74.0,498.0,55.179497
fastmultrec_greedy,1,8,12,25,2565.0,94.0,215.0,0.694997
lcamap,1,8,12,25,2575.0,95.0,200.0,0.066127
segdup,1,8,12,5,675,95,200,126.517927
insider,1,8,12,5,675.0,95.0,200.0,0.168071
fastmultrec_greedy,1,8,12,5,675.0,95.0,200.0,0.385186
lcamap,1,8,12,5,675.0,95.0,200.0,0.063567
segdup,1,9,12,10,33,3,3,84.461278
insider,1,9,12,10,33.0,3.0,3.0,0.052302
fastmultrec_greedy,1,9,12,10,33.0,3.0,3.0,0.205579
lcamap,1,9,12,10,33.0,3.0,3.0,0.031806
segdup,1,9,12,15,48,3,3,81.248552
insider,1,9,12,15,48.0,3.0,3.0,0.052890
fastmultrec_greedy,1,9,12,15,48.0,3.0,3.0,0.203406
lcamap,1,9,12,15,48.0,3.0,3.0,0.031419
segdup,1,9,12,20,63,3,3,69.445508
insider,1,9,12,20,63.0,3.0,3.0,0.054191
fastmultrec_greedy,1,9,12,20,63.0,3.0,3.0,0.204802
lcamap,1,9,12,20,63.0,3.0,3.0,0.031523
segdup,1,9,12,25,78,3,3,68.737669
insider,1,9,12,25,78.0,3.0,3.0,0.055562
fastmultrec_greedy,1,9,12,25,78.0,3.0,3.0,0.204394
lcamap,1,9,12,25,78.0,3.0,3.0,0.030626
segdup,1,9,12,5,18,3,3,90.803933
insider,1,9,12,5,18.0,3.0,3.0,0.054829
fastmultrec_greedy,1,9,12,5,18.0,3.0,3.0,0.210036
lcamap,1,9,12,5,18.0,3.0,3.0,0.032337
segdup,2,10,12,10,63,6,3,242.500801
insider,2,10,12,10,63.0,6.0,3.0,0.165855
fastmultrec_greedy,2,10,12,10,63.0,6.0,3.0,0.678299
lcamap,2,10,12,10,63.0,6.0,3.0,0.103244
segdup,2,10,12,15,93,6,3,133.443317
insider,2,10,12,15,93.0,6.0,3.0,0.171265
fastmultrec_greedy,2,10,12,15,93.0,6.0,3.0,0.679865
lcamap,2,10,12,15,93.0,6.0,3.0,0.103532
segdup,2,10,12,20,123,6,3,129.117015
insider,2,10,12,20,123.0,6.0,3.0,0.170432
fastmultrec_greedy,2,10,12,20,123.0,6.0,3.0,0.671984
lcamap,2,10,12,20,123.0,6.0,3.0,0.102922
segdup,2,10,12,25,153,6,3,127.415742
insider,2,10,12,25,153.0,6.0,3.0,0.165294
fastmultrec_greedy,2,10,12,25,153.0,6.0,3.0,0.675010
lcamap,2,10,12,25,153.0,6.0,3.0,0.102909
segdup,2,10,12,5,33,6,3,297.977309
insider,2,10,12,5,33.0,6.0,3.0,0.166142
fastmultrec_greedy,2,10,12,5,33.0,6.0,3.0,0.683418
lcamap,2,10,12,5,33.0,6.0,3.0,0.106256
segdup,2,11,12,10,20,2,0,176.842769
insider,2,11,12,10,20.0,2.0,0.0,0.106092
fastmultrec_greedy,2,11,12,10,20.0,2.0,0.0,0.415788
lcamap,2,11,12,10,20.0,2.0,0.0,0.062249
segdup,2,11,12,15,30,2,0,79.942061
insider,2,11,12,15,30.0,2.0,0.0,0.106798
fastmultrec_greedy,2,11,12,15,30.0,2.0,0.0,0.420152
lcamap,2,11,12,15,30.0,2.0,0.0,0.063658
segdup,2,11,12,20,40,2,0,158.330216
insider,2,11,12,20,40.0,2.0,0.0,0.106756
fastmultrec_greedy,2,11,12,20,40.0,2.0,0.0,0.411574
lcamap,2,11,12,20,40.0,2.0,0.0,0.061705
segdup,2,11,12,25,50,2,0,78.911939
insider,2,11,12,25,50.0,2.0,0.0,0.106504
fastmultrec_greedy,2,11,12,25,50.0,2.0,0.0,0.415357
lcamap,2,11,12,25,50.0,2.0,0.0,0.061336
segdup,2,11,12,5,10,2,0,183.858864
insider,2,11,12,5,10.0,2.0,0.0,0.104892
fastmultrec_greedy,2,11,12,5,10.0,2.0,0.0,0.424452
lcamap,2,11,12,5,10.0,2.0,0.0,0.062846
segdup,2,15,12,10,20,2,0,152.394236
insider,2,15,12,10,20.0,2.0,0.0,0.103467
fastmultrec_greedy,2,15,12,10,20.0,2.0,0.0,0.376264
lcamap,2,15,12,10,20.0,2.0,0.0,0.057774
segdup,2,15,12,15,30,2,0,155.252202
insider,2,15,12,15,30.0,2.0,0.0,0.104377
fastmultrec_greedy,2,15,12,15,30.0,2.0,0.0,0.374881
lcamap,2,15,12,15,30.0,2.0,0.0,0.058198
segdup,2,15,12,20,40,2,0,75.937223
insider,2,15,12,20,40.0,2.0,0.0,0.104310
fastmultrec_greedy,2,15,12,20,40.0,2.0,0.0,0.384891
lcamap,2,15,12,20,40.0,2.0,0.0,0.060154
segdup,2,15,12,25,50,2,0,75.380130
insider,2,15,12,25,50.0,2.0,0.0,0.103635
fastmultrec_greedy,2,15,12,25,50.0,2.0,0.0,0.376429
lcamap,2,15,12,25,50.0,2.0,0.0,0.059121
segdup,2,15,12,5,10,2,0,177.464276
insider,2,15,12,5,10.0,2.0,0.0,0.105062
fastmultrec_greedy,2,15,12,5,10.0,2.0,0.0,0.382130
lcamap,2,15,12,5,10.0,2.0,0.0,0.059912
segdup,2,8,12,10,1330,93,400,165.859056
insider,2,8,12,10,1311.0,88.0,431.0,0.350231
fastmultrec_greedy,2,8,12,10,1322.0,91.0,412.0,1.203236
lcamap,2,8,12,10,1330.0,93.0,400.0,0.072389
segdup,2,8,12,15,1795,93,400,161.977463
insider,2,8,12,15,1733.0,82.0,503.0,0.662783
fastmultrec_greedy,2,8,12,15,1771.0,89.0,436.0,2.005983
lcamap,2,8,12,15,1795.0,93.0,400.0,0.071486
segdup,2,8,12,20,2260,93,400,160.178756
insider,2,8,12,20,2133.0,77.0,593.0,1.309693
fastmultrec_greedy,2,8,12,20,2216.0,89.0,436.0,1.984732
lcamap,2,8,12,20,2260.0,93.0,400.0,0.071579
segdup,2,8,12,25,2725,93,400,155.836429
insider,2,8,12,25,2501.0,72.0,701.0,2.160117
fastmultrec_greedy,2,8,12,25,2661.0,89.0,436.0,2.009274
lcamap,2,8,12,25,2725.0,93.0,400.0,0.072016
segdup,2,8,12,5,865,93,400,170.329170
insider,2,8,12,5,862.0,91.0,407.0,0.223050
fastmultrec_greedy,2,8,12,5,863.0,92.0,403.0,0.797748
lcamap,2,8,12,5,865.0,93.0,400.0,0.070733
segdup,2,9,12,10,125,12,5,271.981383
insider,2,9,12,10,125.0,12.0,5.0,0.179990
fastmultrec_greedy,2,9,12,10,125.0,12.0,5.0,0.709900
lcamap,2,9,12,10,125.0,12.0,5.0,0.094115
segdup,2,9,12,15,185,12,5,141.943044
insider,2,9,12,15,185.0,12.0,5.0,0.185762
fastmultrec_greedy,2,9,12,15,185.0,12.0,5.0,0.711335
lcamap,2,9,12,15,185.0,12.0,5.0,0.097422
segdup,2,9,12,20,245,12,5,189.570484
insider,2,9,12,20,245.0,12.0,5.0,0.209662
fastmultrec_greedy,2,9,12,20,245.0,12.0,5.0,0.712299
lcamap,2,9,12,20,245.0,12.0,5.0,0.096183
segdup,2,9,12,25,305,12,5,125.652392
insider,2,9,12,25,305.0,12.0,5.0,0.263126
fastmultrec_greedy,2,9,12,25,305.0,12.0,5.0,0.720893
lcamap,2,9,12,25,305.0,12.0,5.0,0.097016
segdup,2,9,12,5,65,12,5,268.895984
insider,2,9,12,5,65.0,12.0,5.0,0.169014
fastmultrec_greedy,2,9,12,5,65.0,12.0,5.0,0.712259
lcamap,2,9,12,5,65.0,12.0,5.0,0.094637
segdup,1,10,13,10,21,2,1,127.440450
insider,1,10,13,10,21.0,2.0,1.0,0.066403
fastmultrec_greedy,1,10,13,10,21.0,2.0,1.0,0.241170
lcamap,1,10,13,10,21.0,2.0,1.0,0.048329
segdup,1,10,13,15,31,2,1,70.224041
insider,1,10,13,15,31.0,2.0,1.0,0.055971
fastmultrec_greedy,1,10,13,15,31.0,2.0,1.0,0.196624
lcamap,1,10,13,15,31.0,2.0,1.0,0.034408
segdup,1,10,13,20,41,2,1,73.466900
insider,1,10,13,20,41.0,2.0,1.0,0.062882
fastmultrec_greedy,1,10,13,20,41.0,2.0,1.0,0.197743
lcamap,1,10,13,20,41.0,2.0,1.0,0.033730
segdup,1,10,13,25,51,2,1,72.155365
insider,1,10,13,25,51.0,2.0,1.0,0.057324
fastmultrec_greedy,1,10,13,25,51.0,2.0,1.0,0.194477
lcamap,1,10,13,25,51.0,2.0,1.0,0.034722
segdup,1,10,13,5,11,2,1,128.026696
insider,1,10,13,5,11.0,2.0,1.0,0.076700
fastmultrec_greedy,1,10,13,5,11.0,2.0,1.0,0.237141
lcamap,1,10,13,5,11.0,2.0,1.0,0.044039
segdup,1,11,13,10,11,1,1,112.288166
insider,1,11,13,10,11.0,1.0,1.0,0.052260
fastmultrec_greedy,1,11,13,10,11.0,1.0,1.0,0.193459
lcamap,1,11,13,10,11.0,1.0,1.0,0.031864
segdup,1,11,13,15,16,1,1,60.454598
insider,1,11,13,15,16.0,1.0,1.0,0.053713
fastmultrec_greedy,1,11,13,15,16.0,1.0,1.0,0.179395
lcamap,1,11,13,15,16.0,1.0,1.0,0.031638
segdup,1,11,13,20,21,1,1,66.136589
insider,1,11,13,20,21.0,1.0,1.0,0.051481
fastmultrec_greedy,1,11,13,20,21.0,1.0,1.0,0.182721
lcamap,1,11,13,20,21.0,1.0,1.0,0.032439
segdup,1,11,13,25,26,1,1,62.495273
insider,1,11,13,25,26.0,1.0,1.0,0.051665
fastmultrec_greedy,1,11,13,25,26.0,1.0,1.0,0.204872
lcamap,1,11,13,25,26.0,1.0,1.0,0.034581
segdup,1,11,13,5,6,1,1,110.947729
insider,1,11,13,5,6.0,1.0,1.0,0.050438
fastmultrec_greedy,1,11,13,5,6.0,1.0,1.0,0.186107
lcamap,1,11,13,5,6.0,1.0,1.0,0.031595
segdup,1,15,13,10,10,1,0,63.949932
insider,1,15,13,10,10.0,1.0,0.0,0.035802
fastmultrec_greedy,1,15,13,10,10.0,1.0,0.0,0.108666
lcamap,1,15,13,10,10.0,1.0,0.0,0.018646
segdup,1,15,13,15,15,1,0,56.076952
insider,1,15,13,15,15.0,1.0,0.0,0.039091
fastmultrec_greedy,1,15,13,15,15.0,1.0,0.0,0.107609
lcamap,1,15,13,15,15.0,1.0,0.0,0.018558
segdup,1,15,13,20,20,1,0,36.868902
insider,1,15,13,20,20.0,1.0,0.0,0.037737
fastmultrec_greedy,1,15,13,20,20.0,1.0,0.0,0.107664
lcamap,1,15,13,20,20.0,1.0,0.0,0.019207
segdup,1,15,13,25,25,1,0,36.942851
insider,1,15,13,25,25.0,1.0,0.0,0.034433
fastmultrec_greedy,1,15,13,25,25.0,1.0,0.0,0.115219
lcamap,1,15,13,25,25.0,1.0,0.0,0.018746
segdup,1,15,13,5,5,1,0,73.094531
insider,1,15,13,5,5.0,1.0,0.0,0.033824
fastmultrec_greedy,1,15,13,5,5.0,1.0,0.0,0.105761
lcamap,1,15,13,5,5.0,1.0,0.0,0.018763
segdup,1,8,13,10,157,14,17,133.477381
insider,1,8,13,10,157.0,14.0,17.0,0.110791
fastmultrec_greedy,1,8,13,10,157.0,14.0,17.0,0.453822
lcamap,1,8,13,10,157.0,14.0,17.0,0.062402
segdup,1,8,13,15,227,14,17,118.569422
insider,1,8,13,15,227.0,14.0,17.0,0.131205
fastmultrec_greedy,1,8,13,15,227.0,14.0,17.0,0.449280
lcamap,1,8,13,15,227.0,14.0,17.0,0.063726
segdup,1,8,13,20,297,14,17,99.258059
insider,1,8,13,20,297.0,14.0,17.0,0.141208
fastmultrec_greedy,1,8,13,20,297.0,14.0,17.0,0.449604
lcamap,1,8,13,20,297.0,14.0,17.0,0.063546
segdup,1,8,13,25,367,14,17,98.528304
insider,1,8,13,25,367.0,14.0,17.0,0.180022
fastmultrec_greedy,1,8,13,25,367.0,14.0,17.0,0.447172
lcamap,1,8,13,25,367.0,14.0,17.0,0.064282
segdup,1,8,13,5,87,14,17,130.413886
insider,1,8,13,5,87.0,14.0,17.0,0.108145
fastmultrec_greedy,1,8,13,5,87.0,14.0,17.0,0.461756
lcamap,1,8,13,5,87.0,14.0,17.0,0.065416
segdup,1,9,13,10,179,17,9,184.272230
insider,1,9,13,10,179.0,17.0,9.0,0.132254
fastmultrec_greedy,1,9,13,10,179.0,17.0,9.0,0.415963
lcamap,1,9,13,10,179.0,17.0,9.0,0.072499
segdup,1,9,13,15,264,17,9,138.749640
insider,1,9,13,15,264.0,17.0,9.0,0.145874
fastmultrec_greedy,1,9,13,15,264.0,17.0,9.0,0.369696
lcamap,1,9,13,15,264.0,17.0,9.0,0.063135
segdup,1,9,13,20,349,17,9,136.302807
insider,1,9,13,20,349.0,17.0,9.0,0.230254
fastmultrec_greedy,1,9,13,20,349.0,17.0,9.0,0.369058
lcamap,1,9,13,20,349.0,17.0,9.0,0.063203
segdup,1,9,13,25,434,17,9,102.700116
insider,1,9,13,25,434.0,17.0,9.0,1.292102
fastmultrec_greedy,1,9,13,25,434.0,17.0,9.0,0.359149
lcamap,1,9,13,25,434.0,17.0,9.0,0.066747
segdup,1,9,13,5,94,17,9,231.467784
insider,1,9,13,5,94.0,17.0,9.0,0.156583
fastmultrec_greedy,1,9,13,5,94.0,17.0,9.0,0.518207
lcamap,1,9,13,5,94.0,17.0,9.0,0.086885
segdup,2,10,13,10,30,3,0,296.895014
insider,2,10,13,10,30.0,3.0,0.0,0.170604
fastmultrec_greedy,2,10,13,10,30.0,3.0,0.0,0.740629
lcamap,2,10,13,10,30.0,3.0,0.0,0.108160
segdup,2,10,13,15,45,3,0,310.807053
insider,2,10,13,15,45.0,3.0,0.0,0.169913
fastmultrec_greedy,2,10,13,15,45.0,3.0,0.0,0.746712
lcamap,2,10,13,15,45.0,3.0,0.0,0.106368
segdup,2,10,13,5,15,3,0,359.994118
insider,2,10,13,5,15.0,3.0,0.0,0.170307
fastmultrec_greedy,2,10,13,5,15.0,3.0,0.0,0.746609
lcamap,2,10,13,5,15.0,3.0,0.0,0.109302
segdup,2,11,13,10,21,2,1,143.006442
insider,2,11,13,10,21.0,2.0,1.0,0.100158
fastmultrec_greedy,2,11,13,10,21.0,2.0,1.0,0.355837
lcamap,2,11,13,10,21.0,2.0,1.0,0.055652
segdup,2,11,13,15,31,2,1,131.283929
insider,2,11,13,15,31.0,2.0,1.0,0.099529
fastmultrec_greedy,2,11,13,15,31.0,2.0,1.0,0.361135
lcamap,2,11,13,15,31.0,2.0,1.0,0.058496
segdup,2,11,13,20,41,2,1,72.974122
insider,2,11,13,20,41.0,2.0,1.0,0.098077
fastmultrec_greedy,2,11,13,20,41.0,2.0,1.0,0.363161
lcamap,2,11,13,20,41.0,2.0,1.0,0.055367
segdup,2,11,13,25,51,2,1,73.861869
insider,2,11,13,25,51.0,2.0,1.0,0.099006
fastmultrec_greedy,2,11,13,25,51.0,2.0,1.0,0.360461
lcamap,2,11,13,25,51.0,2.0,1.0,0.054821
segdup,2,11,13,5,11,2,1,160.271142
insider,2,11,13,5,11.0,2.0,1.0,0.100319
fastmultrec_greedy,2,11,13,5,11.0,2.0,1.0,0.367321
lcamap,2,11,13,5,11.0,2.0,1.0,0.056253
segdup,2,15,13,10,20,2,0,224.605594
insider,2,15,13,10,20.0,2.0,0.0,0.130124
fastmultrec_greedy,2,15,13,10,20.0,2.0,0.0,0.456480
lcamap,2,15,13,10,20.0,2.0,0.0,0.078141
segdup,2,15,13,15,30,2,0,166.829924
insider,2,15,13,15,30.0,2.0,0.0,0.125447
fastmultrec_greedy,2,15,13,15,30.0,2.0,0.0,0.458262
lcamap,2,15,13,15,30.0,2.0,0.0,0.077671
segdup,2,15,13,20,40,2,0,171.203722
insider,2,15,13,20,40.0,2.0,0.0,0.124828
fastmultrec_greedy,2,15,13,20,40.0,2.0,0.0,0.476295
lcamap,2,15,13,20,40.0,2.0,0.0,0.077606
segdup,2,15,13,25,50,2,0,127.262480
insider,2,15,13,25,50.0,2.0,0.0,0.124117
fastmultrec_greedy,2,15,13,25,50.0,2.0,0.0,0.479890
lcamap,2,15,13,25,50.0,2.0,0.0,0.077059
segdup,2,15,13,5,10,2,0,258.016115
insider,2,15,13,5,10.0,2.0,0.0,0.125317
fastmultrec_greedy,2,15,13,5,10.0,2.0,0.0,0.462158
lcamap,2,15,13,5,10.0,2.0,0.0,0.079143
segdup,2,8,13,10,1055,79,265,122.364465
insider,2,8,13,10,1050.0,75.0,300.0,0.256087
fastmultrec_greedy,2,8,13,10,1055.0,79.0,265.0,0.347458
lcamap,2,8,13,10,1055.0,79.0,265.0,0.044242
segdup,2,8,13,15,1450,79,265,115.262781
insider,2,8,13,15,1413.0,69.0,378.0,0.688043
fastmultrec_greedy,2,8,13,15,1447.0,78.0,277.0,0.634736
lcamap,2,8,13,15,1450.0,79.0,265.0,0.057166
segdup,2,8,13,20,1845,79,265,116.393550
insider,2,8,13,20,1749.0,66.0,429.0,2.177097
fastmultrec_greedy,2,8,13,20,1837.0,78.0,277.0,0.632049
lcamap,2,8,13,20,1845.0,79.0,265.0,0.048419
segdup,2,8,13,25,2240,79,265,109.190072
insider,2,8,13,25,2079.0,66.0,429.0,20.981199
fastmultrec_greedy,2,8,13,25,2227.0,78.0,277.0,0.632915
lcamap,2,8,13,25,2240.0,79.0,265.0,0.044020
segdup,2,8,13,5,660,79,265,127.116303
insider,2,8,13,5,660.0,79.0,265.0,0.134460
fastmultrec_greedy,2,8,13,5,660.0,79.0,265.0,0.338471
lcamap,2,8,13,5,660.0,79.0,265.0,0.044778
segdup,2,9,13,10,109,10,9,183.550565
insider,2,9,13,10,109.0,10.0,9.0,0.119477
fastmultrec_greedy,2,9,13,10,109.0,10.0,9.0,0.383523
lcamap,2,9,13,10,109.0,10.0,9.0,0.064100
segdup,2,9,13,15,159,10,9,146.146750
insider,2,9,13,15,159.0,10.0,9.0,0.130869
fastmultrec_greedy,2,9,13,15,159.0,10.0,9.0,0.389148
lcamap,2,9,13,15,159.0,10.0,9.0,0.064938
segdup,2,9,13,20,209,10,9,137.448943
insider,2,9,13,20,209.0,10.0,9.0,0.151151
fastmultrec_greedy,2,9,13,20,209.0,10.0,9.0,0.394525
lcamap,2,9,13,20,209.0,10.0,9.0,0.063271
segdup,2,9,13,25,259,10,9,130.764537
insider,2,9,13,25,259.0,10.0,9.0,0.158229
fastmultrec_greedy,2,9,13,25,259.0,10.0,9.0,0.378932
lcamap,2,9,13,25,259.0,10.0,9.0,0.069378
segdup,2,9,13,5,-1,-1,-1,83.352204
insider,2,9,13,5,59.0,10.0,9.0,0.118619
fastmultrec_greedy,2,9,13,5,59.0,10.0,9.0,0.390052
lcamap,2,9,13,5,59.0,10.0,9.0,0.065858
segdup,1,10,14,10,39,2,19,158.162719
insider,1,10,14,10,39.0,2.0,19.0,0.103374
fastmultrec_greedy,1,10,14,10,39.0,2.0,19.0,0.425651
lcamap,1,10,14,10,39.0,2.0,19.0,0.063773
segdup,1,10,14,15,49,2,19,108.559353
insider,1,10,14,15,49.0,2.0,19.0,0.090551
fastmultrec_greedy,1,10,14,15,49.0,2.0,19.0,0.386910
lcamap,1,10,14,15,49.0,2.0,19.0,0.058290
segdup,1,10,14,20,59,2,19,108.030189
insider,1,10,14,20,59.0,2.0,19.0,0.109946
fastmultrec_greedy,1,10,14,20,59.0,2.0,19.0,0.426721
lcamap,1,10,14,20,59.0,2.0,19.0,0.064048
segdup,1,10,14,25,69,2,19,104.859042
insider,1,10,14,25,69.0,2.0,19.0,0.102687
fastmultrec_greedy,1,10,14,25,69.0,2.0,19.0,0.422836
lcamap,1,10,14,25,69.0,2.0,19.0,0.063489
segdup,1,10,14,5,29,2,19,172.518694
insider,1,10,14,5,29.0,2.0,19.0,0.091604
fastmultrec_greedy,1,10,14,5,29.0,2.0,19.0,0.397477
lcamap,1,10,14,5,29.0,2.0,19.0,0.060307
segdup,1,11,14,10,10,1,0,63.115027
insider,1,11,14,10,10.0,1.0,0.0,0.037027
fastmultrec_greedy,1,11,14,10,10.0,1.0,0.0,0.131527
lcamap,1,11,14,10,10.0,1.0,0.0,0.021790
segdup,1,11,14,15,15,1,0,57.062605
insider,1,11,14,15,15.0,1.0,0.0,0.047684
fastmultrec_greedy,1,11,14,15,15.0,1.0,0.0,0.121112
lcamap,1,11,14,15,15.0,1.0,0.0,0.020120
segdup,1,11,14,20,20,1,0,49.737596
insider,1,11,14,20,20.0,1.0,0.0,0.036196
fastmultrec_greedy,1,11,14,20,20.0,1.0,0.0,0.121010
lcamap,1,11,14,20,20.0,1.0,0.0,0.026373
segdup,1,11,14,25,25,1,0,36.720985
insider,1,11,14,25,25.0,1.0,0.0,0.035971
fastmultrec_greedy,1,11,14,25,25.0,1.0,0.0,0.116771
lcamap,1,11,14,25,25.0,1.0,0.0,0.020427
segdup,1,11,14,5,5,1,0,65.097169
insider,1,11,14,5,5.0,1.0,0.0,0.037537
fastmultrec_greedy,1,11,14,5,5.0,1.0,0.0,0.118512
lcamap,1,11,14,5,5.0,1.0,0.0,0.020434
segdup,1,15,14,10,10,1,0,64.459284
insider,1,15,14,10,10.0,1.0,0.0,0.043196
fastmultrec_greedy,1,15,14,10,10.0,1.0,0.0,0.243659
lcamap,1,15,14,10,10.0,1.0,0.0,0.023939
segdup,1,15,14,15,15,1,0,65.670431
insider,1,15,14,15,15.0,1.0,0.0,0.050506
fastmultrec_greedy,1,15,14,15,15.0,1.0,0.0,0.184648
lcamap,1,15,14,15,15.0,1.0,0.0,0.026691
segdup,1,15,14,20,20,1,0,63.821907
insider,1,15,14,20,20.0,1.0,0.0,0.045059
fastmultrec_greedy,1,15,14,20,20.0,1.0,0.0,0.177660
lcamap,1,15,14,20,20.0,1.0,0.0,0.023661
segdup,1,15,14,25,25,1,0,44.224368
insider,1,15,14,25,25.0,1.0,0.0,0.050813
fastmultrec_greedy,1,15,14,25,25.0,1.0,0.0,0.184106
lcamap,1,15,14,25,25.0,1.0,0.0,0.026800
segdup,1,15,14,5,5,1,0,67.556129
insider,1,15,14,5,5.0,1.0,0.0,0.046783
fastmultrec_greedy,1,15,14,5,5.0,1.0,0.0,0.186406
lcamap,1,15,14,5,5.0,1.0,0.0,0.027072
segdup,1,8,14,10,527,45,77,79.505158
insider,1,8,14,10,523.0,44.0,83.0,0.165801
fastmultrec_greedy,1,8,14,10,527.0,45.0,77.0,0.208659
lcamap,1,8,14,10,527.0,45.0,77.0,0.034679
segdup,1,8,14,15,752,45,77,84.067761
insider,1,8,14,15,732.0,39.0,147.0,0.789501
fastmultrec_greedy,1,8,14,15,752.0,45.0,77.0,0.216655
lcamap,1,8,14,15,752.0,45.0,77.0,0.037280
segdup,1,8,14,20,977,45,77,80.805771
insider,1,8,14,20,922.0,37.0,182.0,19.359613
fastmultrec_greedy,1,8,14,20,977.0,45.0,77.0,0.204070
lcamap,1,8,14,20,977.0,45.0,77.0,0.034238
segdup,1,8,14,25,1202,45,77,73.616302
insider,1,8,14,25,-1,-1,-1,1265.047320
fastmultrec_greedy,1,8,14,25,1202.0,45.0,77.0,0.283205
lcamap,1,8,14,25,1202.0,45.0,77.0,0.047928
segdup,1,8,14,5,302,45,77,86.133201
insider,1,8,14,5,302.0,45.0,77.0,0.101145
fastmultrec_greedy,1,8,14,5,302.0,45.0,77.0,0.218029
lcamap,1,8,14,5,302.0,45.0,77.0,0.043424
segdup,1,9,14,10,128,12,8,86.501326
insider,1,9,14,10,128.0,12.0,8.0,0.084668
fastmultrec_greedy,1,9,14,10,128.0,12.0,8.0,0.317565
lcamap,1,9,14,10,128.0,12.0,8.0,0.039787
segdup,1,9,14,15,188,12,8,84.079389
insider,1,9,14,15,188.0,12.0,8.0,0.093110
fastmultrec_greedy,1,9,14,15,188.0,12.0,8.0,0.315265
lcamap,1,9,14,15,188.0,12.0,8.0,0.039711
segdup,1,9,14,20,248,12,8,86.501311
insider,1,9,14,20,248.0,12.0,8.0,0.117303
fastmultrec_greedy,1,9,14,20,248.0,12.0,8.0,0.345266
lcamap,1,9,14,20,248.0,12.0,8.0,0.041044
segdup,1,9,14,25,308,12,8,81.858185
insider,1,9,14,25,308.0,12.0,8.0,0.136434
fastmultrec_greedy,1,9,14,25,308.0,12.0,8.0,0.318181
lcamap,1,9,14,25,308.0,12.0,8.0,0.038944
segdup,1,9,14,5,68,12,8,87.109704
insider,1,9,14,5,68.0,12.0,8.0,0.083262
fastmultrec_greedy,1,9,14,5,68.0,12.0,8.0,0.340788
lcamap,1,9,14,5,68.0,12.0,8.0,0.047653
segdup,2,10,14,10,40,4,0,183.262725
insider,2,10,14,10,40.0,4.0,0.0,0.115148
fastmultrec_greedy,2,10,14,10,40.0,4.0,0.0,0.435614
lcamap,2,10,14,10,40.0,4.0,0.0,0.068088
segdup,2,10,14,15,60,4,0,81.730531
insider,2,10,14,15,60.0,4.0,0.0,0.119313
fastmultrec_greedy,2,10,14,15,60.0,4.0,0.0,0.427992
lcamap,2,10,14,15,60.0,4.0,0.0,0.068000
segdup,2,10,14,20,80,4,0,85.896724
insider,2,10,14,20,80.0,4.0,0.0,0.117951
fastmultrec_greedy,2,10,14,20,80.0,4.0,0.0,0.433781
lcamap,2,10,14,20,80.0,4.0,0.0,0.068704
segdup,2,10,14,25,100,4,0,83.323091
insider,2,10,14,25,100.0,4.0,0.0,0.119148
fastmultrec_greedy,2,10,14,25,100.0,4.0,0.0,0.444389
lcamap,2,10,14,25,100.0,4.0,0.0,0.066770
segdup,2,10,14,5,20,4,0,197.360834
insider,2,10,14,5,20.0,4.0,0.0,0.113266
fastmultrec_greedy,2,10,14,5,20.0,4.0,0.0,0.439860
lcamap,2,10,14,5,20.0,4.0,0.0,0.069217
segdup,2,11,14,10,20,2,0,92.962589
insider,2,11,14,10,20.0,2.0,0.0,0.059244
fastmultrec_greedy,2,11,14,10,20.0,2.0,0.0,0.191790
lcamap,2,11,14,10,20.0,2.0,0.0,0.032203
segdup,2,11,14,15,30,2,0,88.050101
insider,2,11,14,15,30.0,2.0,0.0,0.061515
fastmultrec_greedy,2,11,14,15,30.0,2.0,0.0,0.193152
lcamap,2,11,14,15,30.0,2.0,0.0,0.031449
segdup,2,11,14,20,40,2,0,66.007890
insider,2,11,14,20,40.0,2.0,0.0,0.062363
fastmultrec_greedy,2,11,14,20,40.0,2.0,0.0,0.194293
lcamap,2,11,14,20,40.0,2.0,0.0,0.032091
segdup,2,11,14,25,50,2,0,40.696901
insider,2,11,14,25,50.0,2.0,0.0,0.060732
fastmultrec_greedy,2,11,14,25,50.0,2.0,0.0,0.195237
lcamap,2,11,14,25,50.0,2.0,0.0,0.032009
segdup,2,11,14,5,10,2,0,95.813705
insider,2,11,14,5,10.0,2.0,0.0,0.061333
fastmultrec_greedy,2,11,14,5,10.0,2.0,0.0,0.197668
lcamap,2,11,14,5,10.0,2.0,0.0,0.031431
segdup,2,15,14,10,20,2,0,164.355572
insider,2,15,14,10,20.0,2.0,0.0,0.102463
fastmultrec_greedy,2,15,14,10,20.0,2.0,0.0,0.383974
lcamap,2,15,14,10,20.0,2.0,0.0,0.065288
segdup,2,15,14,15,30,2,0,125.491240
insider,2,15,14,15,30.0,2.0,0.0,0.104632
fastmultrec_greedy,2,15,14,15,30.0,2.0,0.0,0.391932
lcamap,2,15,14,15,30.0,2.0,0.0,0.064954
segdup,2,15,14,20,40,2,0,79.171080
insider,2,15,14,20,40.0,2.0,0.0,0.103306
fastmultrec_greedy,2,15,14,20,40.0,2.0,0.0,0.382755
lcamap,2,15,14,20,40.0,2.0,0.0,0.066026
segdup,2,15,14,25,50,2,0,79.650806
insider,2,15,14,25,50.0,2.0,0.0,0.105630
fastmultrec_greedy,2,15,14,25,50.0,2.0,0.0,0.387880
lcamap,2,15,14,25,50.0,2.0,0.0,0.064652
segdup,2,15,14,5,10,2,0,181.217021
insider,2,15,14,5,10.0,2.0,0.0,0.105868
fastmultrec_greedy,2,15,14,5,10.0,2.0,0.0,0.386707
lcamap,2,15,14,5,10.0,2.0,0.0,0.063533
segdup,2,8,14,10,526,45,76,130.622357
insider,2,8,14,10,521.0,43.0,91.0,0.306462
fastmultrec_greedy,2,8,14,10,526.0,45.0,76.0,0.589627
lcamap,2,8,14,10,526.0,45.0,76.0,0.080105
segdup,2,8,14,15,751,45,76,127.805689
insider,2,8,14,15,736.0,43.0,91.0,0.757663
fastmultrec_greedy,2,8,14,15,751.0,45.0,76.0,0.577875
lcamap,2,8,14,15,751.0,45.0,76.0,0.080250
segdup,2,8,14,20,976,45,76,134.037111
insider,2,8,14,20,948.0,42.0,108.0,8.411073
fastmultrec_greedy,2,8,14,20,976.0,45.0,76.0,0.598849
lcamap,2,8,14,20,976.0,45.0,76.0,0.081111
segdup,2,8,14,25,1201,45,76,130.723136
insider,2,8,14,25,1158.0,42.0,108.0,71.869999
fastmultrec_greedy,2,8,14,25,1201.0,45.0,76.0,0.593592
lcamap,2,8,14,25,1201.0,45.0,76.0,0.081406
segdup,2,8,14,5,301,45,76,145.875775
insider,2,8,14,5,301.0,45.0,76.0,0.196479
fastmultrec_greedy,2,8,14,5,301.0,45.0,76.0,0.595352
lcamap,2,8,14,5,301.0,45.0,76.0,0.080122
segdup,1,10,15,10,32,3,2,78.548433
insider,1,10,15,10,32.0,3.0,2.0,0.050753
fastmultrec_greedy,1,10,15,10,32.0,3.0,2.0,0.184743
lcamap,1,10,15,10,32.0,3.0,2.0,0.031936
segdup,1,10,15,15,47,3,2,72.617377
insider,1,10,15,15,47.0,3.0,2.0,0.054956
fastmultrec_greedy,1,10,15,15,47.0,3.0,2.0,0.175452
lcamap,1,10,15,15,47.0,3.0,2.0,0.030920
segdup,1,10,15,20,62,3,2,46.275911
insider,1,10,15,20,62.0,3.0,2.0,0.057146
fastmultrec_greedy,1,10,15,20,62.0,3.0,2.0,0.175310
lcamap,1,10,15,20,62.0,3.0,2.0,0.030772
segdup,1,10,15,25,77,3,2,45.959699
insider,1,10,15,25,77.0,3.0,2.0,0.054649
fastmultrec_greedy,1,10,15,25,77.0,3.0,2.0,0.178582
lcamap,1,10,15,25,77.0,3.0,2.0,0.032394
segdup,1,10,15,5,17,3,2,85.644278
insider,1,10,15,5,17.0,3.0,2.0,0.055182
fastmultrec_greedy,1,10,15,5,17.0,3.0,2.0,0.181690
lcamap,1,10,15,5,17.0,3.0,2.0,0.030453
segdup,1,11,15,10,11,1,1,139.258669
insider,1,11,15,10,11.0,1.0,1.0,0.068836
fastmultrec_greedy,1,11,15,10,11.0,1.0,1.0,0.259265
lcamap,1,11,15,10,11.0,1.0,1.0,0.047678
segdup,1,11,15,15,16,1,1,84.630093
insider,1,11,15,15,16.0,1.0,1.0,0.073150
fastmultrec_greedy,1,11,15,15,16.0,1.0,1.0,0.289523
lcamap,1,11,15,15,16.0,1.0,1.0,0.041778
segdup,1,11,15,20,21,1,1,60.297673
insider,1,11,15,20,21.0,1.0,1.0,0.061438
fastmultrec_greedy,1,11,15,20,21.0,1.0,1.0,0.233322
lcamap,1,11,15,20,21.0,1.0,1.0,0.039464
segdup,1,11,15,25,26,1,1,59.626616
insider,1,11,15,25,26.0,1.0,1.0,0.063973
fastmultrec_greedy,1,11,15,25,26.0,1.0,1.0,0.237103
lcamap,1,11,15,25,26.0,1.0,1.0,0.039800
segdup,1,11,15,5,6,1,1,135.271069
insider,1,11,15,5,6.0,1.0,1.0,0.097913
fastmultrec_greedy,1,11,15,5,6.0,1.0,1.0,0.339893
lcamap,1,11,15,5,6.0,1.0,1.0,0.056931
segdup,1,15,15,10,10,1,0,115.665683
insider,1,15,15,10,10.0,1.0,0.0,0.088398
fastmultrec_greedy,1,15,15,10,10.0,1.0,0.0,0.395533
lcamap,1,15,15,10,10.0,1.0,0.0,0.064722
segdup,1,15,15,15,15,1,0,102.834042
insider,1,15,15,15,15.0,1.0,0.0,0.083344
fastmultrec_greedy,1,15,15,15,15.0,1.0,0.0,0.365207
lcamap,1,15,15,15,15.0,1.0,0.0,0.053884
segdup,1,15,15,20,20,1,0,98.694413
insider,1,15,15,20,20.0,1.0,0.0,0.067979
fastmultrec_greedy,1,15,15,20,20.0,1.0,0.0,0.297001
lcamap,1,15,15,20,20.0,1.0,0.0,0.041975
segdup,1,15,15,25,25,1,0,78.699308
insider,1,15,15,25,25.0,1.0,0.0,0.069291
fastmultrec_greedy,1,15,15,25,25.0,1.0,0.0,0.309153
lcamap,1,15,15,25,25.0,1.0,0.0,0.045001
segdup,1,15,15,5,5,1,0,127.091536
insider,1,15,15,5,5.0,1.0,0.0,0.084952
fastmultrec_greedy,1,15,15,5,5.0,1.0,0.0,0.368507
lcamap,1,15,15,5,5.0,1.0,0.0,0.052597
segdup,1,8,15,10,982,82,162,134.265062
insider,1,8,15,10,955.0,76.0,195.0,0.323558
fastmultrec_greedy,1,8,15,10,961.0,79.0,171.0,1.368431
lcamap,1,8,15,10,982.0,82.0,162.0,0.064288
segdup,1,8,15,15,1372,79,187,128.792312
insider,1,8,15,15,1332.0,75.0,207.0,1.127193
fastmultrec_greedy,1,8,15,15,1356.0,79.0,171.0,1.371811
lcamap,1,8,15,15,1392.0,82.0,162.0,0.062699
segdup,1,8,15,20,1787,81,167,125.946707
insider,1,8,15,20,1688.0,71.0,268.0,7.111225
fastmultrec_greedy,1,8,15,20,1751.0,79.0,171.0,1.373880
lcamap,1,8,15,20,1802.0,82.0,162.0,0.064469
segdup,1,8,15,25,2155,79,180,130.750784
insider,1,8,15,25,2034.0,66.0,384.0,104.793504
fastmultrec_greedy,1,8,15,25,2146.0,79.0,171.0,1.374954
lcamap,1,8,15,25,2212.0,82.0,162.0,0.063868
segdup,1,8,15,5,570,81,165,139.875939
insider,1,8,15,5,566.0,79.0,171.0,0.168114
fastmultrec_greedy,1,8,15,5,566.0,79.0,171.0,1.377302
lcamap,1,8,15,5,572.0,82.0,162.0,0.062474
segdup,1,9,15,10,174,16,14,108.244932
insider,1,9,15,10,174.0,16.0,14.0,0.090337
fastmultrec_greedy,1,9,15,10,174.0,16.0,14.0,0.257759
lcamap,1,9,15,10,174.0,16.0,14.0,0.046299
segdup,1,9,15,15,254,16,14,108.211746
insider,1,9,15,15,254.0,16.0,14.0,0.105206
fastmultrec_greedy,1,9,15,15,254.0,16.0,14.0,0.256167
lcamap,1,9,15,15,254.0,16.0,14.0,0.046899
segdup,1,9,15,20,334,16,14,74.632173
insider,1,9,15,20,334.0,16.0,14.0,0.126600
fastmultrec_greedy,1,9,15,20,334.0,16.0,14.0,0.257433
lcamap,1,9,15,20,334.0,16.0,14.0,0.044995
segdup,1,9,15,25,414,16,14,71.928093
insider,1,9,15,25,414.0,16.0,14.0,0.215265
fastmultrec_greedy,1,9,15,25,414.0,16.0,14.0,0.259838
lcamap,1,9,15,25,414.0,16.0,14.0,0.045198
segdup,1,9,15,5,94,16,14,114.728977
insider,1,9,15,5,94.0,16.0,14.0,0.083305
fastmultrec_greedy,1,9,15,5,94.0,16.0,14.0,0.259300
lcamap,1,9,15,5,94.0,16.0,14.0,0.048349
segdup,2,10,15,10,65,6,5,85.178255
insider,2,10,15,10,65.0,6.0,5.0,0.075908
fastmultrec_greedy,2,10,15,10,65.0,6.0,5.0,0.229803
lcamap,2,10,15,10,65.0,6.0,5.0,0.036752
segdup,2,10,15,15,95,6,5,43.923439
insider,2,10,15,15,95.0,6.0,5.0,0.080756
fastmultrec_greedy,2,10,15,15,95.0,6.0,5.0,0.230947
lcamap,2,10,15,15,95.0,6.0,5.0,0.035803
segdup,2,10,15,20,125,6,5,43.107441
insider,2,10,15,20,125.0,6.0,5.0,0.085703
fastmultrec_greedy,2,10,15,20,125.0,6.0,5.0,0.231778
lcamap,2,10,15,20,125.0,6.0,5.0,0.035643
segdup,2,10,15,25,155,6,5,43.080899
insider,2,10,15,25,155.0,6.0,5.0,0.092026
fastmultrec_greedy,2,10,15,25,155.0,6.0,5.0,0.230502
lcamap,2,10,15,25,155.0,6.0,5.0,0.035536
segdup,2,10,15,5,35,6,5,93.134388
insider,2,10,15,5,35.0,6.0,5.0,0.073088
fastmultrec_greedy,2,10,15,5,35.0,6.0,5.0,0.228808
lcamap,2,10,15,5,35.0,6.0,5.0,0.036585
segdup,2,11,15,10,20,2,0,234.863597
insider,2,11,15,10,20.0,2.0,0.0,0.141853
fastmultrec_greedy,2,11,15,10,20.0,2.0,0.0,0.555807
lcamap,2,11,15,10,20.0,2.0,0.0,0.090199
segdup,2,11,15,15,30,2,0,111.536729
insider,2,11,15,15,30.0,2.0,0.0,0.143472
fastmultrec_greedy,2,11,15,15,30.0,2.0,0.0,0.558015
lcamap,2,11,15,15,30.0,2.0,0.0,0.095286
segdup,2,11,15,20,40,2,0,113.459405
insider,2,11,15,20,40.0,2.0,0.0,0.141103
fastmultrec_greedy,2,11,15,20,40.0,2.0,0.0,0.560780
lcamap,2,11,15,20,40.0,2.0,0.0,0.092533
segdup,2,11,15,25,50,2,0,112.501468
insider,2,11,15,25,50.0,2.0,0.0,0.141947
fastmultrec_greedy,2,11,15,25,50.0,2.0,0.0,0.563158
lcamap,2,11,15,25,50.0,2.0,0.0,0.092951
segdup,2,11,15,5,10,2,0,260.315278
insider,2,11,15,5,10.0,2.0,0.0,0.146515
fastmultrec_greedy,2,11,15,5,10.0,2.0,0.0,0.562568
lcamap,2,11,15,5,10.0,2.0,0.0,0.094533
segdup,2,8,15,10,410,35,60,81.253381
insider,2,8,15,10,410.0,35.0,60.0,0.194679
fastmultrec_greedy,2,8,15,10,410.0,35.0,60.0,0.299933
lcamap,2,8,15,10,410.0,35.0,60.0,0.042873
segdup,2,8,15,15,585,35,60,78.141014
insider,2,8,15,15,585.0,34.0,75.0,0.515214
fastmultrec_greedy,2,8,15,15,585.0,35.0,60.0,0.303715
lcamap,2,8,15,15,585.0,35.0,60.0,0.042338
segdup,2,8,15,20,760,35,60,80.911954
insider,2,8,15,20,753.0,32.0,113.0,1.965912
fastmultrec_greedy,2,8,15,20,760.0,35.0,60.0,0.308193
lcamap,2,8,15,20,760.0,35.0,60.0,0.043623
segdup,2,8,15,25,935,35,60,81.095015
insider,2,8,15,25,912.0,30.0,162.0,17.391422
fastmultrec_greedy,2,8,15,25,935.0,35.0,60.0,0.300274
lcamap,2,8,15,25,935.0,35.0,60.0,0.041906
segdup,2,8,15,5,235,35,60,82.279011
insider,2,8,15,5,235.0,35.0,60.0,0.126819
fastmultrec_greedy,2,8,15,5,235.0,35.0,60.0,0.299990
lcamap,2,8,15,5,235.0,35.0,60.0,0.043751
segdup,2,9,15,10,159,13,29,132.834399
insider,2,9,15,10,159.0,13.0,29.0,0.197616
fastmultrec_greedy,2,9,15,10,159.0,13.0,29.0,0.666972
lcamap,2,9,15,10,159.0,13.0,29.0,0.105790
segdup,2,9,15,15,224,13,29,132.871161
insider,2,9,15,15,224.0,13.0,29.0,0.223586
fastmultrec_greedy,2,9,15,15,224.0,13.0,29.0,0.657710
lcamap,2,9,15,15,224.0,13.0,29.0,0.108416
segdup,2,9,15,20,289,13,29,130.496492
insider,2,9,15,20,289.0,13.0,29.0,0.290168
fastmultrec_greedy,2,9,15,20,289.0,13.0,29.0,0.665454
lcamap,2,9,15,20,289.0,13.0,29.0,0.106630
segdup,2,9,15,25,354,13,29,132.986541
insider,2,9,15,25,354.0,13.0,29.0,0.501544
fastmultrec_greedy,2,9,15,25,354.0,13.0,29.0,0.664445
lcamap,2,9,15,25,354.0,13.0,29.0,0.103749
segdup,2,9,15,5,94,13,29,239.136600
insider,2,9,15,5,94.0,13.0,29.0,0.179706
fastmultrec_greedy,2,9,15,5,94.0,13.0,29.0,0.671586
lcamap,2,9,15,5,94.0,13.0,29.0,0.108521
segdup,1,10,16,10,11,1,1,83.836914
insider,1,10,16,10,11.0,1.0,1.0,0.040451
fastmultrec_greedy,1,10,16,10,11.0,1.0,1.0,0.157392
lcamap,1,10,16,10,11.0,1.0,1.0,0.023568
segdup,1,10,16,15,16,1,1,47.860876
insider,1,10,16,15,16.0,1.0,1.0,0.040986
fastmultrec_greedy,1,10,16,15,16.0,1.0,1.0,0.133005
lcamap,1,10,16,15,16.0,1.0,1.0,0.024153
segdup,1,10,16,20,21,1,1,43.723106
insider,1,10,16,20,21.0,1.0,1.0,0.043015
fastmultrec_greedy,1,10,16,20,21.0,1.0,1.0,0.138414
lcamap,1,10,16,20,21.0,1.0,1.0,0.023305
segdup,1,10,16,25,26,1,1,45.062968
insider,1,10,16,25,26.0,1.0,1.0,0.038280
fastmultrec_greedy,1,10,16,25,26.0,1.0,1.0,0.119645
lcamap,1,10,16,25,26.0,1.0,1.0,0.022314
segdup,1,10,16,5,6,1,1,85.314386
insider,1,10,16,5,6.0,1.0,1.0,0.042128
fastmultrec_greedy,1,10,16,5,6.0,1.0,1.0,0.144186
lcamap,1,10,16,5,6.0,1.0,1.0,0.025368
segdup,1,11,16,10,10,1,0,176.661806
insider,1,11,16,10,10.0,1.0,0.0,0.079623
fastmultrec_greedy,1,11,16,10,10.0,1.0,0.0,0.322329
lcamap,1,11,16,10,10.0,1.0,0.0,0.050846
segdup,1,11,16,15,15,1,0,139.394595
insider,1,11,16,15,15.0,1.0,0.0,0.098960
fastmultrec_greedy,1,11,16,15,15.0,1.0,0.0,0.365675
lcamap,1,11,16,15,15.0,1.0,0.0,0.056568
segdup,1,11,16,20,20,1,0,97.145342
insider,1,11,16,20,20.0,1.0,0.0,0.096379
fastmultrec_greedy,1,11,16,20,20.0,1.0,0.0,0.372564
lcamap,1,11,16,20,20.0,1.0,0.0,0.058614
segdup,1,11,16,25,25,1,0,133.005735
insider,1,11,16,25,25.0,1.0,0.0,0.081478
fastmultrec_greedy,1,11,16,25,25.0,1.0,0.0,0.324596
lcamap,1,11,16,25,25.0,1.0,0.0,0.054129
segdup,1,11,16,5,5,1,0,176.366043
insider,1,11,16,5,5.0,1.0,0.0,0.092695
fastmultrec_greedy,1,11,16,5,5.0,1.0,0.0,0.369796
lcamap,1,11,16,5,5.0,1.0,0.0,0.058217
segdup,1,15,16,10,10,1,0,167.680071
insider,1,15,16,10,10.0,1.0,0.0,0.084843
fastmultrec_greedy,1,15,16,10,10.0,1.0,0.0,0.379921
lcamap,1,15,16,10,10.0,1.0,0.0,0.055104
segdup,1,15,16,15,15,1,0,151.831159
insider,1,15,16,15,15.0,1.0,0.0,0.082654
fastmultrec_greedy,1,15,16,15,15.0,1.0,0.0,0.335899
lcamap,1,15,16,15,15.0,1.0,0.0,0.057858
segdup,1,15,16,20,20,1,0,105.108108
insider,1,15,16,20,20.0,1.0,0.0,0.085065
fastmultrec_greedy,1,15,16,20,20.0,1.0,0.0,0.334155
lcamap,1,15,16,20,20.0,1.0,0.0,0.055297
segdup,1,15,16,25,25,1,0,105.556562
insider,1,15,16,25,25.0,1.0,0.0,0.083531
fastmultrec_greedy,1,15,16,25,25.0,1.0,0.0,0.331108
lcamap,1,15,16,25,25.0,1.0,0.0,0.055517
segdup,1,15,16,5,5,1,0,174.957938
insider,1,15,16,5,5.0,1.0,0.0,0.086336
fastmultrec_greedy,1,15,16,5,5.0,1.0,0.0,0.338828
lcamap,1,15,16,5,5.0,1.0,0.0,0.056064
segdup,1,8,16,10,288,25,38,42.654970
insider,1,8,16,10,287.0,24.0,47.0,0.110159
fastmultrec_greedy,1,8,16,10,288.0,25.0,38.0,0.098821
lcamap,1,8,16,10,288.0,25.0,38.0,0.018160
segdup,1,8,16,15,413,25,38,39.868106
insider,1,8,16,15,404.0,22.0,74.0,0.481623
fastmultrec_greedy,1,8,16,15,413.0,25.0,38.0,0.098970
lcamap,1,8,16,15,413.0,25.0,38.0,0.017980
segdup,1,8,16,20,538,25,38,41.419605
insider,1,8,16,20,514.0,21.0,94.0,1.341251
fastmultrec_greedy,1,8,16,20,538.0,25.0,38.0,0.101158
lcamap,1,8,16,20,538.0,25.0,38.0,0.018423
segdup,1,8,16,25,663,25,38,40.938754
insider,1,8,16,25,615.0,20.0,115.0,7.490367
fastmultrec_greedy,1,8,16,25,663.0,25.0,38.0,0.098417
lcamap,1,8,16,25,663.0,25.0,38.0,0.018285
segdup,1,8,16,5,163,25,38,43.669646
insider,1,8,16,5,163.0,25.0,38.0,0.053290
fastmultrec_greedy,1,8,16,5,163.0,25.0,38.0,0.100933
lcamap,1,8,16,5,163.0,25.0,38.0,0.018292
segdup,1,9,16,10,155,14,15,115.174282
insider,1,9,16,10,155.0,14.0,15.0,0.090357
fastmultrec_greedy,1,9,16,10,155.0,14.0,15.0,0.283981
lcamap,1,9,16,10,155.0,14.0,15.0,0.045738
segdup,1,9,16,15,225,14,15,83.305683
insider,1,9,16,15,225.0,14.0,15.0,0.109319
fastmultrec_greedy,1,9,16,15,225.0,14.0,15.0,0.286464
lcamap,1,9,16,15,225.0,14.0,15.0,0.045220
segdup,1,9,16,20,295,14,15,83.806821
insider,1,9,16,20,295.0,14.0,15.0,0.145749
fastmultrec_greedy,1,9,16,20,295.0,14.0,15.0,0.282102
lcamap,1,9,16,20,295.0,14.0,15.0,0.044431
segdup,1,9,16,25,365,14,15,82.553083
insider,1,9,16,25,365.0,14.0,15.0,0.266878
fastmultrec_greedy,1,9,16,25,365.0,14.0,15.0,0.280655
lcamap,1,9,16,25,365.0,14.0,15.0,0.049001
segdup,1,9,16,5,85,14,15,157.436044
insider,1,9,16,5,85.0,14.0,15.0,0.090113
fastmultrec_greedy,1,9,16,5,85.0,14.0,15.0,0.311337
lcamap,1,9,16,5,85.0,14.0,15.0,0.048263
segdup,2,11,16,10,21,2,1,298.723963
insider,2,11,16,10,21.0,2.0,1.0,0.158681
fastmultrec_greedy,2,11,16,10,21.0,2.0,1.0,0.613677
lcamap,2,11,16,10,21.0,2.0,1.0,0.103847
segdup,2,11,16,15,31,2,1,145.059868
insider,2,11,16,15,31.0,2.0,1.0,0.158658
fastmultrec_greedy,2,11,16,15,31.0,2.0,1.0,0.616544
lcamap,2,11,16,15,31.0,2.0,1.0,0.114027
segdup,2,11,16,20,41,2,1,141.978003
insider,2,11,16,20,41.0,2.0,1.0,0.156431
fastmultrec_greedy,2,11,16,20,41.0,2.0,1.0,0.613379
lcamap,2,11,16,20,41.0,2.0,1.0,0.114154
segdup,2,11,16,25,51,2,1,141.153023
insider,2,11,16,25,51.0,2.0,1.0,0.157454
fastmultrec_greedy,2,11,16,25,51.0,2.0,1.0,0.609408
lcamap,2,11,16,25,51.0,2.0,1.0,0.102912
segdup,2,11,16,5,11,2,1,321.829520
insider,2,11,16,5,11.0,2.0,1.0,0.156976
fastmultrec_greedy,2,11,16,5,11.0,2.0,1.0,0.596886
lcamap,2,11,16,5,11.0,2.0,1.0,0.108123
segdup,2,15,16,10,20,2,0,89.683303
insider,2,15,16,10,20.0,2.0,0.0,0.059991
fastmultrec_greedy,2,15,16,10,20.0,2.0,0.0,0.196757
lcamap,2,15,16,10,20.0,2.0,0.0,0.032565
segdup,2,15,16,15,30,2,0,95.697039
insider,2,15,16,15,30.0,2.0,0.0,0.060067
fastmultrec_greedy,2,15,16,15,30.0,2.0,0.0,0.197949
lcamap,2,15,16,15,30.0,2.0,0.0,0.032399
segdup,2,15,16,20,40,2,0,46.614526
insider,2,15,16,20,40.0,2.0,0.0,0.063741
fastmultrec_greedy,2,15,16,20,40.0,2.0,0.0,0.212842
lcamap,2,15,16,20,40.0,2.0,0.0,0.034700
segdup,2,15,16,25,50,2,0,48.834762
insider,2,15,16,25,50.0,2.0,0.0,0.066301
fastmultrec_greedy,2,15,16,25,50.0,2.0,0.0,0.217051
lcamap,2,15,16,25,50.0,2.0,0.0,0.035224
segdup,2,15,16,5,10,2,0,104.329570
insider,2,15,16,5,10.0,2.0,0.0,0.059606
fastmultrec_greedy,2,15,16,5,10.0,2.0,0.0,0.196461
lcamap,2,15,16,5,10.0,2.0,0.0,0.031345
segdup,2,8,16,10,321,28,41,176.577878
insider,2,8,16,10,317.0,27.0,47.0,0.204815
fastmultrec_greedy,2,8,16,10,321.0,28.0,41.0,0.364762
lcamap,2,8,16,10,321.0,28.0,41.0,0.062822
segdup,2,8,16,15,461,28,41,175.609615
insider,2,8,16,15,452.0,27.0,47.0,0.276291
fastmultrec_greedy,2,8,16,15,461.0,28.0,41.0,0.380844
lcamap,2,8,16,15,461.0,28.0,41.0,0.069456
segdup,2,8,16,20,601,28,41,148.057128
insider,2,8,16,20,587.0,27.0,47.0,0.547073
fastmultrec_greedy,2,8,16,20,601.0,28.0,41.0,0.416325
lcamap,2,8,16,20,601.0,28.0,41.0,0.069974
segdup,2,8,16,25,741,28,41,155.152753
insider,2,8,16,25,722.0,27.0,47.0,1.622804
fastmultrec_greedy,2,8,16,25,741.0,28.0,41.0,0.365229
lcamap,2,8,16,25,741.0,28.0,41.0,0.063905
segdup,2,8,16,5,181,28,41,220.793701
insider,2,8,16,5,181.0,28.0,41.0,0.210926
fastmultrec_greedy,2,8,16,5,181.0,28.0,41.0,0.535649
lcamap,2,8,16,5,181.0,28.0,41.0,0.087565
segdup,2,9,16,10,449,40,49,271.541728
insider,2,9,16,10,444.0,38.0,64.0,0.379580
fastmultrec_greedy,2,9,16,10,449.0,40.0,49.0,0.768877
lcamap,2,9,16,10,449.0,40.0,49.0,0.125692
segdup,2,9,16,15,649,40,49,250.501562
insider,2,9,16,15,634.0,38.0,64.0,0.482515
fastmultrec_greedy,2,9,16,15,649.0,40.0,49.0,0.678419
lcamap,2,9,16,15,649.0,40.0,49.0,0.110860
segdup,2,9,16,20,835,39,55,268.501307
insider,2,9,16,20,824.0,38.0,64.0,1.386913
fastmultrec_greedy,2,9,16,20,849.0,40.0,49.0,0.689220
lcamap,2,9,16,20,849.0,40.0,49.0,0.109781
segdup,2,9,16,25,1049,40,49,215.655643
insider,2,9,16,25,1013.0,37.0,88.0,10.266550
fastmultrec_greedy,2,9,16,25,1049.0,40.0,49.0,0.667926
lcamap,2,9,16,25,1049.0,40.0,49.0,0.103412
segdup,2,9,16,5,249,40,49,262.825086
insider,2,9,16,5,249.0,40.0,49.0,0.217873
fastmultrec_greedy,2,9,16,5,249.0,40.0,49.0,0.619746
lcamap,2,9,16,5,249.0,40.0,49.0,0.100976
segdup,1,10,17,10,21,2,1,81.679859
insider,1,10,17,10,21.0,2.0,1.0,0.052063
fastmultrec_greedy,1,10,17,10,21.0,2.0,1.0,0.229675
lcamap,1,10,17,10,21.0,2.0,1.0,0.030541
segdup,1,10,17,15,31,2,1,78.361950
insider,1,10,17,15,31.0,2.0,1.0,0.053066
fastmultrec_greedy,1,10,17,15,31.0,2.0,1.0,0.234283
lcamap,1,10,17,15,31.0,2.0,1.0,0.031340
segdup,1,10,17,20,41,2,1,57.054695
insider,1,10,17,20,41.0,2.0,1.0,0.053148
fastmultrec_greedy,1,10,17,20,41.0,2.0,1.0,0.234093
lcamap,1,10,17,20,41.0,2.0,1.0,0.031126
segdup,1,10,17,25,51,2,1,57.916195
insider,1,10,17,25,51.0,2.0,1.0,0.054978
fastmultrec_greedy,1,10,17,25,51.0,2.0,1.0,0.236681
lcamap,1,10,17,25,51.0,2.0,1.0,0.030601
segdup,1,10,17,5,11,2,1,88.075487
insider,1,10,17,5,11.0,2.0,1.0,0.050416
fastmultrec_greedy,1,10,17,5,11.0,2.0,1.0,0.236017
lcamap,1,10,17,5,11.0,2.0,1.0,0.032692
segdup,1,11,17,10,10,1,0,125.099901
insider,1,11,17,10,10.0,1.0,0.0,0.063660
fastmultrec_greedy,1,11,17,10,10.0,1.0,0.0,0.238073
lcamap,1,11,17,10,10.0,1.0,0.0,0.037655
segdup,1,11,17,15,15,1,0,116.119105
insider,1,11,17,15,15.0,1.0,0.0,0.061677
fastmultrec_greedy,1,11,17,15,15.0,1.0,0.0,0.233300
lcamap,1,11,17,15,15.0,1.0,0.0,0.043635
segdup,1,11,17,20,20,1,0,72.355856
insider,1,11,17,20,20.0,1.0,0.0,0.059778
fastmultrec_greedy,1,11,17,20,20.0,1.0,0.0,0.232836
lcamap,1,11,17,20,20.0,1.0,0.0,0.040536
segdup,1,11,17,25,25,1,0,72.110816
insider,1,11,17,25,25.0,1.0,0.0,0.061933
fastmultrec_greedy,1,11,17,25,25.0,1.0,0.0,0.234957
lcamap,1,11,17,25,25.0,1.0,0.0,0.039018
segdup,1,11,17,5,5,1,0,129.886842
insider,1,11,17,5,5.0,1.0,0.0,0.061279
fastmultrec_greedy,1,11,17,5,5.0,1.0,0.0,0.229029
lcamap,1,11,17,5,5.0,1.0,0.0,0.037933
segdup,1,15,17,10,10,1,0,124.659423
insider,1,15,17,10,10.0,1.0,0.0,0.073096
fastmultrec_greedy,1,15,17,10,10.0,1.0,0.0,0.292517
lcamap,1,15,17,10,10.0,1.0,0.0,0.047286
segdup,1,15,17,15,15,1,0,129.819910
insider,1,15,17,15,15.0,1.0,0.0,0.079166
fastmultrec_greedy,1,15,17,15,15.0,1.0,0.0,0.327548
lcamap,1,15,17,15,15.0,1.0,0.0,0.052111
segdup,1,15,17,20,20,1,0,91.302700
insider,1,15,17,20,20.0,1.0,0.0,0.078479
fastmultrec_greedy,1,15,17,20,20.0,1.0,0.0,0.326844
lcamap,1,15,17,20,20.0,1.0,0.0,0.051709
segdup,1,15,17,25,25,1,0,90.476479
insider,1,15,17,25,25.0,1.0,0.0,0.079060
fastmultrec_greedy,1,15,17,25,25.0,1.0,0.0,0.319696
lcamap,1,15,17,25,25.0,1.0,0.0,0.050564
segdup,1,15,17,5,5,1,0,132.457738
insider,1,15,17,5,5.0,1.0,0.0,0.073984
fastmultrec_greedy,1,15,17,5,5.0,1.0,0.0,0.292538
lcamap,1,15,17,5,5.0,1.0,0.0,0.044876
segdup,1,8,17,10,307,27,37,177.275996
insider,1,8,17,10,300.0,26.0,40.0,0.117183
fastmultrec_greedy,1,8,17,10,300.0,26.0,40.0,0.619547
lcamap,1,8,17,10,307.0,27.0,37.0,0.056414
segdup,1,8,17,15,442,27,37,172.863631
insider,1,8,17,15,430.0,26.0,40.0,0.162510
fastmultrec_greedy,1,8,17,15,430.0,26.0,40.0,0.666876
lcamap,1,8,17,15,442.0,27.0,37.0,0.068317
segdup,1,8,17,20,573,26,53,157.768478
insider,1,8,17,20,560.0,26.0,40.0,0.363539
fastmultrec_greedy,1,8,17,20,560.0,26.0,40.0,0.649494
lcamap,1,8,17,20,577.0,27.0,37.0,0.054126
segdup,1,8,17,25,703,26,53,172.283313
insider,1,8,17,25,690.0,26.0,40.0,1.294391
fastmultrec_greedy,1,8,17,25,690.0,26.0,40.0,0.637536
lcamap,1,8,17,25,712.0,27.0,37.0,0.060435
segdup,1,8,17,5,170,26,40,180.463683
insider,1,8,17,5,170.0,26.0,40.0,0.102275
fastmultrec_greedy,1,8,17,5,170.0,26.0,40.0,0.646513
lcamap,1,8,17,5,172.0,27.0,37.0,0.056091
segdup,1,9,17,10,35,3,5,138.595717
insider,1,9,17,10,35.0,3.0,5.0,0.078840
fastmultrec_greedy,1,9,17,10,35.0,3.0,5.0,0.319880
lcamap,1,9,17,10,35.0,3.0,5.0,0.050841
segdup,1,9,17,15,50,3,5,145.734186
insider,1,9,17,15,50.0,3.0,5.0,0.072611
fastmultrec_greedy,1,9,17,15,50.0,3.0,5.0,0.295224
lcamap,1,9,17,15,50.0,3.0,5.0,0.047118
segdup,1,9,17,20,65,3,5,129.875684
insider,1,9,17,20,65.0,3.0,5.0,0.083679
fastmultrec_greedy,1,9,17,20,65.0,3.0,5.0,0.314054
lcamap,1,9,17,20,65.0,3.0,5.0,0.050207
segdup,1,9,17,25,80,3,5,124.068432
insider,1,9,17,25,80.0,3.0,5.0,0.085723
fastmultrec_greedy,1,9,17,25,80.0,3.0,5.0,0.305054
lcamap,1,9,17,25,80.0,3.0,5.0,0.050931
segdup,1,9,17,5,20,3,5,163.990849
insider,1,9,17,5,20.0,3.0,5.0,0.085864
fastmultrec_greedy,1,9,17,5,20.0,3.0,5.0,0.319750
lcamap,1,9,17,5,20.0,3.0,5.0,0.052569
segdup,2,10,17,10,72,7,2,238.847242
insider,2,10,17,10,72.0,7.0,2.0,0.137761
fastmultrec_greedy,2,10,17,10,72.0,7.0,2.0,0.448851
lcamap,2,10,17,10,72.0,7.0,2.0,0.075504
segdup,2,10,17,15,107,7,2,207.569156
insider,2,10,17,15,107.0,7.0,2.0,0.137421
fastmultrec_greedy,2,10,17,15,107.0,7.0,2.0,0.448880
lcamap,2,10,17,15,107.0,7.0,2.0,0.074812
segdup,2,10,17,20,142,7,2,116.291464
insider,2,10,17,20,142.0,7.0,2.0,0.171892
fastmultrec_greedy,2,10,17,20,142.0,7.0,2.0,0.443517
lcamap,2,10,17,20,142.0,7.0,2.0,0.075645
segdup,2,10,17,25,177,7,2,114.448420
insider,2,10,17,25,177.0,7.0,2.0,0.169621
fastmultrec_greedy,2,10,17,25,177.0,7.0,2.0,0.453557
lcamap,2,10,17,25,177.0,7.0,2.0,0.083289
segdup,2,10,17,5,37,7,2,253.110411
insider,2,10,17,5,37.0,7.0,2.0,0.129494
fastmultrec_greedy,2,10,17,5,37.0,7.0,2.0,0.444384
lcamap,2,10,17,5,37.0,7.0,2.0,0.075235
segdup,2,11,17,10,20,2,0,162.334181
insider,2,11,17,10,20.0,2.0,0.0,0.092299
fastmultrec_greedy,2,11,17,10,20.0,2.0,0.0,0.317415
lcamap,2,11,17,10,20.0,2.0,0.0,0.058990
segdup,2,11,17,15,30,2,0,133.906851
insider,2,11,17,15,30.0,2.0,0.0,0.077338
fastmultrec_greedy,2,11,17,15,30.0,2.0,0.0,0.256090
lcamap,2,11,17,15,30.0,2.0,0.0,0.042619
segdup,2,11,17,20,40,2,0,85.558526
insider,2,11,17,20,40.0,2.0,0.0,0.082071
fastmultrec_greedy,2,11,17,20,40.0,2.0,0.0,0.266993
lcamap,2,11,17,20,40.0,2.0,0.0,0.045273
segdup,2,11,17,25,50,2,0,87.844498
insider,2,11,17,25,50.0,2.0,0.0,0.078846
fastmultrec_greedy,2,11,17,25,50.0,2.0,0.0,0.267397
lcamap,2,11,17,25,50.0,2.0,0.0,0.040408
segdup,2,11,17,5,10,2,0,182.148331
insider,2,11,17,5,10.0,2.0,0.0,0.084247
fastmultrec_greedy,2,11,17,5,10.0,2.0,0.0,0.264824
lcamap,2,11,17,5,10.0,2.0,0.0,0.045552
segdup,2,15,17,10,20,2,0,253.189893
insider,2,15,17,10,20.0,2.0,0.0,0.131758
fastmultrec_greedy,2,15,17,10,20.0,2.0,0.0,0.469864
lcamap,2,15,17,10,20.0,2.0,0.0,0.069010
segdup,2,15,17,15,30,2,0,277.260669
insider,2,15,17,15,30.0,2.0,0.0,0.118243
fastmultrec_greedy,2,15,17,15,30.0,2.0,0.0,0.475588
lcamap,2,15,17,15,30.0,2.0,0.0,0.068765
segdup,2,15,17,20,40,2,0,163.526966
insider,2,15,17,20,40.0,2.0,0.0,0.120792
fastmultrec_greedy,2,15,17,20,40.0,2.0,0.0,0.481597
lcamap,2,15,17,20,40.0,2.0,0.0,0.075418
segdup,2,15,17,25,50,2,0,162.244708
insider,2,15,17,25,50.0,2.0,0.0,0.126809
fastmultrec_greedy,2,15,17,25,50.0,2.0,0.0,0.481840
lcamap,2,15,17,25,50.0,2.0,0.0,0.076616
segdup,2,15,17,5,10,2,0,299.064050
insider,2,15,17,5,10.0,2.0,0.0,0.116879
fastmultrec_greedy,2,15,17,5,10.0,2.0,0.0,0.470834
lcamap,2,15,17,5,10.0,2.0,0.0,0.068611
segdup,2,8,17,10,998,83,168,248.435750
insider,2,8,17,10,971.0,76.0,211.0,0.564698
fastmultrec_greedy,2,8,17,10,989.0,82.0,169.0,1.851548
lcamap,2,8,17,10,1005.0,84.0,165.0,0.100050
segdup,2,8,17,15,1413,83,168,249.471711
insider,2,8,17,15,1342.0,73.0,247.0,1.902106
fastmultrec_greedy,2,8,17,15,1399.0,82.0,169.0,1.865748
lcamap,2,8,17,15,1425.0,84.0,165.0,0.101775
segdup,2,8,17,20,1830,83,170,250.521384
insider,2,8,17,20,1692.0,68.0,332.0,9.526087
fastmultrec_greedy,2,8,17,20,1809.0,82.0,169.0,2.016522
lcamap,2,8,17,20,1845.0,84.0,165.0,0.103048
segdup,2,8,17,25,2247,83,172,213.008768
insider,2,8,17,25,-1,-1,-1,57.233863
fastmultrec_greedy,2,8,17,25,2219.0,82.0,169.0,2.325625
lcamap,2,8,17,25,2265.0,84.0,165.0,0.134474
segdup,2,8,17,5,585,84,165,248.815106
insider,2,8,17,5,579.0,82.0,169.0,0.334136
fastmultrec_greedy,2,8,17,5,579.0,82.0,169.0,2.016296
lcamap,2,8,17,5,585.0,84.0,165.0,0.120578
segdup,1,10,18,10,31,3,1,105.768540
insider,1,10,18,10,31.0,3.0,1.0,0.071010
fastmultrec_greedy,1,10,18,10,31.0,3.0,1.0,0.321401
lcamap,1,10,18,10,31.0,3.0,1.0,0.041308
segdup,1,10,18,15,46,3,1,93.728122
insider,1,10,18,15,46.0,3.0,1.0,0.072376
fastmultrec_greedy,1,10,18,15,46.0,3.0,1.0,0.319019
lcamap,1,10,18,15,46.0,3.0,1.0,0.043741
segdup,1,10,18,20,61,3,1,92.710536
insider,1,10,18,20,61.0,3.0,1.0,0.071829
fastmultrec_greedy,1,10,18,20,61.0,3.0,1.0,0.315681
lcamap,1,10,18,20,61.0,3.0,1.0,0.042476
segdup,1,10,18,25,76,3,1,67.648157
insider,1,10,18,25,76.0,3.0,1.0,0.073878
fastmultrec_greedy,1,10,18,25,76.0,3.0,1.0,0.318766
lcamap,1,10,18,25,76.0,3.0,1.0,0.042733
segdup,1,10,18,5,16,3,1,108.295307
insider,1,10,18,5,16.0,3.0,1.0,0.068005
fastmultrec_greedy,1,10,18,5,16.0,3.0,1.0,0.319654
lcamap,1,10,18,5,16.0,3.0,1.0,0.044140
segdup,1,11,18,10,10,1,0,74.843393
insider,1,11,18,10,10.0,1.0,0.0,0.049432
fastmultrec_greedy,1,11,18,10,10.0,1.0,0.0,0.193377
lcamap,1,11,18,10,10.0,1.0,0.0,0.029788
segdup,1,11,18,15,15,1,0,65.928381
insider,1,11,18,15,15.0,1.0,0.0,0.048053
fastmultrec_greedy,1,11,18,15,15.0,1.0,0.0,0.189723
lcamap,1,11,18,15,15.0,1.0,0.0,0.028954
segdup,1,11,18,20,20,1,0,49.133056
insider,1,11,18,20,20.0,1.0,0.0,0.050649
fastmultrec_greedy,1,11,18,20,20.0,1.0,0.0,0.186529
lcamap,1,11,18,20,20.0,1.0,0.0,0.028334
segdup,1,11,18,25,25,1,0,49.158832
insider,1,11,18,25,25.0,1.0,0.0,0.048908
fastmultrec_greedy,1,11,18,25,25.0,1.0,0.0,0.190031
lcamap,1,11,18,25,25.0,1.0,0.0,0.029985
segdup,1,11,18,5,5,1,0,81.630499
insider,1,11,18,5,5.0,1.0,0.0,0.048379
fastmultrec_greedy,1,11,18,5,5.0,1.0,0.0,0.189353
lcamap,1,11,18,5,5.0,1.0,0.0,0.030226
segdup,1,15,18,10,10,1,0,73.383808
insider,1,15,18,10,10.0,1.0,0.0,0.041317
fastmultrec_greedy,1,15,18,10,10.0,1.0,0.0,0.126309
lcamap,1,15,18,10,10.0,1.0,0.0,0.023402
segdup,1,15,18,15,15,1,0,44.418511
insider,1,15,18,15,15.0,1.0,0.0,0.042800
fastmultrec_greedy,1,15,18,15,15.0,1.0,0.0,0.129221
lcamap,1,15,18,15,15.0,1.0,0.0,0.023384
segdup,1,15,18,20,20,1,0,43.146191
insider,1,15,18,20,20.0,1.0,0.0,0.042689
fastmultrec_greedy,1,15,18,20,20.0,1.0,0.0,0.127378
lcamap,1,15,18,20,20.0,1.0,0.0,0.022905
segdup,1,15,18,25,25,1,0,42.775137
insider,1,15,18,25,25.0,1.0,0.0,0.041109
fastmultrec_greedy,1,15,18,25,25.0,1.0,0.0,0.131810
lcamap,1,15,18,25,25.0,1.0,0.0,0.023790
segdup,1,15,18,5,5,1,0,77.797494
insider,1,15,18,5,5.0,1.0,0.0,0.041142
fastmultrec_greedy,1,15,18,5,5.0,1.0,0.0,0.131906
lcamap,1,15,18,5,5.0,1.0,0.0,0.023079
segdup,1,8,18,10,376,31,66,57.787163
insider,1,8,18,10,374.0,29.0,84.0,0.081327
fastmultrec_greedy,1,8,18,10,376.0,31.0,66.0,0.155793
lcamap,1,8,18,10,376.0,31.0,66.0,0.023488
segdup,1,8,18,15,531,31,66,52.580432
insider,1,8,18,15,519.0,28.0,99.0,0.146532
fastmultrec_greedy,1,8,18,15,531.0,31.0,66.0,0.159286
lcamap,1,8,18,15,531.0,31.0,66.0,0.025390
segdup,1,8,18,20,686,31,66,56.771397
insider,1,8,18,20,659.0,28.0,99.0,0.526369
fastmultrec_greedy,1,8,18,20,686.0,31.0,66.0,0.153522
lcamap,1,8,18,20,686.0,31.0,66.0,0.022991
segdup,1,8,18,25,841,31,66,58.015563
insider,1,8,18,25,799.0,28.0,99.0,3.940040
fastmultrec_greedy,1,8,18,25,841.0,31.0,66.0,0.151662
lcamap,1,8,18,25,841.0,31.0,66.0,0.023615
segdup,1,8,18,5,221,31,66,54.584800
insider,1,8,18,5,221.0,31.0,66.0,0.062192
fastmultrec_greedy,1,8,18,5,221.0,31.0,66.0,0.156153
lcamap,1,8,18,5,221.0,31.0,66.0,0.024250
segdup,1,9,18,10,11,1,1,89.217262
insider,1,9,18,10,11.0,1.0,1.0,0.048444
fastmultrec_greedy,1,9,18,10,11.0,1.0,1.0,0.161227
lcamap,1,9,18,10,11.0,1.0,1.0,0.031994
segdup,1,9,18,15,16,1,1,69.386194
insider,1,9,18,15,16.0,1.0,1.0,0.050137
fastmultrec_greedy,1,9,18,15,16.0,1.0,1.0,0.168758
lcamap,1,9,18,15,16.0,1.0,1.0,0.029963
segdup,1,9,18,20,21,1,1,48.508177
insider,1,9,18,20,21.0,1.0,1.0,0.047446
fastmultrec_greedy,1,9,18,20,21.0,1.0,1.0,0.165231
lcamap,1,9,18,20,21.0,1.0,1.0,0.032072
segdup,1,9,18,25,26,1,1,53.202578
insider,1,9,18,25,26.0,1.0,1.0,0.048464
fastmultrec_greedy,1,9,18,25,26.0,1.0,1.0,0.161136
lcamap,1,9,18,25,26.0,1.0,1.0,0.030659
segdup,1,9,18,5,6,1,1,91.831816
insider,1,9,18,5,6.0,1.0,1.0,0.049135
fastmultrec_greedy,1,9,18,5,6.0,1.0,1.0,0.171378
lcamap,1,9,18,5,6.0,1.0,1.0,0.031010
segdup,2,10,18,10,78,7,8,176.991411
insider,2,10,18,10,78.0,7.0,8.0,0.121553
fastmultrec_greedy,2,10,18,10,78.0,7.0,8.0,0.373477
lcamap,2,10,18,10,78.0,7.0,8.0,0.065640
segdup,2,10,18,15,113,7,8,87.410132
insider,2,10,18,15,113.0,7.0,8.0,0.128107
fastmultrec_greedy,2,10,18,15,113.0,7.0,8.0,0.381925
lcamap,2,10,18,15,113.0,7.0,8.0,0.068956
segdup,2,10,18,20,148,7,8,85.062453
insider,2,10,18,20,148.0,7.0,8.0,0.138350
fastmultrec_greedy,2,10,18,20,148.0,7.0,8.0,0.375977
lcamap,2,10,18,20,148.0,7.0,8.0,0.066668
segdup,2,10,18,25,183,7,8,84.013477
insider,2,10,18,25,183.0,7.0,8.0,0.163730
fastmultrec_greedy,2,10,18,25,183.0,7.0,8.0,0.375581
lcamap,2,10,18,25,183.0,7.0,8.0,0.067542
segdup,2,10,18,5,43,7,8,186.597999
insider,2,10,18,5,43.0,7.0,8.0,0.115486
fastmultrec_greedy,2,10,18,5,43.0,7.0,8.0,0.380350
lcamap,2,10,18,5,43.0,7.0,8.0,0.067404
segdup,2,11,18,10,20,2,0,112.551660
insider,2,11,18,10,20.0,2.0,0.0,0.087920
fastmultrec_greedy,2,11,18,10,20.0,2.0,0.0,0.355251
lcamap,2,11,18,10,20.0,2.0,0.0,0.052700
segdup,2,11,18,15,30,2,0,108.226164
insider,2,11,18,15,30.0,2.0,0.0,0.089576
fastmultrec_greedy,2,11,18,15,30.0,2.0,0.0,0.355656
lcamap,2,11,18,15,30.0,2.0,0.0,0.056552
segdup,2,11,18,20,40,2,0,61.568542
insider,2,11,18,20,40.0,2.0,0.0,0.088030
fastmultrec_greedy,2,11,18,20,40.0,2.0,0.0,0.355165
lcamap,2,11,18,20,40.0,2.0,0.0,0.061060
segdup,2,11,18,25,50,2,0,60.075604
insider,2,11,18,25,50.0,2.0,0.0,0.087507
fastmultrec_greedy,2,11,18,25,50.0,2.0,0.0,0.357299
lcamap,2,11,18,25,50.0,2.0,0.0,0.053901
segdup,2,11,18,5,10,2,0,118.332051
insider,2,11,18,5,10.0,2.0,0.0,0.087137
fastmultrec_greedy,2,11,18,5,10.0,2.0,0.0,0.357925
lcamap,2,11,18,5,10.0,2.0,0.0,0.056266
segdup,2,15,18,25,-1,-1,-1,1.100778
insider,2,15,18,25,-1,-1,-1,0.072909
segdup,2,8,18,10,645,50,145,78.783986
insider,2,8,18,10,630.0,44.0,190.0,0.199915
fastmultrec_greedy,2,8,18,10,645.0,50.0,145.0,0.168850
lcamap,2,8,18,10,645.0,50.0,145.0,0.032501
segdup,2,8,18,15,895,50,145,75.955549
insider,2,8,18,15,846.0,42.0,216.0,0.424219
fastmultrec_greedy,2,8,18,15,895.0,50.0,145.0,0.172758
lcamap,2,8,18,15,895.0,50.0,145.0,0.032044
segdup,2,8,18,20,1145,50,145,70.162658
insider,2,8,18,20,1050.0,39.0,270.0,0.986746
fastmultrec_greedy,2,8,18,20,1145.0,50.0,145.0,0.170800
lcamap,2,8,18,20,1145.0,50.0,145.0,0.032388
segdup,2,8,18,25,1395,50,145,67.979492
insider,2,8,18,25,1245.0,39.0,270.0,2.930346
fastmultrec_greedy,2,8,18,25,1395.0,50.0,145.0,0.168884
lcamap,2,8,18,25,1395.0,50.0,145.0,0.032104
segdup,2,8,18,5,395,50,145,77.268376
insider,2,8,18,5,395.0,50.0,145.0,0.108912
fastmultrec_greedy,2,8,18,5,395.0,50.0,145.0,0.171853
lcamap,2,8,18,5,395.0,50.0,145.0,0.032698
segdup,2,9,18,10,284,26,24,141.557392
insider,2,9,18,10,284.0,26.0,24.0,0.217533
fastmultrec_greedy,2,9,18,10,284.0,26.0,24.0,0.485574
lcamap,2,9,18,10,284.0,26.0,24.0,0.078117
segdup,2,9,18,15,414,26,24,115.943792
insider,2,9,18,15,414.0,26.0,24.0,0.405790
fastmultrec_greedy,2,9,18,15,414.0,26.0,24.0,0.473641
lcamap,2,9,18,15,414.0,26.0,24.0,0.076758
segdup,2,9,18,20,544,26,24,113.150977
insider,2,9,18,20,544.0,26.0,24.0,1.566197
fastmultrec_greedy,2,9,18,20,544.0,26.0,24.0,0.486454
lcamap,2,9,18,20,544.0,26.0,24.0,0.076682
segdup,2,9,18,25,674,26,24,115.094522
insider,2,9,18,25,669.0,25.0,44.0,13.544334
fastmultrec_greedy,2,9,18,25,674.0,26.0,24.0,0.479928
lcamap,2,9,18,25,674.0,26.0,24.0,0.078016
segdup,2,9,18,5,154,26,24,162.369122
insider,2,9,18,5,154.0,26.0,24.0,0.161442
fastmultrec_greedy,2,9,18,5,154.0,26.0,24.0,0.482532
lcamap,2,9,18,5,154.0,26.0,24.0,0.080657
segdup,1,10,19,10,11,1,1,106.382673
insider,1,10,19,10,11.0,1.0,1.0,0.072629
fastmultrec_greedy,1,10,19,10,11.0,1.0,1.0,0.332976
lcamap,1,10,19,10,11.0,1.0,1.0,0.044114
segdup,1,10,19,15,16,1,1,99.857827
insider,1,10,19,15,16.0,1.0,1.0,0.073184
fastmultrec_greedy,1,10,19,15,16.0,1.0,1.0,0.341094
lcamap,1,10,19,15,16.0,1.0,1.0,0.043137
segdup,1,10,19,20,21,1,1,68.575223
insider,1,10,19,20,21.0,1.0,1.0,0.068883
fastmultrec_greedy,1,10,19,20,21.0,1.0,1.0,0.311404
lcamap,1,10,19,20,21.0,1.0,1.0,0.040776
segdup,1,10,19,25,26,1,1,66.344748
insider,1,10,19,25,26.0,1.0,1.0,0.068498
fastmultrec_greedy,1,10,19,25,26.0,1.0,1.0,0.314880
lcamap,1,10,19,25,26.0,1.0,1.0,0.040691
segdup,1,10,19,5,6,1,1,105.924973
insider,1,10,19,5,6.0,1.0,1.0,0.067515
fastmultrec_greedy,1,10,19,5,6.0,1.0,1.0,0.315326
lcamap,1,10,19,5,6.0,1.0,1.0,0.039993
segdup,1,11,19,10,10,1,0,50.276789
insider,1,11,19,10,10.0,1.0,0.0,0.028611
fastmultrec_greedy,1,11,19,10,10.0,1.0,0.0,0.092224
lcamap,1,11,19,10,10.0,1.0,0.0,0.016803
segdup,1,11,19,15,15,1,0,27.994764
insider,1,11,19,15,15.0,1.0,0.0,0.026964
fastmultrec_greedy,1,11,19,15,15.0,1.0,0.0,0.089046
lcamap,1,11,19,15,15.0,1.0,0.0,0.015790
segdup,1,11,19,20,20,1,0,27.410177
insider,1,11,19,20,20.0,1.0,0.0,0.027525
fastmultrec_greedy,1,11,19,20,20.0,1.0,0.0,0.086559
lcamap,1,11,19,20,20.0,1.0,0.0,0.015509
segdup,1,11,19,25,25,1,0,28.754984
insider,1,11,19,25,25.0,1.0,0.0,0.027991
fastmultrec_greedy,1,11,19,25,25.0,1.0,0.0,0.091845
lcamap,1,11,19,25,25.0,1.0,0.0,0.016629
segdup,1,11,19,5,5,1,0,51.215712
insider,1,11,19,5,5.0,1.0,0.0,0.028698
fastmultrec_greedy,1,11,19,5,5.0,1.0,0.0,0.089078
lcamap,1,11,19,5,5.0,1.0,0.0,0.016064
segdup,1,15,19,10,10,1,0,113.750899
insider,1,15,19,10,10.0,1.0,0.0,0.063413
fastmultrec_greedy,1,15,19,10,10.0,1.0,0.0,0.229033
lcamap,1,15,19,10,10.0,1.0,0.0,0.037815
segdup,1,15,19,15,15,1,0,97.836359
insider,1,15,19,15,15.0,1.0,0.0,0.060586
fastmultrec_greedy,1,15,19,15,15.0,1.0,0.0,0.215075
lcamap,1,15,19,15,15.0,1.0,0.0,0.035016
segdup,1,15,19,20,20,1,0,92.195529
insider,1,15,19,20,20.0,1.0,0.0,0.058452
fastmultrec_greedy,1,15,19,20,20.0,1.0,0.0,0.212405
lcamap,1,15,19,20,20.0,1.0,0.0,0.035407
segdup,1,15,19,25,25,1,0,62.181346
insider,1,15,19,25,25.0,1.0,0.0,0.059882
fastmultrec_greedy,1,15,19,25,25.0,1.0,0.0,0.208993
lcamap,1,15,19,25,25.0,1.0,0.0,0.036054
segdup,1,15,19,5,5,1,0,121.604473
insider,1,15,19,5,5.0,1.0,0.0,0.064144
fastmultrec_greedy,1,15,19,5,5.0,1.0,0.0,0.238883
lcamap,1,15,19,5,5.0,1.0,0.0,0.037958
segdup,1,8,19,10,766,62,146,71.957456
insider,1,8,19,10,755.0,60.0,155.0,0.222872
fastmultrec_greedy,1,8,19,10,759.0,61.0,149.0,0.335022
lcamap,1,8,19,10,766.0,62.0,146.0,0.032666
segdup,1,8,19,15,1076,62,146,60.665200
insider,1,8,19,15,1043.0,57.0,188.0,0.499793
fastmultrec_greedy,1,8,19,15,1064.0,61.0,149.0,0.314434
lcamap,1,8,19,15,1076.0,62.0,146.0,0.031164
segdup,1,8,19,20,1386,62,146,61.220762
insider,1,8,19,20,1320.0,52.0,280.0,2.608092
fastmultrec_greedy,1,8,19,20,1369.0,61.0,149.0,0.309264
lcamap,1,8,19,20,1386.0,62.0,146.0,0.031347
segdup,1,8,19,25,1696,62,146,65.864962
insider,1,8,19,25,1568.0,48.0,368.0,6.434490
fastmultrec_greedy,1,8,19,25,1674.0,61.0,149.0,0.317861
lcamap,1,8,19,25,1696.0,62.0,146.0,0.030068
segdup,1,8,19,5,456,62,146,69.848288
insider,1,8,19,5,454.0,61.0,149.0,0.091377
fastmultrec_greedy,1,8,19,5,454.0,61.0,149.0,0.316055
lcamap,1,8,19,5,456.0,62.0,146.0,0.030757
segdup,1,9,19,10,90,8,10,68.677764
insider,1,9,19,10,90.0,8.0,10.0,0.048959
fastmultrec_greedy,1,9,19,10,90.0,8.0,10.0,0.123541
lcamap,1,9,19,10,90.0,8.0,10.0,0.021277
segdup,1,9,19,15,130,8,10,60.727211
insider,1,9,19,15,130.0,8.0,10.0,0.056254
fastmultrec_greedy,1,9,19,15,130.0,8.0,10.0,0.132287
lcamap,1,9,19,15,130.0,8.0,10.0,0.023155
segdup,1,9,19,20,170,8,10,42.320347
insider,1,9,19,20,170.0,8.0,10.0,0.060130
fastmultrec_greedy,1,9,19,20,170.0,8.0,10.0,0.122371
lcamap,1,9,19,20,170.0,8.0,10.0,0.021730
segdup,1,9,19,25,210,8,10,43.338690
insider,1,9,19,25,210.0,8.0,10.0,0.083689
fastmultrec_greedy,1,9,19,25,210.0,8.0,10.0,0.123212
lcamap,1,9,19,25,210.0,8.0,10.0,0.021460
segdup,1,9,19,5,50,8,10,70.657529
insider,1,9,19,5,50.0,8.0,10.0,0.044215
fastmultrec_greedy,1,9,19,5,50.0,8.0,10.0,0.124323
lcamap,1,9,19,5,50.0,8.0,10.0,0.021162
segdup,2,10,19,10,21,2,1,127.561739
insider,2,10,19,10,21.0,2.0,1.0,0.085753
fastmultrec_greedy,2,10,19,10,21.0,2.0,1.0,0.363761
lcamap,2,10,19,10,21.0,2.0,1.0,0.047000
segdup,2,10,19,15,31,2,1,107.661243
insider,2,10,19,15,31.0,2.0,1.0,0.084604
fastmultrec_greedy,2,10,19,15,31.0,2.0,1.0,0.357394
lcamap,2,10,19,15,31.0,2.0,1.0,0.046867
segdup,2,10,19,20,41,2,1,73.205225
insider,2,10,19,20,41.0,2.0,1.0,0.079836
fastmultrec_greedy,2,10,19,20,41.0,2.0,1.0,0.329373
lcamap,2,10,19,20,41.0,2.0,1.0,0.044046
segdup,2,10,19,25,51,2,1,70.980798
insider,2,10,19,25,51.0,2.0,1.0,0.077709
fastmultrec_greedy,2,10,19,25,51.0,2.0,1.0,0.335113
lcamap,2,10,19,25,51.0,2.0,1.0,0.044635
segdup,2,10,19,5,11,2,1,132.639596
insider,2,10,19,5,11.0,2.0,1.0,0.084644
fastmultrec_greedy,2,10,19,5,11.0,2.0,1.0,0.364397
lcamap,2,10,19,5,11.0,2.0,1.0,0.047749
segdup,2,11,19,10,30,3,0,209.730611
insider,2,11,19,10,30.0,3.0,0.0,0.141187
fastmultrec_greedy,2,11,19,10,30.0,3.0,0.0,0.582817
lcamap,2,11,19,10,30.0,3.0,0.0,0.093681
segdup,2,11,19,15,45,3,0,195.105465
insider,2,11,19,15,45.0,3.0,0.0,0.143112
fastmultrec_greedy,2,11,19,15,45.0,3.0,0.0,0.595069
lcamap,2,11,19,15,45.0,3.0,0.0,0.093371
segdup,2,11,19,20,60,3,0,119.177526
insider,2,11,19,20,60.0,3.0,0.0,0.159713
fastmultrec_greedy,2,11,19,20,60.0,3.0,0.0,0.632148
lcamap,2,11,19,20,60.0,3.0,0.0,0.095527
segdup,2,11,19,25,75,3,0,119.634186
insider,2,11,19,25,75.0,3.0,0.0,0.158268
fastmultrec_greedy,2,11,19,25,75.0,3.0,0.0,0.623342
lcamap,2,11,19,25,75.0,3.0,0.0,0.097116
segdup,2,11,19,5,15,3,0,243.655304
insider,2,11,19,5,15.0,3.0,0.0,0.138607
fastmultrec_greedy,2,11,19,5,15.0,3.0,0.0,0.583793
lcamap,2,11,19,5,15.0,3.0,0.0,0.092606
segdup,2,15,19,10,20,2,0,124.319914
insider,2,15,19,10,20.0,2.0,0.0,0.098795
fastmultrec_greedy,2,15,19,10,20.0,2.0,0.0,0.385362
lcamap,2,15,19,10,20.0,2.0,0.0,0.054951
segdup,2,15,19,15,30,2,0,68.445766
insider,2,15,19,15,30.0,2.0,0.0,0.097967
fastmultrec_greedy,2,15,19,15,30.0,2.0,0.0,0.384506
lcamap,2,15,19,15,30.0,2.0,0.0,0.057931
segdup,2,15,19,20,40,2,0,64.979724
insider,2,15,19,20,40.0,2.0,0.0,0.092813
fastmultrec_greedy,2,15,19,20,40.0,2.0,0.0,0.362516
lcamap,2,15,19,20,40.0,2.0,0.0,0.052712
segdup,2,15,19,25,50,2,0,67.571205
insider,2,15,19,25,50.0,2.0,0.0,0.094040
fastmultrec_greedy,2,15,19,25,50.0,2.0,0.0,0.356484
lcamap,2,15,19,25,50.0,2.0,0.0,0.051951
segdup,2,15,19,5,10,2,0,131.933185
insider,2,15,19,5,10.0,2.0,0.0,0.100938
fastmultrec_greedy,2,15,19,5,10.0,2.0,0.0,0.389320
lcamap,2,15,19,5,10.0,2.0,0.0,0.055692
segdup,2,8,19,10,614,48,134,69.658723
insider,2,8,19,10,605.0,44.0,165.0,0.299830
fastmultrec_greedy,2,8,19,10,612.0,48.0,132.0,0.307035
lcamap,2,8,19,10,619.0,49.0,129.0,0.031396
segdup,2,8,19,15,864,49,129,65.162935
insider,2,8,19,15,816.0,38.0,246.0,3.406708
fastmultrec_greedy,2,8,19,15,849.0,47.0,144.0,0.450406
lcamap,2,8,19,15,864.0,49.0,129.0,0.030841
segdup,2,8,19,20,1097,48,137,64.811422
insider,2,8,19,20,1006.0,38.0,246.0,11.681142
fastmultrec_greedy,2,8,19,20,1084.0,47.0,144.0,0.456765
lcamap,2,8,19,20,1109.0,49.0,129.0,0.032243
segdup,2,8,19,25,1332,48,132,59.882230
insider,2,8,19,25,1183.0,33.0,358.0,29.809010
fastmultrec_greedy,2,8,19,25,1318.0,46.0,168.0,0.589521
lcamap,2,8,19,25,1354.0,49.0,129.0,0.030696
segdup,2,8,19,5,374,49,129,68.468633
insider,2,8,19,5,372.0,48.0,132.0,0.122161
fastmultrec_greedy,2,8,19,5,372.0,48.0,132.0,0.314031
lcamap,2,8,19,5,374.0,49.0,129.0,0.030433
segdup,2,9,19,10,163,15,13,124.856021
insider,2,9,19,10,163.0,15.0,13.0,0.110585
fastmultrec_greedy,2,9,19,10,163.0,15.0,13.0,0.289446
lcamap,2,9,19,10,163.0,15.0,13.0,0.046767
segdup,2,9,19,15,238,15,13,146.281592
insider,2,9,19,15,238.0,15.0,13.0,0.133144
fastmultrec_greedy,2,9,19,15,238.0,15.0,13.0,0.286312
lcamap,2,9,19,15,238.0,15.0,13.0,0.046135
segdup,2,9,19,20,313,15,13,104.841333
insider,2,9,19,20,313.0,15.0,13.0,0.198792
fastmultrec_greedy,2,9,19,20,313.0,15.0,13.0,0.286989
lcamap,2,9,19,20,313.0,15.0,13.0,0.045804
segdup,2,9,19,25,388,15,13,100.730672
insider,2,9,19,25,388.0,15.0,13.0,0.344606
fastmultrec_greedy,2,9,19,25,388.0,15.0,13.0,0.290801
lcamap,2,9,19,25,388.0,15.0,13.0,0.045841
segdup,2,9,19,5,88,15,13,131.562115
insider,2,9,19,5,88.0,15.0,13.0,0.095660
fastmultrec_greedy,2,9,19,5,88.0,15.0,13.0,0.282226
lcamap,2,9,19,5,88.0,15.0,13.0,0.047316
segdup,1,10,1,10,30,3,0,101.872989
insider,1,10,1,10,30.0,3.0,0.0,0.057833
fastmultrec_greedy,1,10,1,10,30.0,3.0,0.0,0.199900
lcamap,1,10,1,10,30.0,3.0,0.0,0.032859
segdup,1,10,1,15,45,3,0,61.219821
insider,1,10,1,15,45.0,3.0,0.0,0.060057
fastmultrec_greedy,1,10,1,15,45.0,3.0,0.0,0.197027
lcamap,1,10,1,15,45.0,3.0,0.0,0.032836
segdup,1,10,1,20,60,3,0,60.903386
insider,1,10,1,20,60.0,3.0,0.0,0.061623
fastmultrec_greedy,1,10,1,20,60.0,3.0,0.0,0.198684
lcamap,1,10,1,20,60.0,3.0,0.0,0.034086
segdup,1,10,1,25,75,3,0,58.543375
insider,1,10,1,25,75.0,3.0,0.0,0.061960
fastmultrec_greedy,1,10,1,25,75.0,3.0,0.0,0.198703
lcamap,1,10,1,25,75.0,3.0,0.0,0.034962
segdup,1,10,1,5,15,3,0,108.536366
insider,1,10,1,5,15.0,3.0,0.0,0.057638
fastmultrec_greedy,1,10,1,5,15.0,3.0,0.0,0.198638
lcamap,1,10,1,5,15.0,3.0,0.0,0.033304
segdup,1,11,1,10,11,1,1,118.871294
insider,1,11,1,10,11.0,1.0,1.0,0.075363
fastmultrec_greedy,1,11,1,10,11.0,1.0,1.0,0.321398
lcamap,1,11,1,10,11.0,1.0,1.0,0.049286
segdup,1,11,1,15,16,1,1,75.560195
insider,1,11,1,15,16.0,1.0,1.0,0.074320
fastmultrec_greedy,1,11,1,15,16.0,1.0,1.0,0.318032
lcamap,1,11,1,15,16.0,1.0,1.0,0.049134
segdup,1,11,1,20,21,1,1,73.967251
insider,1,11,1,20,21.0,1.0,1.0,0.076014
fastmultrec_greedy,1,11,1,20,21.0,1.0,1.0,0.315982
lcamap,1,11,1,20,21.0,1.0,1.0,0.048693
segdup,1,11,1,25,26,1,1,73.286962
insider,1,11,1,25,26.0,1.0,1.0,0.072894
fastmultrec_greedy,1,11,1,25,26.0,1.0,1.0,0.319785
lcamap,1,11,1,25,26.0,1.0,1.0,0.048483
segdup,1,11,1,5,6,1,1,123.846252
insider,1,11,1,5,6.0,1.0,1.0,0.074419
fastmultrec_greedy,1,11,1,5,6.0,1.0,1.0,0.324637
lcamap,1,11,1,5,6.0,1.0,1.0,0.049042
segdup,1,15,1,10,10,1,0,158.328865
insider,1,15,1,10,10.0,1.0,0.0,0.093930
fastmultrec_greedy,1,15,1,10,10.0,1.0,0.0,0.395938
lcamap,1,15,1,10,10.0,1.0,0.0,0.061801
segdup,1,15,1,15,15,1,0,102.554258
insider,1,15,1,15,15.0,1.0,0.0,0.095667
fastmultrec_greedy,1,15,1,15,15.0,1.0,0.0,0.400010
lcamap,1,15,1,15,15.0,1.0,0.0,0.062188
segdup,1,15,1,20,20,1,0,94.366906
insider,1,15,1,20,20.0,1.0,0.0,0.092929
fastmultrec_greedy,1,15,1,20,20.0,1.0,0.0,0.399447
lcamap,1,15,1,20,20.0,1.0,0.0,0.062531
segdup,1,15,1,25,25,1,0,97.210775
insider,1,15,1,25,25.0,1.0,0.0,0.093968
fastmultrec_greedy,1,15,1,25,25.0,1.0,0.0,0.393949
lcamap,1,15,1,25,25.0,1.0,0.0,0.061341
segdup,1,15,1,5,5,1,0,173.438105
insider,1,15,1,5,5.0,1.0,0.0,0.093965
fastmultrec_greedy,1,15,1,5,5.0,1.0,0.0,0.399151
lcamap,1,15,1,5,5.0,1.0,0.0,0.061944
segdup,1,8,1,10,464,40,64,41.677301
insider,1,8,1,10,448.0,33.0,118.0,0.175708
fastmultrec_greedy,1,8,1,10,456.0,38.0,76.0,0.243299
lcamap,1,8,1,10,464.0,40.0,64.0,0.017113
segdup,1,8,1,15,657,38,87,38.809651
insider,1,8,1,15,610.0,32.0,130.0,0.513720
fastmultrec_greedy,1,8,1,15,646.0,38.0,76.0,0.241775
lcamap,1,8,1,15,664.0,40.0,64.0,0.017538
segdup,1,8,1,20,853,39,73,38.731945
insider,1,8,1,20,764.0,28.0,204.0,2.815585
fastmultrec_greedy,1,8,1,20,836.0,38.0,76.0,0.240931
lcamap,1,8,1,20,864.0,40.0,64.0,0.017698
segdup,1,8,1,25,1029,38,79,39.344270
insider,1,8,1,25,896.0,26.0,246.0,6.093924
fastmultrec_greedy,1,8,1,25,1026.0,38.0,76.0,0.242599
lcamap,1,8,1,25,1064.0,40.0,64.0,0.017964
segdup,1,8,1,5,264,40,64,42.226021
insider,1,8,1,5,264.0,40.0,64.0,0.061452
fastmultrec_greedy,1,8,1,5,264.0,40.0,64.0,0.096850
lcamap,1,8,1,5,264.0,40.0,64.0,0.017776
segdup,1,9,1,10,119,11,9,56.776753
insider,1,9,1,10,119.0,11.0,9.0,0.051744
fastmultrec_greedy,1,9,1,10,119.0,11.0,9.0,0.150573
lcamap,1,9,1,10,119.0,11.0,9.0,0.021533
segdup,1,9,1,15,174,11,9,49.137336
insider,1,9,1,15,174.0,11.0,9.0,0.073914
fastmultrec_greedy,1,9,1,15,174.0,11.0,9.0,0.154966
lcamap,1,9,1,15,174.0,11.0,9.0,0.022328
segdup,1,9,1,20,229,11,9,48.084733
insider,1,9,1,20,229.0,11.0,9.0,0.121815
fastmultrec_greedy,1,9,1,20,229.0,11.0,9.0,0.151623
lcamap,1,9,1,20,229.0,11.0,9.0,0.021993
segdup,1,9,1,25,284,11,9,38.074228
insider,1,9,1,25,284.0,11.0,9.0,0.251325
fastmultrec_greedy,1,9,1,25,284.0,11.0,9.0,0.151721
lcamap,1,9,1,25,284.0,11.0,9.0,0.022359
segdup,1,9,1,5,64,11,9,60.003809
insider,1,9,1,5,64.0,11.0,9.0,0.046251
fastmultrec_greedy,1,9,1,5,64.0,11.0,9.0,0.150840
lcamap,1,9,1,5,64.0,11.0,9.0,0.021506
segdup,2,11,1,10,20,2,0,258.526348
insider,2,11,1,10,20.0,2.0,0.0,0.152247
fastmultrec_greedy,2,11,1,10,20.0,2.0,0.0,0.637908
lcamap,2,11,1,10,20.0,2.0,0.0,0.088961
segdup,2,11,1,15,30,2,0,234.842671
insider,2,11,1,15,30.0,2.0,0.0,0.194538
fastmultrec_greedy,2,11,1,15,30.0,2.0,0.0,0.779679
lcamap,2,11,1,15,30.0,2.0,0.0,0.108747
segdup,2,11,1,20,40,2,0,141.983648
insider,2,11,1,20,40.0,2.0,0.0,0.171677
fastmultrec_greedy,2,11,1,20,40.0,2.0,0.0,0.620216
lcamap,2,11,1,20,40.0,2.0,0.0,0.087417
segdup,2,11,1,25,50,2,0,145.105384
insider,2,11,1,25,50.0,2.0,0.0,0.198198
fastmultrec_greedy,2,11,1,25,50.0,2.0,0.0,0.753485
lcamap,2,11,1,25,50.0,2.0,0.0,0.105721
segdup,2,11,1,5,10,2,0,269.358985
insider,2,11,1,5,10.0,2.0,0.0,0.155775
fastmultrec_greedy,2,11,1,5,10.0,2.0,0.0,0.616602
lcamap,2,11,1,5,10.0,2.0,0.0,0.086733
segdup,2,15,1,10,20,2,0,227.520152
insider,2,15,1,10,20.0,2.0,0.0,0.146786
fastmultrec_greedy,2,15,1,10,20.0,2.0,0.0,0.591536
lcamap,2,15,1,10,20.0,2.0,0.0,0.093519
segdup,2,15,1,15,30,2,0,207.537588
insider,2,15,1,15,30.0,2.0,0.0,0.146225
fastmultrec_greedy,2,15,1,15,30.0,2.0,0.0,0.587392
lcamap,2,15,1,15,30.0,2.0,0.0,0.094415
segdup,2,15,1,20,40,2,0,142.317254
insider,2,15,1,20,40.0,2.0,0.0,0.148914
fastmultrec_greedy,2,15,1,20,40.0,2.0,0.0,0.586837
lcamap,2,15,1,20,40.0,2.0,0.0,0.092434
segdup,2,15,1,25,50,2,0,190.977380
insider,2,15,1,25,50.0,2.0,0.0,0.171776
fastmultrec_greedy,2,15,1,25,50.0,2.0,0.0,0.690528
lcamap,2,15,1,25,50.0,2.0,0.0,0.109972
segdup,2,15,1,5,10,2,0,264.847859
insider,2,15,1,5,10.0,2.0,0.0,0.148068
fastmultrec_greedy,2,15,1,5,10.0,2.0,0.0,0.582496
lcamap,2,15,1,5,10.0,2.0,0.0,0.093176
segdup,2,8,1,10,758,59,168,191.846562
insider,2,8,1,10,750.0,57.0,180.0,0.371935
fastmultrec_greedy,2,8,1,10,758.0,59.0,168.0,0.583924
lcamap,2,8,1,10,758.0,59.0,168.0,0.079112
segdup,2,8,1,15,1053,59,168,195.464779
insider,2,8,1,15,1035.0,57.0,180.0,1.180907
fastmultrec_greedy,2,8,1,15,1053.0,59.0,168.0,0.600176
lcamap,2,8,1,15,1053.0,59.0,168.0,0.079675
segdup,2,8,1,20,1348,59,168,204.405476
insider,2,8,1,20,1300.0,52.0,260.0,3.784240
fastmultrec_greedy,2,8,1,20,1348.0,59.0,168.0,0.565635
lcamap,2,8,1,20,1348.0,59.0,168.0,0.078182
segdup,2,8,1,25,1643,59,168,169.394547
insider,2,8,1,25,1558.0,50.0,308.0,19.356833
fastmultrec_greedy,2,8,1,25,1643.0,59.0,168.0,0.595622
lcamap,2,8,1,25,1643.0,59.0,168.0,0.076846
segdup,2,8,1,5,463,59,168,207.391626
insider,2,8,1,5,463.0,59.0,168.0,0.217074
fastmultrec_greedy,2,8,1,5,463.0,59.0,168.0,0.572722
lcamap,2,8,1,5,463.0,59.0,168.0,0.079346
segdup,2,9,1,10,112,10,12,159.606803
insider,2,9,1,10,112.0,10.0,12.0,0.124615
fastmultrec_greedy,2,9,1,10,112.0,10.0,12.0,0.302026
lcamap,2,9,1,10,112.0,10.0,12.0,0.046684
segdup,2,9,1,15,162,10,12,121.052794
insider,2,9,1,15,162.0,10.0,12.0,0.133294
fastmultrec_greedy,2,9,1,15,162.0,10.0,12.0,0.292093
lcamap,2,9,1,15,162.0,10.0,12.0,0.045561
segdup,2,9,1,20,212,10,12,124.635186
insider,2,9,1,20,212.0,10.0,12.0,0.199315
fastmultrec_greedy,2,9,1,20,212.0,10.0,12.0,0.294493
lcamap,2,9,1,20,212.0,10.0,12.0,0.045329
segdup,2,9,1,25,262,10,12,108.535302
insider,2,9,1,25,262.0,10.0,12.0,0.260655
fastmultrec_greedy,2,9,1,25,262.0,10.0,12.0,0.293771
lcamap,2,9,1,25,262.0,10.0,12.0,0.045066
segdup,2,9,1,5,62,10,12,157.601634
insider,2,9,1,5,62.0,10.0,12.0,0.090012
fastmultrec_greedy,2,9,1,5,62.0,10.0,12.0,0.293215
lcamap,2,9,1,5,62.0,10.0,12.0,0.043480
segdup,1,10,20,10,43,4,3,79.773328
insider,1,10,20,10,43.0,4.0,3.0,0.054274
fastmultrec_greedy,1,10,20,10,43.0,4.0,3.0,0.171641
lcamap,1,10,20,10,43.0,4.0,3.0,0.025629
segdup,1,10,20,15,63,4,3,84.520992
insider,1,10,20,15,63.0,4.0,3.0,0.050518
fastmultrec_greedy,1,10,20,15,63.0,4.0,3.0,0.168414
lcamap,1,10,20,15,63.0,4.0,3.0,0.024946
segdup,1,10,20,20,83,4,3,47.525298
insider,1,10,20,20,83.0,4.0,3.0,0.060901
fastmultrec_greedy,1,10,20,20,83.0,4.0,3.0,0.175849
lcamap,1,10,20,20,83.0,4.0,3.0,0.026558
segdup,1,10,20,25,103,4,3,46.496969
insider,1,10,20,25,103.0,4.0,3.0,0.059588
fastmultrec_greedy,1,10,20,25,103.0,4.0,3.0,0.170895
lcamap,1,10,20,25,103.0,4.0,3.0,0.025162
segdup,1,10,20,5,23,4,3,89.511515
insider,1,10,20,5,23.0,4.0,3.0,0.055452
fastmultrec_greedy,1,10,20,5,23.0,4.0,3.0,0.173965
lcamap,1,10,20,5,23.0,4.0,3.0,0.025030
segdup,1,11,20,10,20,2,0,165.605561
insider,1,11,20,10,20.0,2.0,0.0,0.090595
fastmultrec_greedy,1,11,20,10,20.0,2.0,0.0,0.314323
lcamap,1,11,20,10,20.0,2.0,0.0,0.053684
segdup,1,11,20,15,30,2,0,149.835102
insider,1,11,20,15,30.0,2.0,0.0,0.091097
fastmultrec_greedy,1,11,20,15,30.0,2.0,0.0,0.324911
lcamap,1,11,20,15,30.0,2.0,0.0,0.054709
segdup,1,11,20,20,40,2,0,95.584862
insider,1,11,20,20,40.0,2.0,0.0,0.093725
fastmultrec_greedy,1,11,20,20,40.0,2.0,0.0,0.318856
lcamap,1,11,20,20,40.0,2.0,0.0,0.054291
segdup,1,11,20,25,50,2,0,95.307107
insider,1,11,20,25,50.0,2.0,0.0,0.089303
fastmultrec_greedy,1,11,20,25,50.0,2.0,0.0,0.312189
lcamap,1,11,20,25,50.0,2.0,0.0,0.052393
segdup,1,11,20,5,10,2,0,167.804821
insider,1,11,20,5,10.0,2.0,0.0,0.092357
fastmultrec_greedy,1,11,20,5,10.0,2.0,0.0,0.353455
lcamap,1,11,20,5,10.0,2.0,0.0,0.057604
segdup,1,15,20,10,10,1,0,136.499152
insider,1,15,20,10,10.0,1.0,0.0,0.105217
fastmultrec_greedy,1,15,20,10,10.0,1.0,0.0,0.285074
lcamap,1,15,20,10,10.0,1.0,0.0,0.048162
segdup,1,15,20,15,15,1,0,122.470984
insider,1,15,20,15,15.0,1.0,0.0,0.075772
fastmultrec_greedy,1,15,20,15,15.0,1.0,0.0,0.286333
lcamap,1,15,20,15,15.0,1.0,0.0,0.048781
segdup,1,15,20,20,20,1,0,77.795761
insider,1,15,20,20,20.0,1.0,0.0,0.075191
fastmultrec_greedy,1,15,20,20,20.0,1.0,0.0,0.282951
lcamap,1,15,20,20,20.0,1.0,0.0,0.047243
segdup,1,15,20,25,25,1,0,76.209345
insider,1,15,20,25,25.0,1.0,0.0,0.078574
fastmultrec_greedy,1,15,20,25,25.0,1.0,0.0,0.269444
lcamap,1,15,20,25,25.0,1.0,0.0,0.045012
segdup,1,15,20,5,5,1,0,139.339059
insider,1,15,20,5,5.0,1.0,0.0,0.071967
fastmultrec_greedy,1,15,20,5,5.0,1.0,0.0,0.275921
lcamap,1,15,20,5,5.0,1.0,0.0,0.051494
segdup,1,8,20,10,537,45,87,131.724668
insider,1,8,20,10,533.0,44.0,93.0,0.186305
fastmultrec_greedy,1,8,20,10,537.0,45.0,87.0,0.406470
lcamap,1,8,20,10,537.0,45.0,87.0,0.063639
segdup,1,8,20,15,762,45,87,124.738557
insider,1,8,20,15,751.0,43.0,106.0,0.359832
fastmultrec_greedy,1,8,20,15,762.0,45.0,87.0,0.397708
lcamap,1,8,20,15,762.0,45.0,87.0,0.064103
segdup,1,8,20,20,987,45,87,118.825303
insider,1,8,20,20,966.0,43.0,106.0,1.687123
fastmultrec_greedy,1,8,20,20,987.0,45.0,87.0,0.397189
lcamap,1,8,20,20,987.0,45.0,87.0,0.064517
segdup,1,8,20,25,1212,45,87,124.493329
insider,1,8,20,25,-1,-1,-1,53.510549
fastmultrec_greedy,1,8,20,25,1212.0,45.0,87.0,0.406615
lcamap,1,8,20,25,1212.0,45.0,87.0,0.061578
segdup,1,8,20,5,312,45,87,130.676447
insider,1,8,20,5,312.0,45.0,87.0,0.131136
fastmultrec_greedy,1,8,20,5,312.0,45.0,87.0,0.412820
lcamap,1,8,20,5,312.0,45.0,87.0,0.065850
segdup,1,9,20,10,108,10,8,87.367396
insider,1,9,20,10,108.0,10.0,8.0,0.059453
fastmultrec_greedy,1,9,20,10,108.0,10.0,8.0,0.175767
lcamap,1,9,20,10,108.0,10.0,8.0,0.028592
segdup,1,9,20,15,158,10,8,78.371382
insider,1,9,20,15,158.0,10.0,8.0,0.072496
fastmultrec_greedy,1,9,20,15,158.0,10.0,8.0,0.176192
lcamap,1,9,20,15,158.0,10.0,8.0,0.036220
segdup,1,9,20,20,208,10,8,70.906204
insider,1,9,20,20,208.0,10.0,8.0,0.072562
fastmultrec_greedy,1,9,20,20,208.0,10.0,8.0,0.172507
lcamap,1,9,20,20,208.0,10.0,8.0,0.028230
segdup,1,9,20,25,258,10,8,54.428141
insider,1,9,20,25,258.0,10.0,8.0,0.103797
fastmultrec_greedy,1,9,20,25,258.0,10.0,8.0,0.180996
lcamap,1,9,20,25,258.0,10.0,8.0,0.030157
segdup,1,9,20,5,58,10,8,93.114636
insider,1,9,20,5,58.0,10.0,8.0,0.051856
fastmultrec_greedy,1,9,20,5,58.0,10.0,8.0,0.173308
lcamap,1,9,20,5,58.0,10.0,8.0,0.027842
segdup,2,10,20,10,22,2,2,146.641516
insider,2,10,20,10,22.0,2.0,2.0,0.074281
fastmultrec_greedy,2,10,20,10,22.0,2.0,2.0,0.270271
lcamap,2,10,20,10,22.0,2.0,2.0,0.042523
segdup,2,10,20,15,32,2,2,145.669411
insider,2,10,20,15,32.0,2.0,2.0,0.073528
fastmultrec_greedy,2,10,20,15,32.0,2.0,2.0,0.278611
lcamap,2,10,20,15,32.0,2.0,2.0,0.042778
segdup,2,10,20,20,42,2,2,71.382264
insider,2,10,20,20,42.0,2.0,2.0,0.072772
fastmultrec_greedy,2,10,20,20,42.0,2.0,2.0,0.269064
lcamap,2,10,20,20,42.0,2.0,2.0,0.041872
segdup,2,10,20,25,52,2,2,72.040236
insider,2,10,20,25,52.0,2.0,2.0,0.074610
fastmultrec_greedy,2,10,20,25,52.0,2.0,2.0,0.265340
lcamap,2,10,20,25,52.0,2.0,2.0,0.041096
segdup,2,10,20,5,12,2,2,148.257307
insider,2,10,20,5,12.0,2.0,2.0,0.076257
fastmultrec_greedy,2,10,20,5,12.0,2.0,2.0,0.275694
lcamap,2,10,20,5,12.0,2.0,2.0,0.042203
segdup,2,11,20,10,20,2,0,158.167753
insider,2,11,20,10,20.0,2.0,0.0,0.092365
fastmultrec_greedy,2,11,20,10,20.0,2.0,0.0,0.337552
lcamap,2,11,20,10,20.0,2.0,0.0,0.050671
segdup,2,11,20,15,30,2,0,73.116285
insider,2,11,20,15,30.0,2.0,0.0,0.093313
fastmultrec_greedy,2,11,20,15,30.0,2.0,0.0,0.341468
lcamap,2,11,20,15,30.0,2.0,0.0,0.050727
segdup,2,11,20,20,40,2,0,73.926665
insider,2,11,20,20,40.0,2.0,0.0,0.089617
fastmultrec_greedy,2,11,20,20,40.0,2.0,0.0,0.345528
lcamap,2,11,20,20,40.0,2.0,0.0,0.049311
segdup,2,11,20,25,50,2,0,70.827953
insider,2,11,20,25,50.0,2.0,0.0,0.100028
fastmultrec_greedy,2,11,20,25,50.0,2.0,0.0,0.371450
lcamap,2,11,20,25,50.0,2.0,0.0,0.052389
segdup,2,11,20,5,10,2,0,164.774559
insider,2,11,20,5,10.0,2.0,0.0,0.091595
fastmultrec_greedy,2,11,20,5,10.0,2.0,0.0,0.353609
lcamap,2,11,20,5,10.0,2.0,0.0,0.049298
segdup,2,15,20,10,20,2,0,116.512815
insider,2,15,20,10,20.0,2.0,0.0,0.069843
fastmultrec_greedy,2,15,20,10,20.0,2.0,0.0,0.248371
lcamap,2,15,20,10,20.0,2.0,0.0,0.038967
segdup,2,15,20,15,30,2,0,82.961217
insider,2,15,20,15,30.0,2.0,0.0,0.075484
fastmultrec_greedy,2,15,20,15,30.0,2.0,0.0,0.264635
lcamap,2,15,20,15,30.0,2.0,0.0,0.040665
segdup,2,15,20,20,40,2,0,53.938662
insider,2,15,20,20,40.0,2.0,0.0,0.069431
fastmultrec_greedy,2,15,20,20,40.0,2.0,0.0,0.239152
lcamap,2,15,20,20,40.0,2.0,0.0,0.037717
segdup,2,15,20,25,50,2,0,52.019810
insider,2,15,20,25,50.0,2.0,0.0,0.074776
fastmultrec_greedy,2,15,20,25,50.0,2.0,0.0,0.264876
lcamap,2,15,20,25,50.0,2.0,0.0,0.040663
segdup,2,15,20,5,10,2,0,123.915130
insider,2,15,20,5,10.0,2.0,0.0,0.071001
fastmultrec_greedy,2,15,20,5,10.0,2.0,0.0,0.249295
lcamap,2,15,20,5,10.0,2.0,0.0,0.039447
segdup,2,8,20,10,273,25,23,60.566660
insider,2,8,20,10,272.0,24.0,32.0,0.137769
fastmultrec_greedy,2,8,20,10,273.0,25.0,23.0,0.190703
lcamap,2,8,20,10,273.0,25.0,23.0,0.031016
segdup,2,8,20,15,398,25,23,55.330312
insider,2,8,20,15,389.0,23.0,44.0,0.208287
fastmultrec_greedy,2,8,20,15,398.0,25.0,23.0,0.187044
lcamap,2,8,20,15,398.0,25.0,23.0,0.030498
segdup,2,8,20,20,523,25,23,51.412184
insider,2,8,20,20,504.0,23.0,44.0,0.449176
fastmultrec_greedy,2,8,20,20,523.0,25.0,23.0,0.181052
lcamap,2,8,20,20,523.0,25.0,23.0,0.030067
segdup,2,8,20,25,648,25,23,48.940858
insider,2,8,20,25,619.0,23.0,44.0,1.261715
fastmultrec_greedy,2,8,20,25,648.0,25.0,23.0,0.177670
lcamap,2,8,20,25,648.0,25.0,23.0,0.029718
segdup,2,8,20,5,148,25,23,58.529938
insider,2,8,20,5,148.0,25.0,23.0,0.090613
fastmultrec_greedy,2,8,20,5,148.0,25.0,23.0,0.181548
lcamap,2,8,20,5,148.0,25.0,23.0,0.029544
segdup,2,9,20,10,53,5,3,103.251980
insider,2,9,20,10,53.0,5.0,3.0,0.067814
fastmultrec_greedy,2,9,20,10,53.0,5.0,3.0,0.197285
lcamap,2,9,20,10,53.0,5.0,3.0,0.032250
segdup,2,9,20,15,78,5,3,88.952874
insider,2,9,20,15,78.0,5.0,3.0,0.066435
fastmultrec_greedy,2,9,20,15,78.0,5.0,3.0,0.203202
lcamap,2,9,20,15,78.0,5.0,3.0,0.032836
segdup,2,9,20,20,103,5,3,45.909509
insider,2,9,20,20,103.0,5.0,3.0,0.065530
fastmultrec_greedy,2,9,20,20,103.0,5.0,3.0,0.198774
lcamap,2,9,20,20,103.0,5.0,3.0,0.031488
segdup,2,9,20,25,128,5,3,43.929627
insider,2,9,20,25,128.0,5.0,3.0,0.074857
fastmultrec_greedy,2,9,20,25,128.0,5.0,3.0,0.214514
lcamap,2,9,20,25,128.0,5.0,3.0,0.035004
segdup,2,9,20,5,28,5,3,109.788350
insider,2,9,20,5,28.0,5.0,3.0,0.061867
fastmultrec_greedy,2,9,20,5,28.0,5.0,3.0,0.207315
lcamap,2,9,20,5,28.0,5.0,3.0,0.031131
segdup,1,10,21,10,22,2,2,83.615206
insider,1,10,21,10,22.0,2.0,2.0,0.049150
fastmultrec_greedy,1,10,21,10,22.0,2.0,2.0,0.181971
lcamap,1,10,21,10,22.0,2.0,2.0,0.027735
segdup,1,10,21,15,32,2,2,51.786813
insider,1,10,21,15,32.0,2.0,2.0,0.053403
fastmultrec_greedy,1,10,21,15,32.0,2.0,2.0,0.188482
lcamap,1,10,21,15,32.0,2.0,2.0,0.029056
segdup,1,10,21,20,42,2,2,49.536739
insider,1,10,21,20,42.0,2.0,2.0,0.049601
fastmultrec_greedy,1,10,21,20,42.0,2.0,2.0,0.177240
lcamap,1,10,21,20,42.0,2.0,2.0,0.027435
segdup,1,10,21,25,52,2,2,50.540027
insider,1,10,21,25,52.0,2.0,2.0,0.051597
fastmultrec_greedy,1,10,21,25,52.0,2.0,2.0,0.177954
lcamap,1,10,21,25,52.0,2.0,2.0,0.027903
segdup,1,10,21,5,12,2,2,96.072445
insider,1,10,21,5,12.0,2.0,2.0,0.048107
fastmultrec_greedy,1,10,21,5,12.0,2.0,2.0,0.177109
lcamap,1,10,21,5,12.0,2.0,2.0,0.027115
segdup,1,11,21,10,10,1,0,112.625816
insider,1,11,21,10,10.0,1.0,0.0,0.061067
fastmultrec_greedy,1,11,21,10,10.0,1.0,0.0,0.213589
lcamap,1,11,21,10,10.0,1.0,0.0,0.037006
segdup,1,11,21,15,15,1,0,94.342873
insider,1,11,21,15,15.0,1.0,0.0,0.066765
fastmultrec_greedy,1,11,21,15,15.0,1.0,0.0,0.231288
lcamap,1,11,21,15,15.0,1.0,0.0,0.041210
segdup,1,11,21,20,20,1,0,62.752874
insider,1,11,21,20,20.0,1.0,0.0,0.061557
fastmultrec_greedy,1,11,21,20,20.0,1.0,0.0,0.219112
lcamap,1,11,21,20,20.0,1.0,0.0,0.040483
segdup,1,11,21,25,25,1,0,62.379606
insider,1,11,21,25,25.0,1.0,0.0,0.066451
fastmultrec_greedy,1,11,21,25,25.0,1.0,0.0,0.233487
lcamap,1,11,21,25,25.0,1.0,0.0,0.039773
segdup,1,11,21,5,5,1,0,117.879980
insider,1,11,21,5,5.0,1.0,0.0,0.061601
fastmultrec_greedy,1,11,21,5,5.0,1.0,0.0,0.214569
lcamap,1,11,21,5,5.0,1.0,0.0,0.039603
segdup,1,15,21,10,10,1,0,68.788781
insider,1,15,21,10,10.0,1.0,0.0,0.044358
fastmultrec_greedy,1,15,21,10,10.0,1.0,0.0,0.150817
lcamap,1,15,21,10,10.0,1.0,0.0,0.023297
segdup,1,15,21,15,15,1,0,40.675213
insider,1,15,21,15,15.0,1.0,0.0,0.052181
fastmultrec_greedy,1,15,21,15,15.0,1.0,0.0,0.136153
lcamap,1,15,21,15,15.0,1.0,0.0,0.020989
segdup,1,15,21,20,20,1,0,38.812882
insider,1,15,21,20,20.0,1.0,0.0,0.041641
fastmultrec_greedy,1,15,21,20,20.0,1.0,0.0,0.140391
lcamap,1,15,21,20,20.0,1.0,0.0,0.021582
segdup,1,15,21,25,25,1,0,56.613288
insider,1,15,21,25,25.0,1.0,0.0,0.044178
fastmultrec_greedy,1,15,21,25,25.0,1.0,0.0,0.149256
lcamap,1,15,21,25,25.0,1.0,0.0,0.023350
segdup,1,15,21,5,5,1,0,74.997972
insider,1,15,21,5,5.0,1.0,0.0,0.043973
fastmultrec_greedy,1,15,21,5,5.0,1.0,0.0,0.138862
lcamap,1,15,21,5,5.0,1.0,0.0,0.021799
segdup,1,8,21,10,699,51,189,43.347226
insider,1,8,21,10,692.0,49.0,202.0,0.119114
fastmultrec_greedy,1,8,21,10,694.0,51.0,184.0,0.167162
lcamap,1,8,21,10,703.0,52.0,183.0,0.019113
segdup,1,8,21,15,949,51,184,39.355097
insider,1,8,21,15,931.0,47.0,226.0,0.255585
fastmultrec_greedy,1,8,21,15,949.0,51.0,184.0,0.151682
lcamap,1,8,21,15,963.0,52.0,183.0,0.017067
segdup,1,8,21,20,1206,51,186,37.173943
insider,1,8,21,20,1164.0,46.0,244.0,1.161559
fastmultrec_greedy,1,8,21,20,1204.0,51.0,184.0,0.151054
lcamap,1,8,21,20,1223.0,52.0,183.0,0.017638
segdup,1,8,21,25,1459,51,184,40.905861
insider,1,8,21,25,1379.0,41.0,354.0,8.734149
fastmultrec_greedy,1,8,21,25,1459.0,51.0,184.0,0.155771
lcamap,1,8,21,25,1483.0,52.0,183.0,0.018221
segdup,1,8,21,5,439,51,184,43.227095
insider,1,8,21,5,439.0,51.0,184.0,0.066450
fastmultrec_greedy,1,8,21,5,439.0,51.0,184.0,0.171981
lcamap,1,8,21,5,443.0,52.0,183.0,0.019007
segdup,1,9,21,10,52,5,2,136.522598
insider,1,9,21,10,52.0,5.0,2.0,0.091246
fastmultrec_greedy,1,9,21,10,52.0,5.0,2.0,0.385783
lcamap,1,9,21,10,52.0,5.0,2.0,0.051338
segdup,1,9,21,15,77,5,2,118.011722
insider,1,9,21,15,77.0,5.0,2.0,0.091780
fastmultrec_greedy,1,9,21,15,77.0,5.0,2.0,0.387985
lcamap,1,9,21,15,77.0,5.0,2.0,0.051618
segdup,1,9,21,20,102,5,2,84.725403
insider,1,9,21,20,102.0,5.0,2.0,0.090693
fastmultrec_greedy,1,9,21,20,102.0,5.0,2.0,0.358427
lcamap,1,9,21,20,102.0,5.0,2.0,0.048545
segdup,1,9,21,25,127,5,2,84.030773
insider,1,9,21,25,127.0,5.0,2.0,0.098189
fastmultrec_greedy,1,9,21,25,127.0,5.0,2.0,0.355912
lcamap,1,9,21,25,127.0,5.0,2.0,0.050802
segdup,1,9,21,5,27,5,2,137.816419
insider,1,9,21,5,27.0,5.0,2.0,0.086074
fastmultrec_greedy,1,9,21,5,27.0,5.0,2.0,0.381492
lcamap,1,9,21,5,27.0,5.0,2.0,0.052861
segdup,2,10,21,10,20,2,0,111.773777
insider,2,10,21,10,20.0,2.0,0.0,0.074221
fastmultrec_greedy,2,10,21,10,20.0,2.0,0.0,0.279589
lcamap,2,10,21,10,20.0,2.0,0.0,0.042874
segdup,2,10,21,15,30,2,0,49.461018
insider,2,10,21,15,30.0,2.0,0.0,0.069834
fastmultrec_greedy,2,10,21,15,30.0,2.0,0.0,0.261028
lcamap,2,10,21,15,30.0,2.0,0.0,0.040706
segdup,2,10,21,20,40,2,0,50.160934
insider,2,10,21,20,40.0,2.0,0.0,0.083026
fastmultrec_greedy,2,10,21,20,40.0,2.0,0.0,0.278936
lcamap,2,10,21,20,40.0,2.0,0.0,0.044244
segdup,2,10,21,25,50,2,0,47.902907
insider,2,10,21,25,50.0,2.0,0.0,0.071148
fastmultrec_greedy,2,10,21,25,50.0,2.0,0.0,0.256511
lcamap,2,10,21,25,50.0,2.0,0.0,0.045555
segdup,2,10,21,5,10,2,0,111.898425
insider,2,10,21,5,10.0,2.0,0.0,0.088685
fastmultrec_greedy,2,10,21,5,10.0,2.0,0.0,0.257182
lcamap,2,10,21,5,10.0,2.0,0.0,0.040998
segdup,2,11,21,10,20,2,0,105.627115
insider,2,11,21,10,20.0,2.0,0.0,0.069668
fastmultrec_greedy,2,11,21,10,20.0,2.0,0.0,0.230992
lcamap,2,11,21,10,20.0,2.0,0.0,0.040249
segdup,2,11,21,15,30,2,0,74.018881
insider,2,11,21,15,30.0,2.0,0.0,0.074849
fastmultrec_greedy,2,11,21,15,30.0,2.0,0.0,0.249825
lcamap,2,11,21,15,30.0,2.0,0.0,0.043004
segdup,2,11,21,20,40,2,0,50.537738
insider,2,11,21,20,40.0,2.0,0.0,0.068540
fastmultrec_greedy,2,11,21,20,40.0,2.0,0.0,0.229556
lcamap,2,11,21,20,40.0,2.0,0.0,0.039730
segdup,2,11,21,25,50,2,0,48.968234
insider,2,11,21,25,50.0,2.0,0.0,0.073423
fastmultrec_greedy,2,11,21,25,50.0,2.0,0.0,0.253101
lcamap,2,11,21,25,50.0,2.0,0.0,0.043242
segdup,2,11,21,5,10,2,0,118.536663
insider,2,11,21,5,10.0,2.0,0.0,0.073958
fastmultrec_greedy,2,11,21,5,10.0,2.0,0.0,0.246201
lcamap,2,11,21,5,10.0,2.0,0.0,0.041845
segdup,2,15,21,10,20,2,0,247.605731
insider,2,15,21,10,20.0,2.0,0.0,0.140514
fastmultrec_greedy,2,15,21,10,20.0,2.0,0.0,0.509585
lcamap,2,15,21,10,20.0,2.0,0.0,0.095013
segdup,2,15,21,15,30,2,0,201.296338
insider,2,15,21,15,30.0,2.0,0.0,0.140973
fastmultrec_greedy,2,15,21,15,30.0,2.0,0.0,0.508947
lcamap,2,15,21,15,30.0,2.0,0.0,0.096281
segdup,2,15,21,20,40,2,0,200.845442
insider,2,15,21,20,40.0,2.0,0.0,0.148441
fastmultrec_greedy,2,15,21,20,40.0,2.0,0.0,0.534336
lcamap,2,15,21,20,40.0,2.0,0.0,0.096628
segdup,2,15,21,25,50,2,0,111.901584
insider,2,15,21,25,50.0,2.0,0.0,0.151852
fastmultrec_greedy,2,15,21,25,50.0,2.0,0.0,0.538958
lcamap,2,15,21,25,50.0,2.0,0.0,0.094443
segdup,2,15,21,5,10,2,0,254.333409
insider,2,15,21,5,10.0,2.0,0.0,0.146589
fastmultrec_greedy,2,15,21,5,10.0,2.0,0.0,0.537839
lcamap,2,15,21,5,10.0,2.0,0.0,0.096758
segdup,2,8,21,10,1596,121,386,232.214016
insider,2,8,21,10,1586.0,116.0,426.0,0.547413
fastmultrec_greedy,2,8,21,10,1596.0,121.0,386.0,0.642409
lcamap,2,8,21,10,1596.0,121.0,386.0,0.116921
segdup,2,8,21,15,2201,121,386,235.969514
insider,2,8,21,15,2151.0,109.0,516.0,1.743690
fastmultrec_greedy,2,8,21,15,2201.0,121.0,386.0,0.633379
lcamap,2,8,21,15,2201.0,121.0,386.0,0.106199
segdup,2,8,21,20,2806,121,386,224.790712
insider,2,8,21,20,2679.0,104.0,599.0,7.656732
fastmultrec_greedy,2,8,21,20,2806.0,121.0,386.0,0.613127
lcamap,2,8,21,20,2806.0,121.0,386.0,0.105443
segdup,2,8,21,25,3411,121,386,224.038105
insider,2,8,21,25,3179.0,97.0,754.0,91.763222
fastmultrec_greedy,2,8,21,25,3411.0,121.0,386.0,0.604319
lcamap,2,8,21,25,3411.0,121.0,386.0,0.103831
segdup,2,8,21,5,991,121,386,239.945356
insider,2,8,21,5,991.0,121.0,386.0,0.290628
fastmultrec_greedy,2,8,21,5,991.0,121.0,386.0,0.613957
lcamap,2,8,21,5,991.0,121.0,386.0,0.110171
segdup,2,9,21,10,107,10,7,59.701290
insider,2,9,21,10,107.0,10.0,7.0,0.068515
fastmultrec_greedy,2,9,21,10,107.0,10.0,7.0,0.172391
lcamap,2,9,21,10,107.0,10.0,7.0,0.029769
segdup,2,9,21,15,157,10,7,37.981373
insider,2,9,21,15,157.0,10.0,7.0,0.085036
fastmultrec_greedy,2,9,21,15,157.0,10.0,7.0,0.172218
lcamap,2,9,21,15,157.0,10.0,7.0,0.028169
segdup,2,9,21,20,207,10,7,38.873033
insider,2,9,21,20,207.0,10.0,7.0,0.178870
fastmultrec_greedy,2,9,21,20,207.0,10.0,7.0,0.195927
lcamap,2,9,21,20,207.0,10.0,7.0,0.031117
segdup,2,9,21,25,257,10,7,41.135669
insider,2,9,21,25,257.0,10.0,7.0,0.354747
fastmultrec_greedy,2,9,21,25,257.0,10.0,7.0,0.170358
lcamap,2,9,21,25,257.0,10.0,7.0,0.028680
segdup,2,9,21,5,57,10,7,70.912572
insider,2,9,21,5,57.0,10.0,7.0,0.058962
fastmultrec_greedy,2,9,21,5,57.0,10.0,7.0,0.176400
lcamap,2,9,21,5,57.0,10.0,7.0,0.029413
segdup,1,10,22,10,21,2,1,116.394169
insider,1,10,22,10,21.0,2.0,1.0,0.058471
fastmultrec_greedy,1,10,22,10,21.0,2.0,1.0,0.208922
lcamap,1,10,22,10,21.0,2.0,1.0,0.038472
segdup,1,10,22,15,31,2,1,121.272001
insider,1,10,22,15,31.0,2.0,1.0,0.061213
fastmultrec_greedy,1,10,22,15,31.0,2.0,1.0,0.217300
lcamap,1,10,22,15,31.0,2.0,1.0,0.036641
segdup,1,10,22,20,41,2,1,70.229058
insider,1,10,22,20,41.0,2.0,1.0,0.060031
fastmultrec_greedy,1,10,22,20,41.0,2.0,1.0,0.210913
lcamap,1,10,22,20,41.0,2.0,1.0,0.035768
segdup,1,10,22,25,51,2,1,72.953532
insider,1,10,22,25,51.0,2.0,1.0,0.062808
fastmultrec_greedy,1,10,22,25,51.0,2.0,1.0,0.231697
lcamap,1,10,22,25,51.0,2.0,1.0,0.035235
segdup,1,10,22,5,11,2,1,124.346986
insider,1,10,22,5,11.0,2.0,1.0,0.066814
fastmultrec_greedy,1,10,22,5,11.0,2.0,1.0,0.231939
lcamap,1,10,22,5,11.0,2.0,1.0,0.037847
segdup,1,11,22,10,10,1,0,80.139804
insider,1,11,22,10,10.0,1.0,0.0,0.040887
fastmultrec_greedy,1,11,22,10,10.0,1.0,0.0,0.143865
lcamap,1,11,22,10,10.0,1.0,0.0,0.024161
segdup,1,11,22,15,15,1,0,66.676893
insider,1,11,22,15,15.0,1.0,0.0,0.041179
fastmultrec_greedy,1,11,22,15,15.0,1.0,0.0,0.143040
lcamap,1,11,22,15,15.0,1.0,0.0,0.022357
segdup,1,11,22,20,20,1,0,46.553962
insider,1,11,22,20,20.0,1.0,0.0,0.044121
fastmultrec_greedy,1,11,22,20,20.0,1.0,0.0,0.156472
lcamap,1,11,22,20,20.0,1.0,0.0,0.023926
segdup,1,11,22,25,25,1,0,42.917962
insider,1,11,22,25,25.0,1.0,0.0,0.049060
fastmultrec_greedy,1,11,22,25,25.0,1.0,0.0,0.171815
lcamap,1,11,22,25,25.0,1.0,0.0,0.026437
segdup,1,11,22,5,5,1,0,84.697852
insider,1,11,22,5,5.0,1.0,0.0,0.052610
fastmultrec_greedy,1,11,22,5,5.0,1.0,0.0,0.177925
lcamap,1,11,22,5,5.0,1.0,0.0,0.027982
segdup,1,15,22,10,10,1,0,176.294542
insider,1,15,22,10,10.0,1.0,0.0,0.076513
fastmultrec_greedy,1,15,22,10,10.0,1.0,0.0,0.328481
lcamap,1,15,22,10,10.0,1.0,0.0,0.050306
segdup,1,15,22,15,15,1,0,159.297906
insider,1,15,22,15,15.0,1.0,0.0,0.076569
fastmultrec_greedy,1,15,22,15,15.0,1.0,0.0,0.326517
lcamap,1,15,22,15,15.0,1.0,0.0,0.050027
segdup,1,15,22,20,20,1,0,154.148449
insider,1,15,22,20,20.0,1.0,0.0,0.097264
fastmultrec_greedy,1,15,22,20,20.0,1.0,0.0,0.397385
lcamap,1,15,22,20,20.0,1.0,0.0,0.058289
segdup,1,15,22,25,25,1,0,106.674580
insider,1,15,22,25,25.0,1.0,0.0,0.087405
fastmultrec_greedy,1,15,22,25,25.0,1.0,0.0,0.323094
lcamap,1,15,22,25,25.0,1.0,0.0,0.049206
segdup,1,15,22,5,5,1,0,177.817780
insider,1,15,22,5,5.0,1.0,0.0,0.078035
fastmultrec_greedy,1,15,22,5,5.0,1.0,0.0,0.327289
lcamap,1,15,22,5,5.0,1.0,0.0,0.048857
segdup,1,8,22,10,629,55,79,147.613391
insider,1,8,22,10,606.0,50.0,106.0,0.254952
fastmultrec_greedy,1,8,22,10,615.0,53.0,85.0,0.936805
lcamap,1,8,22,10,629.0,55.0,79.0,0.062846
segdup,1,8,22,15,898,54,88,145.923657
insider,1,8,22,15,853.0,49.0,118.0,1.264107
fastmultrec_greedy,1,8,22,15,880.0,53.0,85.0,0.951924
lcamap,1,8,22,15,904.0,55.0,79.0,0.058497
segdup,1,8,22,20,1168,54,88,131.912341
insider,1,8,22,20,1097.0,48.0,137.0,15.687859
fastmultrec_greedy,1,8,22,20,1145.0,53.0,85.0,1.025366
lcamap,1,8,22,20,1179.0,55.0,79.0,0.062564
segdup,1,8,22,25,1454,55,79,121.772212
insider,1,8,22,25,1336.0,47.0,161.0,297.287411
fastmultrec_greedy,1,8,22,25,1410.0,53.0,85.0,0.965838
lcamap,1,8,22,25,1454.0,55.0,79.0,0.067147
segdup,1,8,22,5,354,55,79,148.815987
insider,1,8,22,5,350.0,53.0,85.0,0.149875
fastmultrec_greedy,1,8,22,5,350.0,53.0,85.0,0.980255
lcamap,1,8,22,5,354.0,55.0,79.0,0.057963
segdup,1,9,22,10,201,18,21,109.124114
insider,1,9,22,10,201.0,18.0,21.0,0.091407
fastmultrec_greedy,1,9,22,10,201.0,18.0,21.0,0.274657
lcamap,1,9,22,10,201.0,18.0,21.0,0.042032
segdup,1,9,22,15,291,18,21,103.196974
insider,1,9,22,15,291.0,18.0,21.0,0.119485
fastmultrec_greedy,1,9,22,15,291.0,18.0,21.0,0.287006
lcamap,1,9,22,15,291.0,18.0,21.0,0.045366
segdup,1,9,22,20,381,18,21,86.043054
insider,1,9,22,20,381.0,18.0,21.0,0.174008
fastmultrec_greedy,1,9,22,20,381.0,18.0,21.0,0.272987
lcamap,1,9,22,20,381.0,18.0,21.0,0.040987
segdup,1,9,22,25,471,18,21,89.818064
insider,1,9,22,25,471.0,18.0,21.0,0.594560
fastmultrec_greedy,1,9,22,25,471.0,18.0,21.0,0.280618
lcamap,1,9,22,25,471.0,18.0,21.0,0.042938
segdup,1,9,22,5,111,18,21,112.200290
insider,1,9,22,5,111.0,18.0,21.0,0.080383
fastmultrec_greedy,1,9,22,5,111.0,18.0,21.0,0.278148
lcamap,1,9,22,5,111.0,18.0,21.0,0.043522
segdup,2,10,22,10,42,4,2,250.607605
insider,2,10,22,10,42.0,4.0,2.0,0.164092
fastmultrec_greedy,2,10,22,10,42.0,4.0,2.0,0.618278
lcamap,2,10,22,10,42.0,4.0,2.0,0.108965
segdup,2,10,22,15,62,4,2,147.882278
insider,2,10,22,15,62.0,4.0,2.0,0.181420
fastmultrec_greedy,2,10,22,15,62.0,4.0,2.0,0.643670
lcamap,2,10,22,15,62.0,4.0,2.0,0.107964
segdup,2,10,22,20,82,4,2,140.511263
insider,2,10,22,20,82.0,4.0,2.0,0.176721
fastmultrec_greedy,2,10,22,20,82.0,4.0,2.0,0.637009
lcamap,2,10,22,20,82.0,4.0,2.0,0.108494
segdup,2,10,22,25,102,4,2,144.721608
insider,2,10,22,25,102.0,4.0,2.0,0.183953
fastmultrec_greedy,2,10,22,25,102.0,4.0,2.0,0.642738
lcamap,2,10,22,25,102.0,4.0,2.0,0.112772
segdup,2,10,22,5,22,4,2,315.465682
insider,2,10,22,5,22.0,4.0,2.0,0.176902
fastmultrec_greedy,2,10,22,5,22.0,4.0,2.0,0.648071
lcamap,2,10,22,5,22.0,4.0,2.0,0.109424
segdup,2,11,22,10,20,2,0,250.601531
insider,2,11,22,10,20.0,2.0,0.0,0.147217
fastmultrec_greedy,2,11,22,10,20.0,2.0,0.0,0.527768
lcamap,2,11,22,10,20.0,2.0,0.0,0.097294
segdup,2,11,22,15,30,2,0,122.332404
insider,2,11,22,15,30.0,2.0,0.0,0.155724
fastmultrec_greedy,2,11,22,15,30.0,2.0,0.0,0.579703
lcamap,2,11,22,15,30.0,2.0,0.0,0.099939
segdup,2,11,22,20,40,2,0,118.605289
insider,2,11,22,20,40.0,2.0,0.0,0.155101
fastmultrec_greedy,2,11,22,20,40.0,2.0,0.0,0.564700
lcamap,2,11,22,20,40.0,2.0,0.0,0.099273
segdup,2,11,22,25,50,2,0,120.501307
insider,2,11,22,25,50.0,2.0,0.0,0.146394
fastmultrec_greedy,2,11,22,25,50.0,2.0,0.0,0.542630
lcamap,2,11,22,25,50.0,2.0,0.0,0.101503
segdup,2,11,22,5,10,2,0,268.446908
insider,2,11,22,5,10.0,2.0,0.0,0.144078
fastmultrec_greedy,2,11,22,5,10.0,2.0,0.0,0.533472
lcamap,2,11,22,5,10.0,2.0,0.0,0.098579
segdup,2,15,22,10,20,2,0,133.263356
insider,2,15,22,10,20.0,2.0,0.0,0.083936
fastmultrec_greedy,2,15,22,10,20.0,2.0,0.0,0.292938
lcamap,2,15,22,10,20.0,2.0,0.0,0.045855
segdup,2,15,22,15,30,2,0,61.055689
insider,2,15,22,15,30.0,2.0,0.0,0.077420
fastmultrec_greedy,2,15,22,15,30.0,2.0,0.0,0.277778
lcamap,2,15,22,15,30.0,2.0,0.0,0.045505
segdup,2,15,22,20,40,2,0,60.912104
insider,2,15,22,20,40.0,2.0,0.0,0.082022
fastmultrec_greedy,2,15,22,20,40.0,2.0,0.0,0.292366
lcamap,2,15,22,20,40.0,2.0,0.0,0.047064
segdup,2,15,22,25,50,2,0,57.727908
insider,2,15,22,25,50.0,2.0,0.0,0.076435
fastmultrec_greedy,2,15,22,25,50.0,2.0,0.0,0.268844
lcamap,2,15,22,25,50.0,2.0,0.0,0.043973
segdup,2,15,22,5,10,2,0,138.514682
insider,2,15,22,5,10.0,2.0,0.0,0.076357
fastmultrec_greedy,2,15,22,5,10.0,2.0,0.0,0.268416
lcamap,2,15,22,5,10.0,2.0,0.0,0.040454
segdup,2,8,22,10,813,66,153,222.984313
insider,2,8,22,10,789.0,59.0,199.0,0.761881
fastmultrec_greedy,2,8,22,10,801.0,63.0,171.0,2.888801
lcamap,2,8,22,10,820.0,67.0,150.0,0.103865
segdup,2,8,22,15,1148,66,158,214.769837
insider,2,8,22,15,1076.0,54.0,266.0,3.455195
fastmultrec_greedy,2,8,22,15,1116.0,63.0,171.0,2.972013
lcamap,2,8,22,15,1155.0,67.0,150.0,0.104126
segdup,2,8,22,20,1476,66,156,215.741492
insider,2,8,22,20,1336.0,51.0,316.0,13.666191
fastmultrec_greedy,2,8,22,20,1431.0,63.0,171.0,2.800815
lcamap,2,8,22,20,1490.0,67.0,150.0,0.098353
segdup,2,8,22,25,1817,66,167,210.694543
insider,2,8,22,25,1590.0,50.0,340.0,34.074297
fastmultrec_greedy,2,8,22,25,1746.0,63.0,171.0,2.815577
lcamap,2,8,22,25,1825.0,67.0,150.0,0.101201
segdup,2,8,22,5,485,67,150,233.428594
insider,2,8,22,5,481.0,65.0,156.0,0.298124
fastmultrec_greedy,2,8,22,5,481.0,65.0,156.0,1.785288
lcamap,2,8,22,5,485.0,67.0,150.0,0.098810
segdup,2,9,22,10,237,22,17,137.717128
insider,2,9,22,10,237.0,22.0,17.0,0.219450
fastmultrec_greedy,2,9,22,10,237.0,22.0,17.0,0.465108
lcamap,2,9,22,10,237.0,22.0,17.0,0.070785
segdup,2,9,22,15,347,22,17,124.372422
insider,2,9,22,15,347.0,22.0,17.0,1.087417
fastmultrec_greedy,2,9,22,15,347.0,22.0,17.0,0.439671
lcamap,2,9,22,15,347.0,22.0,17.0,0.066317
segdup,2,9,22,20,457,22,17,117.536910
insider,2,9,22,20,457.0,22.0,17.0,10.108776
fastmultrec_greedy,2,9,22,20,457.0,22.0,17.0,0.433849
lcamap,2,9,22,20,457.0,22.0,17.0,0.066484
segdup,2,9,22,25,567,22,17,122.111804
insider,2,9,22,25,560.0,19.0,85.0,39.462051
fastmultrec_greedy,2,9,22,25,567.0,22.0,17.0,0.423335
lcamap,2,9,22,25,567.0,22.0,17.0,0.072293
segdup,2,9,22,5,127,22,17,149.818126
insider,2,9,22,5,127.0,22.0,17.0,0.154839
fastmultrec_greedy,2,9,22,5,127.0,22.0,17.0,0.456343
lcamap,2,9,22,5,127.0,22.0,17.0,0.069335
segdup,1,10,23,10,23,2,3,68.517793
insider,1,10,23,10,23.0,2.0,3.0,0.051445
fastmultrec_greedy,1,10,23,10,23.0,2.0,3.0,0.210780
lcamap,1,10,23,10,23.0,2.0,3.0,0.028927
segdup,1,10,23,15,33,2,3,65.595227
insider,1,10,23,15,33.0,2.0,3.0,0.052030
fastmultrec_greedy,1,10,23,15,33.0,2.0,3.0,0.206700
lcamap,1,10,23,15,33.0,2.0,3.0,0.029722
segdup,1,10,23,20,43,2,3,45.471375
insider,1,10,23,20,43.0,2.0,3.0,0.051753
fastmultrec_greedy,1,10,23,20,43.0,2.0,3.0,0.207499
lcamap,1,10,23,20,43.0,2.0,3.0,0.030116
segdup,1,10,23,25,53,2,3,46.008413
insider,1,10,23,25,53.0,2.0,3.0,0.055017
fastmultrec_greedy,1,10,23,25,53.0,2.0,3.0,0.206724
lcamap,1,10,23,25,53.0,2.0,3.0,0.030007
segdup,1,10,23,5,13,2,3,71.600633
insider,1,10,23,5,13.0,2.0,3.0,0.050671
fastmultrec_greedy,1,10,23,5,13.0,2.0,3.0,0.208771
lcamap,1,10,23,5,13.0,2.0,3.0,0.029006
segdup,1,11,23,10,10,1,0,41.416203
insider,1,11,23,10,10.0,1.0,0.0,0.029276
fastmultrec_greedy,1,11,23,10,10.0,1.0,0.0,0.089192
lcamap,1,11,23,10,10.0,1.0,0.0,0.016426
segdup,1,11,23,15,15,1,0,28.603792
insider,1,11,23,15,15.0,1.0,0.0,0.028831
fastmultrec_greedy,1,11,23,15,15.0,1.0,0.0,0.090013
lcamap,1,11,23,15,15.0,1.0,0.0,0.016653
segdup,1,11,23,20,20,1,0,27.432545
insider,1,11,23,20,20.0,1.0,0.0,0.029116
fastmultrec_greedy,1,11,23,20,20.0,1.0,0.0,0.094244
lcamap,1,11,23,20,20.0,1.0,0.0,0.020314
segdup,1,11,23,25,25,1,0,28.102581
insider,1,11,23,25,25.0,1.0,0.0,0.028714
fastmultrec_greedy,1,11,23,25,25.0,1.0,0.0,0.092008
lcamap,1,11,23,25,25.0,1.0,0.0,0.016380
segdup,1,11,23,5,5,1,0,46.891914
insider,1,11,23,5,5.0,1.0,0.0,0.028984
fastmultrec_greedy,1,11,23,5,5.0,1.0,0.0,0.092310
lcamap,1,11,23,5,5.0,1.0,0.0,0.016064
segdup,1,15,23,10,10,1,0,128.883743
insider,1,15,23,10,10.0,1.0,0.0,0.072400
fastmultrec_greedy,1,15,23,10,10.0,1.0,0.0,0.267027
lcamap,1,15,23,10,10.0,1.0,0.0,0.045556
segdup,1,15,23,15,15,1,0,108.781753
insider,1,15,23,15,15.0,1.0,0.0,0.072039
fastmultrec_greedy,1,15,23,15,15.0,1.0,0.0,0.259452
lcamap,1,15,23,15,15.0,1.0,0.0,0.047452
segdup,1,15,23,20,20,1,0,72.433965
insider,1,15,23,20,20.0,1.0,0.0,0.071441
fastmultrec_greedy,1,15,23,20,20.0,1.0,0.0,0.256019
lcamap,1,15,23,20,20.0,1.0,0.0,0.048303
segdup,1,15,23,25,25,1,0,72.078412
insider,1,15,23,25,25.0,1.0,0.0,0.070757
fastmultrec_greedy,1,15,23,25,25.0,1.0,0.0,0.259263
lcamap,1,15,23,25,25.0,1.0,0.0,0.046955
segdup,1,15,23,5,5,1,0,127.028403
insider,1,15,23,5,5.0,1.0,0.0,0.073109
fastmultrec_greedy,1,15,23,5,5.0,1.0,0.0,0.259207
lcamap,1,15,23,5,5.0,1.0,0.0,0.048462
segdup,1,8,23,10,381,33,51,65.540443
insider,1,8,23,10,380.0,32.0,60.0,0.122553
fastmultrec_greedy,1,8,23,10,381.0,33.0,51.0,0.171327
lcamap,1,8,23,10,381.0,33.0,51.0,0.028250
segdup,1,8,23,15,546,33,51,60.122407
insider,1,8,23,15,537.0,31.0,72.0,0.295134
fastmultrec_greedy,1,8,23,15,546.0,33.0,51.0,0.166084
lcamap,1,8,23,15,546.0,33.0,51.0,0.028642
segdup,1,8,23,20,711,33,51,60.350002
insider,1,8,23,20,692.0,31.0,72.0,2.401464
fastmultrec_greedy,1,8,23,20,711.0,33.0,51.0,0.165420
lcamap,1,8,23,20,711.0,33.0,51.0,0.028844
segdup,1,8,23,25,876,33,51,60.315387
insider,1,8,23,25,847.0,31.0,72.0,26.659452
fastmultrec_greedy,1,8,23,25,876.0,33.0,51.0,0.165415
lcamap,1,8,23,25,876.0,33.0,51.0,0.028971
segdup,1,8,23,5,216,33,51,66.755926
insider,1,8,23,5,216.0,33.0,51.0,0.071513
fastmultrec_greedy,1,8,23,5,216.0,33.0,51.0,0.173880
lcamap,1,8,23,5,216.0,33.0,51.0,0.028764
segdup,1,9,23,10,352,30,52,125.755679
insider,1,9,23,10,352.0,30.0,52.0,0.121701
fastmultrec_greedy,1,9,23,10,352.0,30.0,52.0,0.319186
lcamap,1,9,23,10,352.0,30.0,52.0,0.055930
segdup,1,9,23,15,502,30,52,112.898603
insider,1,9,23,15,502.0,30.0,52.0,0.157891
fastmultrec_greedy,1,9,23,15,502.0,30.0,52.0,0.316594
lcamap,1,9,23,15,502.0,30.0,52.0,0.055816
segdup,1,9,23,20,652,30,52,96.112055
insider,1,9,23,20,652.0,30.0,52.0,0.305169
fastmultrec_greedy,1,9,23,20,652.0,30.0,52.0,0.320775
lcamap,1,9,23,20,652.0,30.0,52.0,0.058770
segdup,1,9,23,25,802,30,52,94.497568
insider,1,9,23,25,802.0,30.0,52.0,1.707862
fastmultrec_greedy,1,9,23,25,802.0,30.0,52.0,0.325010
lcamap,1,9,23,25,802.0,30.0,52.0,0.054852
segdup,1,9,23,5,202,30,52,125.358016
insider,1,9,23,5,202.0,30.0,52.0,0.107120
fastmultrec_greedy,1,9,23,5,202.0,30.0,52.0,0.326271
lcamap,1,9,23,5,202.0,30.0,52.0,0.055627
segdup,2,10,23,10,51,5,1,218.431352
insider,2,10,23,10,51.0,5.0,1.0,0.145143
fastmultrec_greedy,2,10,23,10,51.0,5.0,1.0,0.584740
lcamap,2,10,23,10,51.0,5.0,1.0,0.091362
segdup,2,10,23,15,76,5,1,195.174468
insider,2,10,23,15,76.0,5.0,1.0,0.146155
fastmultrec_greedy,2,10,23,15,76.0,5.0,1.0,0.570922
lcamap,2,10,23,15,76.0,5.0,1.0,0.090981
segdup,2,10,23,20,101,5,1,118.607004
insider,2,10,23,20,101.0,5.0,1.0,0.147386
fastmultrec_greedy,2,10,23,20,101.0,5.0,1.0,0.585447
lcamap,2,10,23,20,101.0,5.0,1.0,0.089034
segdup,2,10,23,25,126,5,1,119.969116
insider,2,10,23,25,126.0,5.0,1.0,0.149238
fastmultrec_greedy,2,10,23,25,126.0,5.0,1.0,0.593413
lcamap,2,10,23,25,126.0,5.0,1.0,0.090587
segdup,2,10,23,5,26,5,1,237.882288
insider,2,10,23,5,26.0,5.0,1.0,0.145394
fastmultrec_greedy,2,10,23,5,26.0,5.0,1.0,0.601325
lcamap,2,10,23,5,26.0,5.0,1.0,0.091253
segdup,2,11,23,10,20,2,0,205.385294
insider,2,11,23,10,20.0,2.0,0.0,0.145155
fastmultrec_greedy,2,11,23,10,20.0,2.0,0.0,0.605471
lcamap,2,11,23,10,20.0,2.0,0.0,0.088669
segdup,2,11,23,15,30,2,0,124.675955
insider,2,11,23,15,30.0,2.0,0.0,0.144160
fastmultrec_greedy,2,11,23,15,30.0,2.0,0.0,0.594179
lcamap,2,11,23,15,30.0,2.0,0.0,0.090198
segdup,2,11,23,20,40,2,0,124.552019
insider,2,11,23,20,40.0,2.0,0.0,0.145568
fastmultrec_greedy,2,11,23,20,40.0,2.0,0.0,0.599035
lcamap,2,11,23,20,40.0,2.0,0.0,0.088089
segdup,2,11,23,25,50,2,0,122.382465
insider,2,11,23,25,50.0,2.0,0.0,0.145839
fastmultrec_greedy,2,11,23,25,50.0,2.0,0.0,0.606696
lcamap,2,11,23,25,50.0,2.0,0.0,0.086829
segdup,2,11,23,5,10,2,0,240.182215
insider,2,11,23,5,10.0,2.0,0.0,0.147092
fastmultrec_greedy,2,11,23,5,10.0,2.0,0.0,0.591543
lcamap,2,11,23,5,10.0,2.0,0.0,0.086191
segdup,2,8,23,10,382,34,42,198.057893
insider,2,8,23,10,373.0,32.0,53.0,0.230945
fastmultrec_greedy,2,8,23,10,381.0,34.0,41.0,0.989310
lcamap,2,8,23,10,388.0,35.0,38.0,0.082191
segdup,2,8,23,15,553,34,43,212.238570
insider,2,8,23,15,530.0,31.0,65.0,0.392672
fastmultrec_greedy,2,8,23,15,551.0,34.0,41.0,0.964449
lcamap,2,8,23,15,563.0,35.0,38.0,0.077503
segdup,2,8,23,20,721,34,41,192.729680
insider,2,8,23,20,685.0,31.0,65.0,2.458701
fastmultrec_greedy,2,8,23,20,721.0,34.0,41.0,1.089280
lcamap,2,8,23,20,738.0,35.0,38.0,0.078280
segdup,2,8,23,25,891,34,41,190.035093
insider,2,8,23,25,828.0,26.0,178.0,13.439436
fastmultrec_greedy,2,8,23,25,891.0,34.0,41.0,0.977907
lcamap,2,8,23,25,913.0,35.0,38.0,0.079840
segdup,2,8,23,5,213,35,38,177.687950
insider,2,8,23,5,211.0,34.0,41.0,0.163323
fastmultrec_greedy,2,8,23,5,211.0,34.0,41.0,0.873874
lcamap,2,8,23,5,213.0,35.0,38.0,0.070911
segdup,2,9,23,10,264,23,34,109.242116
insider,2,9,23,10,264.0,23.0,34.0,0.157853
fastmultrec_greedy,2,9,23,10,264.0,23.0,34.0,0.362316
lcamap,2,9,23,10,264.0,23.0,34.0,0.056873
segdup,2,9,23,15,379,23,34,102.970614
insider,2,9,23,15,379.0,23.0,34.0,0.416015
fastmultrec_greedy,2,9,23,15,379.0,23.0,34.0,0.360733
lcamap,2,9,23,15,379.0,23.0,34.0,0.056946
segdup,2,9,23,20,494,23,34,91.180926
insider,2,9,23,20,494.0,23.0,34.0,1.986577
fastmultrec_greedy,2,9,23,20,494.0,23.0,34.0,0.358048
lcamap,2,9,23,20,494.0,23.0,34.0,0.055239
segdup,2,9,23,25,609,23,34,85.322491
insider,2,9,23,25,609.0,23.0,34.0,8.629717
fastmultrec_greedy,2,9,23,25,609.0,23.0,34.0,0.348309
lcamap,2,9,23,25,609.0,23.0,34.0,0.054667
segdup,2,9,23,5,149,23,34,115.483655
insider,2,9,23,5,149.0,23.0,34.0,0.118949
fastmultrec_greedy,2,9,23,5,149.0,23.0,34.0,0.351580
lcamap,2,9,23,5,149.0,23.0,34.0,0.055767
segdup,1,10,24,10,10,1,0,152.680157
insider,1,10,24,10,10.0,1.0,0.0,0.083147
fastmultrec_greedy,1,10,24,10,10.0,1.0,0.0,0.318545
lcamap,1,10,24,10,10.0,1.0,0.0,0.052623
segdup,1,10,24,15,15,1,0,136.759215
insider,1,10,24,15,15.0,1.0,0.0,0.081970
fastmultrec_greedy,1,10,24,15,15.0,1.0,0.0,0.333550
lcamap,1,10,24,15,15.0,1.0,0.0,0.052061
segdup,1,10,24,20,20,1,0,88.976631
insider,1,10,24,20,20.0,1.0,0.0,0.084030
fastmultrec_greedy,1,10,24,20,20.0,1.0,0.0,0.312372
lcamap,1,10,24,20,20.0,1.0,0.0,0.051513
segdup,1,10,24,25,25,1,0,87.646879
insider,1,10,24,25,25.0,1.0,0.0,0.080537
fastmultrec_greedy,1,10,24,25,25.0,1.0,0.0,0.321252
lcamap,1,10,24,25,25.0,1.0,0.0,0.050443
segdup,1,10,24,5,5,1,0,157.702285
insider,1,10,24,5,5.0,1.0,0.0,0.082191
fastmultrec_greedy,1,10,24,5,5.0,1.0,0.0,0.323486
lcamap,1,10,24,5,5.0,1.0,0.0,0.052740
segdup,1,11,24,10,10,1,0,59.069152
insider,1,11,24,10,10.0,1.0,0.0,0.046205
fastmultrec_greedy,1,11,24,10,10.0,1.0,0.0,0.171070
lcamap,1,11,24,10,10.0,1.0,0.0,0.025461
segdup,1,11,24,15,15,1,0,53.122061
insider,1,11,24,15,15.0,1.0,0.0,0.042501
fastmultrec_greedy,1,11,24,15,15.0,1.0,0.0,0.173965
lcamap,1,11,24,15,15.0,1.0,0.0,0.025683
segdup,1,11,24,20,20,1,0,41.359896
insider,1,11,24,20,20.0,1.0,0.0,0.044895
fastmultrec_greedy,1,11,24,20,20.0,1.0,0.0,0.175458
lcamap,1,11,24,20,20.0,1.0,0.0,0.024863
segdup,1,11,24,25,25,1,0,40.544458
insider,1,11,24,25,25.0,1.0,0.0,0.048110
fastmultrec_greedy,1,11,24,25,25.0,1.0,0.0,0.176407
lcamap,1,11,24,25,25.0,1.0,0.0,0.024564
segdup,1,11,24,5,5,1,0,61.792658
insider,1,11,24,5,5.0,1.0,0.0,0.047916
fastmultrec_greedy,1,11,24,5,5.0,1.0,0.0,0.172288
lcamap,1,11,24,5,5.0,1.0,0.0,0.025952
segdup,1,15,24,10,10,1,0,72.072631
insider,1,15,24,10,10.0,1.0,0.0,0.049075
fastmultrec_greedy,1,15,24,10,10.0,1.0,0.0,0.189107
lcamap,1,15,24,10,10.0,1.0,0.0,0.030383
segdup,1,15,24,15,15,1,0,49.514609
insider,1,15,24,15,15.0,1.0,0.0,0.051097
fastmultrec_greedy,1,15,24,15,15.0,1.0,0.0,0.184033
lcamap,1,15,24,15,15.0,1.0,0.0,0.030062
segdup,1,15,24,20,20,1,0,51.070060
insider,1,15,24,20,20.0,1.0,0.0,0.050428
fastmultrec_greedy,1,15,24,20,20.0,1.0,0.0,0.184026
lcamap,1,15,24,20,20.0,1.0,0.0,0.029302
segdup,1,15,24,25,25,1,0,49.175468
insider,1,15,24,25,25.0,1.0,0.0,0.052942
fastmultrec_greedy,1,15,24,25,25.0,1.0,0.0,0.185421
lcamap,1,15,24,25,25.0,1.0,0.0,0.029841
segdup,1,15,24,5,5,1,0,81.050805
insider,1,15,24,5,5.0,1.0,0.0,0.051053
fastmultrec_greedy,1,15,24,5,5.0,1.0,0.0,0.184668
lcamap,1,15,24,5,5.0,1.0,0.0,0.029861
segdup,1,8,24,10,354,30,54,34.875275
insider,1,8,24,10,349.0,28.0,69.0,0.090269
fastmultrec_greedy,1,8,24,10,350.0,29.0,60.0,0.145301
lcamap,1,8,24,10,354.0,30.0,54.0,0.015998
segdup,1,8,24,15,504,30,54,31.501113
insider,1,8,24,15,486.0,26.0,96.0,0.220421
fastmultrec_greedy,1,8,24,15,495.0,29.0,60.0,0.139960
lcamap,1,8,24,15,504.0,30.0,54.0,0.016003
segdup,1,8,24,20,654,30,54,31.858984
insider,1,8,24,20,616.0,26.0,96.0,0.619639
fastmultrec_greedy,1,8,24,20,640.0,29.0,60.0,0.139743
lcamap,1,8,24,20,654.0,30.0,54.0,0.015983
segdup,1,8,24,25,804,30,54,31.746003
insider,1,8,24,25,745.0,25.0,120.0,2.823589
fastmultrec_greedy,1,8,24,25,785.0,29.0,60.0,0.130958
lcamap,1,8,24,25,804.0,30.0,54.0,0.015592
segdup,1,8,24,5,204,30,54,35.682235
insider,1,8,24,5,204.0,30.0,54.0,0.050070
fastmultrec_greedy,1,8,24,5,204.0,30.0,54.0,0.081733
lcamap,1,8,24,5,204.0,30.0,54.0,0.015634
segdup,1,9,24,10,79,7,9,61.487363
insider,1,9,24,10,79.0,7.0,9.0,0.057104
fastmultrec_greedy,1,9,24,10,79.0,7.0,9.0,0.182066
lcamap,1,9,24,10,79.0,7.0,9.0,0.026858
segdup,1,9,24,15,114,7,9,44.680241
insider,1,9,24,15,114.0,7.0,9.0,0.061416
fastmultrec_greedy,1,9,24,15,114.0,7.0,9.0,0.182444
lcamap,1,9,24,15,114.0,7.0,9.0,0.026620
segdup,1,9,24,20,149,7,9,58.478209
insider,1,9,24,20,149.0,7.0,9.0,0.064380
fastmultrec_greedy,1,9,24,20,149.0,7.0,9.0,0.190058
lcamap,1,9,24,20,149.0,7.0,9.0,0.026687
segdup,1,9,24,25,184,7,9,43.941158
insider,1,9,24,25,184.0,7.0,9.0,0.075160
fastmultrec_greedy,1,9,24,25,184.0,7.0,9.0,0.186648
lcamap,1,9,24,25,184.0,7.0,9.0,0.027566
segdup,1,9,24,5,44,7,9,65.978397
insider,1,9,24,5,44.0,7.0,9.0,0.053937
fastmultrec_greedy,1,9,24,5,44.0,7.0,9.0,0.188227
lcamap,1,9,24,5,44.0,7.0,9.0,0.027408
segdup,2,10,24,10,42,4,2,87.458388
insider,2,10,24,10,42.0,4.0,2.0,0.055998
fastmultrec_greedy,2,10,24,10,42.0,4.0,2.0,0.212299
lcamap,2,10,24,10,42.0,4.0,2.0,0.029881
segdup,2,10,24,15,62,4,2,53.675830
insider,2,10,24,15,62.0,4.0,2.0,0.054438
fastmultrec_greedy,2,10,24,15,62.0,4.0,2.0,0.218181
lcamap,2,10,24,15,62.0,4.0,2.0,0.031242
segdup,2,10,24,20,82,4,2,68.543961
insider,2,10,24,20,82.0,4.0,2.0,0.057345
fastmultrec_greedy,2,10,24,20,82.0,4.0,2.0,0.222608
lcamap,2,10,24,20,82.0,4.0,2.0,0.029246
segdup,2,10,24,25,102,4,2,53.314206
insider,2,10,24,25,102.0,4.0,2.0,0.058119
fastmultrec_greedy,2,10,24,25,102.0,4.0,2.0,0.224395
lcamap,2,10,24,25,102.0,4.0,2.0,0.030551
segdup,2,10,24,5,22,4,2,92.316160
insider,2,10,24,5,22.0,4.0,2.0,0.058993
fastmultrec_greedy,2,10,24,5,22.0,4.0,2.0,0.212714
lcamap,2,10,24,5,22.0,4.0,2.0,0.030411
segdup,2,11,24,10,20,2,0,105.419682
insider,2,11,24,10,20.0,2.0,0.0,0.071832
fastmultrec_greedy,2,11,24,10,20.0,2.0,0.0,0.224126
lcamap,2,11,24,10,20.0,2.0,0.0,0.036543
segdup,2,11,24,15,30,2,0,94.861222
insider,2,11,24,15,30.0,2.0,0.0,0.065017
fastmultrec_greedy,2,11,24,15,30.0,2.0,0.0,0.209825
lcamap,2,11,24,15,30.0,2.0,0.0,0.035937
segdup,2,11,24,20,40,2,0,49.973770
insider,2,11,24,20,40.0,2.0,0.0,0.070678
fastmultrec_greedy,2,11,24,20,40.0,2.0,0.0,0.217120
lcamap,2,11,24,20,40.0,2.0,0.0,0.039119
segdup,2,11,24,25,50,2,0,50.091614
insider,2,11,24,25,50.0,2.0,0.0,0.066743
fastmultrec_greedy,2,11,24,25,50.0,2.0,0.0,0.213406
lcamap,2,11,24,25,50.0,2.0,0.0,0.036377
segdup,2,11,24,5,10,2,0,118.963053
insider,2,11,24,5,10.0,2.0,0.0,0.071721
fastmultrec_greedy,2,11,24,5,10.0,2.0,0.0,0.213517
lcamap,2,11,24,5,10.0,2.0,0.0,0.036532
segdup,2,15,24,10,20,2,0,151.793917
insider,2,15,24,10,20.0,2.0,0.0,0.104319
fastmultrec_greedy,2,15,24,10,20.0,2.0,0.0,0.359520
lcamap,2,15,24,10,20.0,2.0,0.0,0.053442
segdup,2,15,24,15,30,2,0,103.438545
insider,2,15,24,15,30.0,2.0,0.0,0.097622
fastmultrec_greedy,2,15,24,15,30.0,2.0,0.0,0.361623
lcamap,2,15,24,15,30.0,2.0,0.0,0.052933
segdup,2,15,24,20,40,2,0,72.232818
insider,2,15,24,20,40.0,2.0,0.0,0.098210
fastmultrec_greedy,2,15,24,20,40.0,2.0,0.0,0.372968
lcamap,2,15,24,20,40.0,2.0,0.0,0.055507
segdup,2,15,24,25,50,2,0,71.520429
insider,2,15,24,25,50.0,2.0,0.0,0.100123
fastmultrec_greedy,2,15,24,25,50.0,2.0,0.0,0.372297
lcamap,2,15,24,25,50.0,2.0,0.0,0.053867
segdup,2,15,24,5,10,2,0,171.152165
insider,2,15,24,5,10.0,2.0,0.0,0.098172
fastmultrec_greedy,2,15,24,5,10.0,2.0,0.0,0.362048
lcamap,2,15,24,5,10.0,2.0,0.0,0.054317
segdup,2,8,24,10,1033,75,283,144.061853
insider,2,8,24,10,1023.0,71.0,313.0,0.275343
fastmultrec_greedy,2,8,24,10,1032.0,74.0,292.0,0.748643
lcamap,2,8,24,10,1033.0,75.0,283.0,0.063889
segdup,2,8,24,15,1408,75,283,139.627199
insider,2,8,24,15,1375.0,68.0,355.0,0.545898
fastmultrec_greedy,2,8,24,15,1402.0,74.0,292.0,0.748487
lcamap,2,8,24,15,1408.0,75.0,283.0,0.067818
segdup,2,8,24,20,1783,75,283,138.789371
insider,2,8,24,20,1708.0,66.0,388.0,1.007132
fastmultrec_greedy,2,8,24,20,1772.0,74.0,292.0,0.743341
lcamap,2,8,24,20,1783.0,75.0,283.0,0.065556
segdup,2,8,24,25,2158,75,283,134.622411
insider,2,8,24,25,2030.0,64.0,430.0,5.393826
fastmultrec_greedy,2,8,24,25,2142.0,74.0,292.0,0.766699
lcamap,2,8,24,25,2158.0,75.0,283.0,0.064101
segdup,2,8,24,5,658,75,283,148.323842
insider,2,8,24,5,658.0,75.0,283.0,0.181970
fastmultrec_greedy,2,8,24,5,658.0,75.0,283.0,0.414647
lcamap,2,8,24,5,658.0,75.0,283.0,0.063816
segdup,2,9,24,10,74,7,4,72.185327
insider,2,9,24,10,74.0,7.0,4.0,0.064701
fastmultrec_greedy,2,9,24,10,74.0,7.0,4.0,0.172440
lcamap,2,9,24,10,74.0,7.0,4.0,0.030042
segdup,2,9,24,15,109,7,4,63.146989
insider,2,9,24,15,109.0,7.0,4.0,0.068938
fastmultrec_greedy,2,9,24,15,109.0,7.0,4.0,0.168741
lcamap,2,9,24,15,109.0,7.0,4.0,0.030258
segdup,2,9,24,20,144,7,4,58.595031
insider,2,9,24,20,144.0,7.0,4.0,0.071497
fastmultrec_greedy,2,9,24,20,144.0,7.0,4.0,0.178804
lcamap,2,9,24,20,144.0,7.0,4.0,0.030680
segdup,2,9,24,25,179,7,4,59.354650
insider,2,9,24,25,179.0,7.0,4.0,0.075468
fastmultrec_greedy,2,9,24,25,179.0,7.0,4.0,0.174462
lcamap,2,9,24,25,179.0,7.0,4.0,0.029842
segdup,2,9,24,5,39,7,4,76.668768
insider,2,9,24,5,39.0,7.0,4.0,0.061395
fastmultrec_greedy,2,9,24,5,39.0,7.0,4.0,0.169636
lcamap,2,9,24,5,39.0,7.0,4.0,0.029193
segdup,1,10,25,10,11,1,1,113.839751
insider,1,10,25,10,11.0,1.0,1.0,0.052055
fastmultrec_greedy,1,10,25,10,11.0,1.0,1.0,0.210352
lcamap,1,10,25,10,11.0,1.0,1.0,0.033843
segdup,1,10,25,15,16,1,1,102.362677
insider,1,10,25,15,16.0,1.0,1.0,0.054233
fastmultrec_greedy,1,10,25,15,16.0,1.0,1.0,0.209859
lcamap,1,10,25,15,16.0,1.0,1.0,0.033059
segdup,1,10,25,20,21,1,1,63.713784
insider,1,10,25,20,21.0,1.0,1.0,0.055870
fastmultrec_greedy,1,10,25,20,21.0,1.0,1.0,0.203817
lcamap,1,10,25,20,21.0,1.0,1.0,0.032478
segdup,1,10,25,25,26,1,1,63.608837
insider,1,10,25,25,26.0,1.0,1.0,0.055956
fastmultrec_greedy,1,10,25,25,26.0,1.0,1.0,0.203149
lcamap,1,10,25,25,26.0,1.0,1.0,0.033263
segdup,1,10,25,5,6,1,1,116.524628
insider,1,10,25,5,6.0,1.0,1.0,0.053204
fastmultrec_greedy,1,10,25,5,6.0,1.0,1.0,0.218020
lcamap,1,10,25,5,6.0,1.0,1.0,0.032514
segdup,1,11,25,10,10,1,0,155.614669
insider,1,11,25,10,10.0,1.0,0.0,0.066720
fastmultrec_greedy,1,11,25,10,10.0,1.0,0.0,0.248910
lcamap,1,11,25,10,10.0,1.0,0.0,0.039089
segdup,1,11,25,15,15,1,0,143.549843
insider,1,11,25,15,15.0,1.0,0.0,0.067707
fastmultrec_greedy,1,11,25,15,15.0,1.0,0.0,0.236338
lcamap,1,11,25,15,15.0,1.0,0.0,0.040820
segdup,1,11,25,20,20,1,0,89.573259
insider,1,11,25,20,20.0,1.0,0.0,0.069143
fastmultrec_greedy,1,11,25,20,20.0,1.0,0.0,0.236497
lcamap,1,11,25,20,20.0,1.0,0.0,0.040076
segdup,1,11,25,25,25,1,0,86.395380
insider,1,11,25,25,25.0,1.0,0.0,0.076654
fastmultrec_greedy,1,11,25,25,25.0,1.0,0.0,0.278533
lcamap,1,11,25,25,25.0,1.0,0.0,0.046255
segdup,1,11,25,5,5,1,0,162.783099
insider,1,11,25,5,5.0,1.0,0.0,0.089500
fastmultrec_greedy,1,11,25,5,5.0,1.0,0.0,0.280052
lcamap,1,11,25,5,5.0,1.0,0.0,0.048637
segdup,1,15,25,10,10,1,0,75.567193
insider,1,15,25,10,10.0,1.0,0.0,0.038619
fastmultrec_greedy,1,15,25,10,10.0,1.0,0.0,0.119165
lcamap,1,15,25,10,10.0,1.0,0.0,0.022012
segdup,1,15,25,15,15,1,0,46.161599
insider,1,15,25,15,15.0,1.0,0.0,0.045861
fastmultrec_greedy,1,15,25,15,15.0,1.0,0.0,0.140970
lcamap,1,15,25,15,15.0,1.0,0.0,0.025557
segdup,1,15,25,20,20,1,0,42.868070
insider,1,15,25,20,20.0,1.0,0.0,0.040602
fastmultrec_greedy,1,15,25,20,20.0,1.0,0.0,0.139529
lcamap,1,15,25,20,20.0,1.0,0.0,0.022499
segdup,1,15,25,25,25,1,0,45.113002
insider,1,15,25,25,25.0,1.0,0.0,0.038202
fastmultrec_greedy,1,15,25,25,25.0,1.0,0.0,0.123679
lcamap,1,15,25,25,25.0,1.0,0.0,0.021978
segdup,1,15,25,5,5,1,0,86.212842
insider,1,15,25,5,5.0,1.0,0.0,0.041129
fastmultrec_greedy,1,15,25,5,5.0,1.0,0.0,0.119533
lcamap,1,15,25,5,5.0,1.0,0.0,0.021678
segdup,1,8,25,10,995,79,205,185.696632
insider,1,8,25,10,968.0,74.0,228.0,0.310285
fastmultrec_greedy,1,8,25,10,985.0,79.0,195.0,1.299403
lcamap,1,8,25,10,996.0,81.0,186.0,0.080503
segdup,1,8,25,15,1389,80,189,147.243874
insider,1,8,25,15,1330.0,71.0,265.0,0.852826
fastmultrec_greedy,1,8,25,15,1380.0,79.0,195.0,1.156279
lcamap,1,8,25,15,1401.0,81.0,186.0,0.074565
segdup,1,8,25,20,1798,80,198,145.588972
insider,1,8,25,20,1685.0,71.0,265.0,4.222783
fastmultrec_greedy,1,8,25,20,1775.0,79.0,195.0,1.163032
lcamap,1,8,25,20,1806.0,81.0,186.0,0.073378
segdup,1,8,25,25,2170,79,195,144.566015
insider,1,8,25,25,2033.0,67.0,358.0,51.273924
fastmultrec_greedy,1,8,25,25,2170.0,79.0,195.0,1.157274
lcamap,1,8,25,25,2211.0,81.0,186.0,0.071434
segdup,1,8,25,5,591,81,186,201.696571
insider,1,8,25,5,589.0,80.0,189.0,0.189035
fastmultrec_greedy,1,8,25,5,589.0,80.0,189.0,0.850600
lcamap,1,8,25,5,591.0,81.0,186.0,0.081276
segdup,1,9,25,10,162,15,12,69.504064
insider,1,9,25,10,162.0,15.0,12.0,0.072723
fastmultrec_greedy,1,9,25,10,166.0,16.0,6.0,0.156555
lcamap,1,9,25,10,166.0,16.0,6.0,0.025071
segdup,1,9,25,15,246,16,6,73.293057
insider,1,9,25,15,237.0,15.0,12.0,0.118460
fastmultrec_greedy,1,9,25,15,246.0,16.0,6.0,0.169651
lcamap,1,9,25,15,246.0,16.0,6.0,0.024781
segdup,1,9,25,20,326,16,6,55.285825
insider,1,9,25,20,312.0,15.0,12.0,0.164430
fastmultrec_greedy,1,9,25,20,326.0,16.0,6.0,0.157111
lcamap,1,9,25,20,326.0,16.0,6.0,0.025200
segdup,1,9,25,25,406,16,6,53.596047
insider,1,9,25,25,387.0,15.0,12.0,0.431774
fastmultrec_greedy,1,9,25,25,406.0,16.0,6.0,0.191307
lcamap,1,9,25,25,406.0,16.0,6.0,0.033345
segdup,1,9,25,5,86,16,6,76.576897
insider,1,9,25,5,86.0,16.0,6.0,0.056168
fastmultrec_greedy,1,9,25,5,86.0,16.0,6.0,0.154939
lcamap,1,9,25,5,86.0,16.0,6.0,0.025456
segdup,2,10,25,10,36,3,6,64.117072
insider,2,10,25,10,36.0,3.0,6.0,0.057973
fastmultrec_greedy,2,10,25,10,36.0,3.0,6.0,0.183228
lcamap,2,10,25,10,36.0,3.0,6.0,0.031479
segdup,2,10,25,15,51,3,6,71.165911
insider,2,10,25,15,51.0,3.0,6.0,0.060502
fastmultrec_greedy,2,10,25,15,51.0,3.0,6.0,0.182708
lcamap,2,10,25,15,51.0,3.0,6.0,0.035850
segdup,2,10,25,20,66,3,6,41.514968
insider,2,10,25,20,66.0,3.0,6.0,0.059912
fastmultrec_greedy,2,10,25,20,66.0,3.0,6.0,0.179997
lcamap,2,10,25,20,66.0,3.0,6.0,0.030116
segdup,2,10,25,25,81,3,6,41.054100
insider,2,10,25,25,81.0,3.0,6.0,0.058165
fastmultrec_greedy,2,10,25,25,81.0,3.0,6.0,0.185606
lcamap,2,10,25,25,81.0,3.0,6.0,0.030617
segdup,2,10,25,5,21,3,6,95.611986
insider,2,10,25,5,21.0,3.0,6.0,0.058494
fastmultrec_greedy,2,10,25,5,21.0,3.0,6.0,0.184361
lcamap,2,10,25,5,21.0,3.0,6.0,0.030863
segdup,2,11,25,10,20,2,0,92.954850
insider,2,11,25,10,20.0,2.0,0.0,0.092185
fastmultrec_greedy,2,11,25,10,20.0,2.0,0.0,0.355243
lcamap,2,11,25,10,20.0,2.0,0.0,0.051534
segdup,2,11,25,15,30,2,0,97.060426
insider,2,11,25,15,30.0,2.0,0.0,0.093795
fastmultrec_greedy,2,11,25,15,30.0,2.0,0.0,0.362461
lcamap,2,11,25,15,30.0,2.0,0.0,0.053148
segdup,2,11,25,20,40,2,0,71.666230
insider,2,11,25,20,40.0,2.0,0.0,0.092332
fastmultrec_greedy,2,11,25,20,40.0,2.0,0.0,0.355938
lcamap,2,11,25,20,40.0,2.0,0.0,0.051278
segdup,2,11,25,25,50,2,0,69.884918
insider,2,11,25,25,50.0,2.0,0.0,0.093848
fastmultrec_greedy,2,11,25,25,50.0,2.0,0.0,0.359962
lcamap,2,11,25,25,50.0,2.0,0.0,0.050673
segdup,2,11,25,5,10,2,0,133.961011
insider,2,11,25,5,10.0,2.0,0.0,0.094900
fastmultrec_greedy,2,11,25,5,10.0,2.0,0.0,0.364620
lcamap,2,11,25,5,10.0,2.0,0.0,0.050515
segdup,2,15,25,10,20,2,0,91.974766
insider,2,15,25,10,20.0,2.0,0.0,0.059804
fastmultrec_greedy,2,15,25,10,20.0,2.0,0.0,0.185570
lcamap,2,15,25,10,20.0,2.0,0.0,0.033930
segdup,2,15,25,15,30,2,0,42.962407
insider,2,15,25,15,30.0,2.0,0.0,0.059505
fastmultrec_greedy,2,15,25,15,30.0,2.0,0.0,0.189204
lcamap,2,15,25,15,30.0,2.0,0.0,0.032892
segdup,2,15,25,20,40,2,0,42.861821
insider,2,15,25,20,40.0,2.0,0.0,0.060683
fastmultrec_greedy,2,15,25,20,40.0,2.0,0.0,0.196943
lcamap,2,15,25,20,40.0,2.0,0.0,0.033907
segdup,2,15,25,25,50,2,0,41.593797
insider,2,15,25,25,50.0,2.0,0.0,0.060851
fastmultrec_greedy,2,15,25,25,50.0,2.0,0.0,0.182944
lcamap,2,15,25,25,50.0,2.0,0.0,0.033464
segdup,2,15,25,5,10,2,0,90.612669
insider,2,15,25,5,10.0,2.0,0.0,0.059552
fastmultrec_greedy,2,15,25,5,10.0,2.0,0.0,0.183795
lcamap,2,15,25,5,10.0,2.0,0.0,0.032993
segdup,2,8,25,10,338,29,48,72.761318
insider,2,8,25,10,337.0,28.0,57.0,0.196356
fastmultrec_greedy,2,8,25,10,338.0,29.0,48.0,0.203871
lcamap,2,8,25,10,338.0,29.0,48.0,0.034861
segdup,2,8,25,15,483,29,48,71.276800
insider,2,8,25,15,476.0,26.0,86.0,0.715521
fastmultrec_greedy,2,8,25,15,483.0,29.0,48.0,0.204369
lcamap,2,8,25,15,483.0,29.0,48.0,0.034760
segdup,2,8,25,20,628,29,48,63.379199
insider,2,8,25,20,606.0,26.0,86.0,1.957430
fastmultrec_greedy,2,8,25,20,628.0,29.0,48.0,0.205302
lcamap,2,8,25,20,628.0,29.0,48.0,0.034776
segdup,2,8,25,25,773,29,48,55.437044
insider,2,8,25,25,731.0,24.0,131.0,6.869629
fastmultrec_greedy,2,8,25,25,773.0,29.0,48.0,0.205567
lcamap,2,8,25,25,773.0,29.0,48.0,0.034201
segdup,2,8,25,5,193,29,48,73.240646
insider,2,8,25,5,193.0,29.0,48.0,0.106714
fastmultrec_greedy,2,8,25,5,193.0,29.0,48.0,0.216881
lcamap,2,8,25,5,193.0,29.0,48.0,0.034138
segdup,2,9,25,10,110,10,10,125.766423
insider,2,9,25,10,110.0,10.0,10.0,0.088030
fastmultrec_greedy,2,9,25,10,110.0,10.0,10.0,0.272100
lcamap,2,9,25,10,110.0,10.0,10.0,0.046792
segdup,2,9,25,15,160,10,10,100.718604
insider,2,9,25,15,160.0,10.0,10.0,0.099580
fastmultrec_greedy,2,9,25,15,160.0,10.0,10.0,0.272856
lcamap,2,9,25,15,160.0,10.0,10.0,0.044121
segdup,2,9,25,20,210,10,10,57.999450
insider,2,9,25,20,210.0,10.0,10.0,0.109998
fastmultrec_greedy,2,9,25,20,210.0,10.0,10.0,0.272687
lcamap,2,9,25,20,210.0,10.0,10.0,0.042970
segdup,2,9,25,25,260,10,10,57.347948
insider,2,9,25,25,260.0,10.0,10.0,0.139016
fastmultrec_greedy,2,9,25,25,260.0,10.0,10.0,0.270023
lcamap,2,9,25,25,260.0,10.0,10.0,0.043250
segdup,2,9,25,5,60,10,10,137.886470
insider,2,9,25,5,60.0,10.0,10.0,0.085944
fastmultrec_greedy,2,9,25,5,60.0,10.0,10.0,0.268820
lcamap,2,9,25,5,60.0,10.0,10.0,0.042355
segdup,1,10,26,10,11,1,1,73.716636
insider,1,10,26,10,11.0,1.0,1.0,0.054644
fastmultrec_greedy,1,10,26,10,11.0,1.0,1.0,0.236327
lcamap,1,10,26,10,11.0,1.0,1.0,0.032870
segdup,1,10,26,15,16,1,1,65.955886
insider,1,10,26,15,16.0,1.0,1.0,0.050275
fastmultrec_greedy,1,10,26,15,16.0,1.0,1.0,0.201324
lcamap,1,10,26,15,16.0,1.0,1.0,0.028054
segdup,1,10,26,20,21,1,1,74.837402
insider,1,10,26,20,21.0,1.0,1.0,0.045217
fastmultrec_greedy,1,10,26,20,21.0,1.0,1.0,0.221808
lcamap,1,10,26,20,21.0,1.0,1.0,0.027124
segdup,1,10,26,25,26,1,1,49.027924
insider,1,10,26,25,26.0,1.0,1.0,0.046259
fastmultrec_greedy,1,10,26,25,26.0,1.0,1.0,0.202152
lcamap,1,10,26,25,26.0,1.0,1.0,0.026412
segdup,1,10,26,5,6,1,1,81.092639
insider,1,10,26,5,6.0,1.0,1.0,0.045809
fastmultrec_greedy,1,10,26,5,6.0,1.0,1.0,0.195890
lcamap,1,10,26,5,6.0,1.0,1.0,0.026970
segdup,1,11,26,10,10,1,0,234.688996
insider,1,11,26,10,10.0,1.0,0.0,0.100349
fastmultrec_greedy,1,11,26,10,10.0,1.0,0.0,0.367472
lcamap,1,11,26,10,10.0,1.0,0.0,0.064633
segdup,1,11,26,15,15,1,0,134.443448
insider,1,11,26,15,15.0,1.0,0.0,0.099106
fastmultrec_greedy,1,11,26,15,15.0,1.0,0.0,0.375954
lcamap,1,11,26,15,15.0,1.0,0.0,0.067503
segdup,1,11,26,20,20,1,0,138.138843
insider,1,11,26,20,20.0,1.0,0.0,0.096559
fastmultrec_greedy,1,11,26,20,20.0,1.0,0.0,0.365256
lcamap,1,11,26,20,20.0,1.0,0.0,0.065504
segdup,1,11,26,25,25,1,0,132.302078
insider,1,11,26,25,25.0,1.0,0.0,0.097611
fastmultrec_greedy,1,11,26,25,25.0,1.0,0.0,0.370201
lcamap,1,11,26,25,25.0,1.0,0.0,0.065171
segdup,1,11,26,5,5,1,0,211.549394
insider,1,11,26,5,5.0,1.0,0.0,0.087078
fastmultrec_greedy,1,11,26,5,5.0,1.0,0.0,0.324746
lcamap,1,11,26,5,5.0,1.0,0.0,0.055245
segdup,1,15,26,10,10,1,0,146.350817
insider,1,15,26,10,10.0,1.0,0.0,0.069821
fastmultrec_greedy,1,15,26,10,10.0,1.0,0.0,0.262411
lcamap,1,15,26,10,10.0,1.0,0.0,0.043333
segdup,1,15,26,15,15,1,0,135.000192
insider,1,15,26,15,15.0,1.0,0.0,0.070514
fastmultrec_greedy,1,15,26,15,15.0,1.0,0.0,0.269053
lcamap,1,15,26,15,15.0,1.0,0.0,0.044235
segdup,1,15,26,20,20,1,0,84.549446
insider,1,15,26,20,20.0,1.0,0.0,0.076144
fastmultrec_greedy,1,15,26,20,20.0,1.0,0.0,0.278684
lcamap,1,15,26,20,20.0,1.0,0.0,0.047420
segdup,1,15,26,25,25,1,0,82.885326
insider,1,15,26,25,25.0,1.0,0.0,0.070333
fastmultrec_greedy,1,15,26,25,25.0,1.0,0.0,0.266995
lcamap,1,15,26,25,25.0,1.0,0.0,0.043617
segdup,1,15,26,5,5,1,0,150.929533
insider,1,15,26,5,5.0,1.0,0.0,0.069492
fastmultrec_greedy,1,15,26,5,5.0,1.0,0.0,0.262891
lcamap,1,15,26,5,5.0,1.0,0.0,0.043450
segdup,1,8,26,10,595,51,85,60.364405
insider,1,8,26,10,588.0,47.0,118.0,0.134270
fastmultrec_greedy,1,8,26,10,595.0,51.0,85.0,0.151639
lcamap,1,8,26,10,595.0,51.0,85.0,0.024794
segdup,1,8,26,15,850,51,85,56.225378
insider,1,8,26,15,823.0,47.0,118.0,0.285690
fastmultrec_greedy,1,8,26,15,850.0,51.0,85.0,0.153423
lcamap,1,8,26,15,850.0,51.0,85.0,0.026020
segdup,1,8,26,20,1091,50,91,59.005576
insider,1,8,26,20,1055.0,45.0,155.0,4.030530
fastmultrec_greedy,1,8,26,20,1105.0,51.0,85.0,0.156421
lcamap,1,8,26,20,1105.0,51.0,85.0,0.025525
segdup,1,8,26,25,1360,51,85,55.823209
insider,1,8,26,25,1275.0,42.0,225.0,28.611143
fastmultrec_greedy,1,8,26,25,1360.0,51.0,85.0,0.151768
lcamap,1,8,26,25,1360.0,51.0,85.0,0.025519
segdup,1,8,26,5,340,51,85,59.094052
insider,1,8,26,5,340.0,51.0,85.0,0.075400
fastmultrec_greedy,1,8,26,5,340.0,51.0,85.0,0.154251
lcamap,1,8,26,5,340.0,51.0,85.0,0.025599
segdup,1,9,26,10,125,12,5,124.457657
insider,1,9,26,10,125.0,12.0,5.0,0.071831
fastmultrec_greedy,1,9,26,10,125.0,12.0,5.0,0.199508
lcamap,1,9,26,10,125.0,12.0,5.0,0.034875
segdup,1,9,26,15,185,12,5,116.794916
insider,1,9,26,15,185.0,12.0,5.0,0.096864
fastmultrec_greedy,1,9,26,15,185.0,12.0,5.0,0.183863
lcamap,1,9,26,15,185.0,12.0,5.0,0.036903
segdup,1,9,26,20,245,12,5,91.628607
insider,1,9,26,20,245.0,12.0,5.0,0.240731
fastmultrec_greedy,1,9,26,20,245.0,12.0,5.0,0.191363
lcamap,1,9,26,20,245.0,12.0,5.0,0.032507
segdup,1,9,26,25,305,12,5,92.415304
insider,1,9,26,25,305.0,12.0,5.0,0.916733
fastmultrec_greedy,1,9,26,25,305.0,12.0,5.0,0.183851
lcamap,1,9,26,25,305.0,12.0,5.0,0.033018
segdup,1,9,26,5,65,12,5,129.019123
insider,1,9,26,5,65.0,12.0,5.0,0.060337
fastmultrec_greedy,1,9,26,5,65.0,12.0,5.0,0.197431
lcamap,1,9,26,5,65.0,12.0,5.0,0.032563
segdup,2,15,26,10,20,2,0,139.506802
insider,2,15,26,10,20.0,2.0,0.0,0.100401
fastmultrec_greedy,2,15,26,10,20.0,2.0,0.0,0.374331
lcamap,2,15,26,10,20.0,2.0,0.0,0.056703
segdup,2,15,26,15,30,2,0,91.625077
insider,2,15,26,15,30.0,2.0,0.0,0.106183
fastmultrec_greedy,2,15,26,15,30.0,2.0,0.0,0.376952
lcamap,2,15,26,15,30.0,2.0,0.0,0.058769
segdup,2,15,26,20,40,2,0,95.778784
insider,2,15,26,20,40.0,2.0,0.0,0.107624
fastmultrec_greedy,2,15,26,20,40.0,2.0,0.0,0.377912
lcamap,2,15,26,20,40.0,2.0,0.0,0.058943
segdup,2,15,26,25,50,2,0,94.957912
insider,2,15,26,25,50.0,2.0,0.0,0.104519
fastmultrec_greedy,2,15,26,25,50.0,2.0,0.0,0.364140
lcamap,2,15,26,25,50.0,2.0,0.0,0.055815
segdup,2,15,26,5,10,2,0,214.444882
insider,2,15,26,5,10.0,2.0,0.0,0.105376
fastmultrec_greedy,2,15,26,5,10.0,2.0,0.0,0.366458
lcamap,2,15,26,5,10.0,2.0,0.0,0.058829
segdup,2,8,26,10,1119,89,229,152.080489
insider,2,8,26,10,1109.0,85.0,259.0,0.373459
fastmultrec_greedy,2,8,26,10,1115.0,88.0,235.0,0.865591
lcamap,2,8,26,10,1119.0,89.0,229.0,0.076229
segdup,2,8,26,15,1564,89,229,152.662576
insider,2,8,26,15,1519.0,78.0,349.0,0.663784
fastmultrec_greedy,2,8,26,15,1549.0,86.0,259.0,1.703492
lcamap,2,8,26,15,1564.0,89.0,229.0,0.074845
segdup,2,8,26,20,2009,89,229,197.632889
insider,2,8,26,20,1904.0,76.0,384.0,1.754725
fastmultrec_greedy,2,8,26,20,1979.0,86.0,259.0,1.951660
lcamap,2,8,26,20,2009.0,89.0,229.0,0.091977
segdup,2,8,26,25,2454,89,229,186.892332
insider,2,8,26,25,2278.0,73.0,453.0,7.560417
fastmultrec_greedy,2,8,26,25,2409.0,86.0,259.0,1.952448
lcamap,2,8,26,25,2454.0,89.0,229.0,0.081004
segdup,2,8,26,5,674,89,229,156.874882
insider,2,8,26,5,674.0,89.0,229.0,0.220167
fastmultrec_greedy,2,8,26,5,674.0,89.0,229.0,0.476517
lcamap,2,8,26,5,674.0,89.0,229.0,0.076829
segdup,2,9,26,10,64,6,4,213.912838
insider,2,9,26,10,64.0,6.0,4.0,0.115859
fastmultrec_greedy,2,9,26,10,64.0,6.0,4.0,0.392813
lcamap,2,9,26,10,64.0,6.0,4.0,0.063791
segdup,2,9,26,15,94,6,4,164.876214
insider,2,9,26,15,94.0,6.0,4.0,0.121684
fastmultrec_greedy,2,9,26,15,94.0,6.0,4.0,0.396930
lcamap,2,9,26,15,94.0,6.0,4.0,0.065223
segdup,2,9,26,20,124,6,4,116.001218
insider,2,9,26,20,124.0,6.0,4.0,0.134424
fastmultrec_greedy,2,9,26,20,124.0,6.0,4.0,0.402129
lcamap,2,9,26,20,124.0,6.0,4.0,0.064230
segdup,2,9,26,25,154,6,4,117.939409
insider,2,9,26,25,154.0,6.0,4.0,0.153365
fastmultrec_greedy,2,9,26,25,154.0,6.0,4.0,0.400058
lcamap,2,9,26,25,154.0,6.0,4.0,0.065634
segdup,2,9,26,5,34,6,4,307.183198
insider,2,9,26,5,34.0,6.0,4.0,0.121657
fastmultrec_greedy,2,9,26,5,34.0,6.0,4.0,0.421757
lcamap,2,9,26,5,34.0,6.0,4.0,0.069438
segdup,1,10,27,10,34,3,4,75.067684
insider,1,10,27,10,34.0,3.0,4.0,0.054235
fastmultrec_greedy,1,10,27,10,34.0,3.0,4.0,0.192697
lcamap,1,10,27,10,34.0,3.0,4.0,0.031216
segdup,1,10,27,15,49,3,4,70.779761
insider,1,10,27,15,49.0,3.0,4.0,0.057249
fastmultrec_greedy,1,10,27,15,49.0,3.0,4.0,0.193802
lcamap,1,10,27,15,49.0,3.0,4.0,0.033024
segdup,1,10,27,20,64,3,4,48.474684
insider,1,10,27,20,64.0,3.0,4.0,0.058728
fastmultrec_greedy,1,10,27,20,64.0,3.0,4.0,0.195794
lcamap,1,10,27,20,64.0,3.0,4.0,0.033576
segdup,1,10,27,25,79,3,4,49.314766
insider,1,10,27,25,79.0,3.0,4.0,0.056559
fastmultrec_greedy,1,10,27,25,79.0,3.0,4.0,0.193097
lcamap,1,10,27,25,79.0,3.0,4.0,0.033955
segdup,1,10,27,5,19,3,4,79.262909
insider,1,10,27,5,19.0,3.0,4.0,0.054713
fastmultrec_greedy,1,10,27,5,19.0,3.0,4.0,0.193758
lcamap,1,10,27,5,19.0,3.0,4.0,0.032042
segdup,1,11,27,10,20,2,0,65.960588
insider,1,11,27,10,20.0,2.0,0.0,0.040941
fastmultrec_greedy,1,11,27,10,20.0,2.0,0.0,0.133570
lcamap,1,11,27,10,20.0,2.0,0.0,0.021922
segdup,1,11,27,15,30,2,0,53.489057
insider,1,11,27,15,30.0,2.0,0.0,0.042104
fastmultrec_greedy,1,11,27,15,30.0,2.0,0.0,0.130106
lcamap,1,11,27,15,30.0,2.0,0.0,0.022513
segdup,1,11,27,20,40,2,0,38.417216
insider,1,11,27,20,40.0,2.0,0.0,0.041746
fastmultrec_greedy,1,11,27,20,40.0,2.0,0.0,0.131374
lcamap,1,11,27,20,40.0,2.0,0.0,0.021943
segdup,1,11,27,25,50,2,0,38.791600
insider,1,11,27,25,50.0,2.0,0.0,0.043934
fastmultrec_greedy,1,11,27,25,50.0,2.0,0.0,0.130280
lcamap,1,11,27,25,50.0,2.0,0.0,0.021684
segdup,1,11,27,5,10,2,0,67.869066
insider,1,11,27,5,10.0,2.0,0.0,0.040877
fastmultrec_greedy,1,11,27,5,10.0,2.0,0.0,0.130827
lcamap,1,11,27,5,10.0,2.0,0.0,0.021775
segdup,1,15,27,10,10,1,0,87.435059
insider,1,15,27,10,10.0,1.0,0.0,0.049184
fastmultrec_greedy,1,15,27,10,10.0,1.0,0.0,0.180310
lcamap,1,15,27,10,10.0,1.0,0.0,0.030750
segdup,1,15,27,15,15,1,0,49.003652
insider,1,15,27,15,15.0,1.0,0.0,0.050456
fastmultrec_greedy,1,15,27,15,15.0,1.0,0.0,0.185552
lcamap,1,15,27,15,15.0,1.0,0.0,0.029540
segdup,1,15,27,20,20,1,0,49.426793
insider,1,15,27,20,20.0,1.0,0.0,0.048859
fastmultrec_greedy,1,15,27,20,20.0,1.0,0.0,0.181692
lcamap,1,15,27,20,20.0,1.0,0.0,0.031178
segdup,1,15,27,25,25,1,0,49.257280
insider,1,15,27,25,25.0,1.0,0.0,0.048326
fastmultrec_greedy,1,15,27,25,25.0,1.0,0.0,0.179162
lcamap,1,15,27,25,25.0,1.0,0.0,0.030750
segdup,1,15,27,5,5,1,0,92.509424
insider,1,15,27,5,5.0,1.0,0.0,0.051000
fastmultrec_greedy,1,15,27,5,5.0,1.0,0.0,0.180810
lcamap,1,15,27,5,5.0,1.0,0.0,0.030352
segdup,1,8,27,10,541,47,71,156.887466
insider,1,8,27,10,532.0,44.0,92.0,0.186904
fastmultrec_greedy,1,8,27,10,541.0,47.0,71.0,0.418717
lcamap,1,8,27,10,541.0,47.0,71.0,0.064244
segdup,1,8,27,15,758,45,83,140.748238
insider,1,8,27,15,752.0,44.0,92.0,0.355641
fastmultrec_greedy,1,8,27,15,776.0,47.0,71.0,0.423445
lcamap,1,8,27,15,776.0,47.0,71.0,0.066083
segdup,1,8,27,20,1011,47,71,143.414384
insider,1,8,27,20,972.0,44.0,92.0,1.246788
fastmultrec_greedy,1,8,27,20,1011.0,47.0,71.0,0.465672
lcamap,1,8,27,20,1011.0,47.0,71.0,0.067477
segdup,1,8,27,25,1227,46,77,141.649356
insider,1,8,27,25,1187.0,43.0,112.0,5.972277
fastmultrec_greedy,1,8,27,25,1246.0,47.0,71.0,0.433705
lcamap,1,8,27,25,1246.0,47.0,71.0,0.067450
segdup,1,8,27,5,306,47,71,130.999696
insider,1,8,27,5,306.0,47.0,71.0,0.115677
fastmultrec_greedy,1,8,27,5,306.0,47.0,71.0,0.387543
lcamap,1,8,27,5,306.0,47.0,71.0,0.059394
segdup,1,9,27,10,120,11,10,92.500431
insider,1,9,27,10,116.0,10.0,16.0,0.061817
fastmultrec_greedy,1,9,27,10,120.0,11.0,10.0,0.167957
lcamap,1,9,27,10,120.0,11.0,10.0,0.030510
segdup,1,9,27,15,166,10,16,95.665300
insider,1,9,27,15,166.0,10.0,16.0,0.067815
fastmultrec_greedy,1,9,27,15,175.0,11.0,10.0,0.170468
lcamap,1,9,27,15,175.0,11.0,10.0,0.031809
segdup,1,9,27,20,216,10,16,89.779272
insider,1,9,27,20,216.0,10.0,16.0,0.072905
fastmultrec_greedy,1,9,27,20,230.0,11.0,10.0,0.172067
lcamap,1,9,27,20,230.0,11.0,10.0,0.030199
segdup,1,9,27,25,266,10,16,85.560055
insider,1,9,27,25,266.0,10.0,16.0,0.090145
fastmultrec_greedy,1,9,27,25,285.0,11.0,10.0,0.172304
lcamap,1,9,27,25,285.0,11.0,10.0,0.030057
segdup,1,9,27,5,65,11,10,95.729950
insider,1,9,27,5,65.0,11.0,10.0,0.057158
fastmultrec_greedy,1,9,27,5,65.0,11.0,10.0,0.169907
lcamap,1,9,27,5,65.0,11.0,10.0,0.030770
segdup,2,10,27,10,40,4,0,202.228234
insider,2,10,27,10,40.0,4.0,0.0,0.106173
fastmultrec_greedy,2,10,27,10,40.0,4.0,0.0,0.336577
lcamap,2,10,27,10,40.0,4.0,0.0,0.051524
segdup,2,10,27,15,60,4,0,142.617853
insider,2,10,27,15,60.0,4.0,0.0,0.096170
fastmultrec_greedy,2,10,27,15,60.0,4.0,0.0,0.344554
lcamap,2,10,27,15,60.0,4.0,0.0,0.047662
segdup,2,10,27,20,80,4,0,88.491068
insider,2,10,27,20,80.0,4.0,0.0,0.103359
fastmultrec_greedy,2,10,27,20,80.0,4.0,0.0,0.336168
lcamap,2,10,27,20,80.0,4.0,0.0,0.054634
segdup,2,10,27,25,100,4,0,91.390445
insider,2,10,27,25,100.0,4.0,0.0,0.106906
fastmultrec_greedy,2,10,27,25,100.0,4.0,0.0,0.338522
lcamap,2,10,27,25,100.0,4.0,0.0,0.055330
segdup,2,10,27,5,20,4,0,214.199223
insider,2,10,27,5,20.0,4.0,0.0,0.092645
fastmultrec_greedy,2,10,27,5,20.0,4.0,0.0,0.323920
lcamap,2,10,27,5,20.0,4.0,0.0,0.054738
segdup,2,11,27,10,20,2,0,248.721665
insider,2,11,27,10,20.0,2.0,0.0,0.130235
fastmultrec_greedy,2,11,27,10,20.0,2.0,0.0,0.427042
lcamap,2,11,27,10,20.0,2.0,0.0,0.071959
segdup,2,11,27,15,30,2,0,198.334224
insider,2,11,27,15,30.0,2.0,0.0,0.124134
fastmultrec_greedy,2,11,27,15,30.0,2.0,0.0,0.451338
lcamap,2,11,27,15,30.0,2.0,0.0,0.075806
segdup,2,11,27,20,40,2,0,124.901339
insider,2,11,27,20,40.0,2.0,0.0,0.123842
fastmultrec_greedy,2,11,27,20,40.0,2.0,0.0,0.446784
lcamap,2,11,27,20,40.0,2.0,0.0,0.078172
segdup,2,11,27,25,50,2,0,126.943512
insider,2,11,27,25,50.0,2.0,0.0,0.125421
fastmultrec_greedy,2,11,27,25,50.0,2.0,0.0,0.440740
lcamap,2,11,27,25,50.0,2.0,0.0,0.075591
segdup,2,11,27,5,10,2,0,263.904085
insider,2,11,27,5,10.0,2.0,0.0,0.131535
fastmultrec_greedy,2,11,27,5,10.0,2.0,0.0,0.440690
lcamap,2,11,27,5,10.0,2.0,0.0,0.075845
segdup,2,15,27,10,20,2,0,134.868578
insider,2,15,27,10,20.0,2.0,0.0,0.080652
fastmultrec_greedy,2,15,27,10,20.0,2.0,0.0,0.236114
lcamap,2,15,27,10,20.0,2.0,0.0,0.039050
segdup,2,15,27,15,30,2,0,102.542712
insider,2,15,27,15,30.0,2.0,0.0,0.073568
fastmultrec_greedy,2,15,27,15,30.0,2.0,0.0,0.241438
lcamap,2,15,27,15,30.0,2.0,0.0,0.038157
segdup,2,15,27,20,40,2,0,59.838423
insider,2,15,27,20,40.0,2.0,0.0,0.072750
fastmultrec_greedy,2,15,27,20,40.0,2.0,0.0,0.227967
lcamap,2,15,27,20,40.0,2.0,0.0,0.037904
segdup,2,15,27,25,50,2,0,57.803638
insider,2,15,27,25,50.0,2.0,0.0,0.070883
fastmultrec_greedy,2,15,27,25,50.0,2.0,0.0,0.224396
lcamap,2,15,27,25,50.0,2.0,0.0,0.038477
segdup,2,15,27,5,10,2,0,145.989237
insider,2,15,27,5,10.0,2.0,0.0,0.073197
fastmultrec_greedy,2,15,27,5,10.0,2.0,0.0,0.231456
lcamap,2,15,27,5,10.0,2.0,0.0,0.038086
segdup,2,8,27,10,1077,87,207,256.606726
insider,2,8,27,10,1058.0,81.0,248.0,0.476647
fastmultrec_greedy,2,8,27,10,1073.0,87.0,203.0,1.688270
lcamap,2,8,27,10,1084.0,89.0,194.0,0.109810
segdup,2,8,27,15,1522,88,202,244.100957
insider,2,8,27,15,1457.0,77.0,302.0,1.108645
fastmultrec_greedy,2,8,27,15,1505.0,86.0,215.0,3.479622
lcamap,2,8,27,15,1529.0,89.0,194.0,0.105151
segdup,2,8,27,20,1965,88,205,251.541105
insider,2,8,27,20,1834.0,74.0,354.0,5.643619
fastmultrec_greedy,2,8,27,20,1935.0,85.0,235.0,2.869102
lcamap,2,8,27,20,1974.0,89.0,194.0,0.103421
segdup,2,8,27,25,2388,87,213,219.643499
insider,2,8,27,25,2187.0,68.0,487.0,34.251972
fastmultrec_greedy,2,8,27,25,2356.0,84.0,256.0,3.453169
lcamap,2,8,27,25,2419.0,89.0,194.0,0.105937
segdup,2,8,27,5,639,89,194,267.705884
insider,2,8,27,5,637.0,88.0,197.0,0.299887
fastmultrec_greedy,2,8,27,5,637.0,88.0,197.0,1.115986
lcamap,2,8,27,5,639.0,89.0,194.0,0.106717
segdup,2,9,27,10,211,19,21,185.804092
insider,2,9,27,10,211.0,19.0,21.0,0.160860
fastmultrec_greedy,2,9,27,10,211.0,19.0,21.0,0.400658
lcamap,2,9,27,10,211.0,19.0,21.0,0.065227
segdup,2,9,27,15,306,19,21,184.767642
insider,2,9,27,15,306.0,19.0,21.0,0.255594
fastmultrec_greedy,2,9,27,15,306.0,19.0,21.0,0.402445
lcamap,2,9,27,15,306.0,19.0,21.0,0.065700
segdup,2,9,27,20,401,19,21,142.184329
insider,2,9,27,20,401.0,19.0,21.0,0.530770
fastmultrec_greedy,2,9,27,20,401.0,19.0,21.0,0.397823
lcamap,2,9,27,20,401.0,19.0,21.0,0.064445
segdup,2,9,27,25,496,19,21,113.025173
insider,2,9,27,25,496.0,19.0,21.0,2.492186
fastmultrec_greedy,2,9,27,25,496.0,19.0,21.0,0.414471
lcamap,2,9,27,25,496.0,19.0,21.0,0.066480
segdup,2,9,27,5,116,19,21,203.167251
insider,2,9,27,5,116.0,19.0,21.0,0.131489
fastmultrec_greedy,2,9,27,5,116.0,19.0,21.0,0.397351
lcamap,2,9,27,5,116.0,19.0,21.0,0.067243
segdup,1,10,28,10,10,1,0,107.799634
insider,1,10,28,10,10.0,1.0,0.0,0.064912
fastmultrec_greedy,1,10,28,10,10.0,1.0,0.0,0.232682
lcamap,1,10,28,10,10.0,1.0,0.0,0.037059
segdup,1,10,28,15,15,1,0,70.950163
insider,1,10,28,15,15.0,1.0,0.0,0.063843
fastmultrec_greedy,1,10,28,15,15.0,1.0,0.0,0.229191
lcamap,1,10,28,15,15.0,1.0,0.0,0.036352
segdup,1,10,28,20,20,1,0,93.488130
insider,1,10,28,20,20.0,1.0,0.0,0.063572
fastmultrec_greedy,1,10,28,20,20.0,1.0,0.0,0.233219
lcamap,1,10,28,20,20.0,1.0,0.0,0.036288
segdup,1,10,28,25,25,1,0,66.305482
insider,1,10,28,25,25.0,1.0,0.0,0.064430
fastmultrec_greedy,1,10,28,25,25.0,1.0,0.0,0.232904
lcamap,1,10,28,25,25.0,1.0,0.0,0.037044
segdup,1,10,28,5,5,1,0,118.490249
insider,1,10,28,5,5.0,1.0,0.0,0.063787
fastmultrec_greedy,1,10,28,5,5.0,1.0,0.0,0.232356
lcamap,1,10,28,5,5.0,1.0,0.0,0.037556
segdup,1,11,28,10,10,1,0,88.492975
insider,1,11,28,10,10.0,1.0,0.0,0.054116
fastmultrec_greedy,1,11,28,10,10.0,1.0,0.0,0.192455
lcamap,1,11,28,10,10.0,1.0,0.0,0.032805
segdup,1,11,28,15,15,1,0,55.124217
insider,1,11,28,15,15.0,1.0,0.0,0.054193
fastmultrec_greedy,1,11,28,15,15.0,1.0,0.0,0.193577
lcamap,1,11,28,15,15.0,1.0,0.0,0.032777
segdup,1,11,28,20,20,1,0,53.425507
insider,1,11,28,20,20.0,1.0,0.0,0.053655
fastmultrec_greedy,1,11,28,20,20.0,1.0,0.0,0.193137
lcamap,1,11,28,20,20.0,1.0,0.0,0.032406
segdup,1,11,28,25,25,1,0,53.273014
insider,1,11,28,25,25.0,1.0,0.0,0.053017
fastmultrec_greedy,1,11,28,25,25.0,1.0,0.0,0.195381
lcamap,1,11,28,25,25.0,1.0,0.0,0.032509
segdup,1,11,28,5,5,1,0,99.423396
insider,1,11,28,5,5.0,1.0,0.0,0.054224
fastmultrec_greedy,1,11,28,5,5.0,1.0,0.0,0.195415
lcamap,1,11,28,5,5.0,1.0,0.0,0.033162
segdup,1,15,28,10,10,1,0,84.510544
insider,1,15,28,10,10.0,1.0,0.0,0.053177
fastmultrec_greedy,1,15,28,10,10.0,1.0,0.0,0.192032
lcamap,1,15,28,10,10.0,1.0,0.0,0.032589
segdup,1,15,28,15,15,1,0,54.895975
insider,1,15,28,15,15.0,1.0,0.0,0.053144
fastmultrec_greedy,1,15,28,15,15.0,1.0,0.0,0.188900
lcamap,1,15,28,15,15.0,1.0,0.0,0.032651
segdup,1,15,28,20,20,1,0,51.457539
insider,1,15,28,20,20.0,1.0,0.0,0.051748
fastmultrec_greedy,1,15,28,20,20.0,1.0,0.0,0.191841
lcamap,1,15,28,20,20.0,1.0,0.0,0.030958
segdup,1,15,28,25,25,1,0,52.183284
insider,1,15,28,25,25.0,1.0,0.0,0.053538
fastmultrec_greedy,1,15,28,25,25.0,1.0,0.0,0.192065
lcamap,1,15,28,25,25.0,1.0,0.0,0.030869
segdup,1,15,28,5,5,1,0,94.565974
insider,1,15,28,5,5.0,1.0,0.0,0.053401
fastmultrec_greedy,1,15,28,5,5.0,1.0,0.0,0.189593
lcamap,1,15,28,5,5.0,1.0,0.0,0.030489
segdup,1,8,28,10,883,73,153,95.216613
insider,1,8,28,10,874.0,70.0,174.0,0.206625
fastmultrec_greedy,1,8,28,10,883.0,73.0,153.0,0.715153
lcamap,1,8,28,10,897.0,75.0,147.0,0.046090
segdup,1,8,28,15,1248,73,153,92.832903
insider,1,8,28,15,1217.0,67.0,212.0,0.798648
fastmultrec_greedy,1,8,28,15,1248.0,73.0,153.0,0.711327
lcamap,1,8,28,15,1272.0,75.0,147.0,0.045524
segdup,1,8,28,20,1616,73,156,94.680791
insider,1,8,28,20,1551.0,66.0,231.0,4.584291
fastmultrec_greedy,1,8,28,20,1613.0,73.0,153.0,0.698947
lcamap,1,8,28,20,1647.0,75.0,147.0,0.046358
segdup,1,8,28,25,2005,74,155,92.944993
insider,1,8,28,25,1875.0,64.0,275.0,79.891056
fastmultrec_greedy,1,8,28,25,1978.0,73.0,153.0,0.705497
lcamap,1,8,28,25,2022.0,75.0,147.0,0.046513
segdup,1,8,28,5,520,74,150,99.242356
insider,1,8,28,5,518.0,73.0,153.0,0.124822
fastmultrec_greedy,1,8,28,5,518.0,73.0,153.0,0.710256
lcamap,1,8,28,5,522.0,75.0,147.0,0.047219
segdup,1,9,28,10,34,3,4,93.561566
insider,1,9,28,10,34.0,3.0,4.0,0.065926
fastmultrec_greedy,1,9,28,10,34.0,3.0,4.0,0.282715
lcamap,1,9,28,10,34.0,3.0,4.0,0.038570
segdup,1,9,28,15,49,3,4,107.474851
insider,1,9,28,15,49.0,3.0,4.0,0.068082
fastmultrec_greedy,1,9,28,15,49.0,3.0,4.0,0.287111
lcamap,1,9,28,15,49.0,3.0,4.0,0.038607
segdup,1,9,28,20,64,3,4,92.318724
insider,1,9,28,20,64.0,3.0,4.0,0.067840
fastmultrec_greedy,1,9,28,20,64.0,3.0,4.0,0.285091
lcamap,1,9,28,20,64.0,3.0,4.0,0.038343
segdup,1,9,28,25,79,3,4,66.298164
insider,1,9,28,25,79.0,3.0,4.0,0.067688
fastmultrec_greedy,1,9,28,25,79.0,3.0,4.0,0.282768
lcamap,1,9,28,25,79.0,3.0,4.0,0.037224
segdup,1,9,28,5,19,3,4,111.308728
insider,1,9,28,5,19.0,3.0,4.0,0.067823
fastmultrec_greedy,1,9,28,5,19.0,3.0,4.0,0.285395
lcamap,1,9,28,5,19.0,3.0,4.0,0.037707
segdup,2,10,28,10,56,5,6,209.569030
insider,2,10,28,10,56.0,5.0,6.0,0.146972
fastmultrec_greedy,2,10,28,10,56.0,5.0,6.0,0.537141
lcamap,2,10,28,10,56.0,5.0,6.0,0.083074
segdup,2,10,28,15,81,5,6,203.292827
insider,2,10,28,15,81.0,5.0,6.0,0.149394
fastmultrec_greedy,2,10,28,15,81.0,5.0,6.0,0.543633
lcamap,2,10,28,15,81.0,5.0,6.0,0.081646
segdup,2,10,28,20,106,5,6,117.231571
insider,2,10,28,20,106.0,5.0,6.0,0.153022
fastmultrec_greedy,2,10,28,20,106.0,5.0,6.0,0.543404
lcamap,2,10,28,20,106.0,5.0,6.0,0.082643
segdup,2,10,28,25,131,5,6,118.949698
insider,2,10,28,25,131.0,5.0,6.0,0.156099
fastmultrec_greedy,2,10,28,25,131.0,5.0,6.0,0.539956
lcamap,2,10,28,25,131.0,5.0,6.0,0.081752
segdup,2,10,28,5,31,5,6,224.024959
insider,2,10,28,5,31.0,5.0,6.0,0.144120
fastmultrec_greedy,2,10,28,5,31.0,5.0,6.0,0.532403
lcamap,2,10,28,5,31.0,5.0,6.0,0.081233
segdup,2,11,28,10,30,3,0,220.688763
insider,2,11,28,10,30.0,3.0,0.0,0.108109
fastmultrec_greedy,2,11,28,10,30.0,3.0,0.0,0.469471
lcamap,2,11,28,10,30.0,3.0,0.0,0.064260
segdup,2,11,28,15,45,3,0,180.136809
insider,2,11,28,15,45.0,3.0,0.0,0.109315
fastmultrec_greedy,2,11,28,15,45.0,3.0,0.0,0.464723
lcamap,2,11,28,15,45.0,3.0,0.0,0.063626
segdup,2,11,28,20,60,3,0,115.252711
insider,2,11,28,20,60.0,3.0,0.0,0.110499
fastmultrec_greedy,2,11,28,20,60.0,3.0,0.0,0.472249
lcamap,2,11,28,20,60.0,3.0,0.0,0.066100
segdup,2,11,28,25,75,3,0,114.199675
insider,2,11,28,25,75.0,3.0,0.0,0.110218
fastmultrec_greedy,2,11,28,25,75.0,3.0,0.0,0.469284
lcamap,2,11,28,25,75.0,3.0,0.0,0.064477
segdup,2,11,28,5,15,3,0,221.904154
insider,2,11,28,5,15.0,3.0,0.0,0.104500
fastmultrec_greedy,2,11,28,5,15.0,3.0,0.0,0.463402
lcamap,2,11,28,5,15.0,3.0,0.0,0.064538
segdup,2,15,28,10,20,2,0,98.386244
insider,2,15,28,10,20.0,2.0,0.0,0.074920
fastmultrec_greedy,2,15,28,10,20.0,2.0,0.0,0.275920
lcamap,2,15,28,10,20.0,2.0,0.0,0.043758
segdup,2,15,28,15,30,2,0,53.090745
insider,2,15,28,15,30.0,2.0,0.0,0.074426
fastmultrec_greedy,2,15,28,15,30.0,2.0,0.0,0.274423
lcamap,2,15,28,15,30.0,2.0,0.0,0.042463
segdup,2,15,28,20,40,2,0,53.065447
insider,2,15,28,20,40.0,2.0,0.0,0.074717
fastmultrec_greedy,2,15,28,20,40.0,2.0,0.0,0.275667
lcamap,2,15,28,20,40.0,2.0,0.0,0.043070
segdup,2,15,28,25,50,2,0,53.365337
insider,2,15,28,25,50.0,2.0,0.0,0.074957
fastmultrec_greedy,2,15,28,25,50.0,2.0,0.0,0.276105
lcamap,2,15,28,25,50.0,2.0,0.0,0.042344
segdup,2,15,28,5,10,2,0,105.936988
insider,2,15,28,5,10.0,2.0,0.0,0.074116
fastmultrec_greedy,2,15,28,5,10.0,2.0,0.0,0.276905
lcamap,2,15,28,5,10.0,2.0,0.0,0.043647
segdup,2,9,28,10,160,15,10,233.175595
insider,2,9,28,10,160.0,15.0,10.0,0.163041
fastmultrec_greedy,2,9,28,10,160.0,15.0,10.0,0.608711
lcamap,2,9,28,10,160.0,15.0,10.0,0.085180
segdup,2,9,28,15,235,15,10,214.790076
insider,2,9,28,15,235.0,15.0,10.0,0.182217
fastmultrec_greedy,2,9,28,15,235.0,15.0,10.0,0.611268
lcamap,2,9,28,15,235.0,15.0,10.0,0.084904
segdup,2,9,28,20,310,15,10,197.582993
insider,2,9,28,20,310.0,15.0,10.0,0.206988
fastmultrec_greedy,2,9,28,20,310.0,15.0,10.0,0.607993
lcamap,2,9,28,20,310.0,15.0,10.0,0.085658
segdup,2,9,28,25,385,15,10,179.043170
insider,2,9,28,25,385.0,15.0,10.0,0.240869
fastmultrec_greedy,2,9,28,25,385.0,15.0,10.0,0.602910
lcamap,2,9,28,25,385.0,15.0,10.0,0.087933
segdup,2,9,28,5,85,15,10,244.736103
insider,2,9,28,5,85.0,15.0,10.0,0.148482
fastmultrec_greedy,2,9,28,5,85.0,15.0,10.0,0.603483
lcamap,2,9,28,5,85.0,15.0,10.0,0.087784
segdup,1,10,29,10,21,2,1,72.501672
insider,1,10,29,10,21.0,2.0,1.0,0.041301
fastmultrec_greedy,1,10,29,10,21.0,2.0,1.0,0.156511
lcamap,1,10,29,10,21.0,2.0,1.0,0.023030
segdup,1,10,29,15,31,2,1,64.723250
insider,1,10,29,15,31.0,2.0,1.0,0.041946
fastmultrec_greedy,1,10,29,15,31.0,2.0,1.0,0.154600
lcamap,1,10,29,15,31.0,2.0,1.0,0.023113
segdup,1,10,29,20,41,2,1,38.868653
insider,1,10,29,20,41.0,2.0,1.0,0.040469
fastmultrec_greedy,1,10,29,20,41.0,2.0,1.0,0.156165
lcamap,1,10,29,20,41.0,2.0,1.0,0.023604
segdup,1,10,29,25,51,2,1,38.533694
insider,1,10,29,25,51.0,2.0,1.0,0.042188
fastmultrec_greedy,1,10,29,25,51.0,2.0,1.0,0.157289
lcamap,1,10,29,25,51.0,2.0,1.0,0.023068
segdup,1,10,29,5,11,2,1,69.629739
insider,1,10,29,5,11.0,2.0,1.0,0.041714
fastmultrec_greedy,1,10,29,5,11.0,2.0,1.0,0.156169
lcamap,1,10,29,5,11.0,2.0,1.0,0.023258
segdup,1,11,29,10,11,1,1,114.625130
insider,1,11,29,10,11.0,1.0,1.0,0.067164
fastmultrec_greedy,1,11,29,10,11.0,1.0,1.0,0.239281
lcamap,1,11,29,10,11.0,1.0,1.0,0.041075
segdup,1,11,29,15,16,1,1,122.581712
insider,1,11,29,15,16.0,1.0,1.0,0.066684
fastmultrec_greedy,1,11,29,15,16.0,1.0,1.0,0.248645
lcamap,1,11,29,15,16.0,1.0,1.0,0.039838
segdup,1,11,29,20,21,1,1,70.811419
insider,1,11,29,20,21.0,1.0,1.0,0.065631
fastmultrec_greedy,1,11,29,20,21.0,1.0,1.0,0.241386
lcamap,1,11,29,20,21.0,1.0,1.0,0.039947
segdup,1,11,29,25,26,1,1,68.573413
insider,1,11,29,25,26.0,1.0,1.0,0.065278
fastmultrec_greedy,1,11,29,25,26.0,1.0,1.0,0.244528
lcamap,1,11,29,25,26.0,1.0,1.0,0.039325
segdup,1,11,29,5,6,1,1,129.239519
insider,1,11,29,5,6.0,1.0,1.0,0.067297
fastmultrec_greedy,1,11,29,5,6.0,1.0,1.0,0.241403
lcamap,1,11,29,5,6.0,1.0,1.0,0.040802
segdup,1,15,29,10,10,1,0,69.771070
insider,1,15,29,10,10.0,1.0,0.0,0.049185
fastmultrec_greedy,1,15,29,10,10.0,1.0,0.0,0.186223
lcamap,1,15,29,10,10.0,1.0,0.0,0.030402
segdup,1,15,29,15,15,1,0,76.962714
insider,1,15,29,15,15.0,1.0,0.0,0.050584
fastmultrec_greedy,1,15,29,15,15.0,1.0,0.0,0.186072
lcamap,1,15,29,15,15.0,1.0,0.0,0.030694
segdup,1,15,29,20,20,1,0,71.018237
insider,1,15,29,20,20.0,1.0,0.0,0.048273
fastmultrec_greedy,1,15,29,20,20.0,1.0,0.0,0.189865
lcamap,1,15,29,20,20.0,1.0,0.0,0.031068
segdup,1,15,29,25,25,1,0,46.950803
insider,1,15,29,25,25.0,1.0,0.0,0.049338
fastmultrec_greedy,1,15,29,25,25.0,1.0,0.0,0.186534
lcamap,1,15,29,25,25.0,1.0,0.0,0.032087
segdup,1,15,29,5,5,1,0,87.808404
insider,1,15,29,5,5.0,1.0,0.0,0.051029
fastmultrec_greedy,1,15,29,5,5.0,1.0,0.0,0.187666
lcamap,1,15,29,5,5.0,1.0,0.0,0.031773
segdup,1,8,29,10,663,54,123,59.425239
insider,1,8,29,10,658.0,52.0,138.0,0.121393
fastmultrec_greedy,1,8,29,10,663.0,54.0,123.0,0.158724
lcamap,1,8,29,10,663.0,54.0,123.0,0.025352
segdup,1,8,29,15,933,54,123,55.730954
insider,1,8,29,15,916.0,51.0,151.0,0.337462
fastmultrec_greedy,1,8,29,15,933.0,54.0,123.0,0.160318
lcamap,1,8,29,15,933.0,54.0,123.0,0.026035
segdup,1,8,29,20,1203,54,123,59.444165
insider,1,8,29,20,1166.0,47.0,226.0,1.844593
fastmultrec_greedy,1,8,29,20,1203.0,54.0,123.0,0.160231
lcamap,1,8,29,20,1203.0,54.0,123.0,0.026781
segdup,1,8,29,25,1473,54,123,54.397963
insider,1,8,29,25,1387.0,41.0,362.0,7.724787
fastmultrec_greedy,1,8,29,25,1473.0,54.0,123.0,0.159534
lcamap,1,8,29,25,1473.0,54.0,123.0,0.026474
segdup,1,8,29,5,393,54,123,60.345285
insider,1,8,29,5,393.0,54.0,123.0,0.079087
fastmultrec_greedy,1,8,29,5,393.0,54.0,123.0,0.161852
lcamap,1,8,29,5,393.0,54.0,123.0,0.027399
segdup,1,9,29,10,264,24,24,101.189790
insider,1,9,29,10,264.0,24.0,24.0,0.099402
fastmultrec_greedy,1,9,29,10,264.0,24.0,24.0,0.296412
lcamap,1,9,29,10,264.0,24.0,24.0,0.048735
segdup,1,9,29,15,384,24,24,92.629948
insider,1,9,29,15,384.0,24.0,24.0,0.138256
fastmultrec_greedy,1,9,29,15,384.0,24.0,24.0,0.292584
lcamap,1,9,29,15,384.0,24.0,24.0,0.047316
segdup,1,9,29,20,504,24,24,79.357408
insider,1,9,29,20,504.0,24.0,24.0,0.222844
fastmultrec_greedy,1,9,29,20,504.0,24.0,24.0,0.292342
lcamap,1,9,29,20,504.0,24.0,24.0,0.046416
segdup,1,9,29,25,624,24,24,79.960198
insider,1,9,29,25,624.0,24.0,24.0,1.095366
fastmultrec_greedy,1,9,29,25,624.0,24.0,24.0,0.294485
lcamap,1,9,29,25,624.0,24.0,24.0,0.048157
segdup,1,9,29,5,144,24,24,111.138515
insider,1,9,29,5,144.0,24.0,24.0,0.085972
fastmultrec_greedy,1,9,29,5,144.0,24.0,24.0,0.295875
lcamap,1,9,29,5,144.0,24.0,24.0,0.049369
segdup,2,10,29,10,30,3,0,82.215826
insider,2,10,29,10,30.0,3.0,0.0,0.065447
fastmultrec_greedy,2,10,29,10,30.0,3.0,0.0,0.250408
lcamap,2,10,29,10,30.0,3.0,0.0,0.037185
segdup,2,10,29,15,45,3,0,75.819821
insider,2,10,29,15,45.0,3.0,0.0,0.065345
fastmultrec_greedy,2,10,29,15,45.0,3.0,0.0,0.251546
lcamap,2,10,29,15,45.0,3.0,0.0,0.035949
segdup,2,10,29,20,60,3,0,43.380171
insider,2,10,29,20,60.0,3.0,0.0,0.066545
fastmultrec_greedy,2,10,29,20,60.0,3.0,0.0,0.252548
lcamap,2,10,29,20,60.0,3.0,0.0,0.037386
segdup,2,10,29,25,75,3,0,43.108766
insider,2,10,29,25,75.0,3.0,0.0,0.067421
fastmultrec_greedy,2,10,29,25,75.0,3.0,0.0,0.251900
lcamap,2,10,29,25,75.0,3.0,0.0,0.038173
segdup,2,10,29,5,15,3,0,83.261323
insider,2,10,29,5,15.0,3.0,0.0,0.065707
fastmultrec_greedy,2,10,29,5,15.0,3.0,0.0,0.248337
lcamap,2,10,29,5,15.0,3.0,0.0,0.037613
segdup,2,11,29,10,30,3,0,228.158253
insider,2,11,29,10,30.0,3.0,0.0,0.139919
fastmultrec_greedy,2,11,29,10,30.0,3.0,0.0,0.529797
lcamap,2,11,29,10,30.0,3.0,0.0,0.086351
segdup,2,11,29,15,45,3,0,113.553115
insider,2,11,29,15,45.0,3.0,0.0,0.140233
fastmultrec_greedy,2,11,29,15,45.0,3.0,0.0,0.533873
lcamap,2,11,29,15,45.0,3.0,0.0,0.088175
segdup,2,11,29,20,60,3,0,112.164019
insider,2,11,29,20,60.0,3.0,0.0,0.139439
fastmultrec_greedy,2,11,29,20,60.0,3.0,0.0,0.532737
lcamap,2,11,29,20,60.0,3.0,0.0,0.085252
segdup,2,11,29,25,75,3,0,112.947158
insider,2,11,29,25,75.0,3.0,0.0,0.142227
fastmultrec_greedy,2,11,29,25,75.0,3.0,0.0,0.527759
lcamap,2,11,29,25,75.0,3.0,0.0,0.086242
segdup,2,11,29,5,15,3,0,253.915732
insider,2,11,29,5,15.0,3.0,0.0,0.136725
fastmultrec_greedy,2,11,29,5,15.0,3.0,0.0,0.525157
lcamap,2,11,29,5,15.0,3.0,0.0,0.089132
segdup,2,15,29,10,20,2,0,144.423028
insider,2,15,29,10,20.0,2.0,0.0,0.075543
fastmultrec_greedy,2,15,29,10,20.0,2.0,0.0,0.275744
lcamap,2,15,29,10,20.0,2.0,0.0,0.043769
segdup,2,15,29,15,30,2,0,72.767296
insider,2,15,29,15,30.0,2.0,0.0,0.075774
fastmultrec_greedy,2,15,29,15,30.0,2.0,0.0,0.275927
lcamap,2,15,29,15,30.0,2.0,0.0,0.042400
segdup,2,15,29,20,40,2,0,95.744371
insider,2,15,29,20,40.0,2.0,0.0,0.075955
fastmultrec_greedy,2,15,29,20,40.0,2.0,0.0,0.276266
lcamap,2,15,29,20,40.0,2.0,0.0,0.043447
segdup,2,15,29,25,50,2,0,72.427733
insider,2,15,29,25,50.0,2.0,0.0,0.076705
fastmultrec_greedy,2,15,29,25,50.0,2.0,0.0,0.276585
lcamap,2,15,29,25,50.0,2.0,0.0,0.042579
segdup,2,15,29,5,10,2,0,152.191688
insider,2,15,29,5,10.0,2.0,0.0,0.075084
fastmultrec_greedy,2,15,29,5,10.0,2.0,0.0,0.276893
lcamap,2,15,29,5,10.0,2.0,0.0,0.044009
segdup,2,8,29,10,1786,124,546,188.088180
insider,2,8,29,10,1762.0,117.0,592.0,0.513888
fastmultrec_greedy,2,8,29,10,1772.0,122.0,552.0,1.457096
lcamap,2,8,29,10,1786.0,124.0,546.0,0.089988
segdup,2,8,29,15,2406,124,546,185.702589
insider,2,8,29,15,2329.0,110.0,679.0,1.251769
fastmultrec_greedy,2,8,29,15,2382.0,122.0,552.0,1.433562
lcamap,2,8,29,15,2406.0,124.0,546.0,0.091121
segdup,2,8,29,20,3026,124,546,183.595078
insider,2,8,29,20,2869.0,105.0,769.0,5.325773
fastmultrec_greedy,2,8,29,20,2987.0,121.0,567.0,1.916532
lcamap,2,8,29,20,3026.0,124.0,546.0,0.089572
segdup,2,8,29,25,3646,124,546,182.606800
insider,2,8,29,25,3387.0,102.0,837.0,15.887670
fastmultrec_greedy,2,8,29,25,3592.0,121.0,567.0,1.936941
lcamap,2,8,29,25,3646.0,124.0,546.0,0.092214
segdup,2,8,29,5,1166,124,546,201.583192
insider,2,8,29,5,1162.0,122.0,552.0,0.261939
fastmultrec_greedy,2,8,29,5,1162.0,122.0,552.0,1.437746
lcamap,2,8,29,5,1166.0,124.0,546.0,0.089705
segdup,2,9,29,10,133,12,13,234.005332
insider,2,9,29,10,133.0,12.0,13.0,0.158875
fastmultrec_greedy,2,9,29,10,133.0,12.0,13.0,0.570832
lcamap,2,9,29,10,133.0,12.0,13.0,0.082807
segdup,2,9,29,15,193,12,13,181.298636
insider,2,9,29,15,193.0,12.0,13.0,0.179413
fastmultrec_greedy,2,9,29,15,193.0,12.0,13.0,0.562820
lcamap,2,9,29,15,193.0,12.0,13.0,0.084030
segdup,2,9,29,20,253,12,13,149.374224
insider,2,9,29,20,253.0,12.0,13.0,0.232459
fastmultrec_greedy,2,9,29,20,253.0,12.0,13.0,0.567673
lcamap,2,9,29,20,253.0,12.0,13.0,0.082529
segdup,2,9,29,25,313,12,13,148.422017
insider,2,9,29,25,313.0,12.0,13.0,0.502273
fastmultrec_greedy,2,9,29,25,313.0,12.0,13.0,0.570034
lcamap,2,9,29,25,313.0,12.0,13.0,0.083669
segdup,2,9,29,5,73,12,13,257.775142
insider,2,9,29,5,73.0,12.0,13.0,0.146408
fastmultrec_greedy,2,9,29,5,73.0,12.0,13.0,0.563906
lcamap,2,9,29,5,73.0,12.0,13.0,0.084805
segdup,1,10,2,10,10,1,0,84.331352
insider,1,10,2,10,10.0,1.0,0.0,0.054940
fastmultrec_greedy,1,10,2,10,10.0,1.0,0.0,0.226118
lcamap,1,10,2,10,10.0,1.0,0.0,0.034786
segdup,1,10,2,15,15,1,0,71.493708
insider,1,10,2,15,15.0,1.0,0.0,0.056949
fastmultrec_greedy,1,10,2,15,15.0,1.0,0.0,0.231373
lcamap,1,10,2,15,15.0,1.0,0.0,0.035205
segdup,1,10,2,20,20,1,0,57.631901
insider,1,10,2,20,20.0,1.0,0.0,0.057307
fastmultrec_greedy,1,10,2,20,20.0,1.0,0.0,0.232861
lcamap,1,10,2,20,20.0,1.0,0.0,0.034726
segdup,1,10,2,25,25,1,0,58.501928
insider,1,10,2,25,25.0,1.0,0.0,0.057359
fastmultrec_greedy,1,10,2,25,25.0,1.0,0.0,0.231475
lcamap,1,10,2,25,25.0,1.0,0.0,0.034043
segdup,1,10,2,5,5,1,0,87.016138
insider,1,10,2,5,5.0,1.0,0.0,0.056715
fastmultrec_greedy,1,10,2,5,5.0,1.0,0.0,0.232000
lcamap,1,10,2,5,5.0,1.0,0.0,0.035090
segdup,1,11,2,10,10,1,0,114.096671
insider,1,11,2,10,10.0,1.0,0.0,0.066030
fastmultrec_greedy,1,11,2,10,10.0,1.0,0.0,0.241170
lcamap,1,11,2,10,10.0,1.0,0.0,0.042316
segdup,1,11,2,15,15,1,0,115.750075
insider,1,11,2,15,15.0,1.0,0.0,0.065075
fastmultrec_greedy,1,11,2,15,15.0,1.0,0.0,0.244043
lcamap,1,11,2,15,15.0,1.0,0.0,0.040858
segdup,1,11,2,20,20,1,0,70.229421
insider,1,11,2,20,20.0,1.0,0.0,0.065257
fastmultrec_greedy,1,11,2,20,20.0,1.0,0.0,0.242862
lcamap,1,11,2,20,20.0,1.0,0.0,0.041617
segdup,1,11,2,25,25,1,0,68.075598
insider,1,11,2,25,25.0,1.0,0.0,0.066262
fastmultrec_greedy,1,11,2,25,25.0,1.0,0.0,0.241369
lcamap,1,11,2,25,25.0,1.0,0.0,0.041692
segdup,1,11,2,5,5,1,0,123.892697
insider,1,11,2,5,5.0,1.0,0.0,0.065133
fastmultrec_greedy,1,11,2,5,5.0,1.0,0.0,0.242271
lcamap,1,11,2,5,5.0,1.0,0.0,0.041047
segdup,1,15,2,10,10,1,0,110.873239
insider,1,15,2,10,10.0,1.0,0.0,0.081616
fastmultrec_greedy,1,15,2,10,10.0,1.0,0.0,0.351866
lcamap,1,15,2,10,10.0,1.0,0.0,0.052909
segdup,1,15,2,15,15,1,0,79.748020
insider,1,15,2,15,15.0,1.0,0.0,0.080242
fastmultrec_greedy,1,15,2,15,15.0,1.0,0.0,0.347858
lcamap,1,15,2,15,15.0,1.0,0.0,0.052353
segdup,1,15,2,20,20,1,0,78.666779
insider,1,15,2,20,20.0,1.0,0.0,0.078651
fastmultrec_greedy,1,15,2,20,20.0,1.0,0.0,0.349376
lcamap,1,15,2,20,20.0,1.0,0.0,0.053362
segdup,1,15,2,25,25,1,0,79.570573
insider,1,15,2,25,25.0,1.0,0.0,0.080768
fastmultrec_greedy,1,15,2,25,25.0,1.0,0.0,0.348063
lcamap,1,15,2,25,25.0,1.0,0.0,0.053895
segdup,1,15,2,5,5,1,0,121.386281
insider,1,15,2,5,5.0,1.0,0.0,0.079309
fastmultrec_greedy,1,15,2,5,5.0,1.0,0.0,0.354242
lcamap,1,15,2,5,5.0,1.0,0.0,0.052906
segdup,1,8,2,10,580,51,70,87.849939
insider,1,8,2,10,578.0,49.0,88.0,0.177823
fastmultrec_greedy,1,8,2,10,580.0,51.0,70.0,0.300633
lcamap,1,8,2,10,580.0,51.0,70.0,0.044864
segdup,1,8,2,15,835,51,70,94.094992
insider,1,8,2,15,823.0,48.0,103.0,0.555389
fastmultrec_greedy,1,8,2,15,835.0,51.0,70.0,0.297636
lcamap,1,8,2,15,835.0,51.0,70.0,0.044527
segdup,1,8,2,20,1090,51,70,85.196406
insider,1,8,2,20,1063.0,48.0,103.0,2.420486
fastmultrec_greedy,1,8,2,20,1090.0,51.0,70.0,0.289837
lcamap,1,8,2,20,1090.0,51.0,70.0,0.044980
segdup,1,8,2,25,1345,51,70,80.191333
insider,1,8,2,25,1297.0,45.0,172.0,28.828290
fastmultrec_greedy,1,8,2,25,1345.0,51.0,70.0,0.299286
lcamap,1,8,2,25,1345.0,51.0,70.0,0.047225
segdup,1,8,2,5,325,51,70,95.670655
insider,1,8,2,5,325.0,51.0,70.0,0.108920
fastmultrec_greedy,1,8,2,5,325.0,51.0,70.0,0.293892
lcamap,1,8,2,5,325.0,51.0,70.0,0.045993
segdup,1,9,2,10,145,13,15,73.829692
insider,1,9,2,10,145.0,13.0,15.0,0.060769
fastmultrec_greedy,1,9,2,10,145.0,13.0,15.0,0.157466
lcamap,1,9,2,10,145.0,13.0,15.0,0.026654
segdup,1,9,2,15,210,13,15,64.889859
insider,1,9,2,15,210.0,13.0,15.0,0.082545
fastmultrec_greedy,1,9,2,15,210.0,13.0,15.0,0.158990
lcamap,1,9,2,15,210.0,13.0,15.0,0.026764
segdup,1,9,2,20,275,13,15,62.305784
insider,1,9,2,20,275.0,13.0,15.0,0.170238
fastmultrec_greedy,1,9,2,20,275.0,13.0,15.0,0.156085
lcamap,1,9,2,20,275.0,13.0,15.0,0.026865
segdup,1,9,2,25,340,13,15,61.555843
insider,1,9,2,25,340.0,13.0,15.0,0.483291
fastmultrec_greedy,1,9,2,25,340.0,13.0,15.0,0.153310
lcamap,1,9,2,25,340.0,13.0,15.0,0.026605
segdup,1,9,2,5,80,13,15,75.158849
insider,1,9,2,5,80.0,13.0,15.0,0.054061
fastmultrec_greedy,1,9,2,5,80.0,13.0,15.0,0.160348
lcamap,1,9,2,5,80.0,13.0,15.0,0.027693
segdup,2,10,2,10,42,4,2,72.975598
insider,2,10,2,10,42.0,4.0,2.0,0.063384
fastmultrec_greedy,2,10,2,10,42.0,4.0,2.0,0.220980
lcamap,2,10,2,10,42.0,4.0,2.0,0.032684
segdup,2,10,2,15,62,4,2,38.870172
insider,2,10,2,15,62.0,4.0,2.0,0.066825
fastmultrec_greedy,2,10,2,15,62.0,4.0,2.0,0.217796
lcamap,2,10,2,15,62.0,4.0,2.0,0.034887
segdup,2,10,2,20,82,4,2,40.488166
insider,2,10,2,20,82.0,4.0,2.0,0.066511
fastmultrec_greedy,2,10,2,20,82.0,4.0,2.0,0.219109
lcamap,2,10,2,20,82.0,4.0,2.0,0.033921
segdup,2,10,2,25,102,4,2,39.992806
insider,2,10,2,25,102.0,4.0,2.0,0.069058
fastmultrec_greedy,2,10,2,25,102.0,4.0,2.0,0.215905
lcamap,2,10,2,25,102.0,4.0,2.0,0.033627
segdup,2,10,2,5,22,4,2,77.565916
insider,2,10,2,5,22.0,4.0,2.0,0.060273
fastmultrec_greedy,2,10,2,5,22.0,4.0,2.0,0.217277
lcamap,2,10,2,5,22.0,4.0,2.0,0.033013
segdup,2,11,2,10,20,2,0,157.131898
insider,2,11,2,10,20.0,2.0,0.0,0.101574
fastmultrec_greedy,2,11,2,10,20.0,2.0,0.0,0.363115
lcamap,2,11,2,10,20.0,2.0,0.0,0.061509
segdup,2,11,2,15,30,2,0,157.407168
insider,2,11,2,15,30.0,2.0,0.0,0.101187
fastmultrec_greedy,2,11,2,15,30.0,2.0,0.0,0.368600
lcamap,2,11,2,15,30.0,2.0,0.0,0.061168
segdup,2,11,2,20,40,2,0,78.649276
insider,2,11,2,20,40.0,2.0,0.0,0.099839
fastmultrec_greedy,2,11,2,20,40.0,2.0,0.0,0.359245
lcamap,2,11,2,20,40.0,2.0,0.0,0.060252
segdup,2,11,2,25,50,2,0,75.789298
insider,2,11,2,25,50.0,2.0,0.0,0.101425
fastmultrec_greedy,2,11,2,25,50.0,2.0,0.0,0.358116
lcamap,2,11,2,25,50.0,2.0,0.0,0.060476
segdup,2,11,2,5,10,2,0,178.252354
insider,2,11,2,5,10.0,2.0,0.0,0.102453
fastmultrec_greedy,2,11,2,5,10.0,2.0,0.0,0.363872
lcamap,2,11,2,5,10.0,2.0,0.0,0.059759
segdup,2,15,2,10,20,2,0,237.220233
insider,2,15,2,10,20.0,2.0,0.0,0.130829
fastmultrec_greedy,2,15,2,10,20.0,2.0,0.0,0.486443
lcamap,2,15,2,10,20.0,2.0,0.0,0.081874
segdup,2,15,2,15,30,2,0,104.517115
insider,2,15,2,15,30.0,2.0,0.0,0.132697
fastmultrec_greedy,2,15,2,15,30.0,2.0,0.0,0.485204
lcamap,2,15,2,15,30.0,2.0,0.0,0.079873
segdup,2,15,2,20,40,2,0,106.673085
insider,2,15,2,20,40.0,2.0,0.0,0.129101
fastmultrec_greedy,2,15,2,20,40.0,2.0,0.0,0.496657
lcamap,2,15,2,20,40.0,2.0,0.0,0.081405
segdup,2,15,2,25,50,2,0,106.415119
insider,2,15,2,25,50.0,2.0,0.0,0.131092
fastmultrec_greedy,2,15,2,25,50.0,2.0,0.0,0.495944
lcamap,2,15,2,25,50.0,2.0,0.0,0.084332
segdup,2,15,2,5,10,2,0,245.689415
insider,2,15,2,5,10.0,2.0,0.0,0.132914
fastmultrec_greedy,2,15,2,5,10.0,2.0,0.0,0.484105
lcamap,2,15,2,5,10.0,2.0,0.0,0.081231
segdup,2,8,2,10,605,47,135,93.018215
insider,2,8,2,10,604.0,46.0,144.0,0.154145
fastmultrec_greedy,2,8,2,10,604.0,46.0,144.0,0.446476
lcamap,2,8,2,10,605.0,47.0,135.0,0.045702
segdup,2,8,2,15,840,47,135,85.315079
insider,2,8,2,15,834.0,46.0,144.0,0.275462
fastmultrec_greedy,2,8,2,15,834.0,46.0,144.0,0.452022
lcamap,2,8,2,15,840.0,47.0,135.0,0.048155
segdup,2,8,2,20,1075,47,135,85.783084
insider,2,8,2,20,1062.0,45.0,162.0,1.002365
fastmultrec_greedy,2,8,2,20,1064.0,46.0,144.0,0.452455
lcamap,2,8,2,20,1075.0,47.0,135.0,0.046195
segdup,2,8,2,25,1310,47,135,85.698156
insider,2,8,2,25,1287.0,45.0,162.0,11.084394
fastmultrec_greedy,2,8,2,25,1294.0,46.0,144.0,0.448671
lcamap,2,8,2,25,1310.0,47.0,135.0,0.045888
segdup,2,8,2,5,370,47,135,91.666712
insider,2,8,2,5,370.0,47.0,135.0,0.110966
fastmultrec_greedy,2,8,2,5,370.0,47.0,135.0,0.249071
lcamap,2,8,2,5,370.0,47.0,135.0,0.044846
segdup,2,9,2,10,205,18,25,47.950595
insider,2,9,2,10,205.0,18.0,25.0,0.078145
fastmultrec_greedy,2,9,2,10,205.0,18.0,25.0,0.143194
lcamap,2,9,2,10,205.0,18.0,25.0,0.027353
segdup,2,9,2,15,295,18,25,46.109345
insider,2,9,2,15,295.0,18.0,25.0,0.099761
fastmultrec_greedy,2,9,2,15,295.0,18.0,25.0,0.144309
lcamap,2,9,2,15,295.0,18.0,25.0,0.026920
segdup,2,9,2,20,385,18,25,36.316550
insider,2,9,2,20,385.0,18.0,25.0,0.122661
fastmultrec_greedy,2,9,2,20,385.0,18.0,25.0,0.145101
lcamap,2,9,2,20,385.0,18.0,25.0,0.025654
segdup,2,9,2,25,475,18,25,36.954600
insider,2,9,2,25,475.0,18.0,25.0,0.239683
fastmultrec_greedy,2,9,2,25,475.0,18.0,25.0,0.143961
lcamap,2,9,2,25,475.0,18.0,25.0,0.026285
segdup,2,9,2,5,115,18,25,53.849627
insider,2,9,2,5,115.0,18.0,25.0,0.068108
fastmultrec_greedy,2,9,2,5,115.0,18.0,25.0,0.143619
lcamap,2,9,2,5,115.0,18.0,25.0,0.026052
segdup,1,10,30,10,20,2,0,130.787650
insider,1,10,30,10,20.0,2.0,0.0,0.073158
fastmultrec_greedy,1,10,30,10,20.0,2.0,0.0,0.269170
lcamap,1,10,30,10,20.0,2.0,0.0,0.045778
segdup,1,10,30,15,30,2,0,83.410531
insider,1,10,30,15,30.0,2.0,0.0,0.073338
fastmultrec_greedy,1,10,30,15,30.0,2.0,0.0,0.269177
lcamap,1,10,30,15,30.0,2.0,0.0,0.046071
segdup,1,10,30,20,40,2,0,82.940135
insider,1,10,30,20,40.0,2.0,0.0,0.075039
fastmultrec_greedy,1,10,30,20,40.0,2.0,0.0,0.272209
lcamap,1,10,30,20,40.0,2.0,0.0,0.046004
segdup,1,10,30,25,50,2,0,80.903469
insider,1,10,30,25,50.0,2.0,0.0,0.073172
fastmultrec_greedy,1,10,30,25,50.0,2.0,0.0,0.271944
lcamap,1,10,30,25,50.0,2.0,0.0,0.046335
segdup,1,10,30,5,10,2,0,137.360790
insider,1,10,30,5,10.0,2.0,0.0,0.074270
fastmultrec_greedy,1,10,30,5,10.0,2.0,0.0,0.273242
lcamap,1,10,30,5,10.0,2.0,0.0,0.046240
segdup,1,11,30,10,10,1,0,158.687231
insider,1,11,30,10,10.0,1.0,0.0,0.093619
fastmultrec_greedy,1,11,30,10,10.0,1.0,0.0,0.382163
lcamap,1,11,30,10,10.0,1.0,0.0,0.061619
segdup,1,11,30,15,15,1,0,103.395898
insider,1,11,30,15,15.0,1.0,0.0,0.092348
fastmultrec_greedy,1,11,30,15,15.0,1.0,0.0,0.377155
lcamap,1,11,30,15,15.0,1.0,0.0,0.061628
segdup,1,11,30,20,20,1,0,103.209088
insider,1,11,30,20,20.0,1.0,0.0,0.093671
fastmultrec_greedy,1,11,30,20,20.0,1.0,0.0,0.377142
lcamap,1,11,30,20,20.0,1.0,0.0,0.062233
segdup,1,11,30,25,25,1,0,102.439837
insider,1,11,30,25,25.0,1.0,0.0,0.093944
fastmultrec_greedy,1,11,30,25,25.0,1.0,0.0,0.381587
lcamap,1,11,30,25,25.0,1.0,0.0,0.062780
segdup,1,11,30,5,5,1,0,169.557314
insider,1,11,30,5,5.0,1.0,0.0,0.096876
fastmultrec_greedy,1,11,30,5,5.0,1.0,0.0,0.377102
lcamap,1,11,30,5,5.0,1.0,0.0,0.061420
segdup,1,15,30,10,10,1,0,88.921894
insider,1,15,30,10,10.0,1.0,0.0,0.046609
fastmultrec_greedy,1,15,30,10,10.0,1.0,0.0,0.168691
lcamap,1,15,30,10,10.0,1.0,0.0,0.026560
segdup,1,15,30,15,15,1,0,52.423418
insider,1,15,30,15,15.0,1.0,0.0,0.047744
fastmultrec_greedy,1,15,30,15,15.0,1.0,0.0,0.168666
lcamap,1,15,30,15,15.0,1.0,0.0,0.027350
segdup,1,15,30,20,20,1,0,49.476450
insider,1,15,30,20,20.0,1.0,0.0,0.045409
fastmultrec_greedy,1,15,30,20,20.0,1.0,0.0,0.169620
lcamap,1,15,30,20,20.0,1.0,0.0,0.027036
segdup,1,15,30,25,25,1,0,49.151654
insider,1,15,30,25,25.0,1.0,0.0,0.049316
fastmultrec_greedy,1,15,30,25,25.0,1.0,0.0,0.172817
lcamap,1,15,30,25,25.0,1.0,0.0,0.026872
segdup,1,15,30,5,5,1,0,92.836196
insider,1,15,30,5,5.0,1.0,0.0,0.047523
fastmultrec_greedy,1,15,30,5,5.0,1.0,0.0,0.165514
lcamap,1,15,30,5,5.0,1.0,0.0,0.026697
segdup,1,8,30,10,402,35,52,102.149195
insider,1,8,30,10,402.0,35.0,52.0,0.133577
fastmultrec_greedy,1,8,30,10,402.0,35.0,52.0,0.303639
lcamap,1,8,30,10,402.0,35.0,52.0,0.052108
segdup,1,8,30,15,577,35,52,90.967703
insider,1,8,30,15,577.0,35.0,52.0,0.293443
fastmultrec_greedy,1,8,30,15,577.0,35.0,52.0,0.304986
lcamap,1,8,30,15,577.0,35.0,52.0,0.052820
segdup,1,8,30,20,752,35,52,90.716551
insider,1,8,30,20,740.0,31.0,120.0,0.792949
fastmultrec_greedy,1,8,30,20,752.0,35.0,52.0,0.304861
lcamap,1,8,30,20,752.0,35.0,52.0,0.052406
segdup,1,8,30,25,927,35,52,92.214463
insider,1,8,30,25,895.0,31.0,120.0,3.651608
fastmultrec_greedy,1,8,30,25,927.0,35.0,52.0,0.304322
lcamap,1,8,30,25,927.0,35.0,52.0,0.051992
segdup,1,8,30,5,227,35,52,104.101312
insider,1,8,30,5,227.0,35.0,52.0,0.099294
fastmultrec_greedy,1,8,30,5,227.0,35.0,52.0,0.307603
lcamap,1,8,30,5,227.0,35.0,52.0,0.051652
segdup,1,9,30,10,42,4,2,112.602416
insider,1,9,30,10,42.0,4.0,2.0,0.078740
fastmultrec_greedy,1,9,30,10,42.0,4.0,2.0,0.320422
lcamap,1,9,30,10,42.0,4.0,2.0,0.048425
segdup,1,9,30,15,62,4,2,77.269469
insider,1,9,30,15,62.0,4.0,2.0,0.079827
fastmultrec_greedy,1,9,30,15,62.0,4.0,2.0,0.328490
lcamap,1,9,30,15,62.0,4.0,2.0,0.049365
segdup,1,9,30,20,82,4,2,77.568620
insider,1,9,30,20,82.0,4.0,2.0,0.081593
fastmultrec_greedy,1,9,30,20,82.0,4.0,2.0,0.326521
lcamap,1,9,30,20,82.0,4.0,2.0,0.051334
segdup,1,9,30,25,102,4,2,78.285480
insider,1,9,30,25,102.0,4.0,2.0,0.086410
fastmultrec_greedy,1,9,30,25,102.0,4.0,2.0,0.320914
lcamap,1,9,30,25,102.0,4.0,2.0,0.048105
segdup,1,9,30,5,22,4,2,121.120922
insider,1,9,30,5,22.0,4.0,2.0,0.078551
fastmultrec_greedy,1,9,30,5,22.0,4.0,2.0,0.326837
lcamap,1,9,30,5,22.0,4.0,2.0,0.049134
segdup,2,10,30,10,20,2,0,135.189064
insider,2,10,30,10,20.0,2.0,0.0,0.076525
fastmultrec_greedy,2,10,30,10,20.0,2.0,0.0,0.291239
lcamap,2,10,30,10,20.0,2.0,0.0,0.040341
segdup,2,10,30,15,30,2,0,103.741479
insider,2,10,30,15,30.0,2.0,0.0,0.073500
fastmultrec_greedy,2,10,30,15,30.0,2.0,0.0,0.291089
lcamap,2,10,30,15,30.0,2.0,0.0,0.040207
segdup,2,10,30,20,40,2,0,76.312949
insider,2,10,30,20,40.0,2.0,0.0,0.074194
fastmultrec_greedy,2,10,30,20,40.0,2.0,0.0,0.291404
lcamap,2,10,30,20,40.0,2.0,0.0,0.040336
segdup,2,10,30,25,50,2,0,77.514020
insider,2,10,30,25,50.0,2.0,0.0,0.072199
fastmultrec_greedy,2,10,30,25,50.0,2.0,0.0,0.289645
lcamap,2,10,30,25,50.0,2.0,0.0,0.040495
segdup,2,10,30,5,10,2,0,142.864533
insider,2,10,30,5,10.0,2.0,0.0,0.072013
fastmultrec_greedy,2,10,30,5,10.0,2.0,0.0,0.290307
lcamap,2,10,30,5,10.0,2.0,0.0,0.041116
segdup,2,11,30,10,20,2,0,116.073375
insider,2,11,30,10,20.0,2.0,0.0,0.084915
fastmultrec_greedy,2,11,30,10,20.0,2.0,0.0,0.325714
lcamap,2,11,30,10,20.0,2.0,0.0,0.049822
segdup,2,11,30,15,30,2,0,62.939476
insider,2,11,30,15,30.0,2.0,0.0,0.084499
fastmultrec_greedy,2,11,30,15,30.0,2.0,0.0,0.323362
lcamap,2,11,30,15,30.0,2.0,0.0,0.050646
segdup,2,11,30,20,40,2,0,65.549592
insider,2,11,30,20,40.0,2.0,0.0,0.082705
fastmultrec_greedy,2,11,30,20,40.0,2.0,0.0,0.318565
lcamap,2,11,30,20,40.0,2.0,0.0,0.049016
segdup,2,11,30,25,50,2,0,62.033116
insider,2,11,30,25,50.0,2.0,0.0,0.084835
fastmultrec_greedy,2,11,30,25,50.0,2.0,0.0,0.317260
lcamap,2,11,30,25,50.0,2.0,0.0,0.050708
segdup,2,11,30,5,10,2,0,148.256581
insider,2,11,30,5,10.0,2.0,0.0,0.083761
fastmultrec_greedy,2,11,30,5,10.0,2.0,0.0,0.315238
lcamap,2,11,30,5,10.0,2.0,0.0,0.048796
segdup,2,8,30,10,658,56,98,128.107984
insider,2,8,30,10,644.0,51.0,134.0,0.294188
fastmultrec_greedy,2,8,30,10,655.0,56.0,95.0,1.390000
lcamap,2,8,30,10,669.0,58.0,89.0,0.067702
segdup,2,8,30,15,937,56,97,116.795846
insider,2,8,30,15,898.0,48.0,178.0,0.895131
fastmultrec_greedy,2,8,30,15,935.0,56.0,95.0,1.413803
lcamap,2,8,30,15,959.0,58.0,89.0,0.067702
segdup,2,8,30,20,1203,55,103,114.096869
insider,2,8,30,20,1135.0,46.0,215.0,13.724250
fastmultrec_greedy,2,8,30,20,1215.0,56.0,95.0,1.397300
lcamap,2,8,30,20,1249.0,58.0,89.0,0.068879
segdup,2,8,30,25,1495,56,95,114.710543
insider,2,8,30,25,1354.0,41.0,329.0,95.313277
fastmultrec_greedy,2,8,30,25,1491.0,55.0,116.0,1.886212
lcamap,2,8,30,25,1539.0,58.0,89.0,0.067740
segdup,2,8,30,5,378,56,98,139.690114
insider,2,8,30,5,375.0,56.0,95.0,0.178578
fastmultrec_greedy,2,8,30,5,375.0,56.0,95.0,1.396384
lcamap,2,8,30,5,379.0,58.0,89.0,0.070256
segdup,2,9,30,10,168,16,8,168.473553
insider,2,9,30,10,168.0,16.0,8.0,0.134573
fastmultrec_greedy,2,9,30,10,168.0,16.0,8.0,0.340586
lcamap,2,9,30,10,168.0,16.0,8.0,0.059153
segdup,2,9,30,15,248,16,8,86.773458
insider,2,9,30,15,248.0,16.0,8.0,0.169732
fastmultrec_greedy,2,9,30,15,248.0,16.0,8.0,0.343789
lcamap,2,9,30,15,248.0,16.0,8.0,0.057755
segdup,2,9,30,20,328,16,8,128.771468
insider,2,9,30,20,328.0,16.0,8.0,0.278127
fastmultrec_greedy,2,9,30,20,328.0,16.0,8.0,0.342709
lcamap,2,9,30,20,328.0,16.0,8.0,0.058495
segdup,2,9,30,25,408,16,8,81.520474
insider,2,9,30,25,408.0,16.0,8.0,1.063185
fastmultrec_greedy,2,9,30,25,408.0,16.0,8.0,0.335484
lcamap,2,9,30,25,408.0,16.0,8.0,0.058606
segdup,2,9,30,5,88,16,8,179.925837
insider,2,9,30,5,88.0,16.0,8.0,0.110940
fastmultrec_greedy,2,9,30,5,88.0,16.0,8.0,0.342534
lcamap,2,9,30,5,88.0,16.0,8.0,0.058793
segdup,1,10,31,10,20,2,0,120.323051
insider,1,10,31,10,20.0,2.0,0.0,0.066393
fastmultrec_greedy,1,10,31,10,20.0,2.0,0.0,0.253630
lcamap,1,10,31,10,20.0,2.0,0.0,0.036990
segdup,1,10,31,15,30,2,0,71.779099
insider,1,10,31,15,30.0,2.0,0.0,0.068183
fastmultrec_greedy,1,10,31,15,30.0,2.0,0.0,0.248901
lcamap,1,10,31,15,30.0,2.0,0.0,0.039193
segdup,1,10,31,20,40,2,0,69.006387
insider,1,10,31,20,40.0,2.0,0.0,0.066485
fastmultrec_greedy,1,10,31,20,40.0,2.0,0.0,0.251462
lcamap,1,10,31,20,40.0,2.0,0.0,0.039444
segdup,1,10,31,25,50,2,0,68.397226
insider,1,10,31,25,50.0,2.0,0.0,0.067558
fastmultrec_greedy,1,10,31,25,50.0,2.0,0.0,0.251862
lcamap,1,10,31,25,50.0,2.0,0.0,0.039728
segdup,1,10,31,5,10,2,0,123.001050
insider,1,10,31,5,10.0,2.0,0.0,0.066710
fastmultrec_greedy,1,10,31,5,10.0,2.0,0.0,0.252298
lcamap,1,10,31,5,10.0,2.0,0.0,0.039553
segdup,1,11,31,10,10,1,0,43.900416
insider,1,11,31,10,10.0,1.0,0.0,0.030105
fastmultrec_greedy,1,11,31,10,10.0,1.0,0.0,0.112054
lcamap,1,11,31,10,10.0,1.0,0.0,0.017276
segdup,1,11,31,15,15,1,0,28.179863
insider,1,11,31,15,15.0,1.0,0.0,0.035955
fastmultrec_greedy,1,11,31,15,15.0,1.0,0.0,0.114118
lcamap,1,11,31,15,15.0,1.0,0.0,0.016605
segdup,1,11,31,20,20,1,0,28.368288
insider,1,11,31,20,20.0,1.0,0.0,0.032130
fastmultrec_greedy,1,11,31,20,20.0,1.0,0.0,0.111732
lcamap,1,11,31,20,20.0,1.0,0.0,0.016574
segdup,1,11,31,25,25,1,0,28.876027
insider,1,11,31,25,25.0,1.0,0.0,0.031022
fastmultrec_greedy,1,11,31,25,25.0,1.0,0.0,0.112876
lcamap,1,11,31,25,25.0,1.0,0.0,0.015979
segdup,1,11,31,5,5,1,0,49.840054
insider,1,11,31,5,5.0,1.0,0.0,0.033792
fastmultrec_greedy,1,11,31,5,5.0,1.0,0.0,0.108939
lcamap,1,11,31,5,5.0,1.0,0.0,0.016962
segdup,1,15,31,10,10,1,0,118.321086
insider,1,15,31,10,10.0,1.0,0.0,0.065893
fastmultrec_greedy,1,15,31,10,10.0,1.0,0.0,0.241638
lcamap,1,15,31,10,10.0,1.0,0.0,0.039287
segdup,1,15,31,15,15,1,0,116.448564
insider,1,15,31,15,15.0,1.0,0.0,0.064732
fastmultrec_greedy,1,15,31,15,15.0,1.0,0.0,0.242815
lcamap,1,15,31,15,15.0,1.0,0.0,0.038180
segdup,1,15,31,20,20,1,0,68.052541
insider,1,15,31,20,20.0,1.0,0.0,0.069212
fastmultrec_greedy,1,15,31,20,20.0,1.0,0.0,0.242668
lcamap,1,15,31,20,20.0,1.0,0.0,0.039012
segdup,1,15,31,25,25,1,0,68.652867
insider,1,15,31,25,25.0,1.0,0.0,0.065613
fastmultrec_greedy,1,15,31,25,25.0,1.0,0.0,0.241901
lcamap,1,15,31,25,25.0,1.0,0.0,0.039084
segdup,1,15,31,5,5,1,0,126.137007
insider,1,15,31,5,5.0,1.0,0.0,0.064422
fastmultrec_greedy,1,15,31,5,5.0,1.0,0.0,0.241352
lcamap,1,15,31,5,5.0,1.0,0.0,0.042601
segdup,1,8,31,10,729,63,99,112.794176
insider,1,8,31,10,728.0,59.0,138.0,0.209504
fastmultrec_greedy,1,8,31,10,733.0,64.0,93.0,0.318390
lcamap,1,8,31,10,733.0,64.0,93.0,0.054180
segdup,1,8,31,15,1053,64,93,107.759324
insider,1,8,31,15,1020.0,58.0,150.0,0.715508
fastmultrec_greedy,1,8,31,15,1053.0,64.0,93.0,0.315584
lcamap,1,8,31,15,1053.0,64.0,93.0,0.056621
segdup,1,8,31,20,1373,64,93,106.674728
insider,1,8,31,20,1292.0,53.0,232.0,2.694210
fastmultrec_greedy,1,8,31,20,1373.0,64.0,93.0,0.320466
lcamap,1,8,31,20,1373.0,64.0,93.0,0.053568
segdup,1,8,31,25,1693,64,93,105.341210
insider,1,8,31,25,1557.0,53.0,232.0,21.474845
fastmultrec_greedy,1,8,31,25,1693.0,64.0,93.0,0.311389
lcamap,1,8,31,25,1693.0,64.0,93.0,0.054323
segdup,1,8,31,5,413,64,93,116.148489
insider,1,8,31,5,413.0,64.0,93.0,0.133990
fastmultrec_greedy,1,8,31,5,413.0,64.0,93.0,0.316258
lcamap,1,8,31,5,413.0,64.0,93.0,0.054091
segdup,1,9,31,10,105,10,5,72.551693
insider,1,9,31,10,105.0,10.0,5.0,0.046996
fastmultrec_greedy,1,9,31,10,105.0,10.0,5.0,0.119718
lcamap,1,9,31,10,105.0,10.0,5.0,0.020691
segdup,1,9,31,15,155,10,5,69.835787
insider,1,9,31,15,155.0,10.0,5.0,0.056528
fastmultrec_greedy,1,9,31,15,155.0,10.0,5.0,0.122605
lcamap,1,9,31,15,155.0,10.0,5.0,0.021709
segdup,1,9,31,20,205,10,5,57.020881
insider,1,9,31,20,205.0,10.0,5.0,0.072619
fastmultrec_greedy,1,9,31,20,205.0,10.0,5.0,0.121196
lcamap,1,9,31,20,205.0,10.0,5.0,0.020843
segdup,1,9,31,25,255,10,5,56.947903
insider,1,9,31,25,255.0,10.0,5.0,0.107556
fastmultrec_greedy,1,9,31,25,255.0,10.0,5.0,0.120875
lcamap,1,9,31,25,255.0,10.0,5.0,0.020721
segdup,1,9,31,5,55,10,5,70.884544
insider,1,9,31,5,55.0,10.0,5.0,0.042373
fastmultrec_greedy,1,9,31,5,55.0,10.0,5.0,0.121278
lcamap,1,9,31,5,55.0,10.0,5.0,0.020485
segdup,2,10,31,10,41,4,1,246.918516
insider,2,10,31,10,41.0,4.0,1.0,0.125697
fastmultrec_greedy,2,10,31,10,41.0,4.0,1.0,0.495763
lcamap,2,10,31,10,41.0,4.0,1.0,0.075302
segdup,2,10,31,15,61,4,1,208.955619
insider,2,10,31,15,61.0,4.0,1.0,0.128682
fastmultrec_greedy,2,10,31,15,61.0,4.0,1.0,0.491147
lcamap,2,10,31,15,61.0,4.0,1.0,0.076699
segdup,2,10,31,20,81,4,1,129.470260
insider,2,10,31,20,81.0,4.0,1.0,0.129272
fastmultrec_greedy,2,10,31,20,81.0,4.0,1.0,0.500462
lcamap,2,10,31,20,81.0,4.0,1.0,0.075635
segdup,2,10,31,25,101,4,1,128.378966
insider,2,10,31,25,101.0,4.0,1.0,0.133596
fastmultrec_greedy,2,10,31,25,101.0,4.0,1.0,0.491437
lcamap,2,10,31,25,101.0,4.0,1.0,0.074808
segdup,2,10,31,5,21,4,1,265.100130
insider,2,10,31,5,21.0,4.0,1.0,0.125461
fastmultrec_greedy,2,10,31,5,21.0,4.0,1.0,0.501270
lcamap,2,10,31,5,21.0,4.0,1.0,0.074764
segdup,2,11,31,10,20,2,0,161.887903
insider,2,11,31,10,20.0,2.0,0.0,0.101822
fastmultrec_greedy,2,11,31,10,20.0,2.0,0.0,0.373106
lcamap,2,11,31,10,20.0,2.0,0.0,0.064938
segdup,2,11,31,15,30,2,0,76.163556
insider,2,11,31,15,30.0,2.0,0.0,0.102960
fastmultrec_greedy,2,11,31,15,30.0,2.0,0.0,0.367287
lcamap,2,11,31,15,30.0,2.0,0.0,0.063751
segdup,2,11,31,20,40,2,0,75.641638
insider,2,11,31,20,40.0,2.0,0.0,0.107463
fastmultrec_greedy,2,11,31,20,40.0,2.0,0.0,0.372290
lcamap,2,11,31,20,40.0,2.0,0.0,0.064961
segdup,2,11,31,25,50,2,0,76.010918
insider,2,11,31,25,50.0,2.0,0.0,0.104090
fastmultrec_greedy,2,11,31,25,50.0,2.0,0.0,0.366418
lcamap,2,11,31,25,50.0,2.0,0.0,0.063466
segdup,2,11,31,5,10,2,0,179.029386
insider,2,11,31,5,10.0,2.0,0.0,0.101530
fastmultrec_greedy,2,11,31,5,10.0,2.0,0.0,0.370598
lcamap,2,11,31,5,10.0,2.0,0.0,0.063780
segdup,2,15,31,10,20,2,0,144.606151
insider,2,15,31,10,20.0,2.0,0.0,0.076757
fastmultrec_greedy,2,15,31,10,20.0,2.0,0.0,0.279041
lcamap,2,15,31,10,20.0,2.0,0.0,0.042960
segdup,2,15,31,15,30,2,0,120.807124
insider,2,15,31,15,30.0,2.0,0.0,0.075109
fastmultrec_greedy,2,15,31,15,30.0,2.0,0.0,0.279836
lcamap,2,15,31,15,30.0,2.0,0.0,0.039957
segdup,2,15,31,20,40,2,0,116.185203
insider,2,15,31,20,40.0,2.0,0.0,0.075915
fastmultrec_greedy,2,15,31,20,40.0,2.0,0.0,0.275736
lcamap,2,15,31,20,40.0,2.0,0.0,0.042506
segdup,2,15,31,25,50,2,0,73.847015
insider,2,15,31,25,50.0,2.0,0.0,0.076245
fastmultrec_greedy,2,15,31,25,50.0,2.0,0.0,0.277434
lcamap,2,15,31,25,50.0,2.0,0.0,0.041301
segdup,2,15,31,5,10,2,0,153.341833
insider,2,15,31,5,10.0,2.0,0.0,0.076240
fastmultrec_greedy,2,15,31,5,10.0,2.0,0.0,0.282602
lcamap,2,15,31,5,10.0,2.0,0.0,0.040426
segdup,2,8,31,10,363,31,53,78.883011
insider,2,8,31,10,361.0,29.0,71.0,0.198986
fastmultrec_greedy,2,8,31,10,363.0,31.0,53.0,0.246353
lcamap,2,8,31,10,363.0,31.0,53.0,0.042844
segdup,2,8,31,15,518,31,53,73.641155
insider,2,8,31,15,506.0,29.0,71.0,0.405575
fastmultrec_greedy,2,8,31,15,518.0,31.0,53.0,0.249151
lcamap,2,8,31,15,518.0,31.0,53.0,0.041507
segdup,2,8,31,20,673,31,53,62.562816
insider,2,8,31,20,649.0,27.0,109.0,1.424607
fastmultrec_greedy,2,8,31,20,673.0,31.0,53.0,0.247613
lcamap,2,8,31,20,673.0,31.0,53.0,0.042403
segdup,2,8,31,25,828,31,53,61.430433
insider,2,8,31,25,783.0,26.0,133.0,9.004584
fastmultrec_greedy,2,8,31,25,828.0,31.0,53.0,0.244879
lcamap,2,8,31,25,828.0,31.0,53.0,0.043138
segdup,2,8,31,5,208,31,53,81.914117
insider,2,8,31,5,208.0,31.0,53.0,0.122610
fastmultrec_greedy,2,8,31,5,208.0,31.0,53.0,0.249930
lcamap,2,8,31,5,208.0,31.0,53.0,0.043546
segdup,1,10,32,10,21,2,1,88.795604
insider,1,10,32,10,21.0,2.0,1.0,0.053701
fastmultrec_greedy,1,10,32,10,21.0,2.0,1.0,0.213266
lcamap,1,10,32,10,21.0,2.0,1.0,0.032179
segdup,1,10,32,15,31,2,1,83.282707
insider,1,10,32,15,31.0,2.0,1.0,0.054960
fastmultrec_greedy,1,10,32,15,31.0,2.0,1.0,0.209941
lcamap,1,10,32,15,31.0,2.0,1.0,0.033600
segdup,1,10,32,20,41,2,1,55.055402
insider,1,10,32,20,41.0,2.0,1.0,0.054697
fastmultrec_greedy,1,10,32,20,41.0,2.0,1.0,0.204169
lcamap,1,10,32,20,41.0,2.0,1.0,0.032413
segdup,1,10,32,25,51,2,1,55.945133
insider,1,10,32,25,51.0,2.0,1.0,0.055263
fastmultrec_greedy,1,10,32,25,51.0,2.0,1.0,0.204878
lcamap,1,10,32,25,51.0,2.0,1.0,0.032028
segdup,1,10,32,5,11,2,1,96.005923
insider,1,10,32,5,11.0,2.0,1.0,0.053341
fastmultrec_greedy,1,10,32,5,11.0,2.0,1.0,0.203705
lcamap,1,10,32,5,11.0,2.0,1.0,0.031788
segdup,1,11,32,10,10,1,0,118.516704
insider,1,11,32,10,10.0,1.0,0.0,0.072065
fastmultrec_greedy,1,11,32,10,10.0,1.0,0.0,0.268191
lcamap,1,11,32,10,10.0,1.0,0.0,0.045084
segdup,1,11,32,15,15,1,0,101.435475
insider,1,11,32,15,15.0,1.0,0.0,0.071956
fastmultrec_greedy,1,11,32,15,15.0,1.0,0.0,0.269669
lcamap,1,11,32,15,15.0,1.0,0.0,0.045576
segdup,1,11,32,20,20,1,0,70.305402
insider,1,11,32,20,20.0,1.0,0.0,0.073339
fastmultrec_greedy,1,11,32,20,20.0,1.0,0.0,0.266189
lcamap,1,11,32,20,20.0,1.0,0.0,0.043850
segdup,1,11,32,25,25,1,0,70.135181
insider,1,11,32,25,25.0,1.0,0.0,0.070467
fastmultrec_greedy,1,11,32,25,25.0,1.0,0.0,0.264176
lcamap,1,11,32,25,25.0,1.0,0.0,0.046537
segdup,1,11,32,5,5,1,0,133.315064
insider,1,11,32,5,5.0,1.0,0.0,0.070956
fastmultrec_greedy,1,11,32,5,5.0,1.0,0.0,0.259698
lcamap,1,11,32,5,5.0,1.0,0.0,0.045269
segdup,1,15,32,10,10,1,0,159.142144
insider,1,15,32,10,10.0,1.0,0.0,0.089707
fastmultrec_greedy,1,15,32,10,10.0,1.0,0.0,0.389008
lcamap,1,15,32,10,10.0,1.0,0.0,0.060344
segdup,1,15,32,15,15,1,0,103.454838
insider,1,15,32,15,15.0,1.0,0.0,0.084102
fastmultrec_greedy,1,15,32,15,15.0,1.0,0.0,0.368405
lcamap,1,15,32,15,15.0,1.0,0.0,0.053934
segdup,1,15,32,20,20,1,0,99.936723
insider,1,15,32,20,20.0,1.0,0.0,0.083133
fastmultrec_greedy,1,15,32,20,20.0,1.0,0.0,0.358009
lcamap,1,15,32,20,20.0,1.0,0.0,0.052148
segdup,1,15,32,25,25,1,0,110.006373
insider,1,15,32,25,25.0,1.0,0.0,0.098930
fastmultrec_greedy,1,15,32,25,25.0,1.0,0.0,0.369217
lcamap,1,15,32,25,25.0,1.0,0.0,0.058641
segdup,1,15,32,5,5,1,0,169.998920
insider,1,15,32,5,5.0,1.0,0.0,0.085711
fastmultrec_greedy,1,15,32,5,5.0,1.0,0.0,0.365768
lcamap,1,15,32,5,5.0,1.0,0.0,0.054929
segdup,1,8,32,10,321,28,41,55.416791
insider,1,8,32,10,321.0,28.0,41.0,0.093072
fastmultrec_greedy,1,8,32,10,321.0,28.0,41.0,0.123596
lcamap,1,8,32,10,321.0,28.0,41.0,0.020459
segdup,1,8,32,15,461,28,41,54.543797
insider,1,8,32,15,461.0,28.0,41.0,0.246927
fastmultrec_greedy,1,8,32,15,461.0,28.0,41.0,0.124985
lcamap,1,8,32,15,461.0,28.0,41.0,0.020647
segdup,1,8,32,20,601,28,41,47.472879
insider,1,8,32,20,594.0,26.0,74.0,0.654549
fastmultrec_greedy,1,8,32,20,601.0,28.0,41.0,0.122298
lcamap,1,8,32,20,601.0,28.0,41.0,0.020617
segdup,1,8,32,25,741,28,41,48.984367
insider,1,8,32,25,723.0,25.0,98.0,19.086615
fastmultrec_greedy,1,8,32,25,741.0,28.0,41.0,0.121404
lcamap,1,8,32,25,741.0,28.0,41.0,0.020582
segdup,1,8,32,5,181,28,41,57.205664
insider,1,8,32,5,181.0,28.0,41.0,0.055755
fastmultrec_greedy,1,8,32,5,181.0,28.0,41.0,0.124185
lcamap,1,8,32,5,181.0,28.0,41.0,0.020379
segdup,1,9,32,10,100,9,10,45.248860
insider,1,9,32,10,100.0,9.0,10.0,0.043185
fastmultrec_greedy,1,9,32,10,100.0,9.0,10.0,0.108102
lcamap,1,9,32,10,100.0,9.0,10.0,0.018561
segdup,1,9,32,15,145,9,10,40.490436
insider,1,9,32,15,145.0,9.0,10.0,0.054343
fastmultrec_greedy,1,9,32,15,145.0,9.0,10.0,0.107516
lcamap,1,9,32,15,145.0,9.0,10.0,0.018589
segdup,1,9,32,20,190,9,10,32.761402
insider,1,9,32,20,190.0,9.0,10.0,0.061142
fastmultrec_greedy,1,9,32,20,190.0,9.0,10.0,0.106925
lcamap,1,9,32,20,190.0,9.0,10.0,0.017897
segdup,1,9,32,25,235,9,10,33.389232
insider,1,9,32,25,235.0,9.0,10.0,0.076215
fastmultrec_greedy,1,9,32,25,235.0,9.0,10.0,0.107180
lcamap,1,9,32,25,235.0,9.0,10.0,0.018069
segdup,1,9,32,5,55,9,10,48.064939
insider,1,9,32,5,55.0,9.0,10.0,0.037645
fastmultrec_greedy,1,9,32,5,55.0,9.0,10.0,0.106252
lcamap,1,9,32,5,55.0,9.0,10.0,0.018134
segdup,2,10,32,10,21,2,1,213.454025
insider,2,10,32,10,21.0,2.0,1.0,0.113265
fastmultrec_greedy,2,10,32,10,21.0,2.0,1.0,0.421950
lcamap,2,10,32,10,21.0,2.0,1.0,0.068639
segdup,2,10,32,15,31,2,1,122.465831
insider,2,10,32,15,31.0,2.0,1.0,0.117385
fastmultrec_greedy,2,10,32,15,31.0,2.0,1.0,0.424427
lcamap,2,10,32,15,31.0,2.0,1.0,0.067857
segdup,2,10,32,20,41,2,1,120.203584
insider,2,10,32,20,41.0,2.0,1.0,0.114341
fastmultrec_greedy,2,10,32,20,41.0,2.0,1.0,0.423163
lcamap,2,10,32,20,41.0,2.0,1.0,0.066740
segdup,2,10,32,25,51,2,1,120.508615
insider,2,10,32,25,51.0,2.0,1.0,0.113946
fastmultrec_greedy,2,10,32,25,51.0,2.0,1.0,0.449751
lcamap,2,10,32,25,51.0,2.0,1.0,0.068428
segdup,2,10,32,5,11,2,1,251.668404
insider,2,10,32,5,11.0,2.0,1.0,0.113610
fastmultrec_greedy,2,10,32,5,11.0,2.0,1.0,0.425598
lcamap,2,10,32,5,11.0,2.0,1.0,0.066774
segdup,2,11,32,10,20,2,0,89.200988
insider,2,11,32,10,20.0,2.0,0.0,0.058694
fastmultrec_greedy,2,11,32,10,20.0,2.0,0.0,0.183140
lcamap,2,11,32,10,20.0,2.0,0.0,0.032310
segdup,2,11,32,15,30,2,0,38.936679
insider,2,11,32,15,30.0,2.0,0.0,0.058889
fastmultrec_greedy,2,11,32,15,30.0,2.0,0.0,0.183052
lcamap,2,11,32,15,30.0,2.0,0.0,0.033121
segdup,2,11,32,20,40,2,0,38.966288
insider,2,11,32,20,40.0,2.0,0.0,0.060438
fastmultrec_greedy,2,11,32,20,40.0,2.0,0.0,0.182620
lcamap,2,11,32,20,40.0,2.0,0.0,0.034160
segdup,2,11,32,25,50,2,0,39.419656
insider,2,11,32,25,50.0,2.0,0.0,0.059005
fastmultrec_greedy,2,11,32,25,50.0,2.0,0.0,0.184685
lcamap,2,11,32,25,50.0,2.0,0.0,0.032966
segdup,2,11,32,5,10,2,0,87.769012
insider,2,11,32,5,10.0,2.0,0.0,0.060123
fastmultrec_greedy,2,11,32,5,10.0,2.0,0.0,0.186943
lcamap,2,11,32,5,10.0,2.0,0.0,0.032184
segdup,2,15,32,10,20,2,0,146.765246
insider,2,15,32,10,20.0,2.0,0.0,0.116910
fastmultrec_greedy,2,15,32,10,20.0,2.0,0.0,0.592590
lcamap,2,15,32,10,20.0,2.0,0.0,0.070421
segdup,2,15,32,15,30,2,0,144.752578
insider,2,15,32,15,30.0,2.0,0.0,0.119106
fastmultrec_greedy,2,15,32,15,30.0,2.0,0.0,0.582406
lcamap,2,15,32,15,30.0,2.0,0.0,0.072145
segdup,2,15,32,20,40,2,0,88.431774
insider,2,15,32,20,40.0,2.0,0.0,0.115481
fastmultrec_greedy,2,15,32,20,40.0,2.0,0.0,0.579885
lcamap,2,15,32,20,40.0,2.0,0.0,0.073575
segdup,2,15,32,25,50,2,0,88.366145
insider,2,15,32,25,50.0,2.0,0.0,0.115168
fastmultrec_greedy,2,15,32,25,50.0,2.0,0.0,0.592838
lcamap,2,15,32,25,50.0,2.0,0.0,0.071205
segdup,2,15,32,5,10,2,0,156.445888
insider,2,15,32,5,10.0,2.0,0.0,0.115382
fastmultrec_greedy,2,15,32,5,10.0,2.0,0.0,0.580290
lcamap,2,15,32,5,10.0,2.0,0.0,0.071182
segdup,2,8,32,10,1150,88,270,208.470692
insider,2,8,32,10,1137.0,81.0,327.0,0.405235
fastmultrec_greedy,2,8,32,10,1146.0,87.0,276.0,1.322901
lcamap,2,8,32,10,1150.0,88.0,270.0,0.109250
segdup,2,8,32,15,1590,88,270,199.709265
insider,2,8,32,15,1539.0,80.0,339.0,0.706926
fastmultrec_greedy,2,8,32,15,1581.0,87.0,276.0,1.309193
lcamap,2,8,32,15,1590.0,88.0,270.0,0.111087
segdup,2,8,32,20,2030,88,270,199.012606
insider,2,8,32,20,1930.0,77.0,390.0,1.864144
fastmultrec_greedy,2,8,32,20,2016.0,87.0,276.0,1.321879
lcamap,2,8,32,20,2030.0,88.0,270.0,0.110100
segdup,2,8,32,25,2470,88,270,198.371156
insider,2,8,32,25,2304.0,72.0,504.0,6.502753
fastmultrec_greedy,2,8,32,25,2451.0,87.0,276.0,1.316533
lcamap,2,8,32,25,2470.0,88.0,270.0,0.111336
segdup,2,8,32,5,710,88,270,213.745145
insider,2,8,32,5,710.0,88.0,270.0,0.264117
fastmultrec_greedy,2,8,32,5,710.0,88.0,270.0,0.714252
lcamap,2,8,32,5,710.0,88.0,270.0,0.111848
segdup,2,9,32,10,514,43,84,125.443740
insider,2,9,32,10,509.0,40.0,109.0,0.298247
fastmultrec_greedy,2,9,32,10,514.0,43.0,84.0,0.425487
lcamap,2,9,32,10,514.0,43.0,84.0,0.068141
segdup,2,9,32,15,729,43,84,107.307432
insider,2,9,32,15,709.0,40.0,109.0,0.581276
fastmultrec_greedy,2,9,32,15,729.0,43.0,84.0,0.423257
lcamap,2,9,32,15,729.0,43.0,84.0,0.070085
segdup,2,9,32,20,944,43,84,106.153928
insider,2,9,32,20,909.0,40.0,109.0,2.105157
fastmultrec_greedy,2,9,32,20,944.0,43.0,84.0,0.424517
lcamap,2,9,32,20,944.0,43.0,84.0,0.068680
segdup,2,9,32,25,1159,43,84,106.402054
insider,2,9,32,25,1109.0,40.0,109.0,9.715616
fastmultrec_greedy,2,9,32,25,1159.0,43.0,84.0,0.416012
lcamap,2,9,32,25,1159.0,43.0,84.0,0.068616
segdup,2,9,32,5,299,43,84,137.375608
insider,2,9,32,5,299.0,43.0,84.0,0.180688
fastmultrec_greedy,2,9,32,5,299.0,43.0,84.0,0.429574
lcamap,2,9,32,5,299.0,43.0,84.0,0.070798
segdup,1,10,33,10,20,2,0,84.471926
insider,1,10,33,10,20.0,2.0,0.0,0.046345
fastmultrec_greedy,1,10,33,10,20.0,2.0,0.0,0.169068
lcamap,1,10,33,10,20.0,2.0,0.0,0.026484
segdup,1,10,33,15,30,2,0,53.889953
insider,1,10,33,15,30.0,2.0,0.0,0.048031
fastmultrec_greedy,1,10,33,15,30.0,2.0,0.0,0.175704
lcamap,1,10,33,15,30.0,2.0,0.0,0.026268
segdup,1,10,33,20,40,2,0,65.912481
insider,1,10,33,20,40.0,2.0,0.0,0.046491
fastmultrec_greedy,1,10,33,20,40.0,2.0,0.0,0.194499
lcamap,1,10,33,20,40.0,2.0,0.0,0.027704
segdup,1,10,33,25,50,2,0,59.275878
insider,1,10,33,25,50.0,2.0,0.0,0.057079
fastmultrec_greedy,1,10,33,25,50.0,2.0,0.0,0.217813
lcamap,1,10,33,25,50.0,2.0,0.0,0.032762
segdup,1,10,33,5,10,2,0,84.208178
insider,1,10,33,5,10.0,2.0,0.0,0.046406
fastmultrec_greedy,1,10,33,5,10.0,2.0,0.0,0.167619
lcamap,1,10,33,5,10.0,2.0,0.0,0.026036
segdup,1,11,33,10,10,1,0,141.171142
insider,1,11,33,10,10.0,1.0,0.0,0.068207
fastmultrec_greedy,1,11,33,10,10.0,1.0,0.0,0.233322
lcamap,1,11,33,10,10.0,1.0,0.0,0.040582
segdup,1,11,33,15,15,1,0,138.071891
insider,1,11,33,15,15.0,1.0,0.0,0.068678
fastmultrec_greedy,1,11,33,15,15.0,1.0,0.0,0.235860
lcamap,1,11,33,15,15.0,1.0,0.0,0.042044
segdup,1,11,33,20,20,1,0,75.192476
insider,1,11,33,20,20.0,1.0,0.0,0.071119
fastmultrec_greedy,1,11,33,20,20.0,1.0,0.0,0.247441
lcamap,1,11,33,20,20.0,1.0,0.0,0.042946
segdup,1,11,33,25,25,1,0,82.099135
insider,1,11,33,25,25.0,1.0,0.0,0.057613
fastmultrec_greedy,1,11,33,25,25.0,1.0,0.0,0.204933
lcamap,1,11,33,25,25.0,1.0,0.0,0.039516
segdup,1,11,33,5,5,1,0,146.649452
insider,1,11,33,5,5.0,1.0,0.0,0.066812
fastmultrec_greedy,1,11,33,5,5.0,1.0,0.0,0.236275
lcamap,1,11,33,5,5.0,1.0,0.0,0.041488
segdup,1,15,33,10,10,1,0,263.527954
insider,1,15,33,10,10.0,1.0,0.0,0.121551
fastmultrec_greedy,1,15,33,10,10.0,1.0,0.0,0.459979
lcamap,1,15,33,10,10.0,1.0,0.0,0.082034
segdup,1,15,33,15,15,1,0,250.984270
insider,1,15,33,15,15.0,1.0,0.0,0.121543
fastmultrec_greedy,1,15,33,15,15.0,1.0,0.0,0.452236
lcamap,1,15,33,15,15.0,1.0,0.0,0.077660
segdup,1,15,33,20,20,1,0,148.788307
insider,1,15,33,20,20.0,1.0,0.0,0.127063
fastmultrec_greedy,1,15,33,20,20.0,1.0,0.0,0.462647
lcamap,1,15,33,20,20.0,1.0,0.0,0.079911
segdup,1,15,33,25,25,1,0,148.244267
insider,1,15,33,25,25.0,1.0,0.0,0.119776
fastmultrec_greedy,1,15,33,25,25.0,1.0,0.0,0.454998
lcamap,1,15,33,25,25.0,1.0,0.0,0.082020
segdup,1,15,33,5,5,1,0,271.601094
insider,1,15,33,5,5.0,1.0,0.0,0.098800
fastmultrec_greedy,1,15,33,5,5.0,1.0,0.0,0.385872
lcamap,1,15,33,5,5.0,1.0,0.0,0.069355
segdup,1,8,33,10,196,17,26,103.658298
insider,1,8,33,10,192.0,16.0,32.0,0.079395
fastmultrec_greedy,1,8,33,10,192.0,16.0,32.0,0.322118
lcamap,1,8,33,10,196.0,17.0,26.0,0.032133
segdup,1,8,33,15,281,17,26,114.030400
insider,1,8,33,15,269.0,15.0,44.0,0.093822
fastmultrec_greedy,1,8,33,15,269.0,15.0,44.0,0.419090
lcamap,1,8,33,15,281.0,17.0,26.0,0.027118
segdup,1,8,33,20,366,17,26,85.852386
insider,1,8,33,20,344.0,15.0,44.0,0.109556
fastmultrec_greedy,1,8,33,20,344.0,15.0,44.0,0.412123
lcamap,1,8,33,20,366.0,17.0,26.0,0.028344
segdup,1,8,33,25,451,17,26,87.667505
insider,1,8,33,25,419.0,15.0,44.0,0.221957
fastmultrec_greedy,1,8,33,25,419.0,15.0,44.0,0.418630
lcamap,1,8,33,25,451.0,17.0,26.0,0.027424
segdup,1,8,33,5,111,17,26,112.471026
insider,1,8,33,5,111.0,17.0,26.0,0.058226
fastmultrec_greedy,1,8,33,5,111.0,17.0,26.0,0.165506
lcamap,1,8,33,5,111.0,17.0,26.0,0.026693
segdup,1,9,33,10,161,15,11,167.489781
insider,1,9,33,10,161.0,15.0,11.0,0.115310
fastmultrec_greedy,1,9,33,10,161.0,15.0,11.0,0.467280
lcamap,1,9,33,10,161.0,15.0,11.0,0.065433
segdup,1,9,33,15,236,15,11,168.717789
insider,1,9,33,15,236.0,15.0,11.0,0.127057
fastmultrec_greedy,1,9,33,15,236.0,15.0,11.0,0.460557
lcamap,1,9,33,15,236.0,15.0,11.0,0.072475
segdup,1,9,33,20,311,15,11,146.305673
insider,1,9,33,20,311.0,15.0,11.0,0.156040
fastmultrec_greedy,1,9,33,20,311.0,15.0,11.0,0.471365
lcamap,1,9,33,20,311.0,15.0,11.0,0.074238
segdup,1,9,33,25,386,15,11,124.834173
insider,1,9,33,25,386.0,15.0,11.0,0.252010
fastmultrec_greedy,1,9,33,25,386.0,15.0,11.0,0.431294
lcamap,1,9,33,25,386.0,15.0,11.0,0.062183
segdup,1,9,33,5,86,15,11,189.180822
insider,1,9,33,5,86.0,15.0,11.0,0.119003
fastmultrec_greedy,1,9,33,5,86.0,15.0,11.0,0.441349
lcamap,1,9,33,5,86.0,15.0,11.0,0.062647
segdup,2,10,33,10,32,3,2,294.576475
insider,2,10,33,10,32.0,3.0,2.0,0.150776
fastmultrec_greedy,2,10,33,10,32.0,3.0,2.0,0.512845
lcamap,2,10,33,10,32.0,3.0,2.0,0.091771
segdup,2,10,33,15,47,3,2,244.724329
insider,2,10,33,15,47.0,3.0,2.0,0.176414
fastmultrec_greedy,2,10,33,15,47.0,3.0,2.0,0.517723
lcamap,2,10,33,15,47.0,3.0,2.0,0.091322
segdup,2,10,33,20,62,3,2,155.644117
insider,2,10,33,20,62.0,3.0,2.0,0.156712
fastmultrec_greedy,2,10,33,20,62.0,3.0,2.0,0.549756
lcamap,2,10,33,20,62.0,3.0,2.0,0.090938
segdup,2,10,33,25,77,3,2,148.185523
insider,2,10,33,25,77.0,3.0,2.0,0.160047
fastmultrec_greedy,2,10,33,25,77.0,3.0,2.0,0.509973
lcamap,2,10,33,25,77.0,3.0,2.0,0.090913
segdup,2,10,33,5,17,3,2,324.972065
insider,2,10,33,5,17.0,3.0,2.0,0.157328
fastmultrec_greedy,2,10,33,5,17.0,3.0,2.0,0.509621
lcamap,2,10,33,5,17.0,3.0,2.0,0.094317
segdup,2,15,33,10,20,2,0,129.754319
insider,2,15,33,10,20.0,2.0,0.0,0.070426
fastmultrec_greedy,2,15,33,10,20.0,2.0,0.0,0.239134
lcamap,2,15,33,10,20.0,2.0,0.0,0.039016
segdup,2,15,33,15,30,2,0,101.029933
insider,2,15,33,15,30.0,2.0,0.0,0.086816
fastmultrec_greedy,2,15,33,15,30.0,2.0,0.0,0.285553
lcamap,2,15,33,15,30.0,2.0,0.0,0.046512
segdup,2,15,33,20,40,2,0,63.689695
insider,2,15,33,20,40.0,2.0,0.0,0.073074
fastmultrec_greedy,2,15,33,20,40.0,2.0,0.0,0.234181
lcamap,2,15,33,20,40.0,2.0,0.0,0.038737
segdup,2,15,33,25,50,2,0,60.051172
insider,2,15,33,25,50.0,2.0,0.0,0.071999
fastmultrec_greedy,2,15,33,25,50.0,2.0,0.0,0.245193
lcamap,2,15,33,25,50.0,2.0,0.0,0.039520
segdup,2,15,33,5,10,2,0,139.018325
insider,2,15,33,5,10.0,2.0,0.0,0.071685
fastmultrec_greedy,2,15,33,5,10.0,2.0,0.0,0.238789
lcamap,2,15,33,5,10.0,2.0,0.0,0.037851
segdup,2,8,33,10,882,66,222,138.879040
insider,2,8,33,10,867.0,63.0,237.0,0.356823
fastmultrec_greedy,2,8,33,10,868.0,64.0,228.0,0.853262
lcamap,2,8,33,10,882.0,66.0,222.0,0.051409
segdup,2,8,33,15,1202,65,227,127.711661
insider,2,8,33,15,1167.0,58.0,297.0,0.909873
fastmultrec_greedy,2,8,33,15,1188.0,64.0,228.0,0.769029
lcamap,2,8,33,15,1212.0,66.0,222.0,0.053578
segdup,2,8,33,20,1535,65,235,119.563493
insider,2,8,33,20,1450.0,56.0,330.0,2.902519
fastmultrec_greedy,2,8,33,20,1508.0,64.0,228.0,0.776539
lcamap,2,8,33,20,1542.0,66.0,222.0,0.052164
segdup,2,8,33,25,1852,65,227,93.198171
insider,2,8,33,25,1722.0,54.0,372.0,13.951055
fastmultrec_greedy,2,8,33,25,1828.0,64.0,228.0,0.682776
lcamap,2,8,33,25,1872.0,66.0,222.0,0.044832
segdup,2,8,33,5,552,66,222,152.221225
insider,2,8,33,5,548.0,64.0,228.0,0.176537
fastmultrec_greedy,2,8,33,5,548.0,64.0,228.0,0.767738
lcamap,2,8,33,5,552.0,66.0,222.0,0.050992
segdup,2,9,33,10,136,12,16,229.789079
insider,2,9,33,10,136.0,12.0,16.0,0.150405
fastmultrec_greedy,2,9,33,10,136.0,12.0,16.0,0.561536
lcamap,2,9,33,10,136.0,12.0,16.0,0.078710
segdup,2,9,33,15,196,12,16,160.378498
insider,2,9,33,15,196.0,12.0,16.0,0.173025
fastmultrec_greedy,2,9,33,15,196.0,12.0,16.0,0.516610
lcamap,2,9,33,15,196.0,12.0,16.0,0.073652
segdup,2,9,33,20,256,12,16,162.989450
insider,2,9,33,20,256.0,12.0,16.0,0.193034
fastmultrec_greedy,2,9,33,20,256.0,12.0,16.0,0.528185
lcamap,2,9,33,20,256.0,12.0,16.0,0.079008
segdup,2,9,33,25,316,12,16,157.723964
insider,2,9,33,25,316.0,12.0,16.0,0.270880
fastmultrec_greedy,2,9,33,25,316.0,12.0,16.0,0.529992
lcamap,2,9,33,25,316.0,12.0,16.0,0.079778
segdup,2,9,33,5,76,12,16,278.602187
insider,2,9,33,5,76.0,12.0,16.0,0.139646
fastmultrec_greedy,2,9,33,5,76.0,12.0,16.0,0.517991
lcamap,2,9,33,5,76.0,12.0,16.0,0.073579
segdup,1,10,34,10,23,2,3,109.516410
insider,1,10,34,10,23.0,2.0,3.0,0.077829
fastmultrec_greedy,1,10,34,10,23.0,2.0,3.0,0.315744
lcamap,1,10,34,10,23.0,2.0,3.0,0.050671
segdup,1,10,34,15,33,2,3,72.124585
insider,1,10,34,15,33.0,2.0,3.0,0.079187
fastmultrec_greedy,1,10,34,15,33.0,2.0,3.0,0.318460
lcamap,1,10,34,15,33.0,2.0,3.0,0.049951
segdup,1,10,34,20,43,2,3,74.141190
insider,1,10,34,20,43.0,2.0,3.0,0.081252
fastmultrec_greedy,1,10,34,20,43.0,2.0,3.0,0.310025
lcamap,1,10,34,20,43.0,2.0,3.0,0.049974
segdup,1,10,34,25,53,2,3,73.273986
insider,1,10,34,25,53.0,2.0,3.0,0.092653
fastmultrec_greedy,1,10,34,25,53.0,2.0,3.0,0.315314
lcamap,1,10,34,25,53.0,2.0,3.0,0.050097
segdup,1,10,34,5,13,2,3,121.231248
insider,1,10,34,5,13.0,2.0,3.0,0.079594
fastmultrec_greedy,1,10,34,5,13.0,2.0,3.0,0.309684
lcamap,1,10,34,5,13.0,2.0,3.0,0.049871
segdup,1,11,34,10,10,1,0,148.676676
insider,1,11,34,10,10.0,1.0,0.0,0.081442
fastmultrec_greedy,1,11,34,10,10.0,1.0,0.0,0.321763
lcamap,1,11,34,10,10.0,1.0,0.0,0.048417
segdup,1,11,34,15,15,1,0,129.173346
insider,1,11,34,15,15.0,1.0,0.0,0.081843
fastmultrec_greedy,1,11,34,15,15.0,1.0,0.0,0.315545
lcamap,1,11,34,15,15.0,1.0,0.0,0.048263
segdup,1,11,34,20,20,1,0,82.661945
insider,1,11,34,20,20.0,1.0,0.0,0.084777
fastmultrec_greedy,1,11,34,20,20.0,1.0,0.0,0.308339
lcamap,1,11,34,20,20.0,1.0,0.0,0.050045
segdup,1,11,34,25,25,1,0,84.949183
insider,1,11,34,25,25.0,1.0,0.0,0.080735
fastmultrec_greedy,1,11,34,25,25.0,1.0,0.0,0.310858
lcamap,1,11,34,25,25.0,1.0,0.0,0.049838
segdup,1,11,34,5,5,1,0,150.619825
insider,1,11,34,5,5.0,1.0,0.0,0.080904
fastmultrec_greedy,1,11,34,5,5.0,1.0,0.0,0.313852
lcamap,1,11,34,5,5.0,1.0,0.0,0.047922
segdup,1,15,34,10,10,1,0,163.524924
insider,1,15,34,10,10.0,1.0,0.0,0.091562
fastmultrec_greedy,1,15,34,10,10.0,1.0,0.0,0.331042
lcamap,1,15,34,10,10.0,1.0,0.0,0.053097
segdup,1,15,34,15,15,1,0,156.286678
insider,1,15,34,15,15.0,1.0,0.0,0.088324
fastmultrec_greedy,1,15,34,15,15.0,1.0,0.0,0.327153
lcamap,1,15,34,15,15.0,1.0,0.0,0.053919
segdup,1,15,34,20,20,1,0,94.155694
insider,1,15,34,20,20.0,1.0,0.0,0.085662
fastmultrec_greedy,1,15,34,20,20.0,1.0,0.0,0.331048
lcamap,1,15,34,20,20.0,1.0,0.0,0.052830
segdup,1,15,34,25,25,1,0,91.148260
insider,1,15,34,25,25.0,1.0,0.0,0.088199
fastmultrec_greedy,1,15,34,25,25.0,1.0,0.0,0.333108
lcamap,1,15,34,25,25.0,1.0,0.0,0.053934
segdup,1,15,34,5,5,1,0,170.621831
insider,1,15,34,5,5.0,1.0,0.0,0.087385
fastmultrec_greedy,1,15,34,5,5.0,1.0,0.0,0.329594
lcamap,1,15,34,5,5.0,1.0,0.0,0.054946
segdup,1,8,34,10,272,25,22,78.067633
insider,1,8,34,10,272.0,25.0,22.0,0.098349
fastmultrec_greedy,1,8,34,10,272.0,25.0,22.0,0.188562
lcamap,1,8,34,10,272.0,25.0,22.0,0.028933
segdup,1,8,34,15,397,25,22,73.372361
insider,1,8,34,15,397.0,25.0,22.0,0.194391
fastmultrec_greedy,1,8,34,15,397.0,25.0,22.0,0.192058
lcamap,1,8,34,15,397.0,25.0,22.0,0.029882
segdup,1,8,34,20,522,25,22,67.352078
insider,1,8,34,20,522.0,25.0,22.0,1.055417
fastmultrec_greedy,1,8,34,20,522.0,25.0,22.0,0.184433
lcamap,1,8,34,20,522.0,25.0,22.0,0.028177
segdup,1,8,34,25,647,25,22,69.049184
insider,1,8,34,25,647.0,25.0,22.0,8.038637
fastmultrec_greedy,1,8,34,25,647.0,25.0,22.0,0.181323
lcamap,1,8,34,25,647.0,25.0,22.0,0.030484
segdup,1,8,34,5,147,25,22,79.179600
insider,1,8,34,5,147.0,25.0,22.0,0.068907
fastmultrec_greedy,1,8,34,5,147.0,25.0,22.0,0.192138
lcamap,1,8,34,5,147.0,25.0,22.0,0.029344
segdup,1,9,34,10,90,8,10,92.862850
insider,1,9,34,10,90.0,8.0,10.0,0.062864
fastmultrec_greedy,1,9,34,10,90.0,8.0,10.0,0.210947
lcamap,1,9,34,10,90.0,8.0,10.0,0.034661
segdup,1,9,34,15,130,8,10,58.821833
insider,1,9,34,15,130.0,8.0,10.0,0.066369
fastmultrec_greedy,1,9,34,15,130.0,8.0,10.0,0.216634
lcamap,1,9,34,15,130.0,8.0,10.0,0.032503
segdup,1,9,34,20,170,8,10,59.219102
insider,1,9,34,20,170.0,8.0,10.0,0.070547
fastmultrec_greedy,1,9,34,20,170.0,8.0,10.0,0.209037
lcamap,1,9,34,20,170.0,8.0,10.0,0.033089
segdup,1,9,34,25,210,8,10,59.244729
insider,1,9,34,25,210.0,8.0,10.0,0.080073
fastmultrec_greedy,1,9,34,25,210.0,8.0,10.0,0.210612
lcamap,1,9,34,25,210.0,8.0,10.0,0.034750
segdup,1,9,34,5,50,8,10,97.243268
insider,1,9,34,5,50.0,8.0,10.0,0.059335
fastmultrec_greedy,1,9,34,5,50.0,8.0,10.0,0.213722
lcamap,1,9,34,5,50.0,8.0,10.0,0.032832
segdup,2,10,34,10,43,4,3,89.904472
insider,2,10,34,10,43.0,4.0,3.0,0.073385
fastmultrec_greedy,2,10,34,10,43.0,4.0,3.0,0.265740
lcamap,2,10,34,10,43.0,4.0,3.0,0.040927
segdup,2,10,34,15,63,4,3,92.677773
insider,2,10,34,15,63.0,4.0,3.0,0.077884
fastmultrec_greedy,2,10,34,15,63.0,4.0,3.0,0.268103
lcamap,2,10,34,15,63.0,4.0,3.0,0.040760
segdup,2,10,34,20,83,4,3,84.219978
insider,2,10,34,20,83.0,4.0,3.0,0.079991
fastmultrec_greedy,2,10,34,20,83.0,4.0,3.0,0.266696
lcamap,2,10,34,20,83.0,4.0,3.0,0.039799
segdup,2,10,34,25,103,4,3,53.017304
insider,2,10,34,25,103.0,4.0,3.0,0.078184
fastmultrec_greedy,2,10,34,25,103.0,4.0,3.0,0.277100
lcamap,2,10,34,25,103.0,4.0,3.0,0.039813
segdup,2,10,34,5,23,4,3,109.909803
insider,2,10,34,5,23.0,4.0,3.0,0.079727
fastmultrec_greedy,2,10,34,5,23.0,4.0,3.0,0.263930
lcamap,2,10,34,5,23.0,4.0,3.0,0.040230
segdup,2,11,34,10,20,2,0,85.955757
insider,2,11,34,10,20.0,2.0,0.0,0.061141
fastmultrec_greedy,2,11,34,10,20.0,2.0,0.0,0.222191
lcamap,2,11,34,10,20.0,2.0,0.0,0.032759
segdup,2,11,34,15,30,2,0,72.931942
insider,2,11,34,15,30.0,2.0,0.0,0.076289
fastmultrec_greedy,2,11,34,15,30.0,2.0,0.0,0.215626
lcamap,2,11,34,15,30.0,2.0,0.0,0.033230
segdup,2,11,34,20,40,2,0,43.809285
insider,2,11,34,20,40.0,2.0,0.0,0.061990
fastmultrec_greedy,2,11,34,20,40.0,2.0,0.0,0.216581
lcamap,2,11,34,20,40.0,2.0,0.0,0.033936
segdup,2,11,34,25,50,2,0,42.624574
insider,2,11,34,25,50.0,2.0,0.0,0.062600
fastmultrec_greedy,2,11,34,25,50.0,2.0,0.0,0.213714
lcamap,2,11,34,25,50.0,2.0,0.0,0.033099
segdup,2,11,34,5,10,2,0,89.651689
insider,2,11,34,5,10.0,2.0,0.0,0.063231
fastmultrec_greedy,2,11,34,5,10.0,2.0,0.0,0.207344
lcamap,2,11,34,5,10.0,2.0,0.0,0.033071
segdup,2,15,34,10,20,2,0,139.635590
insider,2,15,34,10,20.0,2.0,0.0,0.085461
fastmultrec_greedy,2,15,34,10,20.0,2.0,0.0,0.326069
lcamap,2,15,34,10,20.0,2.0,0.0,0.050731
segdup,2,15,34,15,30,2,0,105.353434
insider,2,15,34,15,30.0,2.0,0.0,0.086472
fastmultrec_greedy,2,15,34,15,30.0,2.0,0.0,0.333091
lcamap,2,15,34,15,30.0,2.0,0.0,0.051204
segdup,2,15,34,20,40,2,0,66.028855
insider,2,15,34,20,40.0,2.0,0.0,0.085332
fastmultrec_greedy,2,15,34,20,40.0,2.0,0.0,0.331677
lcamap,2,15,34,20,40.0,2.0,0.0,0.049345
segdup,2,15,34,25,50,2,0,64.639262
insider,2,15,34,25,50.0,2.0,0.0,0.086492
fastmultrec_greedy,2,15,34,25,50.0,2.0,0.0,0.326924
lcamap,2,15,34,25,50.0,2.0,0.0,0.049409
segdup,2,15,34,5,10,2,0,144.529468
insider,2,15,34,5,10.0,2.0,0.0,0.090370
fastmultrec_greedy,2,15,34,5,10.0,2.0,0.0,0.337940
lcamap,2,15,34,5,10.0,2.0,0.0,0.050687
segdup,2,8,34,10,1568,119,378,194.940713
insider,2,8,34,10,1508.0,106.0,448.0,0.497533
fastmultrec_greedy,2,8,34,10,1538.0,115.0,388.0,2.189925
lcamap,2,8,34,10,1568.0,119.0,378.0,0.081324
segdup,2,8,34,15,2148,116,408,195.563889
insider,2,8,34,15,2029.0,101.0,514.0,1.323440
fastmultrec_greedy,2,8,34,15,2113.0,115.0,388.0,2.169366
lcamap,2,8,34,15,2163.0,119.0,378.0,0.084610
segdup,2,8,34,20,2742,117,402,227.933155
insider,2,8,34,20,2517.0,97.0,577.0,4.484796
fastmultrec_greedy,2,8,34,20,2688.0,115.0,388.0,2.366884
lcamap,2,8,34,20,2758.0,119.0,378.0,0.093853
segdup,2,8,34,25,3300,116,400,243.681484
insider,2,8,34,25,2985.0,91.0,710.0,23.410161
fastmultrec_greedy,2,8,34,25,3263.0,115.0,388.0,2.438354
lcamap,2,8,34,25,3353.0,119.0,378.0,0.098177
segdup,2,8,34,5,973,119,378,199.158660
insider,2,8,34,5,963.0,115.0,388.0,0.257151
fastmultrec_greedy,2,8,34,5,963.0,115.0,388.0,2.159251
lcamap,2,8,34,5,973.0,119.0,378.0,0.085385
segdup,2,9,34,10,398,37,28,123.959194
insider,2,9,34,10,397.0,36.0,37.0,0.321912
fastmultrec_greedy,2,9,34,10,398.0,37.0,28.0,0.409595
lcamap,2,9,34,10,398.0,37.0,28.0,0.067735
segdup,2,9,34,15,583,37,28,109.456059
insider,2,9,34,15,573.0,33.0,78.0,1.265524
fastmultrec_greedy,2,9,34,15,583.0,37.0,28.0,0.409201
lcamap,2,9,34,15,583.0,37.0,28.0,0.065914
segdup,2,9,34,20,768,37,28,110.465950
insider,2,9,34,20,726.0,30.0,126.0,3.674397
fastmultrec_greedy,2,9,34,20,768.0,37.0,28.0,0.412234
lcamap,2,9,34,20,768.0,37.0,28.0,0.068152
segdup,2,9,34,25,953,37,28,103.712199
insider,2,9,34,25,872.0,29.0,147.0,12.859207
fastmultrec_greedy,2,9,34,25,953.0,37.0,28.0,0.415154
lcamap,2,9,34,25,953.0,37.0,28.0,0.068964
segdup,2,9,34,5,213,37,28,125.301231
insider,2,9,34,5,213.0,37.0,28.0,0.166114
fastmultrec_greedy,2,9,34,5,213.0,37.0,28.0,0.405473
lcamap,2,9,34,5,213.0,37.0,28.0,0.067654
segdup,1,10,35,10,145,14,5,170.501410
insider,1,10,35,10,145.0,14.0,5.0,0.112806
fastmultrec_greedy,1,10,35,10,145.0,14.0,5.0,0.338789
lcamap,1,10,35,10,145.0,14.0,5.0,0.059049
segdup,1,10,35,15,215,14,5,160.908234
insider,1,10,35,15,215.0,14.0,5.0,0.123738
fastmultrec_greedy,1,10,35,15,215.0,14.0,5.0,0.340211
lcamap,1,10,35,15,215.0,14.0,5.0,0.055924
segdup,1,10,35,20,285,14,5,99.062215
insider,1,10,35,20,285.0,14.0,5.0,0.153066
fastmultrec_greedy,1,10,35,20,285.0,14.0,5.0,0.365025
lcamap,1,10,35,20,285.0,14.0,5.0,0.059226
segdup,1,10,35,25,355,14,5,111.324685
insider,1,10,35,25,355.0,14.0,5.0,0.277394
fastmultrec_greedy,1,10,35,25,355.0,14.0,5.0,0.328194
lcamap,1,10,35,25,355.0,14.0,5.0,0.055755
segdup,1,10,35,5,75,14,5,181.402648
insider,1,10,35,5,75.0,14.0,5.0,0.095067
fastmultrec_greedy,1,10,35,5,75.0,14.0,5.0,0.331615
lcamap,1,10,35,5,75.0,14.0,5.0,0.056408
segdup,1,11,35,10,10,1,0,148.744923
insider,1,11,35,10,10.0,1.0,0.0,0.081874
fastmultrec_greedy,1,11,35,10,10.0,1.0,0.0,0.298498
lcamap,1,11,35,10,10.0,1.0,0.0,0.051723
segdup,1,11,35,15,15,1,0,140.947246
insider,1,11,35,15,15.0,1.0,0.0,0.080884
fastmultrec_greedy,1,11,35,15,15.0,1.0,0.0,0.335306
lcamap,1,11,35,15,15.0,1.0,0.0,0.056441
segdup,1,11,35,20,20,1,0,93.385506
insider,1,11,35,20,20.0,1.0,0.0,0.088245
fastmultrec_greedy,1,11,35,20,20.0,1.0,0.0,0.285339
lcamap,1,11,35,20,20.0,1.0,0.0,0.051648
segdup,1,11,35,25,25,1,0,94.124784
insider,1,11,35,25,25.0,1.0,0.0,0.083551
fastmultrec_greedy,1,11,35,25,25.0,1.0,0.0,0.294856
lcamap,1,11,35,25,25.0,1.0,0.0,0.053434
segdup,1,11,35,5,5,1,0,149.384030
insider,1,11,35,5,5.0,1.0,0.0,0.075464
fastmultrec_greedy,1,11,35,5,5.0,1.0,0.0,0.288373
lcamap,1,11,35,5,5.0,1.0,0.0,0.051438
segdup,1,15,35,10,10,1,0,128.316000
insider,1,15,35,10,10.0,1.0,0.0,0.073488
fastmultrec_greedy,1,15,35,10,10.0,1.0,0.0,0.302874
lcamap,1,15,35,10,10.0,1.0,0.0,0.046314
segdup,1,15,35,15,15,1,0,111.252250
insider,1,15,35,15,15.0,1.0,0.0,0.074441
fastmultrec_greedy,1,15,35,15,15.0,1.0,0.0,0.306207
lcamap,1,15,35,15,15.0,1.0,0.0,0.045265
segdup,1,15,35,20,20,1,0,79.690320
insider,1,15,35,20,20.0,1.0,0.0,0.073855
fastmultrec_greedy,1,15,35,20,20.0,1.0,0.0,0.302499
lcamap,1,15,35,20,20.0,1.0,0.0,0.045790
segdup,1,15,35,25,25,1,0,79.723548
insider,1,15,35,25,25.0,1.0,0.0,0.076181
fastmultrec_greedy,1,15,35,25,25.0,1.0,0.0,0.296971
lcamap,1,15,35,25,25.0,1.0,0.0,0.047499
segdup,1,15,35,5,5,1,0,135.518428
insider,1,15,35,5,5.0,1.0,0.0,0.074075
fastmultrec_greedy,1,15,35,5,5.0,1.0,0.0,0.310887
lcamap,1,15,35,5,5.0,1.0,0.0,0.046961
segdup,1,8,35,10,384,33,54,41.988965
insider,1,8,35,10,383.0,32.0,63.0,0.098684
fastmultrec_greedy,1,8,35,10,384.0,33.0,54.0,0.129200
lcamap,1,8,35,10,384.0,33.0,54.0,0.020510
segdup,1,8,35,15,549,33,54,38.382872
insider,1,8,35,15,543.0,32.0,63.0,0.173793
fastmultrec_greedy,1,8,35,15,549.0,33.0,54.0,0.135321
lcamap,1,8,35,15,549.0,33.0,54.0,0.020007
segdup,1,8,35,20,714,33,54,38.573952
insider,1,8,35,20,701.0,30.0,101.0,0.729955
fastmultrec_greedy,1,8,35,20,714.0,33.0,54.0,0.128844
lcamap,1,8,35,20,714.0,33.0,54.0,0.021885
segdup,1,8,35,25,879,33,54,38.761636
insider,1,8,35,25,847.0,29.0,122.0,4.571723
fastmultrec_greedy,1,8,35,25,879.0,33.0,54.0,0.127199
lcamap,1,8,35,25,879.0,33.0,54.0,0.020804
segdup,1,8,35,5,219,33,54,43.308573
insider,1,8,35,5,219.0,33.0,54.0,0.059092
fastmultrec_greedy,1,8,35,5,219.0,33.0,54.0,0.130482
lcamap,1,8,35,5,219.0,33.0,54.0,0.020824
segdup,1,9,35,10,40,4,0,71.856849
insider,1,9,35,10,40.0,4.0,0.0,0.043153
fastmultrec_greedy,1,9,35,10,40.0,4.0,0.0,0.136385
lcamap,1,9,35,10,40.0,4.0,0.0,0.021228
segdup,1,9,35,15,60,4,0,58.585011
insider,1,9,35,15,60.0,4.0,0.0,0.039828
fastmultrec_greedy,1,9,35,15,60.0,4.0,0.0,0.134804
lcamap,1,9,35,15,60.0,4.0,0.0,0.020880
segdup,1,9,35,20,80,4,0,57.218852
insider,1,9,35,20,80.0,4.0,0.0,0.041963
fastmultrec_greedy,1,9,35,20,80.0,4.0,0.0,0.136670
lcamap,1,9,35,20,80.0,4.0,0.0,0.022447
segdup,1,9,35,25,100,4,0,59.455101
insider,1,9,35,25,100.0,4.0,0.0,0.046206
fastmultrec_greedy,1,9,35,25,100.0,4.0,0.0,0.134909
lcamap,1,9,35,25,100.0,4.0,0.0,0.021573
segdup,1,9,35,5,20,4,0,70.094152
insider,1,9,35,5,20.0,4.0,0.0,0.040699
fastmultrec_greedy,1,9,35,5,20.0,4.0,0.0,0.131931
lcamap,1,9,35,5,20.0,4.0,0.0,0.020868
segdup,2,10,35,10,40,4,0,219.868250
insider,2,10,35,10,40.0,4.0,0.0,0.133113
fastmultrec_greedy,2,10,35,10,40.0,4.0,0.0,0.467175
lcamap,2,10,35,10,40.0,4.0,0.0,0.079862
segdup,2,10,35,15,60,4,0,107.429093
insider,2,10,35,15,60.0,4.0,0.0,0.144915
fastmultrec_greedy,2,10,35,15,60.0,4.0,0.0,0.462803
lcamap,2,10,35,15,60.0,4.0,0.0,0.079895
segdup,2,10,35,20,80,4,0,112.283262
insider,2,10,35,20,80.0,4.0,0.0,0.133014
fastmultrec_greedy,2,10,35,20,80.0,4.0,0.0,0.456455
lcamap,2,10,35,20,80.0,4.0,0.0,0.078049
segdup,2,10,35,25,100,4,0,105.804197
insider,2,10,35,25,100.0,4.0,0.0,0.134886
fastmultrec_greedy,2,10,35,25,100.0,4.0,0.0,0.452885
lcamap,2,10,35,25,100.0,4.0,0.0,0.080916
segdup,2,10,35,5,20,4,0,232.285904
insider,2,10,35,5,20.0,4.0,0.0,0.127292
fastmultrec_greedy,2,10,35,5,20.0,4.0,0.0,0.457708
lcamap,2,10,35,5,20.0,4.0,0.0,0.078211
segdup,2,11,35,10,20,2,0,140.742279
insider,2,11,35,10,20.0,2.0,0.0,0.093521
fastmultrec_greedy,2,11,35,10,20.0,2.0,0.0,0.313831
lcamap,2,11,35,10,20.0,2.0,0.0,0.051080
segdup,2,11,35,15,30,2,0,114.500850
insider,2,11,35,15,30.0,2.0,0.0,0.090702
fastmultrec_greedy,2,11,35,15,30.0,2.0,0.0,0.312239
lcamap,2,11,35,15,30.0,2.0,0.0,0.049870
segdup,2,11,35,20,40,2,0,66.095343
insider,2,11,35,20,40.0,2.0,0.0,0.094031
fastmultrec_greedy,2,11,35,20,40.0,2.0,0.0,0.317228
lcamap,2,11,35,20,40.0,2.0,0.0,0.050223
segdup,2,11,35,25,50,2,0,65.229297
insider,2,11,35,25,50.0,2.0,0.0,0.092002
fastmultrec_greedy,2,11,35,25,50.0,2.0,0.0,0.314549
lcamap,2,11,35,25,50.0,2.0,0.0,0.050510
segdup,2,11,35,5,10,2,0,153.439187
insider,2,11,35,5,10.0,2.0,0.0,0.090033
fastmultrec_greedy,2,11,35,5,10.0,2.0,0.0,0.319192
lcamap,2,11,35,5,10.0,2.0,0.0,0.049823
segdup,2,15,35,10,20,2,0,178.924131
insider,2,15,35,10,20.0,2.0,0.0,0.099160
fastmultrec_greedy,2,15,35,10,20.0,2.0,0.0,0.353124
lcamap,2,15,35,10,20.0,2.0,0.0,0.052882
segdup,2,15,35,15,30,2,0,94.460191
insider,2,15,35,15,30.0,2.0,0.0,0.093751
fastmultrec_greedy,2,15,35,15,30.0,2.0,0.0,0.352877
lcamap,2,15,35,15,30.0,2.0,0.0,0.054624
segdup,2,15,35,20,40,2,0,94.647268
insider,2,15,35,20,40.0,2.0,0.0,0.094813
fastmultrec_greedy,2,15,35,20,40.0,2.0,0.0,0.352025
lcamap,2,15,35,20,40.0,2.0,0.0,0.054308
segdup,2,15,35,25,50,2,0,120.722312
insider,2,15,35,25,50.0,2.0,0.0,0.096204
fastmultrec_greedy,2,15,35,25,50.0,2.0,0.0,0.354580
lcamap,2,15,35,25,50.0,2.0,0.0,0.054262
segdup,2,15,35,5,10,2,0,200.949849
insider,2,15,35,5,10.0,2.0,0.0,0.095651
fastmultrec_greedy,2,15,35,5,10.0,2.0,0.0,0.348708
lcamap,2,15,35,5,10.0,2.0,0.0,0.055194
segdup,2,8,35,10,584,52,64,195.454090
insider,2,8,35,10,583.0,51.0,73.0,0.334341
fastmultrec_greedy,2,8,35,10,584.0,52.0,64.0,0.691446
lcamap,2,8,35,10,584.0,52.0,64.0,0.096218
segdup,2,8,35,15,844,52,64,185.065903
insider,2,8,35,15,835.0,50.0,85.0,0.711616
fastmultrec_greedy,2,8,35,15,844.0,52.0,64.0,0.672881
lcamap,2,8,35,15,844.0,52.0,64.0,0.099917
segdup,2,8,35,20,1104,52,64,182.412728
insider,2,8,35,20,1078.0,48.0,118.0,2.301297
fastmultrec_greedy,2,8,35,20,1104.0,52.0,64.0,0.669547
lcamap,2,8,35,20,1104.0,52.0,64.0,0.098637
segdup,2,8,35,25,1364,52,64,177.877936
insider,2,8,35,25,1308.0,45.0,183.0,21.527207
fastmultrec_greedy,2,8,35,25,1364.0,52.0,64.0,0.682348
lcamap,2,8,35,25,1364.0,52.0,64.0,0.097023
segdup,2,8,35,5,324,52,64,201.960143
insider,2,8,35,5,324.0,52.0,64.0,0.229853
fastmultrec_greedy,2,8,35,5,324.0,52.0,64.0,0.684410
lcamap,2,8,35,5,324.0,52.0,64.0,0.095403
segdup,2,9,35,10,274,25,24,110.589397
insider,2,9,35,10,273.0,24.0,33.0,0.180785
fastmultrec_greedy,2,9,35,10,274.0,25.0,24.0,0.371927
lcamap,2,9,35,10,274.0,25.0,24.0,0.060887
segdup,2,9,35,15,399,25,24,96.507174
insider,2,9,35,15,390.0,23.0,45.0,0.317636
fastmultrec_greedy,2,9,35,15,399.0,25.0,24.0,0.366101
lcamap,2,9,35,15,399.0,25.0,24.0,0.061577
segdup,2,9,35,20,524,25,24,80.480291
insider,2,9,35,20,505.0,23.0,45.0,0.830914
fastmultrec_greedy,2,9,35,20,524.0,25.0,24.0,0.364428
lcamap,2,9,35,20,524.0,25.0,24.0,0.060589
segdup,2,9,35,25,649,25,24,79.285660
insider,2,9,35,25,620.0,23.0,45.0,3.350035
fastmultrec_greedy,2,9,35,25,649.0,25.0,24.0,0.364924
lcamap,2,9,35,25,649.0,25.0,24.0,0.059366
segdup,2,9,35,5,149,25,24,118.595222
insider,2,9,35,5,149.0,25.0,24.0,0.130904
fastmultrec_greedy,2,9,35,5,149.0,25.0,24.0,0.372768
lcamap,2,9,35,5,149.0,25.0,24.0,0.061620
segdup,1,10,36,10,10,1,0,124.517729
insider,1,10,36,10,10.0,1.0,0.0,0.069884
fastmultrec_greedy,1,10,36,10,10.0,1.0,0.0,0.251568
lcamap,1,10,36,10,10.0,1.0,0.0,0.045520
segdup,1,10,36,15,15,1,0,69.736681
insider,1,10,36,15,15.0,1.0,0.0,0.068416
fastmultrec_greedy,1,10,36,15,15.0,1.0,0.0,0.210797
lcamap,1,10,36,15,15.0,1.0,0.0,0.035339
segdup,1,10,36,20,20,1,0,65.207901
insider,1,10,36,20,20.0,1.0,0.0,0.072035
fastmultrec_greedy,1,10,36,20,20.0,1.0,0.0,0.261708
lcamap,1,10,36,20,20.0,1.0,0.0,0.044188
segdup,1,10,36,25,25,1,0,70.570147
insider,1,10,36,25,25.0,1.0,0.0,0.055801
fastmultrec_greedy,1,10,36,25,25.0,1.0,0.0,0.205816
lcamap,1,10,36,25,25.0,1.0,0.0,0.033758
segdup,1,10,36,5,5,1,0,128.735443
insider,1,10,36,5,5.0,1.0,0.0,0.070528
fastmultrec_greedy,1,10,36,5,5.0,1.0,0.0,0.254385
lcamap,1,10,36,5,5.0,1.0,0.0,0.041705
segdup,1,11,36,10,10,1,0,226.302637
insider,1,11,36,10,10.0,1.0,0.0,0.107403
fastmultrec_greedy,1,11,36,10,10.0,1.0,0.0,0.399259
lcamap,1,11,36,10,10.0,1.0,0.0,0.064794
segdup,1,11,36,15,15,1,0,174.834612
insider,1,11,36,15,15.0,1.0,0.0,0.106725
fastmultrec_greedy,1,11,36,15,15.0,1.0,0.0,0.421908
lcamap,1,11,36,15,15.0,1.0,0.0,0.079114
segdup,1,11,36,20,20,1,0,168.151247
insider,1,11,36,20,20.0,1.0,0.0,0.106205
fastmultrec_greedy,1,11,36,20,20.0,1.0,0.0,0.413700
lcamap,1,11,36,20,20.0,1.0,0.0,0.067710
segdup,1,11,36,25,25,1,0,122.626374
insider,1,11,36,25,25.0,1.0,0.0,0.098932
fastmultrec_greedy,1,11,36,25,25.0,1.0,0.0,0.357306
lcamap,1,11,36,25,25.0,1.0,0.0,0.054918
segdup,1,11,36,5,5,1,0,216.928928
insider,1,11,36,5,5.0,1.0,0.0,0.109337
fastmultrec_greedy,1,11,36,5,5.0,1.0,0.0,0.428639
lcamap,1,11,36,5,5.0,1.0,0.0,0.068110
segdup,1,15,36,10,-1,-1,-1,0.367585
insider,1,15,36,10,10.0,1.0,0.0,0.059394
fastmultrec_greedy,1,15,36,10,10.0,1.0,0.0,0.228045
lcamap,1,15,36,10,10.0,1.0,0.0,0.036733
segdup,1,15,36,15,-1,-1,-1,103.361557
insider,1,15,36,15,15.0,1.0,0.0,0.060300
fastmultrec_greedy,1,15,36,15,15.0,1.0,0.0,0.228481
lcamap,1,15,36,15,15.0,1.0,0.0,0.036552
segdup,1,15,36,20,20,1,0,85.651854
insider,1,15,36,20,20.0,1.0,0.0,0.068706
fastmultrec_greedy,1,15,36,20,20.0,1.0,0.0,0.261007
lcamap,1,15,36,20,20.0,1.0,0.0,0.040843
segdup,1,15,36,25,25,1,0,83.822798
insider,1,15,36,25,25.0,1.0,0.0,0.072318
fastmultrec_greedy,1,15,36,25,25.0,1.0,0.0,0.275163
lcamap,1,15,36,25,25.0,1.0,0.0,0.043291
segdup,1,8,36,10,601,51,91,121.783865
insider,1,8,36,10,599.0,49.0,109.0,0.174361
fastmultrec_greedy,1,8,36,10,600.0,50.0,100.0,0.630912
lcamap,1,8,36,10,601.0,51.0,91.0,0.051142
segdup,1,8,36,15,856,51,91,106.897536
insider,1,8,36,15,841.0,48.0,121.0,0.350452
fastmultrec_greedy,1,8,36,15,850.0,50.0,100.0,0.541086
lcamap,1,8,36,15,856.0,51.0,91.0,0.048468
segdup,1,8,36,20,1100,50,100,87.754540
insider,1,8,36,20,1081.0,48.0,121.0,1.243876
fastmultrec_greedy,1,8,36,20,1100.0,50.0,100.0,0.473022
lcamap,1,8,36,20,1111.0,51.0,91.0,0.044901
segdup,1,8,36,25,1366,51,91,81.614594
insider,1,8,36,25,1317.0,47.0,142.0,6.882633
fastmultrec_greedy,1,8,36,25,1350.0,50.0,100.0,0.477563
lcamap,1,8,36,25,1366.0,51.0,91.0,0.048381
segdup,1,8,36,5,346,51,91,135.591219
insider,1,8,36,5,346.0,51.0,91.0,0.113784
fastmultrec_greedy,1,8,36,5,346.0,51.0,91.0,0.294205
lcamap,1,8,36,5,346.0,51.0,91.0,0.050034
segdup,1,9,36,10,43,4,3,136.187668
insider,1,9,36,10,43.0,4.0,3.0,0.064309
fastmultrec_greedy,1,9,36,10,43.0,4.0,3.0,0.201878
lcamap,1,9,36,10,43.0,4.0,3.0,0.035282
segdup,1,9,36,15,63,4,3,113.429413
insider,1,9,36,15,63.0,4.0,3.0,0.057225
fastmultrec_greedy,1,9,36,15,63.0,4.0,3.0,0.186060
lcamap,1,9,36,15,63.0,4.0,3.0,0.031060
segdup,1,9,36,20,83,4,3,69.068606
insider,1,9,36,20,83.0,4.0,3.0,0.059426
fastmultrec_greedy,1,9,36,20,83.0,4.0,3.0,0.181204
lcamap,1,9,36,20,83.0,4.0,3.0,0.030775
segdup,1,9,36,25,103,4,3,74.213438
insider,1,9,36,25,103.0,4.0,3.0,0.059516
fastmultrec_greedy,1,9,36,25,103.0,4.0,3.0,0.190687
lcamap,1,9,36,25,103.0,4.0,3.0,0.030376
segdup,1,9,36,5,23,4,3,134.371510
insider,1,9,36,5,23.0,4.0,3.0,0.061337
fastmultrec_greedy,1,9,36,5,23.0,4.0,3.0,0.188436
lcamap,1,9,36,5,23.0,4.0,3.0,0.031005
segdup,2,10,36,10,40,4,0,135.478577
insider,2,10,36,10,40.0,4.0,0.0,0.080292
fastmultrec_greedy,2,10,36,10,40.0,4.0,0.0,0.374655
lcamap,2,10,36,10,40.0,4.0,0.0,0.043801
segdup,2,10,36,15,60,4,0,85.047879
insider,2,10,36,15,60.0,4.0,0.0,0.090804
fastmultrec_greedy,2,10,36,15,60.0,4.0,0.0,0.381659
lcamap,2,10,36,15,60.0,4.0,0.0,0.042087
segdup,2,10,36,20,80,4,0,81.626579
insider,2,10,36,20,80.0,4.0,0.0,0.085654
fastmultrec_greedy,2,10,36,20,80.0,4.0,0.0,0.367866
lcamap,2,10,36,20,80.0,4.0,0.0,0.041730
segdup,2,10,36,25,100,4,0,83.956744
insider,2,10,36,25,100.0,4.0,0.0,0.092191
fastmultrec_greedy,2,10,36,25,100.0,4.0,0.0,0.376789
lcamap,2,10,36,25,100.0,4.0,0.0,0.041630
segdup,2,10,36,5,20,4,0,140.264092
insider,2,10,36,5,20.0,4.0,0.0,0.079742
fastmultrec_greedy,2,10,36,5,20.0,4.0,0.0,0.376270
lcamap,2,10,36,5,20.0,4.0,0.0,0.041727
segdup,2,15,36,10,20,2,0,302.923956
insider,2,15,36,10,20.0,2.0,0.0,0.161603
fastmultrec_greedy,2,15,36,10,20.0,2.0,0.0,0.655877
lcamap,2,15,36,10,20.0,2.0,0.0,0.108500
segdup,2,15,36,15,30,2,0,139.682960
insider,2,15,36,15,30.0,2.0,0.0,0.160676
fastmultrec_greedy,2,15,36,15,30.0,2.0,0.0,0.652871
lcamap,2,15,36,15,30.0,2.0,0.0,0.105677
segdup,2,15,36,20,40,2,0,136.749077
insider,2,15,36,20,40.0,2.0,0.0,0.161138
fastmultrec_greedy,2,15,36,20,40.0,2.0,0.0,0.653838
lcamap,2,15,36,20,40.0,2.0,0.0,0.105394
segdup,2,15,36,25,50,2,0,137.590842
insider,2,15,36,25,50.0,2.0,0.0,0.158858
fastmultrec_greedy,2,15,36,25,50.0,2.0,0.0,0.655003
lcamap,2,15,36,25,50.0,2.0,0.0,0.106006
segdup,2,15,36,5,10,2,0,308.029897
insider,2,15,36,5,10.0,2.0,0.0,0.160097
fastmultrec_greedy,2,15,36,5,10.0,2.0,0.0,0.657874
lcamap,2,15,36,5,10.0,2.0,0.0,0.106808
segdup,2,8,36,10,1265,99,275,245.244742
insider,2,8,36,10,1239.0,91.0,329.0,0.631710
fastmultrec_greedy,2,8,36,10,1253.0,96.0,293.0,2.068805
lcamap,2,8,36,10,1265.0,99.0,275.0,0.104558
segdup,2,8,36,15,1760,99,275,229.234617
insider,2,8,36,15,1684.0,83.0,439.0,2.056196
fastmultrec_greedy,2,8,36,15,1733.0,96.0,293.0,2.004563
lcamap,2,8,36,15,1760.0,99.0,275.0,0.092807
segdup,2,8,36,20,2255,99,275,227.995959
insider,2,8,36,20,2087.0,79.0,507.0,6.550310
fastmultrec_greedy,2,8,36,20,2213.0,96.0,293.0,2.011241
lcamap,2,8,36,20,2255.0,99.0,275.0,0.095062
segdup,2,8,36,25,2750,99,275,221.198756
insider,2,8,36,25,2474.0,77.0,549.0,23.254611
fastmultrec_greedy,2,8,36,25,2693.0,96.0,293.0,2.018381
lcamap,2,8,36,25,2750.0,99.0,275.0,0.099311
segdup,2,8,36,5,770,99,275,262.264658
insider,2,8,36,5,768.0,98.0,278.0,0.300795
fastmultrec_greedy,2,8,36,5,768.0,98.0,278.0,1.033526
lcamap,2,8,36,5,770.0,99.0,275.0,0.097948
segdup,2,9,36,10,54,5,4,144.764108
insider,2,9,36,10,54.0,5.0,4.0,0.107166
fastmultrec_greedy,2,9,36,10,54.0,5.0,4.0,0.422855
lcamap,2,9,36,10,54.0,5.0,4.0,0.062259
segdup,2,9,36,15,79,5,4,132.805991
insider,2,9,36,15,79.0,5.0,4.0,0.112023
fastmultrec_greedy,2,9,36,15,79.0,5.0,4.0,0.420692
lcamap,2,9,36,15,79.0,5.0,4.0,0.062238
segdup,2,9,36,20,104,5,4,84.166551
insider,2,9,36,20,104.0,5.0,4.0,0.121326
fastmultrec_greedy,2,9,36,20,104.0,5.0,4.0,0.430221
lcamap,2,9,36,20,104.0,5.0,4.0,0.063886
segdup,2,9,36,25,129,5,4,77.736175
insider,2,9,36,25,129.0,5.0,4.0,0.145825
fastmultrec_greedy,2,9,36,25,129.0,5.0,4.0,0.470707
lcamap,2,9,36,25,129.0,5.0,4.0,0.073265
segdup,2,9,36,5,29,5,4,154.688069
insider,2,9,36,5,29.0,5.0,4.0,0.105329
fastmultrec_greedy,2,9,36,5,29.0,5.0,4.0,0.436962
lcamap,2,9,36,5,29.0,5.0,4.0,0.069740
segdup,1,10,37,10,10,1,0,93.233159
insider,1,10,37,10,10.0,1.0,0.0,0.047205
fastmultrec_greedy,1,10,37,10,10.0,1.0,0.0,0.181146
lcamap,1,10,37,10,10.0,1.0,0.0,0.031000
segdup,1,10,37,15,15,1,0,53.593565
insider,1,10,37,15,15.0,1.0,0.0,0.049475
fastmultrec_greedy,1,10,37,15,15.0,1.0,0.0,0.187901
lcamap,1,10,37,15,15.0,1.0,0.0,0.030336
segdup,1,10,37,20,20,1,0,54.064105
insider,1,10,37,20,20.0,1.0,0.0,0.050082
fastmultrec_greedy,1,10,37,20,20.0,1.0,0.0,0.190036
lcamap,1,10,37,20,20.0,1.0,0.0,0.031637
segdup,1,10,37,25,25,1,0,53.866300
insider,1,10,37,25,25.0,1.0,0.0,0.050331
fastmultrec_greedy,1,10,37,25,25.0,1.0,0.0,0.189003
lcamap,1,10,37,25,25.0,1.0,0.0,0.030913
segdup,1,10,37,5,5,1,0,98.498261
insider,1,10,37,5,5.0,1.0,0.0,0.047100
fastmultrec_greedy,1,10,37,5,5.0,1.0,0.0,0.217910
lcamap,1,10,37,5,5.0,1.0,0.0,0.036278
segdup,1,11,37,10,10,1,0,114.808382
insider,1,11,37,10,10.0,1.0,0.0,0.065395
fastmultrec_greedy,1,11,37,10,10.0,1.0,0.0,0.211221
lcamap,1,11,37,10,10.0,1.0,0.0,0.035539
segdup,1,11,37,15,15,1,0,53.958373
insider,1,11,37,15,15.0,1.0,0.0,0.052897
fastmultrec_greedy,1,11,37,15,15.0,1.0,0.0,0.186734
lcamap,1,11,37,15,15.0,1.0,0.0,0.030968
segdup,1,11,37,20,20,1,0,52.639124
insider,1,11,37,20,20.0,1.0,0.0,0.052333
fastmultrec_greedy,1,11,37,20,20.0,1.0,0.0,0.190886
lcamap,1,11,37,20,20.0,1.0,0.0,0.031467
segdup,1,11,37,25,25,1,0,51.786596
insider,1,11,37,25,25.0,1.0,0.0,0.051298
fastmultrec_greedy,1,11,37,25,25.0,1.0,0.0,0.191099
lcamap,1,11,37,25,25.0,1.0,0.0,0.030861
segdup,1,11,37,5,5,1,0,117.982540
insider,1,11,37,5,5.0,1.0,0.0,0.070158
fastmultrec_greedy,1,11,37,5,5.0,1.0,0.0,0.205764
lcamap,1,11,37,5,5.0,1.0,0.0,0.035709
segdup,1,15,37,10,10,1,0,229.647311
insider,1,15,37,10,10.0,1.0,0.0,0.130415
fastmultrec_greedy,1,15,37,10,10.0,1.0,0.0,0.483017
lcamap,1,15,37,10,10.0,1.0,0.0,0.085891
segdup,1,15,37,15,15,1,0,212.399376
insider,1,15,37,15,15.0,1.0,0.0,0.100986
fastmultrec_greedy,1,15,37,15,15.0,1.0,0.0,0.395264
lcamap,1,15,37,15,15.0,1.0,0.0,0.067705
segdup,1,15,37,20,20,1,0,190.648409
insider,1,15,37,20,20.0,1.0,0.0,0.101337
fastmultrec_greedy,1,15,37,20,20.0,1.0,0.0,0.398304
lcamap,1,15,37,20,20.0,1.0,0.0,0.066182
segdup,1,15,37,25,25,1,0,139.945955
insider,1,15,37,25,25.0,1.0,0.0,0.101620
fastmultrec_greedy,1,15,37,25,25.0,1.0,0.0,0.398544
lcamap,1,15,37,25,25.0,1.0,0.0,0.067665
segdup,1,15,37,5,5,1,0,248.726594
insider,1,15,37,5,5.0,1.0,0.0,0.103128
fastmultrec_greedy,1,15,37,5,5.0,1.0,0.0,0.390954
lcamap,1,15,37,5,5.0,1.0,0.0,0.067961
segdup,1,8,37,10,449,39,59,82.985715
insider,1,8,37,10,448.0,38.0,68.0,0.113884
fastmultrec_greedy,1,8,37,10,453.0,40.0,53.0,0.207150
lcamap,1,8,37,10,453.0,40.0,53.0,0.034711
segdup,1,8,37,15,653,40,53,80.195139
insider,1,8,37,15,638.0,38.0,68.0,0.245645
fastmultrec_greedy,1,8,37,15,653.0,40.0,53.0,0.210742
lcamap,1,8,37,15,653.0,40.0,53.0,0.036377
segdup,1,8,37,20,839,39,59,74.736712
insider,1,8,37,20,828.0,38.0,68.0,1.008935
fastmultrec_greedy,1,8,37,20,853.0,40.0,53.0,0.212270
lcamap,1,8,37,20,853.0,40.0,53.0,0.034801
segdup,1,8,37,25,1034,39,59,74.117286
insider,1,8,37,25,1018.0,38.0,68.0,10.535696
fastmultrec_greedy,1,8,37,25,1053.0,40.0,53.0,0.205774
lcamap,1,8,37,25,1053.0,40.0,53.0,0.035345
segdup,1,8,37,5,253,40,53,82.961622
insider,1,8,37,5,253.0,40.0,53.0,0.085603
fastmultrec_greedy,1,8,37,5,253.0,40.0,53.0,0.203493
lcamap,1,8,37,5,253.0,40.0,53.0,0.035323
segdup,1,9,37,10,89,8,9,95.598841
insider,1,9,37,10,89.0,8.0,9.0,0.069932
fastmultrec_greedy,1,9,37,10,89.0,8.0,9.0,0.466148
lcamap,1,9,37,10,96.0,9.0,6.0,0.037940
segdup,1,9,37,15,129,8,9,67.314942
insider,1,9,37,15,129.0,8.0,9.0,0.075707
fastmultrec_greedy,1,9,37,15,129.0,8.0,9.0,0.472968
lcamap,1,9,37,15,141.0,9.0,6.0,0.038900
segdup,1,9,37,20,169,8,9,65.828988
insider,1,9,37,20,169.0,8.0,9.0,0.084194
fastmultrec_greedy,1,9,37,20,169.0,8.0,9.0,0.452508
lcamap,1,9,37,20,186.0,9.0,6.0,0.039346
segdup,1,9,37,25,209,8,9,64.879617
insider,1,9,37,25,209.0,8.0,9.0,0.096875
fastmultrec_greedy,1,9,37,25,209.0,8.0,9.0,0.471218
lcamap,1,9,37,25,231.0,9.0,6.0,0.037220
segdup,1,9,37,5,49,8,9,99.904914
insider,1,9,37,5,49.0,8.0,9.0,0.067316
fastmultrec_greedy,1,9,37,5,49.0,8.0,9.0,0.459540
lcamap,1,9,37,5,51.0,9.0,6.0,0.037027
segdup,2,10,37,10,31,3,1,102.206298
insider,2,10,37,10,31.0,3.0,1.0,0.056073
fastmultrec_greedy,2,10,37,10,31.0,3.0,1.0,0.194894
lcamap,2,10,37,10,31.0,3.0,1.0,0.030910
segdup,2,10,37,15,46,3,1,90.582001
insider,2,10,37,15,46.0,3.0,1.0,0.054653
fastmultrec_greedy,2,10,37,15,46.0,3.0,1.0,0.208623
lcamap,2,10,37,15,46.0,3.0,1.0,0.029364
segdup,2,10,37,20,61,3,1,52.221328
insider,2,10,37,20,61.0,3.0,1.0,0.054977
fastmultrec_greedy,2,10,37,20,61.0,3.0,1.0,0.190970
lcamap,2,10,37,20,61.0,3.0,1.0,0.029292
segdup,2,10,37,25,76,3,1,49.779766
insider,2,10,37,25,76.0,3.0,1.0,0.054881
fastmultrec_greedy,2,10,37,25,76.0,3.0,1.0,0.194775
lcamap,2,10,37,25,76.0,3.0,1.0,0.028926
segdup,2,10,37,5,16,3,1,104.944853
insider,2,10,37,5,16.0,3.0,1.0,0.054345
fastmultrec_greedy,2,10,37,5,16.0,3.0,1.0,0.198532
lcamap,2,10,37,5,16.0,3.0,1.0,0.029634
segdup,2,11,37,10,20,2,0,107.505655
insider,2,11,37,10,20.0,2.0,0.0,0.072148
fastmultrec_greedy,2,11,37,10,20.0,2.0,0.0,0.245215
lcamap,2,11,37,10,20.0,2.0,0.0,0.038327
segdup,2,11,37,15,30,2,0,86.543636
insider,2,11,37,15,30.0,2.0,0.0,0.070712
fastmultrec_greedy,2,11,37,15,30.0,2.0,0.0,0.250704
lcamap,2,11,37,15,30.0,2.0,0.0,0.037607
segdup,2,11,37,20,40,2,0,52.461343
insider,2,11,37,20,40.0,2.0,0.0,0.072533
fastmultrec_greedy,2,11,37,20,40.0,2.0,0.0,0.241657
lcamap,2,11,37,20,40.0,2.0,0.0,0.038716
segdup,2,11,37,25,50,2,0,53.816999
insider,2,11,37,25,50.0,2.0,0.0,0.069739
fastmultrec_greedy,2,11,37,25,50.0,2.0,0.0,0.238687
lcamap,2,11,37,25,50.0,2.0,0.0,0.038798
segdup,2,11,37,5,10,2,0,123.802162
insider,2,11,37,5,10.0,2.0,0.0,0.070445
fastmultrec_greedy,2,11,37,5,10.0,2.0,0.0,0.243418
lcamap,2,11,37,5,10.0,2.0,0.0,0.038021
segdup,2,15,37,10,20,2,0,263.466408
insider,2,15,37,10,20.0,2.0,0.0,0.133047
fastmultrec_greedy,2,15,37,10,20.0,2.0,0.0,0.617582
lcamap,2,15,37,10,20.0,2.0,0.0,0.083102
segdup,2,15,37,15,30,2,0,141.918238
insider,2,15,37,15,30.0,2.0,0.0,0.133914
fastmultrec_greedy,2,15,37,15,30.0,2.0,0.0,0.579923
lcamap,2,15,37,15,30.0,2.0,0.0,0.083091
segdup,2,15,37,20,40,2,0,142.467605
insider,2,15,37,20,40.0,2.0,0.0,0.131507
fastmultrec_greedy,2,15,37,20,40.0,2.0,0.0,0.569827
lcamap,2,15,37,20,40.0,2.0,0.0,0.082873
segdup,2,15,37,25,50,2,0,140.698382
insider,2,15,37,25,50.0,2.0,0.0,0.135424
fastmultrec_greedy,2,15,37,25,50.0,2.0,0.0,0.571136
lcamap,2,15,37,25,50.0,2.0,0.0,0.082544
segdup,2,15,37,5,10,2,0,289.635726
insider,2,15,37,5,10.0,2.0,0.0,0.132280
fastmultrec_greedy,2,15,37,5,10.0,2.0,0.0,0.578977
lcamap,2,15,37,5,10.0,2.0,0.0,0.085452
segdup,2,8,37,10,818,66,158,202.150023
insider,2,8,37,10,802.0,58.0,222.0,0.461462
fastmultrec_greedy,2,8,37,10,813.0,65.0,163.0,1.114916
lcamap,2,8,37,10,818.0,66.0,158.0,0.086375
segdup,2,8,37,15,1148,66,158,192.211696
insider,2,8,37,15,1092.0,58.0,222.0,1.361377
fastmultrec_greedy,2,8,37,15,1138.0,65.0,163.0,1.125246
lcamap,2,8,37,15,1148.0,66.0,158.0,0.091200
segdup,2,8,37,20,1478,66,158,196.300117
insider,2,8,37,20,1379.0,57.0,239.0,4.945987
fastmultrec_greedy,2,8,37,20,1463.0,65.0,163.0,1.124430
lcamap,2,8,37,20,1478.0,66.0,158.0,0.085917
segdup,2,8,37,25,1808,66,158,202.986129
insider,2,8,37,25,1653.0,53.0,328.0,26.489811
fastmultrec_greedy,2,8,37,25,1788.0,65.0,163.0,1.124001
lcamap,2,8,37,25,1808.0,66.0,158.0,0.088293
segdup,2,8,37,5,488,66,158,200.248690
insider,2,8,37,5,488.0,65.0,163.0,0.247480
fastmultrec_greedy,2,8,37,5,488.0,66.0,158.0,0.620378
lcamap,2,8,37,5,488.0,66.0,158.0,0.085581
segdup,2,9,37,10,241,23,11,216.272913
insider,2,9,37,10,241.0,23.0,11.0,0.187420
fastmultrec_greedy,2,9,37,10,241.0,23.0,11.0,0.463151
lcamap,2,9,37,10,241.0,23.0,11.0,0.083066
segdup,2,9,37,15,356,23,11,132.135722
insider,2,9,37,15,356.0,23.0,11.0,0.370406
fastmultrec_greedy,2,9,37,15,356.0,23.0,11.0,0.530128
lcamap,2,9,37,15,356.0,23.0,11.0,0.084466
segdup,2,9,37,20,471,23,11,111.178752
insider,2,9,37,20,471.0,23.0,11.0,0.695681
fastmultrec_greedy,2,9,37,20,471.0,23.0,11.0,0.443921
lcamap,2,9,37,20,471.0,23.0,11.0,0.073023
segdup,2,9,37,25,586,23,11,99.354451
insider,2,9,37,25,582.0,22.0,32.0,2.776142
fastmultrec_greedy,2,9,37,25,586.0,23.0,11.0,0.437412
lcamap,2,9,37,25,586.0,23.0,11.0,0.073428
segdup,2,9,37,5,126,23,11,172.945791
insider,2,9,37,5,126.0,23.0,11.0,0.139759
fastmultrec_greedy,2,9,37,5,126.0,23.0,11.0,0.419700
lcamap,2,9,37,5,126.0,23.0,11.0,0.068780
segdup,1,10,38,10,32,3,2,173.995440
insider,1,10,38,10,32.0,3.0,2.0,0.079175
fastmultrec_greedy,1,10,38,10,32.0,3.0,2.0,0.255339
lcamap,1,10,38,10,32.0,3.0,2.0,0.042974
segdup,1,10,38,15,47,3,2,131.404329
insider,1,10,38,15,47.0,3.0,2.0,0.100094
fastmultrec_greedy,1,10,38,15,47.0,3.0,2.0,0.265090
lcamap,1,10,38,15,47.0,3.0,2.0,0.051698
segdup,1,10,38,20,62,3,2,106.255217
insider,1,10,38,20,62.0,3.0,2.0,0.091953
fastmultrec_greedy,1,10,38,20,62.0,3.0,2.0,0.252804
lcamap,1,10,38,20,62.0,3.0,2.0,0.044656
segdup,1,10,38,25,77,3,2,93.944184
insider,1,10,38,25,77.0,3.0,2.0,0.077992
fastmultrec_greedy,1,10,38,25,77.0,3.0,2.0,0.258974
lcamap,1,10,38,25,77.0,3.0,2.0,0.049886
segdup,1,10,38,5,17,3,2,173.585537
insider,1,10,38,5,17.0,3.0,2.0,0.093983
fastmultrec_greedy,1,10,38,5,17.0,3.0,2.0,0.321084
lcamap,1,10,38,5,17.0,3.0,2.0,0.052919
segdup,1,11,38,10,10,1,0,234.274505
insider,1,11,38,10,10.0,1.0,0.0,0.094758
fastmultrec_greedy,1,11,38,10,10.0,1.0,0.0,0.352911
lcamap,1,11,38,10,10.0,1.0,0.0,0.060447
segdup,1,11,38,15,15,1,0,194.058607
insider,1,11,38,15,15.0,1.0,0.0,0.114163
fastmultrec_greedy,1,11,38,15,15.0,1.0,0.0,0.425625
lcamap,1,11,38,15,15.0,1.0,0.0,0.075040
segdup,1,11,38,20,20,1,0,131.327587
insider,1,11,38,20,20.0,1.0,0.0,0.092219
fastmultrec_greedy,1,11,38,20,20.0,1.0,0.0,0.349342
lcamap,1,11,38,20,20.0,1.0,0.0,0.057886
segdup,1,11,38,25,25,1,0,127.223631
insider,1,11,38,25,25.0,1.0,0.0,0.098776
fastmultrec_greedy,1,11,38,25,25.0,1.0,0.0,0.357085
lcamap,1,11,38,25,25.0,1.0,0.0,0.061659
segdup,1,11,38,5,5,1,0,240.398993
insider,1,11,38,5,5.0,1.0,0.0,0.119078
fastmultrec_greedy,1,11,38,5,5.0,1.0,0.0,0.424529
lcamap,1,11,38,5,5.0,1.0,0.0,0.070690
segdup,1,15,38,10,10,1,0,68.698685
insider,1,15,38,10,10.0,1.0,0.0,0.043244
fastmultrec_greedy,1,15,38,10,10.0,1.0,0.0,0.111136
lcamap,1,15,38,10,10.0,1.0,0.0,0.028369
segdup,1,15,38,15,15,1,0,70.400522
insider,1,15,38,15,15.0,1.0,0.0,0.042813
fastmultrec_greedy,1,15,38,15,15.0,1.0,0.0,0.135156
lcamap,1,15,38,15,15.0,1.0,0.0,0.023844
segdup,1,15,38,20,20,1,0,86.148258
insider,1,15,38,20,20.0,1.0,0.0,0.054579
fastmultrec_greedy,1,15,38,20,20.0,1.0,0.0,0.148410
lcamap,1,15,38,20,20.0,1.0,0.0,0.033310
segdup,1,15,38,25,25,1,0,52.333098
insider,1,15,38,25,25.0,1.0,0.0,0.046851
fastmultrec_greedy,1,15,38,25,25.0,1.0,0.0,0.150529
lcamap,1,15,38,25,25.0,1.0,0.0,0.029076
segdup,1,15,38,5,5,1,0,63.444011
insider,1,15,38,5,5.0,1.0,0.0,0.043725
fastmultrec_greedy,1,15,38,5,5.0,1.0,0.0,0.116149
lcamap,1,15,38,5,5.0,1.0,0.0,0.020826
segdup,1,8,38,10,530,45,80,129.759338
insider,1,8,38,10,528.0,45.0,78.0,0.199061
fastmultrec_greedy,1,8,38,10,532.0,46.0,72.0,0.349644
lcamap,1,8,38,10,532.0,46.0,72.0,0.060908
segdup,1,8,38,15,762,46,72,125.583566
insider,1,8,38,15,753.0,45.0,78.0,0.585202
fastmultrec_greedy,1,8,38,15,762.0,46.0,72.0,0.347495
lcamap,1,8,38,15,762.0,46.0,72.0,0.050451
segdup,1,8,38,20,992,46,72,120.585254
insider,1,8,38,20,969.0,43.0,109.0,5.478285
fastmultrec_greedy,1,8,38,20,992.0,46.0,72.0,0.350007
lcamap,1,8,38,20,992.0,46.0,72.0,0.051858
segdup,1,8,38,25,1203,45,78,116.946457
insider,1,8,38,25,-1,-1,-1,86.773827
fastmultrec_greedy,1,8,38,25,1222.0,46.0,72.0,0.372155
lcamap,1,8,38,25,1222.0,46.0,72.0,0.052895
segdup,1,8,38,5,302,46,72,138.705838
insider,1,8,38,5,302.0,46.0,72.0,0.111232
fastmultrec_greedy,1,8,38,5,302.0,46.0,72.0,0.353701
lcamap,1,8,38,5,302.0,46.0,72.0,0.061067
segdup,1,9,38,10,79,7,9,106.022043
insider,1,9,38,10,79.0,7.0,9.0,0.064297
fastmultrec_greedy,1,9,38,10,79.0,7.0,9.0,0.233994
lcamap,1,9,38,10,79.0,7.0,9.0,0.032303
segdup,1,9,38,15,114,7,9,101.802332
insider,1,9,38,15,114.0,7.0,9.0,0.071932
fastmultrec_greedy,1,9,38,15,114.0,7.0,9.0,0.214189
lcamap,1,9,38,15,114.0,7.0,9.0,0.031685
segdup,1,9,38,20,149,7,9,64.777711
insider,1,9,38,20,149.0,7.0,9.0,0.073440
fastmultrec_greedy,1,9,38,20,149.0,7.0,9.0,0.238163
lcamap,1,9,38,20,149.0,7.0,9.0,0.035128
segdup,1,9,38,25,184,7,9,69.047483
insider,1,9,38,25,184.0,7.0,9.0,0.084011
fastmultrec_greedy,1,9,38,25,184.0,7.0,9.0,0.209640
lcamap,1,9,38,25,184.0,7.0,9.0,0.030824
segdup,1,9,38,5,44,7,9,111.345099
insider,1,9,38,5,44.0,7.0,9.0,0.065513
fastmultrec_greedy,1,9,38,5,44.0,7.0,9.0,0.210840
lcamap,1,9,38,5,44.0,7.0,9.0,0.031769
segdup,2,10,38,10,41,4,1,209.771574
insider,2,10,38,10,41.0,4.0,1.0,0.120610
fastmultrec_greedy,2,10,38,10,41.0,4.0,1.0,0.442044
lcamap,2,10,38,10,41.0,4.0,1.0,0.070324
segdup,2,10,38,15,61,4,1,110.121134
insider,2,10,38,15,61.0,4.0,1.0,0.123264
fastmultrec_greedy,2,10,38,15,61.0,4.0,1.0,0.435288
lcamap,2,10,38,15,61.0,4.0,1.0,0.070361
segdup,2,10,38,20,81,4,1,105.317275
insider,2,10,38,20,81.0,4.0,1.0,0.123685
fastmultrec_greedy,2,10,38,20,81.0,4.0,1.0,0.455561
lcamap,2,10,38,20,81.0,4.0,1.0,0.071636
segdup,2,10,38,25,101,4,1,114.354314
insider,2,10,38,25,101.0,4.0,1.0,0.125248
fastmultrec_greedy,2,10,38,25,101.0,4.0,1.0,0.442316
lcamap,2,10,38,25,101.0,4.0,1.0,0.068682
segdup,2,10,38,5,21,4,1,233.664686
insider,2,10,38,5,21.0,4.0,1.0,0.134146
fastmultrec_greedy,2,10,38,5,21.0,4.0,1.0,0.521700
lcamap,2,10,38,5,21.0,4.0,1.0,0.078937
segdup,2,11,38,10,30,3,0,244.824423
insider,2,11,38,10,30.0,3.0,0.0,0.108514
fastmultrec_greedy,2,11,38,10,30.0,3.0,0.0,0.452878
lcamap,2,11,38,10,30.0,3.0,0.0,0.064063
segdup,2,11,38,15,45,3,0,202.796060
insider,2,11,38,15,45.0,3.0,0.0,0.109834
fastmultrec_greedy,2,11,38,15,45.0,3.0,0.0,0.442202
lcamap,2,11,38,15,45.0,3.0,0.0,0.064455
segdup,2,11,38,20,60,3,0,202.227723
insider,2,11,38,20,60.0,3.0,0.0,0.114821
fastmultrec_greedy,2,11,38,20,60.0,3.0,0.0,0.459683
lcamap,2,11,38,20,60.0,3.0,0.0,0.066311
segdup,2,11,38,25,75,3,0,127.580099
insider,2,11,38,25,75.0,3.0,0.0,0.127619
fastmultrec_greedy,2,11,38,25,75.0,3.0,0.0,0.494905
lcamap,2,11,38,25,75.0,3.0,0.0,0.069836
segdup,2,11,38,5,15,3,0,266.933067
insider,2,11,38,5,15.0,3.0,0.0,0.120759
fastmultrec_greedy,2,11,38,5,15.0,3.0,0.0,0.475011
lcamap,2,11,38,5,15.0,3.0,0.0,0.069650
segdup,2,15,38,10,20,2,0,181.081723
insider,2,15,38,10,20.0,2.0,0.0,0.091711
fastmultrec_greedy,2,15,38,10,20.0,2.0,0.0,0.374659
lcamap,2,15,38,10,20.0,2.0,0.0,0.052719
segdup,2,15,38,15,30,2,0,139.539230
insider,2,15,38,15,30.0,2.0,0.0,0.086950
fastmultrec_greedy,2,15,38,15,30.0,2.0,0.0,0.299083
lcamap,2,15,38,15,30.0,2.0,0.0,0.050055
segdup,2,15,38,20,40,2,0,86.562307
insider,2,15,38,20,40.0,2.0,0.0,0.091474
fastmultrec_greedy,2,15,38,20,40.0,2.0,0.0,0.303421
lcamap,2,15,38,20,40.0,2.0,0.0,0.052759
segdup,2,15,38,25,50,2,0,77.119631
insider,2,15,38,25,50.0,2.0,0.0,0.085441
fastmultrec_greedy,2,15,38,25,50.0,2.0,0.0,0.309823
lcamap,2,15,38,25,50.0,2.0,0.0,0.052852
segdup,2,15,38,5,10,2,0,194.256867
insider,2,15,38,5,10.0,2.0,0.0,0.088689
fastmultrec_greedy,2,15,38,5,10.0,2.0,0.0,0.294156
lcamap,2,15,38,5,10.0,2.0,0.0,0.054659
segdup,2,8,38,10,648,54,108,239.005353
insider,2,8,38,10,636.0,51.0,126.0,0.408238
fastmultrec_greedy,2,8,38,10,642.0,54.0,102.0,1.116059
lcamap,2,8,38,10,649.0,55.0,99.0,0.087613
segdup,2,8,38,15,924,55,99,206.749666
insider,2,8,38,15,882.0,48.0,162.0,1.405178
fastmultrec_greedy,2,8,38,15,912.0,54.0,102.0,1.039819
lcamap,2,8,38,15,924.0,55.0,99.0,0.087959
segdup,2,8,38,20,1182,54,102,212.265066
insider,2,8,38,20,1122.0,45.0,222.0,8.781301
fastmultrec_greedy,2,8,38,20,1182.0,54.0,102.0,1.084900
lcamap,2,8,38,20,1199.0,55.0,99.0,0.086023
segdup,2,8,38,25,1452,54,102,214.721336
insider,2,8,38,25,1345.0,44.0,245.0,42.955244
fastmultrec_greedy,2,8,38,25,1452.0,54.0,102.0,1.040495
lcamap,2,8,38,25,1474.0,55.0,99.0,0.089070
segdup,2,8,38,5,373,54,103,235.257328
insider,2,8,38,5,372.0,54.0,102.0,0.267080
fastmultrec_greedy,2,8,38,5,372.0,54.0,102.0,1.083740
lcamap,2,8,38,5,374.0,55.0,99.0,0.096047
segdup,2,9,38,10,203,19,13,104.903050
insider,2,9,38,10,203.0,19.0,13.0,0.151624
fastmultrec_greedy,2,9,38,10,203.0,19.0,13.0,0.274609
lcamap,2,9,38,10,203.0,19.0,13.0,0.044623
segdup,2,9,38,15,298,19,13,92.694730
insider,2,9,38,15,295.0,17.0,40.0,0.214052
fastmultrec_greedy,2,9,38,15,298.0,19.0,13.0,0.247908
lcamap,2,9,38,15,298.0,19.0,13.0,0.039451
segdup,2,9,38,20,393,19,13,78.223136
insider,2,9,38,20,380.0,17.0,40.0,0.257260
fastmultrec_greedy,2,9,38,20,393.0,19.0,13.0,0.235467
lcamap,2,9,38,20,393.0,19.0,13.0,0.036907
segdup,2,9,38,25,488,19,13,79.477750
insider,2,9,38,25,465.0,17.0,40.0,0.535437
fastmultrec_greedy,2,9,38,25,488.0,19.0,13.0,0.234916
lcamap,2,9,38,25,488.0,19.0,13.0,0.040310
segdup,2,9,38,5,108,19,13,107.160431
insider,2,9,38,5,108.0,19.0,13.0,0.090426
fastmultrec_greedy,2,9,38,5,108.0,19.0,13.0,0.229224
lcamap,2,9,38,5,108.0,19.0,13.0,0.036853
segdup,1,10,39,10,21,2,1,145.620645
insider,1,10,39,10,21.0,2.0,1.0,0.078204
fastmultrec_greedy,1,10,39,10,21.0,2.0,1.0,0.309858
lcamap,1,10,39,10,21.0,2.0,1.0,0.051659
segdup,1,10,39,15,31,2,1,81.963322
insider,1,10,39,15,31.0,2.0,1.0,0.080902
fastmultrec_greedy,1,10,39,15,31.0,2.0,1.0,0.292819
lcamap,1,10,39,15,31.0,2.0,1.0,0.076950
segdup,1,10,39,20,41,2,1,80.202498
insider,1,10,39,20,41.0,2.0,1.0,0.071455
fastmultrec_greedy,1,10,39,20,41.0,2.0,1.0,0.288789
lcamap,1,10,39,20,41.0,2.0,1.0,0.049098
segdup,1,10,39,25,51,2,1,80.357982
insider,1,10,39,25,51.0,2.0,1.0,0.077501
fastmultrec_greedy,1,10,39,25,51.0,2.0,1.0,0.285957
lcamap,1,10,39,25,51.0,2.0,1.0,0.045288
segdup,1,10,39,5,11,2,1,146.315244
insider,1,10,39,5,11.0,2.0,1.0,0.076062
fastmultrec_greedy,1,10,39,5,11.0,2.0,1.0,0.289620
lcamap,1,10,39,5,11.0,2.0,1.0,0.047633
segdup,1,11,39,10,10,1,0,108.125041
insider,1,11,39,10,10.0,1.0,0.0,0.072601
fastmultrec_greedy,1,11,39,10,10.0,1.0,0.0,0.333491
lcamap,1,11,39,10,10.0,1.0,0.0,0.044293
segdup,1,11,39,15,15,1,0,75.300568
insider,1,11,39,15,15.0,1.0,0.0,0.071033
fastmultrec_greedy,1,11,39,15,15.0,1.0,0.0,0.280108
lcamap,1,11,39,15,15.0,1.0,0.0,0.042085
segdup,1,11,39,20,20,1,0,69.801697
insider,1,11,39,20,20.0,1.0,0.0,0.071607
fastmultrec_greedy,1,11,39,20,20.0,1.0,0.0,0.274022
lcamap,1,11,39,20,20.0,1.0,0.0,0.041361
segdup,1,11,39,25,25,1,0,70.449786
insider,1,11,39,25,25.0,1.0,0.0,0.066059
fastmultrec_greedy,1,11,39,25,25.0,1.0,0.0,0.280597
lcamap,1,11,39,25,25.0,1.0,0.0,0.040813
segdup,1,11,39,5,5,1,0,136.457248
insider,1,11,39,5,5.0,1.0,0.0,0.103829
fastmultrec_greedy,1,11,39,5,5.0,1.0,0.0,0.332699
lcamap,1,11,39,5,5.0,1.0,0.0,0.051073
segdup,1,15,39,10,10,1,0,65.086725
insider,1,15,39,10,10.0,1.0,0.0,0.049002
fastmultrec_greedy,1,15,39,10,10.0,1.0,0.0,0.156232
lcamap,1,15,39,10,10.0,1.0,0.0,0.026682
segdup,1,15,39,15,15,1,0,65.328671
insider,1,15,39,15,15.0,1.0,0.0,0.038904
fastmultrec_greedy,1,15,39,15,15.0,1.0,0.0,0.132967
lcamap,1,15,39,15,15.0,1.0,0.0,0.028215
segdup,1,15,39,20,20,1,0,57.518295
insider,1,15,39,20,20.0,1.0,0.0,0.044576
fastmultrec_greedy,1,15,39,20,20.0,1.0,0.0,0.162745
lcamap,1,15,39,20,20.0,1.0,0.0,0.032816
segdup,1,15,39,25,25,1,0,44.192751
insider,1,15,39,25,25.0,1.0,0.0,0.044867
fastmultrec_greedy,1,15,39,25,25.0,1.0,0.0,0.136823
lcamap,1,15,39,25,25.0,1.0,0.0,0.021759
segdup,1,15,39,5,5,1,0,73.410669
insider,1,15,39,5,5.0,1.0,0.0,0.042300
fastmultrec_greedy,1,15,39,5,5.0,1.0,0.0,0.129768
lcamap,1,15,39,5,5.0,1.0,0.0,0.027428
segdup,1,8,39,10,756,63,126,92.714238
insider,1,8,39,10,750.0,60.0,150.0,0.234344
fastmultrec_greedy,1,8,39,10,756.0,63.0,126.0,0.267446
lcamap,1,8,39,10,756.0,63.0,126.0,0.042111
segdup,1,8,39,15,1062,62,132,91.425727
insider,1,8,39,15,1045.0,58.0,175.0,1.186591
fastmultrec_greedy,1,8,39,15,1071.0,63.0,126.0,0.255727
lcamap,1,8,39,15,1071.0,63.0,126.0,0.039728
segdup,1,8,39,20,1372,62,132,87.212917
insider,1,8,39,20,1324.0,53.0,264.0,13.600250
fastmultrec_greedy,1,8,39,20,1386.0,63.0,126.0,0.256240
lcamap,1,8,39,20,1386.0,63.0,126.0,0.039966
segdup,1,8,39,25,1701,63,126,89.312276
insider,1,8,39,25,-1,-1,-1,76.086225
fastmultrec_greedy,1,8,39,25,1701.0,63.0,126.0,0.273557
lcamap,1,8,39,25,1701.0,63.0,126.0,0.040446
segdup,1,8,39,5,441,63,126,95.069780
insider,1,8,39,5,441.0,63.0,126.0,0.112332
fastmultrec_greedy,1,8,39,5,441.0,63.0,126.0,0.262951
lcamap,1,8,39,5,441.0,63.0,126.0,0.040686
segdup,1,9,39,10,56,5,6,115.083355
insider,1,9,39,10,56.0,5.0,6.0,0.068866
fastmultrec_greedy,1,9,39,10,56.0,5.0,6.0,0.232968
lcamap,1,9,39,10,56.0,5.0,6.0,0.035116
segdup,1,9,39,15,81,5,6,95.988975
insider,1,9,39,15,81.0,5.0,6.0,0.073952
fastmultrec_greedy,1,9,39,15,81.0,5.0,6.0,0.231232
lcamap,1,9,39,15,81.0,5.0,6.0,0.035148
segdup,1,9,39,20,106,5,6,93.357903
insider,1,9,39,20,106.0,5.0,6.0,0.070303
fastmultrec_greedy,1,9,39,20,106.0,5.0,6.0,0.233337
lcamap,1,9,39,20,106.0,5.0,6.0,0.035648
segdup,1,9,39,25,131,5,6,91.408592
insider,1,9,39,25,131.0,5.0,6.0,0.079252
fastmultrec_greedy,1,9,39,25,131.0,5.0,6.0,0.238012
lcamap,1,9,39,25,131.0,5.0,6.0,0.035942
segdup,1,9,39,5,31,5,6,118.021456
insider,1,9,39,5,31.0,5.0,6.0,0.063960
fastmultrec_greedy,1,9,39,5,31.0,5.0,6.0,0.231599
lcamap,1,9,39,5,31.0,5.0,6.0,0.036460
segdup,2,10,39,10,21,2,1,139.184776
insider,2,10,39,10,21.0,2.0,1.0,0.086137
fastmultrec_greedy,2,10,39,10,21.0,2.0,1.0,0.301816
lcamap,2,10,39,10,21.0,2.0,1.0,0.057741
segdup,2,10,39,15,31,2,1,66.374479
insider,2,10,39,15,31.0,2.0,1.0,0.092076
fastmultrec_greedy,2,10,39,15,31.0,2.0,1.0,0.328778
lcamap,2,10,39,15,31.0,2.0,1.0,0.053360
segdup,2,10,39,20,41,2,1,69.351029
insider,2,10,39,20,41.0,2.0,1.0,0.086714
fastmultrec_greedy,2,10,39,20,41.0,2.0,1.0,0.302667
lcamap,2,10,39,20,41.0,2.0,1.0,0.050318
segdup,2,10,39,25,51,2,1,65.654113
insider,2,10,39,25,51.0,2.0,1.0,0.096347
fastmultrec_greedy,2,10,39,25,51.0,2.0,1.0,0.326278
lcamap,2,10,39,25,51.0,2.0,1.0,0.056360
segdup,2,10,39,5,11,2,1,154.122739
insider,2,10,39,5,11.0,2.0,1.0,0.086680
fastmultrec_greedy,2,10,39,5,11.0,2.0,1.0,0.314363
lcamap,2,10,39,5,11.0,2.0,1.0,0.052991
segdup,2,11,39,10,20,2,0,174.877579
insider,2,11,39,10,20.0,2.0,0.0,0.108904
fastmultrec_greedy,2,11,39,10,20.0,2.0,0.0,0.417060
lcamap,2,11,39,10,20.0,2.0,0.0,0.061823
segdup,2,11,39,15,30,2,0,149.179091
insider,2,11,39,15,30.0,2.0,0.0,0.100223
fastmultrec_greedy,2,11,39,15,30.0,2.0,0.0,0.397664
lcamap,2,11,39,15,30.0,2.0,0.0,0.064119
segdup,2,11,39,20,40,2,0,77.946581
insider,2,11,39,20,40.0,2.0,0.0,0.097575
fastmultrec_greedy,2,11,39,20,40.0,2.0,0.0,0.382866
lcamap,2,11,39,20,40.0,2.0,0.0,0.060087
segdup,2,11,39,25,50,2,0,79.073610
insider,2,11,39,25,50.0,2.0,0.0,0.108115
fastmultrec_greedy,2,11,39,25,50.0,2.0,0.0,0.415997
lcamap,2,11,39,25,50.0,2.0,0.0,0.061821
segdup,2,11,39,5,10,2,0,192.741420
insider,2,11,39,5,10.0,2.0,0.0,0.105713
fastmultrec_greedy,2,11,39,5,10.0,2.0,0.0,0.400471
lcamap,2,11,39,5,10.0,2.0,0.0,0.058495
segdup,2,15,39,10,20,2,0,214.757187
insider,2,15,39,10,20.0,2.0,0.0,0.113745
fastmultrec_greedy,2,15,39,10,20.0,2.0,0.0,0.408590
lcamap,2,15,39,10,20.0,2.0,0.0,0.065103
segdup,2,15,39,15,30,2,0,180.488264
insider,2,15,39,15,30.0,2.0,0.0,0.103406
fastmultrec_greedy,2,15,39,15,30.0,2.0,0.0,0.404837
lcamap,2,15,39,15,30.0,2.0,0.0,0.064640
segdup,2,15,39,20,40,2,0,176.485794
insider,2,15,39,20,40.0,2.0,0.0,0.111479
fastmultrec_greedy,2,15,39,20,40.0,2.0,0.0,0.406817
lcamap,2,15,39,20,40.0,2.0,0.0,0.062341
segdup,2,15,39,25,50,2,0,118.683275
insider,2,15,39,25,50.0,2.0,0.0,0.109989
fastmultrec_greedy,2,15,39,25,50.0,2.0,0.0,0.412276
lcamap,2,15,39,25,50.0,2.0,0.0,0.065646
segdup,2,15,39,5,10,2,0,241.929431
insider,2,15,39,5,10.0,2.0,0.0,0.130303
fastmultrec_greedy,2,15,39,5,10.0,2.0,0.0,0.478201
lcamap,2,15,39,5,10.0,2.0,0.0,0.071122
segdup,2,8,39,10,207,18,27,117.960353
insider,2,8,39,10,203.0,17.0,33.0,0.152817
fastmultrec_greedy,2,8,39,10,207.0,18.0,27.0,0.292409
lcamap,2,8,39,10,207.0,18.0,27.0,0.052852
segdup,2,8,39,15,297,18,27,121.143845
insider,2,8,39,15,288.0,17.0,33.0,0.291640
fastmultrec_greedy,2,8,39,15,297.0,18.0,27.0,0.286971
lcamap,2,8,39,15,297.0,18.0,27.0,0.047241
segdup,2,8,39,20,387,18,27,117.651026
insider,2,8,39,20,373.0,16.0,53.0,0.624661
fastmultrec_greedy,2,8,39,20,387.0,18.0,27.0,0.290093
lcamap,2,8,39,20,387.0,18.0,27.0,0.052231
segdup,2,8,39,25,477,18,27,103.230120
insider,2,8,39,25,453.0,16.0,53.0,1.513619
fastmultrec_greedy,2,8,39,25,477.0,18.0,27.0,0.312895
lcamap,2,8,39,25,477.0,18.0,27.0,0.048458
segdup,2,8,39,5,117,18,27,130.010419
insider,2,8,39,5,117.0,18.0,27.0,0.105406
fastmultrec_greedy,2,8,39,5,117.0,18.0,27.0,0.296938
lcamap,2,8,39,5,117.0,18.0,27.0,0.052803
segdup,2,9,39,10,69,4,29,86.285197
insider,2,9,39,10,69.0,4.0,29.0,0.091643
fastmultrec_greedy,2,9,39,10,69.0,4.0,29.0,0.321825
lcamap,2,9,39,10,69.0,4.0,29.0,0.052166
segdup,2,9,39,15,89,4,29,68.792077
insider,2,9,39,15,89.0,4.0,29.0,0.094829
fastmultrec_greedy,2,9,39,15,89.0,4.0,29.0,0.322426
lcamap,2,9,39,15,89.0,4.0,29.0,0.057518
segdup,2,9,39,20,109,4,29,68.174680
insider,2,9,39,20,109.0,4.0,29.0,0.097107
fastmultrec_greedy,2,9,39,20,109.0,4.0,29.0,0.344393
lcamap,2,9,39,20,109.0,4.0,29.0,0.053878
segdup,2,9,39,25,129,4,29,67.894916
insider,2,9,39,25,129.0,4.0,29.0,0.092101
fastmultrec_greedy,2,9,39,25,129.0,4.0,29.0,0.331172
lcamap,2,9,39,25,129.0,4.0,29.0,0.052461
segdup,2,9,39,5,49,4,29,135.513594
insider,2,9,39,5,49.0,4.0,29.0,0.091527
fastmultrec_greedy,2,9,39,5,49.0,4.0,29.0,0.319815
lcamap,2,9,39,5,49.0,4.0,29.0,0.057970
segdup,1,10,3,10,10,1,0,81.154646
insider,1,10,3,10,10.0,1.0,0.0,0.051041
fastmultrec_greedy,1,10,3,10,10.0,1.0,0.0,0.222779
lcamap,1,10,3,10,10.0,1.0,0.0,0.029992
segdup,1,10,3,15,15,1,0,51.626659
insider,1,10,3,15,15.0,1.0,0.0,0.050836
fastmultrec_greedy,1,10,3,15,15.0,1.0,0.0,0.223235
lcamap,1,10,3,15,15.0,1.0,0.0,0.029480
segdup,1,10,3,20,20,1,0,48.126900
insider,1,10,3,20,20.0,1.0,0.0,0.050628
fastmultrec_greedy,1,10,3,20,20.0,1.0,0.0,0.227571
lcamap,1,10,3,20,20.0,1.0,0.0,0.030291
segdup,1,10,3,25,25,1,0,49.155185
insider,1,10,3,25,25.0,1.0,0.0,0.050761
fastmultrec_greedy,1,10,3,25,25.0,1.0,0.0,0.224750
lcamap,1,10,3,25,25.0,1.0,0.0,0.029629
segdup,1,10,3,5,5,1,0,88.896536
insider,1,10,3,5,5.0,1.0,0.0,0.050350
fastmultrec_greedy,1,10,3,5,5.0,1.0,0.0,0.223032
lcamap,1,10,3,5,5.0,1.0,0.0,0.029794
segdup,1,11,3,10,10,1,0,130.476449
insider,1,11,3,10,10.0,1.0,0.0,0.070141
fastmultrec_greedy,1,11,3,10,10.0,1.0,0.0,0.258935
lcamap,1,11,3,10,10.0,1.0,0.0,0.044782
segdup,1,11,3,15,15,1,0,115.429520
insider,1,11,3,15,15.0,1.0,0.0,0.076359
fastmultrec_greedy,1,11,3,15,15.0,1.0,0.0,0.266895
lcamap,1,11,3,15,15.0,1.0,0.0,0.046003
segdup,1,11,3,20,20,1,0,83.191648
insider,1,11,3,20,20.0,1.0,0.0,0.069329
fastmultrec_greedy,1,11,3,20,20.0,1.0,0.0,0.260588
lcamap,1,11,3,20,20.0,1.0,0.0,0.045258
segdup,1,11,3,25,25,1,0,79.403248
insider,1,11,3,25,25.0,1.0,0.0,0.068972
fastmultrec_greedy,1,11,3,25,25.0,1.0,0.0,0.261376
lcamap,1,11,3,25,25.0,1.0,0.0,0.049031
segdup,1,11,3,5,5,1,0,142.911430
insider,1,11,3,5,5.0,1.0,0.0,0.070693
fastmultrec_greedy,1,11,3,5,5.0,1.0,0.0,0.256838
lcamap,1,11,3,5,5.0,1.0,0.0,0.044564
segdup,1,15,3,10,10,1,0,147.395342
insider,1,15,3,10,10.0,1.0,0.0,0.081808
fastmultrec_greedy,1,15,3,10,10.0,1.0,0.0,0.334034
lcamap,1,15,3,10,10.0,1.0,0.0,0.050348
segdup,1,15,3,15,15,1,0,142.261992
insider,1,15,3,15,15.0,1.0,0.0,0.080163
fastmultrec_greedy,1,15,3,15,15.0,1.0,0.0,0.331119
lcamap,1,15,3,15,15.0,1.0,0.0,0.049755
segdup,1,15,3,20,20,1,0,86.758731
insider,1,15,3,20,20.0,1.0,0.0,0.081587
fastmultrec_greedy,1,15,3,20,20.0,1.0,0.0,0.332141
lcamap,1,15,3,20,20.0,1.0,0.0,0.050233
segdup,1,15,3,25,25,1,0,86.403654
insider,1,15,3,25,25.0,1.0,0.0,0.081405
fastmultrec_greedy,1,15,3,25,25.0,1.0,0.0,0.335026
lcamap,1,15,3,25,25.0,1.0,0.0,0.049578
segdup,1,15,3,5,5,1,0,155.140189
insider,1,15,3,5,5.0,1.0,0.0,0.081881
fastmultrec_greedy,1,15,3,5,5.0,1.0,0.0,0.335509
lcamap,1,15,3,5,5.0,1.0,0.0,0.049950
segdup,1,8,3,10,798,65,148,95.943388
insider,1,8,3,10,783.0,61.0,173.0,0.180358
fastmultrec_greedy,1,8,3,10,800.0,66.0,140.0,0.293139
lcamap,1,8,3,10,800.0,66.0,140.0,0.049471
segdup,1,8,3,15,1121,65,146,92.345886
insider,1,8,3,15,1085.0,60.0,185.0,0.360851
fastmultrec_greedy,1,8,3,15,1130.0,66.0,140.0,0.287274
lcamap,1,8,3,15,1130.0,66.0,140.0,0.047113
segdup,1,8,3,20,1460,66,140,93.841841
insider,1,8,3,20,1385.0,60.0,185.0,1.034089
fastmultrec_greedy,1,8,3,20,1460.0,66.0,140.0,0.291141
lcamap,1,8,3,20,1460.0,66.0,140.0,0.047030
segdup,1,8,3,25,1790,66,140,88.918601
insider,1,8,3,25,1668.0,55.0,293.0,3.238714
fastmultrec_greedy,1,8,3,25,1790.0,66.0,140.0,0.291386
lcamap,1,8,3,25,1790.0,66.0,140.0,0.048705
segdup,1,8,3,5,470,66,140,98.886758
insider,1,8,3,5,470.0,66.0,140.0,0.122802
fastmultrec_greedy,1,8,3,5,470.0,66.0,140.0,0.289939
lcamap,1,8,3,5,470.0,66.0,140.0,0.048415
segdup,1,9,3,10,113,11,3,125.089143
insider,1,9,3,10,113.0,11.0,3.0,0.073998
fastmultrec_greedy,1,9,3,10,113.0,11.0,3.0,0.228577
lcamap,1,9,3,10,113.0,11.0,3.0,0.041485
segdup,1,9,3,15,168,11,3,66.041172
insider,1,9,3,15,168.0,11.0,3.0,0.079973
fastmultrec_greedy,1,9,3,15,168.0,11.0,3.0,0.229163
lcamap,1,9,3,15,168.0,11.0,3.0,0.041501
segdup,1,9,3,20,223,11,3,65.857898
insider,1,9,3,20,223.0,11.0,3.0,0.089455
fastmultrec_greedy,1,9,3,20,223.0,11.0,3.0,0.230645
lcamap,1,9,3,20,223.0,11.0,3.0,0.041639
segdup,1,9,3,25,278,11,3,66.605017
insider,1,9,3,25,278.0,11.0,3.0,0.110000
fastmultrec_greedy,1,9,3,25,278.0,11.0,3.0,0.228519
lcamap,1,9,3,25,278.0,11.0,3.0,0.040340
segdup,1,9,3,5,58,11,3,125.425567
insider,1,9,3,5,58.0,11.0,3.0,0.069766
fastmultrec_greedy,1,9,3,5,58.0,11.0,3.0,0.228760
lcamap,1,9,3,5,58.0,11.0,3.0,0.042156
segdup,2,10,3,10,20,2,0,172.470092
insider,2,10,3,10,20.0,2.0,0.0,0.132884
fastmultrec_greedy,2,10,3,10,20.0,2.0,0.0,0.552755
lcamap,2,10,3,10,20.0,2.0,0.0,0.085021
segdup,2,10,3,15,30,2,0,101.919072
insider,2,10,3,15,30.0,2.0,0.0,0.133357
fastmultrec_greedy,2,10,3,15,30.0,2.0,0.0,0.552841
lcamap,2,10,3,15,30.0,2.0,0.0,0.084301
segdup,2,10,3,20,40,2,0,106.617183
insider,2,10,3,20,40.0,2.0,0.0,0.131458
fastmultrec_greedy,2,10,3,20,40.0,2.0,0.0,0.556184
lcamap,2,10,3,20,40.0,2.0,0.0,0.085233
segdup,2,10,3,25,50,2,0,103.163725
insider,2,10,3,25,50.0,2.0,0.0,0.129879
fastmultrec_greedy,2,10,3,25,50.0,2.0,0.0,0.568188
lcamap,2,10,3,25,50.0,2.0,0.0,0.082006
segdup,2,10,3,5,10,2,0,198.524428
insider,2,10,3,5,10.0,2.0,0.0,0.133735
fastmultrec_greedy,2,10,3,5,10.0,2.0,0.0,0.551889
lcamap,2,10,3,5,10.0,2.0,0.0,0.084994
segdup,2,15,3,10,20,2,0,237.609678
insider,2,15,3,10,20.0,2.0,0.0,0.146127
fastmultrec_greedy,2,15,3,10,20.0,2.0,0.0,0.541822
lcamap,2,15,3,10,20.0,2.0,0.0,0.085610
segdup,2,15,3,15,30,2,0,186.611824
insider,2,15,3,15,30.0,2.0,0.0,0.143905
fastmultrec_greedy,2,15,3,15,30.0,2.0,0.0,0.555039
lcamap,2,15,3,15,30.0,2.0,0.0,0.086500
segdup,2,15,3,20,40,2,0,109.761905
insider,2,15,3,20,40.0,2.0,0.0,0.143430
fastmultrec_greedy,2,15,3,20,40.0,2.0,0.0,0.548562
lcamap,2,15,3,20,40.0,2.0,0.0,0.088067
segdup,2,15,3,25,50,2,0,112.079111
insider,2,15,3,25,50.0,2.0,0.0,0.140573
fastmultrec_greedy,2,15,3,25,50.0,2.0,0.0,0.542578
lcamap,2,15,3,25,50.0,2.0,0.0,0.085010
segdup,2,15,3,5,10,2,0,241.197068
insider,2,15,3,5,10.0,2.0,0.0,0.144696
fastmultrec_greedy,2,15,3,5,10.0,2.0,0.0,0.556028
lcamap,2,15,3,5,10.0,2.0,0.0,0.087320
segdup,2,8,3,10,1032,87,162,196.358531
insider,2,8,3,10,1002.0,80.0,202.0,0.614499
fastmultrec_greedy,2,8,3,10,1015.0,84.0,175.0,1.830687
lcamap,2,8,3,10,1032.0,87.0,162.0,0.096524
segdup,2,8,3,15,1467,87,162,182.384590
insider,2,8,3,15,1399.0,79.0,214.0,2.494702
fastmultrec_greedy,2,8,3,15,1435.0,84.0,175.0,1.829475
lcamap,2,8,3,15,1467.0,87.0,162.0,0.096405
segdup,2,8,3,20,1898,86,178,188.977454
insider,2,8,3,20,1780.0,73.0,320.0,18.992533
fastmultrec_greedy,2,8,3,20,1855.0,84.0,175.0,1.834350
lcamap,2,8,3,20,1902.0,87.0,162.0,0.100324
segdup,2,8,3,25,2315,86,165,185.292520
insider,2,8,3,25,-1,-1,-1,2736.343808
fastmultrec_greedy,2,8,3,25,2275.0,84.0,175.0,2.522836
lcamap,2,8,3,25,2337.0,87.0,162.0,0.097559
segdup,2,8,3,5,597,87,162,193.097682
insider,2,8,3,5,594.0,85.0,169.0,0.249737
fastmultrec_greedy,2,8,3,5,594.0,85.0,169.0,1.413408
lcamap,2,8,3,5,597.0,87.0,162.0,0.097032
segdup,2,9,3,10,89,8,9,92.713236
insider,2,9,3,10,89.0,8.0,9.0,0.070157
fastmultrec_greedy,2,9,3,10,89.0,8.0,9.0,0.194028
lcamap,2,9,3,10,89.0,8.0,9.0,0.031599
segdup,2,9,3,15,129,8,9,87.060918
insider,2,9,3,15,129.0,8.0,9.0,0.079006
fastmultrec_greedy,2,9,3,15,129.0,8.0,9.0,0.200389
lcamap,2,9,3,15,129.0,8.0,9.0,0.032255
segdup,2,9,3,20,169,8,9,41.547285
insider,2,9,3,20,169.0,8.0,9.0,0.093288
fastmultrec_greedy,2,9,3,20,169.0,8.0,9.0,0.201323
lcamap,2,9,3,20,169.0,8.0,9.0,0.032530
segdup,2,9,3,25,209,8,9,42.004214
insider,2,9,3,25,209.0,8.0,9.0,0.110327
fastmultrec_greedy,2,9,3,25,209.0,8.0,9.0,0.196087
lcamap,2,9,3,25,209.0,8.0,9.0,0.032091
segdup,2,9,3,5,49,8,9,94.283213
insider,2,9,3,5,49.0,8.0,9.0,0.063250
fastmultrec_greedy,2,9,3,5,49.0,8.0,9.0,0.196025
lcamap,2,9,3,5,49.0,8.0,9.0,0.031640
segdup,1,10,40,10,66,6,6,102.254894
insider,1,10,40,10,66.0,6.0,6.0,0.067515
fastmultrec_greedy,1,10,40,10,66.0,6.0,6.0,0.220165
lcamap,1,10,40,10,66.0,6.0,6.0,0.038284
segdup,1,10,40,15,96,6,6,58.140769
insider,1,10,40,15,96.0,6.0,6.0,0.070413
fastmultrec_greedy,1,10,40,15,96.0,6.0,6.0,0.215137
lcamap,1,10,40,15,96.0,6.0,6.0,0.043890
segdup,1,10,40,20,126,6,6,60.217527
insider,1,10,40,20,126.0,6.0,6.0,0.075593
fastmultrec_greedy,1,10,40,20,126.0,6.0,6.0,0.225769
lcamap,1,10,40,20,126.0,6.0,6.0,0.038878
segdup,1,10,40,25,156,6,6,58.477802
insider,1,10,40,25,156.0,6.0,6.0,0.082061
fastmultrec_greedy,1,10,40,25,156.0,6.0,6.0,0.219974
lcamap,1,10,40,25,156.0,6.0,6.0,0.036628
segdup,1,10,40,5,36,6,6,106.985893
insider,1,10,40,5,36.0,6.0,6.0,0.062732
fastmultrec_greedy,1,10,40,5,36.0,6.0,6.0,0.222313
lcamap,1,10,40,5,36.0,6.0,6.0,0.039091
segdup,1,11,40,10,10,1,0,96.810584
insider,1,11,40,10,10.0,1.0,0.0,0.066828
fastmultrec_greedy,1,11,40,10,10.0,1.0,0.0,0.252147
lcamap,1,11,40,10,10.0,1.0,0.0,0.046079
segdup,1,11,40,15,15,1,0,93.308589
insider,1,11,40,15,15.0,1.0,0.0,0.067426
fastmultrec_greedy,1,11,40,15,15.0,1.0,0.0,0.252832
lcamap,1,11,40,15,15.0,1.0,0.0,0.045087
segdup,1,11,40,20,20,1,0,69.232927
insider,1,11,40,20,20.0,1.0,0.0,0.069108
fastmultrec_greedy,1,11,40,20,20.0,1.0,0.0,0.248770
lcamap,1,11,40,20,20.0,1.0,0.0,0.043065
segdup,1,11,40,25,25,1,0,70.366322
insider,1,11,40,25,25.0,1.0,0.0,0.066852
fastmultrec_greedy,1,11,40,25,25.0,1.0,0.0,0.252280
lcamap,1,11,40,25,25.0,1.0,0.0,0.042275
segdup,1,11,40,5,5,1,0,117.844650
insider,1,11,40,5,5.0,1.0,0.0,0.073801
fastmultrec_greedy,1,11,40,5,5.0,1.0,0.0,0.259709
lcamap,1,11,40,5,5.0,1.0,0.0,0.041036
segdup,1,15,40,10,10,1,0,56.114748
insider,1,15,40,10,10.0,1.0,0.0,0.042375
fastmultrec_greedy,1,15,40,10,10.0,1.0,0.0,0.100700
lcamap,1,15,40,10,10.0,1.0,0.0,0.018305
segdup,1,15,40,15,15,1,0,42.044579
insider,1,15,40,15,15.0,1.0,0.0,0.042504
fastmultrec_greedy,1,15,40,15,15.0,1.0,0.0,0.098269
lcamap,1,15,40,15,15.0,1.0,0.0,0.018599
segdup,1,15,40,20,20,1,0,32.568146
insider,1,15,40,20,20.0,1.0,0.0,0.040125
fastmultrec_greedy,1,15,40,20,20.0,1.0,0.0,0.098943
lcamap,1,15,40,20,20.0,1.0,0.0,0.018246
segdup,1,15,40,25,25,1,0,32.393651
insider,1,15,40,25,25.0,1.0,0.0,0.033556
fastmultrec_greedy,1,15,40,25,25.0,1.0,0.0,0.101474
lcamap,1,15,40,25,25.0,1.0,0.0,0.025170
segdup,1,15,40,5,5,1,0,59.281880
insider,1,15,40,5,5.0,1.0,0.0,0.047003
fastmultrec_greedy,1,15,40,5,5.0,1.0,0.0,0.098340
lcamap,1,15,40,5,5.0,1.0,0.0,0.018788
segdup,1,8,40,10,521,47,51,119.124930
insider,1,8,40,10,517.0,46.0,57.0,0.180534
fastmultrec_greedy,1,8,40,10,521.0,47.0,51.0,0.484667
lcamap,1,8,40,10,521.0,47.0,51.0,0.061876
segdup,1,8,40,15,756,47,51,107.527596
insider,1,8,40,15,747.0,46.0,57.0,0.290948
fastmultrec_greedy,1,8,40,15,756.0,47.0,51.0,0.486076
lcamap,1,8,40,15,756.0,47.0,51.0,0.061721
segdup,1,8,40,20,991,47,51,105.676122
insider,1,8,40,20,973.0,45.0,73.0,0.943193
fastmultrec_greedy,1,8,40,20,991.0,47.0,51.0,0.472092
lcamap,1,8,40,20,991.0,47.0,51.0,0.067044
segdup,1,8,40,25,1226,47,51,107.799933
insider,1,8,40,25,1198.0,45.0,73.0,5.680886
fastmultrec_greedy,1,8,40,25,1226.0,47.0,51.0,0.464624
lcamap,1,8,40,25,1226.0,47.0,51.0,0.067404
segdup,1,8,40,5,286,47,51,127.536948
insider,1,8,40,5,286.0,47.0,51.0,0.132265
fastmultrec_greedy,1,8,40,5,286.0,47.0,51.0,0.491711
lcamap,1,8,40,5,286.0,47.0,51.0,0.066255
segdup,1,9,40,10,87,8,7,123.088313
insider,1,9,40,10,87.0,8.0,7.0,0.079458
fastmultrec_greedy,1,9,40,10,87.0,8.0,7.0,0.284708
lcamap,1,9,40,10,87.0,8.0,7.0,0.045994
segdup,1,9,40,15,127,8,7,79.909049
insider,1,9,40,15,127.0,8.0,7.0,0.089387
fastmultrec_greedy,1,9,40,15,127.0,8.0,7.0,0.291222
lcamap,1,9,40,15,127.0,8.0,7.0,0.048299
segdup,1,9,40,20,167,8,7,73.584053
insider,1,9,40,20,167.0,8.0,7.0,0.090439
fastmultrec_greedy,1,9,40,20,167.0,8.0,7.0,0.290136
lcamap,1,9,40,20,167.0,8.0,7.0,0.047846
segdup,1,9,40,25,207,8,7,88.550609
insider,1,9,40,25,207.0,8.0,7.0,0.098540
fastmultrec_greedy,1,9,40,25,207.0,8.0,7.0,0.286929
lcamap,1,9,40,25,207.0,8.0,7.0,0.047297
segdup,1,9,40,5,47,8,7,123.046591
insider,1,9,40,5,47.0,8.0,7.0,0.078302
fastmultrec_greedy,1,9,40,5,47.0,8.0,7.0,0.281928
lcamap,1,9,40,5,47.0,8.0,7.0,0.054720
segdup,2,10,40,10,40,4,0,163.872395
insider,2,10,40,10,40.0,4.0,0.0,0.109382
fastmultrec_greedy,2,10,40,10,40.0,4.0,0.0,0.415559
lcamap,2,10,40,10,40.0,4.0,0.0,0.064684
segdup,2,10,40,15,60,4,0,161.116785
insider,2,10,40,15,60.0,4.0,0.0,0.114279
fastmultrec_greedy,2,10,40,15,60.0,4.0,0.0,0.405800
lcamap,2,10,40,15,60.0,4.0,0.0,0.066068
segdup,2,10,40,20,80,4,0,102.564056
insider,2,10,40,20,80.0,4.0,0.0,0.116796
fastmultrec_greedy,2,10,40,20,80.0,4.0,0.0,0.388388
lcamap,2,10,40,20,80.0,4.0,0.0,0.058672
segdup,2,10,40,25,100,4,0,90.180437
insider,2,10,40,25,100.0,4.0,0.0,0.128336
fastmultrec_greedy,2,10,40,25,100.0,4.0,0.0,0.415833
lcamap,2,10,40,25,100.0,4.0,0.0,0.062640
segdup,2,10,40,5,20,4,0,186.535408
insider,2,10,40,5,20.0,4.0,0.0,0.108675
fastmultrec_greedy,2,10,40,5,20.0,4.0,0.0,0.403536
lcamap,2,10,40,5,20.0,4.0,0.0,0.059374
segdup,2,11,40,10,21,2,1,244.166909
insider,2,11,40,10,21.0,2.0,1.0,0.136910
fastmultrec_greedy,2,11,40,10,21.0,2.0,1.0,0.508510
lcamap,2,11,40,10,21.0,2.0,1.0,0.085825
segdup,2,11,40,15,31,2,1,110.242317
insider,2,11,40,15,31.0,2.0,1.0,0.138752
fastmultrec_greedy,2,11,40,15,31.0,2.0,1.0,0.506904
lcamap,2,11,40,15,31.0,2.0,1.0,0.094055
segdup,2,11,40,20,41,2,1,108.766111
insider,2,11,40,20,41.0,2.0,1.0,0.135447
fastmultrec_greedy,2,11,40,20,41.0,2.0,1.0,0.517634
lcamap,2,11,40,20,41.0,2.0,1.0,0.088097
segdup,2,11,40,25,51,2,1,129.398410
insider,2,11,40,25,51.0,2.0,1.0,0.131578
fastmultrec_greedy,2,11,40,25,51.0,2.0,1.0,0.514697
lcamap,2,11,40,25,51.0,2.0,1.0,0.089823
segdup,2,11,40,5,11,2,1,248.468092
insider,2,11,40,5,11.0,2.0,1.0,0.133924
fastmultrec_greedy,2,11,40,5,11.0,2.0,1.0,0.581054
lcamap,2,11,40,5,11.0,2.0,1.0,0.099145
segdup,2,15,40,10,20,2,0,324.465007
insider,2,15,40,10,20.0,2.0,0.0,0.169710
fastmultrec_greedy,2,15,40,10,20.0,2.0,0.0,0.650611
lcamap,2,15,40,10,20.0,2.0,0.0,0.111932
segdup,2,15,40,15,30,2,0,242.940651
insider,2,15,40,15,30.0,2.0,0.0,0.178739
fastmultrec_greedy,2,15,40,15,30.0,2.0,0.0,0.672881
lcamap,2,15,40,15,30.0,2.0,0.0,0.109676
segdup,2,15,40,20,40,2,0,148.389194
insider,2,15,40,20,40.0,2.0,0.0,0.172077
fastmultrec_greedy,2,15,40,20,40.0,2.0,0.0,0.666579
lcamap,2,15,40,20,40.0,2.0,0.0,0.110257
segdup,2,15,40,25,50,2,0,126.939899
insider,2,15,40,25,50.0,2.0,0.0,0.154011
fastmultrec_greedy,2,15,40,25,50.0,2.0,0.0,0.618771
lcamap,2,15,40,25,50.0,2.0,0.0,0.102208
segdup,2,15,40,5,10,2,0,325.789104
insider,2,15,40,5,10.0,2.0,0.0,0.164875
fastmultrec_greedy,2,15,40,5,10.0,2.0,0.0,0.635978
lcamap,2,15,40,5,10.0,2.0,0.0,0.106694
segdup,2,8,40,10,480,42,60,337.146549
insider,2,8,40,10,460.0,37.0,90.0,0.409505
fastmultrec_greedy,2,8,40,10,466.0,40.0,66.0,1.545360
lcamap,2,8,40,10,480.0,42.0,60.0,0.085847
segdup,2,8,40,15,690,42,60,316.171161
insider,2,8,40,15,642.0,34.0,132.0,2.619763
fastmultrec_greedy,2,8,40,15,666.0,40.0,66.0,1.915420
lcamap,2,8,40,15,690.0,42.0,60.0,0.099978
segdup,2,8,40,20,883,41,63,290.134395
insider,2,8,40,20,807.0,32.0,167.0,28.141671
fastmultrec_greedy,2,8,40,20,866.0,40.0,66.0,1.518702
lcamap,2,8,40,20,900.0,42.0,60.0,0.094118
segdup,2,8,40,25,1088,41,63,276.709837
insider,2,8,40,25,967.0,32.0,167.0,171.674552
fastmultrec_greedy,2,8,40,25,1066.0,40.0,66.0,1.531191
lcamap,2,8,40,25,1110.0,42.0,60.0,0.085126
segdup,2,8,40,5,270,42,60,326.449137
insider,2,8,40,5,266.0,40.0,66.0,0.214314
fastmultrec_greedy,2,8,40,5,266.0,40.0,66.0,1.497823
lcamap,2,8,40,5,270.0,42.0,60.0,0.084661
segdup,2,9,40,10,173,16,13,317.507899
insider,2,9,40,10,169.0,15.0,19.0,0.210718
fastmultrec_greedy,2,9,40,10,173.0,16.0,13.0,0.619078
lcamap,2,9,40,10,173.0,16.0,13.0,0.097661
segdup,2,9,40,15,253,16,13,258.085071
insider,2,9,40,15,244.0,15.0,19.0,0.291594
fastmultrec_greedy,2,9,40,15,253.0,16.0,13.0,0.671180
lcamap,2,9,40,15,253.0,16.0,13.0,0.108697
segdup,2,9,40,20,333,16,13,243.029594
insider,2,9,40,20,317.0,14.0,37.0,0.476880
fastmultrec_greedy,2,9,40,20,333.0,16.0,13.0,0.664759
lcamap,2,9,40,20,333.0,16.0,13.0,0.124449
segdup,2,9,40,25,413,16,13,245.781467
insider,2,9,40,25,387.0,14.0,37.0,0.699766
fastmultrec_greedy,2,9,40,25,413.0,16.0,13.0,0.650131
lcamap,2,9,40,25,413.0,16.0,13.0,0.103051
segdup,2,9,40,5,93,16,13,320.172915
insider,2,9,40,5,93.0,16.0,13.0,0.183617
fastmultrec_greedy,2,9,40,5,93.0,16.0,13.0,0.657351
lcamap,2,9,40,5,93.0,16.0,13.0,0.103889
segdup,1,10,41,10,21,2,1,149.683407
insider,1,10,41,10,21.0,2.0,1.0,0.090677
fastmultrec_greedy,1,10,41,10,21.0,2.0,1.0,0.369957
lcamap,1,10,41,10,21.0,2.0,1.0,0.056949
segdup,1,10,41,15,31,2,1,135.311934
insider,1,10,41,15,31.0,2.0,1.0,0.088119
fastmultrec_greedy,1,10,41,15,31.0,2.0,1.0,0.361542
lcamap,1,10,41,15,31.0,2.0,1.0,0.055558
segdup,1,10,41,20,41,2,1,94.219642
insider,1,10,41,20,41.0,2.0,1.0,0.089534
fastmultrec_greedy,1,10,41,20,41.0,2.0,1.0,0.365520
lcamap,1,10,41,20,41.0,2.0,1.0,0.055356
segdup,1,10,41,25,51,2,1,92.602365
insider,1,10,41,25,51.0,2.0,1.0,0.088153
fastmultrec_greedy,1,10,41,25,51.0,2.0,1.0,0.365256
lcamap,1,10,41,25,51.0,2.0,1.0,0.056391
segdup,1,10,41,5,11,2,1,156.637130
insider,1,10,41,5,11.0,2.0,1.0,0.089889
fastmultrec_greedy,1,10,41,5,11.0,2.0,1.0,0.372535
lcamap,1,10,41,5,11.0,2.0,1.0,0.059059
segdup,1,11,41,10,10,1,0,118.894531
insider,1,11,41,10,10.0,1.0,0.0,0.068770
fastmultrec_greedy,1,11,41,10,10.0,1.0,0.0,0.239330
lcamap,1,11,41,10,10.0,1.0,0.0,0.041373
segdup,1,11,41,15,15,1,0,102.609955
insider,1,11,41,15,15.0,1.0,0.0,0.069095
fastmultrec_greedy,1,11,41,15,15.0,1.0,0.0,0.231721
lcamap,1,11,41,15,15.0,1.0,0.0,0.040127
segdup,1,11,41,20,20,1,0,112.601833
insider,1,11,41,20,20.0,1.0,0.0,0.068336
fastmultrec_greedy,1,11,41,20,20.0,1.0,0.0,0.236460
lcamap,1,11,41,20,20.0,1.0,0.0,0.040893
segdup,1,11,41,25,25,1,0,68.663537
insider,1,11,41,25,25.0,1.0,0.0,0.066914
fastmultrec_greedy,1,11,41,25,25.0,1.0,0.0,0.233552
lcamap,1,11,41,25,25.0,1.0,0.0,0.038006
segdup,1,11,41,5,5,1,0,122.688054
insider,1,11,41,5,5.0,1.0,0.0,0.066850
fastmultrec_greedy,1,11,41,5,5.0,1.0,0.0,0.232714
lcamap,1,11,41,5,5.0,1.0,0.0,0.039264
segdup,1,15,41,10,10,1,0,127.721025
insider,1,15,41,10,10.0,1.0,0.0,0.077444
fastmultrec_greedy,1,15,41,10,10.0,1.0,0.0,0.337023
lcamap,1,15,41,10,10.0,1.0,0.0,0.048934
segdup,1,15,41,15,15,1,0,121.293873
insider,1,15,41,15,15.0,1.0,0.0,0.077341
fastmultrec_greedy,1,15,41,15,15.0,1.0,0.0,0.330128
lcamap,1,15,41,15,15.0,1.0,0.0,0.049358
segdup,1,15,41,20,20,1,0,80.106386
insider,1,15,41,20,20.0,1.0,0.0,0.077752
fastmultrec_greedy,1,15,41,20,20.0,1.0,0.0,0.332195
lcamap,1,15,41,20,20.0,1.0,0.0,0.049365
segdup,1,15,41,25,25,1,0,82.131846
insider,1,15,41,25,25.0,1.0,0.0,0.076874
fastmultrec_greedy,1,15,41,25,25.0,1.0,0.0,0.332362
lcamap,1,15,41,25,25.0,1.0,0.0,0.050533
segdup,1,15,41,5,5,1,0,137.970842
insider,1,15,41,5,5.0,1.0,0.0,0.077149
fastmultrec_greedy,1,15,41,5,5.0,1.0,0.0,0.329654
lcamap,1,15,41,5,5.0,1.0,0.0,0.049483
segdup,1,8,41,10,87,8,7,93.057717
insider,1,8,41,10,87.0,8.0,7.0,0.077332
fastmultrec_greedy,1,8,41,10,87.0,8.0,7.0,0.272565
lcamap,1,8,41,10,87.0,8.0,7.0,0.051255
segdup,1,8,41,15,127,8,7,86.907191
insider,1,8,41,15,127.0,8.0,7.0,0.085261
fastmultrec_greedy,1,8,41,15,127.0,8.0,7.0,0.271326
lcamap,1,8,41,15,127.0,8.0,7.0,0.045630
segdup,1,8,41,20,167,8,7,63.073695
insider,1,8,41,20,167.0,8.0,7.0,0.098048
fastmultrec_greedy,1,8,41,20,167.0,8.0,7.0,0.272223
lcamap,1,8,41,20,167.0,8.0,7.0,0.045531
segdup,1,8,41,25,207,8,7,63.428631
insider,1,8,41,25,207.0,8.0,7.0,0.109504
fastmultrec_greedy,1,8,41,25,207.0,8.0,7.0,0.274474
lcamap,1,8,41,25,207.0,8.0,7.0,0.043750
segdup,1,8,41,5,47,8,7,103.033726
insider,1,8,41,5,47.0,8.0,7.0,0.076156
fastmultrec_greedy,1,8,41,5,47.0,8.0,7.0,0.275756
lcamap,1,8,41,5,47.0,8.0,7.0,0.049723
segdup,1,9,41,10,223,20,23,118.582721
insider,1,9,41,10,223.0,20.0,23.0,0.106878
fastmultrec_greedy,1,9,41,10,223.0,20.0,23.0,0.315165
lcamap,1,9,41,10,223.0,20.0,23.0,0.046523
segdup,1,9,41,15,323,20,23,93.353381
insider,1,9,41,15,323.0,20.0,23.0,0.161663
fastmultrec_greedy,1,9,41,15,323.0,20.0,23.0,0.309174
lcamap,1,9,41,15,323.0,20.0,23.0,0.045837
segdup,1,9,41,20,423,20,23,79.685718
insider,1,9,41,20,423.0,20.0,23.0,0.684955
fastmultrec_greedy,1,9,41,20,423.0,20.0,23.0,0.304125
lcamap,1,9,41,20,423.0,20.0,23.0,0.044574
segdup,1,9,41,25,523,20,23,78.493628
insider,1,9,41,25,523.0,20.0,23.0,8.005339
fastmultrec_greedy,1,9,41,25,523.0,20.0,23.0,0.304848
lcamap,1,9,41,25,523.0,20.0,23.0,0.044413
segdup,1,9,41,5,123,20,23,125.244013
insider,1,9,41,5,123.0,20.0,23.0,0.087543
fastmultrec_greedy,1,9,41,5,123.0,20.0,23.0,0.308201
lcamap,1,9,41,5,123.0,20.0,23.0,0.047635
segdup,2,10,41,10,20,2,0,66.309857
insider,2,10,41,10,20.0,2.0,0.0,0.051449
fastmultrec_greedy,2,10,41,10,20.0,2.0,0.0,0.159119
lcamap,2,10,41,10,20.0,2.0,0.0,0.027853
segdup,2,10,41,15,30,2,0,56.673428
insider,2,10,41,15,30.0,2.0,0.0,0.048531
fastmultrec_greedy,2,10,41,15,30.0,2.0,0.0,0.163007
lcamap,2,10,41,15,30.0,2.0,0.0,0.030005
segdup,2,10,41,20,40,2,0,32.594222
insider,2,10,41,20,40.0,2.0,0.0,0.053636
fastmultrec_greedy,2,10,41,20,40.0,2.0,0.0,0.156731
lcamap,2,10,41,20,40.0,2.0,0.0,0.031055
segdup,2,10,41,25,50,2,0,32.044853
insider,2,10,41,25,50.0,2.0,0.0,0.056351
fastmultrec_greedy,2,10,41,25,50.0,2.0,0.0,0.164729
lcamap,2,10,41,25,50.0,2.0,0.0,0.028085
segdup,2,10,41,5,10,2,0,76.897166
insider,2,10,41,5,10.0,2.0,0.0,0.052616
fastmultrec_greedy,2,10,41,5,10.0,2.0,0.0,0.154874
lcamap,2,10,41,5,10.0,2.0,0.0,0.029961
segdup,2,11,41,10,21,2,1,165.139897
insider,2,11,41,10,21.0,2.0,1.0,0.097763
fastmultrec_greedy,2,11,41,10,21.0,2.0,1.0,0.346866
lcamap,2,11,41,10,21.0,2.0,1.0,0.061907
segdup,2,11,41,15,31,2,1,76.240254
insider,2,11,41,15,31.0,2.0,1.0,0.097048
fastmultrec_greedy,2,11,41,15,31.0,2.0,1.0,0.346762
lcamap,2,11,41,15,31.0,2.0,1.0,0.056128
segdup,2,11,41,20,41,2,1,74.490342
insider,2,11,41,20,41.0,2.0,1.0,0.098379
fastmultrec_greedy,2,11,41,20,41.0,2.0,1.0,0.346477
lcamap,2,11,41,20,41.0,2.0,1.0,0.055924
segdup,2,11,41,25,51,2,1,73.173100
insider,2,11,41,25,51.0,2.0,1.0,0.096891
fastmultrec_greedy,2,11,41,25,51.0,2.0,1.0,0.343875
lcamap,2,11,41,25,51.0,2.0,1.0,0.063148
segdup,2,11,41,5,11,2,1,169.629761
insider,2,11,41,5,11.0,2.0,1.0,0.096795
fastmultrec_greedy,2,11,41,5,11.0,2.0,1.0,0.345138
lcamap,2,11,41,5,11.0,2.0,1.0,0.058355
segdup,2,15,41,10,20,2,0,244.118384
insider,2,15,41,10,20.0,2.0,0.0,0.124689
fastmultrec_greedy,2,15,41,10,20.0,2.0,0.0,0.487087
lcamap,2,15,41,10,20.0,2.0,0.0,0.073750
segdup,2,15,41,15,30,2,0,200.116750
insider,2,15,41,15,30.0,2.0,0.0,0.124771
fastmultrec_greedy,2,15,41,15,30.0,2.0,0.0,0.491974
lcamap,2,15,41,15,30.0,2.0,0.0,0.073935
segdup,2,15,41,20,40,2,0,124.348879
insider,2,15,41,20,40.0,2.0,0.0,0.123751
fastmultrec_greedy,2,15,41,20,40.0,2.0,0.0,0.492479
lcamap,2,15,41,20,40.0,2.0,0.0,0.074198
segdup,2,15,41,25,50,2,0,124.069539
insider,2,15,41,25,50.0,2.0,0.0,0.124195
fastmultrec_greedy,2,15,41,25,50.0,2.0,0.0,0.502678
lcamap,2,15,41,25,50.0,2.0,0.0,0.075442
segdup,2,15,41,5,10,2,0,256.968285
insider,2,15,41,5,10.0,2.0,0.0,0.123583
fastmultrec_greedy,2,15,41,5,10.0,2.0,0.0,0.490537
lcamap,2,15,41,5,10.0,2.0,0.0,0.072654
segdup,2,8,41,10,852,67,182,118.193934
insider,2,8,41,10,835.0,62.0,215.0,0.346228
fastmultrec_greedy,2,8,41,10,845.0,66.0,185.0,0.649525
lcamap,2,8,41,10,852.0,67.0,182.0,0.055510
segdup,2,8,41,15,1187,67,182,112.536199
insider,2,8,41,15,1142.0,60.0,242.0,0.752849
fastmultrec_greedy,2,8,41,15,1175.0,66.0,185.0,0.643134
lcamap,2,8,41,15,1187.0,67.0,182.0,0.056625
segdup,2,8,41,20,1522,67,182,110.900330
insider,2,8,41,20,1432.0,57.0,292.0,2.626029
fastmultrec_greedy,2,8,41,20,1505.0,66.0,185.0,0.645775
lcamap,2,8,41,20,1522.0,67.0,182.0,0.062613
segdup,2,8,41,25,1857,67,182,112.041570
insider,2,8,41,25,1712.0,53.0,387.0,25.785607
fastmultrec_greedy,2,8,41,25,1835.0,66.0,185.0,0.633039
lcamap,2,8,41,25,1857.0,67.0,182.0,0.096027
segdup,2,8,41,5,517,67,182,123.632867
insider,2,8,41,5,515.0,66.0,185.0,0.175418
fastmultrec_greedy,2,8,41,5,515.0,66.0,185.0,0.651271
lcamap,2,8,41,5,517.0,67.0,182.0,0.058636
segdup,2,9,41,10,247,22,27,187.878098
insider,2,9,41,10,247.0,22.0,27.0,0.210256
fastmultrec_greedy,2,9,41,10,247.0,22.0,27.0,0.530247
lcamap,2,9,41,10,247.0,22.0,27.0,0.087549
segdup,2,9,41,15,357,22,27,155.028604
insider,2,9,41,15,357.0,22.0,27.0,0.338574
fastmultrec_greedy,2,9,41,15,357.0,22.0,27.0,0.519349
lcamap,2,9,41,15,357.0,22.0,27.0,0.087343
segdup,2,9,41,20,467,22,27,164.482449
insider,2,9,41,20,467.0,22.0,27.0,0.687474
fastmultrec_greedy,2,9,41,20,467.0,22.0,27.0,0.514644
lcamap,2,9,41,20,467.0,22.0,27.0,0.088330
segdup,2,9,41,25,577,22,27,145.394577
insider,2,9,41,25,577.0,22.0,27.0,1.837916
fastmultrec_greedy,2,9,41,25,577.0,22.0,27.0,0.516690
lcamap,2,9,41,25,577.0,22.0,27.0,0.089616
segdup,2,9,41,5,137,22,27,193.961177
insider,2,9,41,5,137.0,22.0,27.0,0.167417
fastmultrec_greedy,2,9,41,5,137.0,22.0,27.0,0.530181
lcamap,2,9,41,5,137.0,22.0,27.0,0.089216
segdup,1,10,42,10,10,1,0,103.485361
insider,1,10,42,10,10.0,1.0,0.0,0.052628
fastmultrec_greedy,1,10,42,10,10.0,1.0,0.0,0.211993
lcamap,1,10,42,10,10.0,1.0,0.0,0.034029
segdup,1,10,42,15,15,1,0,63.072096
insider,1,10,42,15,15.0,1.0,0.0,0.053005
fastmultrec_greedy,1,10,42,15,15.0,1.0,0.0,0.211632
lcamap,1,10,42,15,15.0,1.0,0.0,0.031984
segdup,1,10,42,20,20,1,0,59.174686
insider,1,10,42,20,20.0,1.0,0.0,0.053722
fastmultrec_greedy,1,10,42,20,20.0,1.0,0.0,0.209215
lcamap,1,10,42,20,20.0,1.0,0.0,0.032446
segdup,1,10,42,25,25,1,0,58.636194
insider,1,10,42,25,25.0,1.0,0.0,0.053105
fastmultrec_greedy,1,10,42,25,25.0,1.0,0.0,0.210288
lcamap,1,10,42,25,25.0,1.0,0.0,0.033111
segdup,1,10,42,5,5,1,0,108.695733
insider,1,10,42,5,5.0,1.0,0.0,0.053575
fastmultrec_greedy,1,10,42,5,5.0,1.0,0.0,0.209840
lcamap,1,10,42,5,5.0,1.0,0.0,0.034459
segdup,1,11,42,10,10,1,0,69.687308
insider,1,11,42,10,10.0,1.0,0.0,0.040026
fastmultrec_greedy,1,11,42,10,10.0,1.0,0.0,0.134675
lcamap,1,11,42,10,10.0,1.0,0.0,0.023363
segdup,1,11,42,15,15,1,0,66.412210
insider,1,11,42,15,15.0,1.0,0.0,0.040043
fastmultrec_greedy,1,11,42,15,15.0,1.0,0.0,0.134190
lcamap,1,11,42,15,15.0,1.0,0.0,0.023048
segdup,1,11,42,20,20,1,0,39.009643
insider,1,11,42,20,20.0,1.0,0.0,0.040023
fastmultrec_greedy,1,11,42,20,20.0,1.0,0.0,0.134047
lcamap,1,11,42,20,20.0,1.0,0.0,0.022930
segdup,1,11,42,25,25,1,0,39.081564
insider,1,11,42,25,25.0,1.0,0.0,0.039568
fastmultrec_greedy,1,11,42,25,25.0,1.0,0.0,0.134296
lcamap,1,11,42,25,25.0,1.0,0.0,0.023699
segdup,1,11,42,5,5,1,0,73.033613
insider,1,11,42,5,5.0,1.0,0.0,0.039358
fastmultrec_greedy,1,11,42,5,5.0,1.0,0.0,0.134048
lcamap,1,11,42,5,5.0,1.0,0.0,0.022827
segdup,1,15,42,10,10,1,0,136.227016
insider,1,15,42,10,10.0,1.0,0.0,0.090360
fastmultrec_greedy,1,15,42,10,10.0,1.0,0.0,0.406213
lcamap,1,15,42,10,10.0,1.0,0.0,0.059847
segdup,1,15,42,15,15,1,0,131.136268
insider,1,15,42,15,15.0,1.0,0.0,0.090742
fastmultrec_greedy,1,15,42,15,15.0,1.0,0.0,0.411077
lcamap,1,15,42,15,15.0,1.0,0.0,0.059101
segdup,1,15,42,20,20,1,0,88.880591
insider,1,15,42,20,20.0,1.0,0.0,0.089685
fastmultrec_greedy,1,15,42,20,20.0,1.0,0.0,0.406938
lcamap,1,15,42,20,20.0,1.0,0.0,0.058756
segdup,1,15,42,25,25,1,0,90.530254
insider,1,15,42,25,25.0,1.0,0.0,0.091897
fastmultrec_greedy,1,15,42,25,25.0,1.0,0.0,0.413097
lcamap,1,15,42,25,25.0,1.0,0.0,0.060045
segdup,1,15,42,5,5,1,0,138.480948
insider,1,15,42,5,5.0,1.0,0.0,0.090667
fastmultrec_greedy,1,15,42,5,5.0,1.0,0.0,0.412381
lcamap,1,15,42,5,5.0,1.0,0.0,0.058447
segdup,1,8,42,10,533,46,73,146.540579
insider,1,8,42,10,532.0,45.0,82.0,0.194285
fastmultrec_greedy,1,8,42,10,533.0,46.0,73.0,0.698539
lcamap,1,8,42,10,542.0,47.0,72.0,0.060506
segdup,1,8,42,15,763,46,73,148.407878
insider,1,8,42,15,757.0,45.0,82.0,0.802729
fastmultrec_greedy,1,8,42,15,763.0,46.0,73.0,0.696185
lcamap,1,8,42,15,777.0,47.0,72.0,0.061579
segdup,1,8,42,20,993,46,73,135.833505
insider,1,8,42,20,982.0,45.0,82.0,6.029192
fastmultrec_greedy,1,8,42,20,993.0,46.0,73.0,0.696103
lcamap,1,8,42,20,1012.0,47.0,72.0,0.060244
segdup,1,8,42,5,303,46,73,143.748502
insider,1,8,42,5,303.0,46.0,73.0,0.129488
fastmultrec_greedy,1,8,42,5,303.0,46.0,73.0,0.704034
lcamap,1,8,42,5,307.0,47.0,72.0,0.060253
segdup,1,9,42,10,107,10,7,105.399899
insider,1,9,42,10,107.0,10.0,7.0,0.067364
fastmultrec_greedy,1,9,42,10,107.0,10.0,7.0,0.230999
lcamap,1,9,42,10,107.0,10.0,7.0,0.035748
segdup,1,9,42,15,157,10,7,92.047798
insider,1,9,42,15,157.0,10.0,7.0,0.075155
fastmultrec_greedy,1,9,42,15,157.0,10.0,7.0,0.227466
lcamap,1,9,42,15,157.0,10.0,7.0,0.036027
segdup,1,9,42,20,207,10,7,58.814588
insider,1,9,42,20,207.0,10.0,7.0,0.085009
fastmultrec_greedy,1,9,42,20,207.0,10.0,7.0,0.226890
lcamap,1,9,42,20,207.0,10.0,7.0,0.036213
segdup,1,9,42,25,257,10,7,58.851210
insider,1,9,42,25,257.0,10.0,7.0,0.108606
fastmultrec_greedy,1,9,42,25,257.0,10.0,7.0,0.229958
lcamap,1,9,42,25,257.0,10.0,7.0,0.035775
segdup,1,9,42,5,57,10,7,103.611785
insider,1,9,42,5,57.0,10.0,7.0,0.064720
fastmultrec_greedy,1,9,42,5,57.0,10.0,7.0,0.229317
lcamap,1,9,42,5,57.0,10.0,7.0,0.036610
segdup,2,11,42,10,20,2,0,151.466128
insider,2,11,42,10,20.0,2.0,0.0,0.107638
fastmultrec_greedy,2,11,42,10,20.0,2.0,0.0,0.391589
lcamap,2,11,42,10,20.0,2.0,0.0,0.061738
segdup,2,11,42,15,30,2,0,74.431788
insider,2,11,42,15,30.0,2.0,0.0,0.103173
fastmultrec_greedy,2,11,42,15,30.0,2.0,0.0,0.391583
lcamap,2,11,42,15,30.0,2.0,0.0,0.068504
segdup,2,11,42,20,40,2,0,73.175460
insider,2,11,42,20,40.0,2.0,0.0,0.103647
fastmultrec_greedy,2,11,42,20,40.0,2.0,0.0,0.385979
lcamap,2,11,42,20,40.0,2.0,0.0,0.062432
segdup,2,11,42,25,50,2,0,71.350985
insider,2,11,42,25,50.0,2.0,0.0,0.103083
fastmultrec_greedy,2,11,42,25,50.0,2.0,0.0,0.391528
lcamap,2,11,42,25,50.0,2.0,0.0,0.062258
segdup,2,11,42,5,10,2,0,162.420262
insider,2,11,42,5,10.0,2.0,0.0,0.099676
fastmultrec_greedy,2,11,42,5,10.0,2.0,0.0,0.382077
lcamap,2,11,42,5,10.0,2.0,0.0,0.062175
segdup,2,15,42,10,20,2,0,182.272803
insider,2,15,42,10,20.0,2.0,0.0,0.120875
fastmultrec_greedy,2,15,42,10,20.0,2.0,0.0,0.420764
lcamap,2,15,42,10,20.0,2.0,0.0,0.073502
segdup,2,15,42,15,30,2,0,171.028803
insider,2,15,42,15,30.0,2.0,0.0,0.113830
fastmultrec_greedy,2,15,42,15,30.0,2.0,0.0,0.425103
lcamap,2,15,42,15,30.0,2.0,0.0,0.074257
segdup,2,15,42,20,40,2,0,139.029352
insider,2,15,42,20,40.0,2.0,0.0,0.115049
fastmultrec_greedy,2,15,42,20,40.0,2.0,0.0,0.417550
lcamap,2,15,42,20,40.0,2.0,0.0,0.081241
segdup,2,15,42,25,50,2,0,84.539129
insider,2,15,42,25,50.0,2.0,0.0,0.116100
fastmultrec_greedy,2,15,42,25,50.0,2.0,0.0,0.432547
lcamap,2,15,42,25,50.0,2.0,0.0,0.073642
segdup,2,15,42,5,10,2,0,198.485932
insider,2,15,42,5,10.0,2.0,0.0,0.116458
fastmultrec_greedy,2,15,42,5,10.0,2.0,0.0,0.426059
lcamap,2,15,42,5,10.0,2.0,0.0,0.083197
segdup,2,8,42,10,462,41,52,207.085524
insider,2,8,42,10,462.0,41.0,52.0,0.295500
fastmultrec_greedy,2,8,42,10,462.0,41.0,52.0,0.544642
lcamap,2,8,42,10,462.0,41.0,52.0,0.090180
segdup,2,8,42,15,667,41,52,201.178340
insider,2,8,42,15,666.0,40.0,66.0,0.691680
fastmultrec_greedy,2,8,42,15,667.0,41.0,52.0,0.548773
lcamap,2,8,42,15,667.0,41.0,52.0,0.089920
segdup,2,8,42,20,872,41,52,179.360561
insider,2,8,42,20,863.0,39.0,83.0,7.264462
fastmultrec_greedy,2,8,42,20,872.0,41.0,52.0,0.541903
lcamap,2,8,42,20,872.0,41.0,52.0,0.092295
segdup,2,8,42,25,1077,41,52,182.693268
insider,2,8,42,25,-1,-1,-1,73.670087
fastmultrec_greedy,2,8,42,25,1077.0,41.0,52.0,0.573186
lcamap,2,8,42,25,1077.0,41.0,52.0,0.099831
segdup,2,8,42,5,257,41,52,195.442554
insider,2,8,42,5,257.0,41.0,52.0,0.198696
fastmultrec_greedy,2,8,42,5,257.0,41.0,52.0,0.537897
lcamap,2,8,42,5,257.0,41.0,52.0,0.096424
segdup,2,9,42,10,190,16,30,104.305238
insider,2,9,42,10,189.0,15.0,39.0,0.157978
fastmultrec_greedy,2,9,42,10,190.0,16.0,30.0,0.350690
lcamap,2,9,42,10,190.0,16.0,30.0,0.059774
segdup,2,9,42,15,270,16,30,101.582310
insider,2,9,42,15,264.0,15.0,39.0,0.262428
fastmultrec_greedy,2,9,42,15,270.0,16.0,30.0,0.353204
lcamap,2,9,42,15,270.0,16.0,30.0,0.053890
segdup,2,9,42,20,350,16,30,73.043763
insider,2,9,42,20,339.0,15.0,39.0,0.611582
fastmultrec_greedy,2,9,42,20,350.0,16.0,30.0,0.356460
lcamap,2,9,42,20,350.0,16.0,30.0,0.058579
segdup,2,9,42,25,430,16,30,72.993057
insider,2,9,42,25,414.0,15.0,39.0,3.776795
fastmultrec_greedy,2,9,42,25,430.0,16.0,30.0,0.356855
lcamap,2,9,42,25,430.0,16.0,30.0,0.053451
segdup,2,9,42,5,110,16,30,117.079788
insider,2,9,42,5,110.0,16.0,30.0,0.124529
fastmultrec_greedy,2,9,42,5,110.0,16.0,30.0,0.361122
lcamap,2,9,42,5,110.0,16.0,30.0,0.054773
segdup,1,10,43,10,20,2,0,114.465332
insider,1,10,43,10,20.0,2.0,0.0,0.060651
fastmultrec_greedy,1,10,43,10,20.0,2.0,0.0,0.219958
lcamap,1,10,43,10,20.0,2.0,0.0,0.035921
segdup,1,10,43,15,30,2,0,93.630437
insider,1,10,43,15,30.0,2.0,0.0,0.065774
fastmultrec_greedy,1,10,43,15,30.0,2.0,0.0,0.220216
lcamap,1,10,43,15,30.0,2.0,0.0,0.035615
segdup,1,10,43,20,40,2,0,72.499137
insider,1,10,43,20,40.0,2.0,0.0,0.066196
fastmultrec_greedy,1,10,43,20,40.0,2.0,0.0,0.222258
lcamap,1,10,43,20,40.0,2.0,0.0,0.035809
segdup,1,10,43,25,50,2,0,68.089508
insider,1,10,43,25,50.0,2.0,0.0,0.065524
fastmultrec_greedy,1,10,43,25,50.0,2.0,0.0,0.221234
lcamap,1,10,43,25,50.0,2.0,0.0,0.035073
segdup,1,10,43,5,10,2,0,121.012616
insider,1,10,43,5,10.0,2.0,0.0,0.060670
fastmultrec_greedy,1,10,43,5,10.0,2.0,0.0,0.222384
lcamap,1,10,43,5,10.0,2.0,0.0,0.035240
segdup,1,11,43,10,11,1,1,83.513380
insider,1,11,43,10,11.0,1.0,1.0,0.044927
fastmultrec_greedy,1,11,43,10,11.0,1.0,1.0,0.176602
lcamap,1,11,43,10,11.0,1.0,1.0,0.026005
segdup,1,11,43,15,16,1,1,79.986176
insider,1,11,43,15,16.0,1.0,1.0,0.050091
fastmultrec_greedy,1,11,43,15,16.0,1.0,1.0,0.176840
lcamap,1,11,43,15,16.0,1.0,1.0,0.025964
segdup,1,11,43,20,21,1,1,48.013937
insider,1,11,43,20,21.0,1.0,1.0,0.044871
fastmultrec_greedy,1,11,43,20,21.0,1.0,1.0,0.176383
lcamap,1,11,43,20,21.0,1.0,1.0,0.026817
segdup,1,11,43,25,26,1,1,48.621246
insider,1,11,43,25,26.0,1.0,1.0,0.046186
fastmultrec_greedy,1,11,43,25,26.0,1.0,1.0,0.170252
lcamap,1,11,43,25,26.0,1.0,1.0,0.025952
segdup,1,11,43,5,6,1,1,88.095943
insider,1,11,43,5,6.0,1.0,1.0,0.045308
fastmultrec_greedy,1,11,43,5,6.0,1.0,1.0,0.170384
lcamap,1,11,43,5,6.0,1.0,1.0,0.026118
segdup,1,15,43,10,10,1,0,64.911444
insider,1,15,43,10,10.0,1.0,0.0,0.038898
fastmultrec_greedy,1,15,43,10,10.0,1.0,0.0,0.097891
lcamap,1,15,43,10,10.0,1.0,0.0,0.024026
segdup,1,15,43,15,15,1,0,46.275488
insider,1,15,43,15,15.0,1.0,0.0,0.032875
fastmultrec_greedy,1,15,43,15,15.0,1.0,0.0,0.105060
lcamap,1,15,43,15,15.0,1.0,0.0,0.018120
segdup,1,15,43,20,20,1,0,51.807094
insider,1,15,43,20,20.0,1.0,0.0,0.032590
fastmultrec_greedy,1,15,43,20,20.0,1.0,0.0,0.105061
lcamap,1,15,43,20,20.0,1.0,0.0,0.018627
segdup,1,15,43,25,25,1,0,35.324556
insider,1,15,43,25,25.0,1.0,0.0,0.038408
fastmultrec_greedy,1,15,43,25,25.0,1.0,0.0,0.098514
lcamap,1,15,43,25,25.0,1.0,0.0,0.024402
segdup,1,15,43,5,5,1,0,67.881133
insider,1,15,43,5,5.0,1.0,0.0,0.032580
fastmultrec_greedy,1,15,43,5,5.0,1.0,0.0,0.099492
lcamap,1,15,43,5,5.0,1.0,0.0,0.018401
segdup,1,8,43,10,1055,89,165,122.075820
insider,1,8,43,10,1032.0,82.0,212.0,0.418949
fastmultrec_greedy,1,8,43,10,1044.0,88.0,164.0,0.916208
lcamap,1,8,43,10,1058.0,90.0,158.0,0.062184
segdup,1,8,43,15,1508,90,158,119.472645
insider,1,8,43,15,1435.0,78.0,265.0,2.532028
fastmultrec_greedy,1,8,43,15,1484.0,88.0,164.0,0.907294
lcamap,1,8,43,15,1508.0,90.0,158.0,0.054267
segdup,1,8,43,20,1943,89,163,115.667109
insider,1,8,43,20,1812.0,72.0,372.0,26.666132
fastmultrec_greedy,1,8,43,20,1924.0,88.0,164.0,0.910733
lcamap,1,8,43,20,1958.0,90.0,158.0,0.060403
segdup,1,8,43,25,2408,90,158,116.571658
insider,1,8,43,25,-1,-1,-1,4462.531476
fastmultrec_greedy,1,8,43,25,2364.0,88.0,164.0,1.319044
lcamap,1,8,43,25,2408.0,90.0,158.0,0.081164
segdup,1,8,43,5,608,90,158,119.144676
insider,1,8,43,5,604.0,88.0,164.0,0.164684
fastmultrec_greedy,1,8,43,5,604.0,88.0,164.0,0.916860
lcamap,1,8,43,5,608.0,90.0,158.0,0.054506
segdup,1,9,43,10,74,7,4,49.938903
insider,1,9,43,10,74.0,7.0,4.0,0.041190
fastmultrec_greedy,1,9,43,10,74.0,7.0,4.0,0.094874
lcamap,1,9,43,10,74.0,7.0,4.0,0.017850
segdup,1,9,43,15,109,7,4,48.608468
insider,1,9,43,15,109.0,7.0,4.0,0.043201
fastmultrec_greedy,1,9,43,15,109.0,7.0,4.0,0.096456
lcamap,1,9,43,15,109.0,7.0,4.0,0.018274
segdup,1,9,43,20,144,7,4,41.317701
insider,1,9,43,20,144.0,7.0,4.0,0.045156
fastmultrec_greedy,1,9,43,20,144.0,7.0,4.0,0.095734
lcamap,1,9,43,20,144.0,7.0,4.0,0.017988
segdup,1,9,43,25,179,7,4,41.123928
insider,1,9,43,25,179.0,7.0,4.0,0.045177
fastmultrec_greedy,1,9,43,25,179.0,7.0,4.0,0.096959
lcamap,1,9,43,25,179.0,7.0,4.0,0.018151
segdup,1,9,43,5,39,7,4,50.680682
insider,1,9,43,5,39.0,7.0,4.0,0.040337
fastmultrec_greedy,1,9,43,5,39.0,7.0,4.0,0.096440
lcamap,1,9,43,5,39.0,7.0,4.0,0.017899
segdup,2,10,43,10,43,4,3,166.103180
insider,2,10,43,10,43.0,4.0,3.0,0.096883
fastmultrec_greedy,2,10,43,10,43.0,4.0,3.0,0.356591
lcamap,2,10,43,10,43.0,4.0,3.0,0.051531
segdup,2,10,43,15,63,4,3,77.007809
insider,2,10,43,15,63.0,4.0,3.0,0.097661
fastmultrec_greedy,2,10,43,15,63.0,4.0,3.0,0.357178
lcamap,2,10,43,15,63.0,4.0,3.0,0.052119
segdup,2,10,43,20,83,4,3,112.931856
insider,2,10,43,20,83.0,4.0,3.0,0.097160
fastmultrec_greedy,2,10,43,20,83.0,4.0,3.0,0.356221
lcamap,2,10,43,20,83.0,4.0,3.0,0.052143
segdup,2,10,43,25,103,4,3,76.320378
insider,2,10,43,25,103.0,4.0,3.0,0.098800
fastmultrec_greedy,2,10,43,25,103.0,4.0,3.0,0.354339
lcamap,2,10,43,25,103.0,4.0,3.0,0.051815
segdup,2,10,43,5,23,4,3,182.911776
insider,2,10,43,5,23.0,4.0,3.0,0.098531
fastmultrec_greedy,2,10,43,5,23.0,4.0,3.0,0.355177
lcamap,2,10,43,5,23.0,4.0,3.0,0.051493
segdup,2,11,43,10,30,3,0,189.410523
insider,2,11,43,10,30.0,3.0,0.0,0.118032
fastmultrec_greedy,2,11,43,10,30.0,3.0,0.0,0.466673
lcamap,2,11,43,10,30.0,3.0,0.0,0.064888
segdup,2,11,43,15,45,3,0,164.479229
insider,2,11,43,15,45.0,3.0,0.0,0.118909
fastmultrec_greedy,2,11,43,15,45.0,3.0,0.0,0.464817
lcamap,2,11,43,15,45.0,3.0,0.0,0.064174
segdup,2,11,43,20,60,3,0,101.428546
insider,2,11,43,20,60.0,3.0,0.0,0.121428
fastmultrec_greedy,2,11,43,20,60.0,3.0,0.0,0.467136
lcamap,2,11,43,20,60.0,3.0,0.0,0.065264
segdup,2,11,43,25,75,3,0,101.584208
insider,2,11,43,25,75.0,3.0,0.0,0.119724
fastmultrec_greedy,2,11,43,25,75.0,3.0,0.0,0.467830
lcamap,2,11,43,25,75.0,3.0,0.0,0.063406
segdup,2,11,43,5,15,3,0,212.665839
insider,2,11,43,5,15.0,3.0,0.0,0.117088
fastmultrec_greedy,2,11,43,5,15.0,3.0,0.0,0.464911
lcamap,2,11,43,5,15.0,3.0,0.0,0.063660
segdup,2,15,43,10,20,2,0,218.290187
insider,2,15,43,10,20.0,2.0,0.0,0.139955
fastmultrec_greedy,2,15,43,10,20.0,2.0,0.0,0.564109
lcamap,2,15,43,10,20.0,2.0,0.0,0.088498
segdup,2,15,43,15,30,2,0,203.776805
insider,2,15,43,15,30.0,2.0,0.0,0.141053
fastmultrec_greedy,2,15,43,15,30.0,2.0,0.0,0.563668
lcamap,2,15,43,15,30.0,2.0,0.0,0.087231
segdup,2,15,43,20,40,2,0,122.481678
insider,2,15,43,20,40.0,2.0,0.0,0.142271
fastmultrec_greedy,2,15,43,20,40.0,2.0,0.0,0.564976
lcamap,2,15,43,20,40.0,2.0,0.0,0.087951
segdup,2,15,43,25,50,2,0,122.349386
insider,2,15,43,25,50.0,2.0,0.0,0.138550
fastmultrec_greedy,2,15,43,25,50.0,2.0,0.0,0.564999
lcamap,2,15,43,25,50.0,2.0,0.0,0.086760
segdup,2,15,43,5,10,2,0,249.020335
insider,2,15,43,5,10.0,2.0,0.0,0.141725
fastmultrec_greedy,2,15,43,5,10.0,2.0,0.0,0.562323
lcamap,2,15,43,5,10.0,2.0,0.0,0.088211
segdup,2,8,43,10,1435,96,475,187.576141
insider,2,8,43,10,1417.0,91.0,507.0,0.400742
fastmultrec_greedy,2,8,43,10,1424.0,94.0,484.0,1.247820
lcamap,2,8,43,10,1435.0,96.0,475.0,0.075410
segdup,2,8,43,15,1915,96,475,183.319444
insider,2,8,43,15,1863.0,86.0,573.0,1.621191
fastmultrec_greedy,2,8,43,15,1894.0,94.0,484.0,1.237777
lcamap,2,8,43,15,1915.0,96.0,475.0,0.075807
segdup,2,8,43,20,2395,96,475,183.916522
insider,2,8,43,20,2288.0,85.0,588.0,7.515754
fastmultrec_greedy,2,8,43,20,2364.0,94.0,484.0,1.239794
lcamap,2,8,43,20,2395.0,96.0,475.0,0.075064
segdup,2,8,43,25,2850,94,500,185.089544
insider,2,8,43,25,2698.0,80.0,698.0,63.733283
fastmultrec_greedy,2,8,43,25,2830.0,93.0,505.0,1.669409
lcamap,2,8,43,25,2875.0,96.0,475.0,0.075317
segdup,2,8,43,5,955,96,475,191.737294
insider,2,8,43,5,953.0,95.0,478.0,0.230109
fastmultrec_greedy,2,8,43,5,953.0,95.0,478.0,0.834738
lcamap,2,8,43,5,955.0,96.0,475.0,0.076156
segdup,2,9,43,10,119,11,9,263.828752
insider,2,9,43,10,119.0,11.0,9.0,0.160804
fastmultrec_greedy,2,9,43,10,119.0,11.0,9.0,0.595697
lcamap,2,9,43,10,119.0,11.0,9.0,0.084094
segdup,2,9,43,15,174,11,9,212.520129
insider,2,9,43,15,174.0,11.0,9.0,0.182361
fastmultrec_greedy,2,9,43,15,174.0,11.0,9.0,0.605041
lcamap,2,9,43,15,174.0,11.0,9.0,0.085434
segdup,2,9,43,20,229,11,9,137.650571
insider,2,9,43,20,229.0,11.0,9.0,0.210765
fastmultrec_greedy,2,9,43,20,229.0,11.0,9.0,0.601876
lcamap,2,9,43,20,229.0,11.0,9.0,0.084507
segdup,2,9,43,25,284,11,9,134.012301
insider,2,9,43,25,284.0,11.0,9.0,0.274524
fastmultrec_greedy,2,9,43,25,284.0,11.0,9.0,0.594725
lcamap,2,9,43,25,284.0,11.0,9.0,0.082386
segdup,2,9,43,5,64,11,9,262.398528
insider,2,9,43,5,64.0,11.0,9.0,0.149422
fastmultrec_greedy,2,9,43,5,64.0,11.0,9.0,0.595811
lcamap,2,9,43,5,64.0,11.0,9.0,0.086944
segdup,1,10,44,10,23,2,3,146.900180
insider,1,10,44,10,23.0,2.0,3.0,0.081306
fastmultrec_greedy,1,10,44,10,23.0,2.0,3.0,0.329311
lcamap,1,10,44,10,23.0,2.0,3.0,0.049239
segdup,1,10,44,15,33,2,3,119.213455
insider,1,10,44,15,33.0,2.0,3.0,0.080619
fastmultrec_greedy,1,10,44,15,33.0,2.0,3.0,0.322604
lcamap,1,10,44,15,33.0,2.0,3.0,0.049011
segdup,1,10,44,20,43,2,3,85.866624
insider,1,10,44,20,43.0,2.0,3.0,0.081576
fastmultrec_greedy,1,10,44,20,43.0,2.0,3.0,0.325372
lcamap,1,10,44,20,43.0,2.0,3.0,0.050503
segdup,1,10,44,25,53,2,3,85.721988
insider,1,10,44,25,53.0,2.0,3.0,0.087948
fastmultrec_greedy,1,10,44,25,53.0,2.0,3.0,0.325741
lcamap,1,10,44,25,53.0,2.0,3.0,0.052126
segdup,1,10,44,5,13,2,3,154.555748
insider,1,10,44,5,13.0,2.0,3.0,0.079791
fastmultrec_greedy,1,10,44,5,13.0,2.0,3.0,0.331827
lcamap,1,10,44,5,13.0,2.0,3.0,0.051902
segdup,1,11,44,10,10,1,0,59.848478
insider,1,11,44,10,10.0,1.0,0.0,0.039503
fastmultrec_greedy,1,11,44,10,10.0,1.0,0.0,0.101429
lcamap,1,11,44,10,10.0,1.0,0.0,0.024879
segdup,1,11,44,15,15,1,0,50.239644
insider,1,11,44,15,15.0,1.0,0.0,0.034018
fastmultrec_greedy,1,11,44,15,15.0,1.0,0.0,0.102163
lcamap,1,11,44,15,15.0,1.0,0.0,0.019077
segdup,1,11,44,20,20,1,0,35.392243
insider,1,11,44,20,20.0,1.0,0.0,0.033536
fastmultrec_greedy,1,11,44,20,20.0,1.0,0.0,0.102087
lcamap,1,11,44,20,20.0,1.0,0.0,0.019069
segdup,1,11,44,25,25,1,0,34.995201
insider,1,11,44,25,25.0,1.0,0.0,0.033757
fastmultrec_greedy,1,11,44,25,25.0,1.0,0.0,0.100576
lcamap,1,11,44,25,25.0,1.0,0.0,0.019419
segdup,1,11,44,5,5,1,0,63.887905
insider,1,11,44,5,5.0,1.0,0.0,0.033547
fastmultrec_greedy,1,11,44,5,5.0,1.0,0.0,0.103629
lcamap,1,11,44,5,5.0,1.0,0.0,0.019289
segdup,1,15,44,10,10,1,0,92.462399
insider,1,15,44,10,10.0,1.0,0.0,0.054419
fastmultrec_greedy,1,15,44,10,10.0,1.0,0.0,0.189477
lcamap,1,15,44,10,10.0,1.0,0.0,0.032593
segdup,1,15,44,15,15,1,0,72.663198
insider,1,15,44,15,15.0,1.0,0.0,0.059134
fastmultrec_greedy,1,15,44,15,15.0,1.0,0.0,0.190887
lcamap,1,15,44,15,15.0,1.0,0.0,0.034049
segdup,1,15,44,20,20,1,0,68.461577
insider,1,15,44,20,20.0,1.0,0.0,0.053630
fastmultrec_greedy,1,15,44,20,20.0,1.0,0.0,0.191480
lcamap,1,15,44,20,20.0,1.0,0.0,0.033924
segdup,1,15,44,25,25,1,0,53.694885
insider,1,15,44,25,25.0,1.0,0.0,0.053797
fastmultrec_greedy,1,15,44,25,25.0,1.0,0.0,0.194225
lcamap,1,15,44,25,25.0,1.0,0.0,0.033077
segdup,1,15,44,5,5,1,0,97.502277
insider,1,15,44,5,5.0,1.0,0.0,0.053628
fastmultrec_greedy,1,15,44,5,5.0,1.0,0.0,0.189198
lcamap,1,15,44,5,5.0,1.0,0.0,0.038234
segdup,1,8,44,10,380,33,50,142.002330
insider,1,8,44,10,368.0,33.0,38.0,0.118193
fastmultrec_greedy,1,8,44,10,368.0,33.0,38.0,0.741298
lcamap,1,8,44,10,382.0,35.0,32.0,0.044571
segdup,1,8,44,15,545,34,35,119.133141
insider,1,8,44,15,533.0,33.0,38.0,0.248679
fastmultrec_greedy,1,8,44,15,533.0,33.0,38.0,0.734731
lcamap,1,8,44,15,557.0,35.0,32.0,0.051329
segdup,1,8,44,20,698,33,38,105.604651
insider,1,8,44,20,695.0,30.0,95.0,2.678298
fastmultrec_greedy,1,8,44,20,698.0,33.0,38.0,0.730567
lcamap,1,8,44,20,732.0,35.0,32.0,0.045524
segdup,1,8,44,25,885,34,35,107.465488
insider,1,8,44,25,845.0,30.0,95.0,37.938890
fastmultrec_greedy,1,8,44,25,863.0,33.0,38.0,0.730750
lcamap,1,8,44,25,907.0,35.0,32.0,0.050923
segdup,1,8,44,5,207,35,32,130.603414
insider,1,8,44,5,203.0,33.0,38.0,0.093168
fastmultrec_greedy,1,8,44,5,203.0,33.0,38.0,0.745468
lcamap,1,8,44,5,207.0,35.0,32.0,0.046790
segdup,1,9,44,10,32,3,2,119.186611
insider,1,9,44,10,32.0,3.0,2.0,0.086946
fastmultrec_greedy,1,9,44,10,32.0,3.0,2.0,0.347033
lcamap,1,9,44,10,32.0,3.0,2.0,0.050434
segdup,1,9,44,15,47,3,2,111.974836
insider,1,9,44,15,47.0,3.0,2.0,0.084816
fastmultrec_greedy,1,9,44,15,47.0,3.0,2.0,0.353961
lcamap,1,9,44,15,47.0,3.0,2.0,0.050582
segdup,1,9,44,20,62,3,2,78.270277
insider,1,9,44,20,62.0,3.0,2.0,0.085963
fastmultrec_greedy,1,9,44,20,62.0,3.0,2.0,0.351842
lcamap,1,9,44,20,62.0,3.0,2.0,0.050614
segdup,1,9,44,25,77,3,2,77.491502
insider,1,9,44,25,77.0,3.0,2.0,0.096265
fastmultrec_greedy,1,9,44,25,77.0,3.0,2.0,0.345424
lcamap,1,9,44,25,77.0,3.0,2.0,0.050967
segdup,1,9,44,5,17,3,2,124.938788
insider,1,9,44,5,17.0,3.0,2.0,0.085566
fastmultrec_greedy,1,9,44,5,17.0,3.0,2.0,0.344131
lcamap,1,9,44,5,17.0,3.0,2.0,0.050631
segdup,2,10,44,10,30,3,0,139.885703
insider,2,10,44,10,30.0,3.0,0.0,0.079034
fastmultrec_greedy,2,10,44,10,30.0,3.0,0.0,0.277585
lcamap,2,10,44,10,30.0,3.0,0.0,0.041588
segdup,2,10,44,15,45,3,0,137.336268
insider,2,10,44,15,45.0,3.0,0.0,0.077974
fastmultrec_greedy,2,10,44,15,45.0,3.0,0.0,0.271548
lcamap,2,10,44,15,45.0,3.0,0.0,0.041823
segdup,2,10,44,20,60,3,0,125.569138
insider,2,10,44,20,60.0,3.0,0.0,0.073302
fastmultrec_greedy,2,10,44,20,60.0,3.0,0.0,0.271211
lcamap,2,10,44,20,60.0,3.0,0.0,0.041568
segdup,2,10,44,25,75,3,0,93.366908
insider,2,10,44,25,75.0,3.0,0.0,0.073338
fastmultrec_greedy,2,10,44,25,75.0,3.0,0.0,0.272533
lcamap,2,10,44,25,75.0,3.0,0.0,0.047149
segdup,2,10,44,5,15,3,0,155.382128
insider,2,10,44,5,15.0,3.0,0.0,0.073465
fastmultrec_greedy,2,10,44,5,15.0,3.0,0.0,0.273208
lcamap,2,10,44,5,15.0,3.0,0.0,0.041811
segdup,2,11,44,10,21,2,1,108.137881
insider,2,11,44,10,21.0,2.0,1.0,0.066466
fastmultrec_greedy,2,11,44,10,21.0,2.0,1.0,0.229448
lcamap,2,11,44,10,21.0,2.0,1.0,0.034487
segdup,2,11,44,15,31,2,1,56.161704
insider,2,11,44,15,31.0,2.0,1.0,0.067652
fastmultrec_greedy,2,11,44,15,31.0,2.0,1.0,0.230240
lcamap,2,11,44,15,31.0,2.0,1.0,0.034512
segdup,2,11,44,20,41,2,1,76.649742
insider,2,11,44,20,41.0,2.0,1.0,0.066387
fastmultrec_greedy,2,11,44,20,41.0,2.0,1.0,0.224206
lcamap,2,11,44,20,41.0,2.0,1.0,0.034306
segdup,2,11,44,25,51,2,1,52.970308
insider,2,11,44,25,51.0,2.0,1.0,0.066357
fastmultrec_greedy,2,11,44,25,51.0,2.0,1.0,0.230916
lcamap,2,11,44,25,51.0,2.0,1.0,0.034959
segdup,2,11,44,5,11,2,1,115.685275
insider,2,11,44,5,11.0,2.0,1.0,0.067502
fastmultrec_greedy,2,11,44,5,11.0,2.0,1.0,0.223989
lcamap,2,11,44,5,11.0,2.0,1.0,0.034709
segdup,2,15,44,10,20,2,0,98.478664
insider,2,15,44,10,20.0,2.0,0.0,0.077702
fastmultrec_greedy,2,15,44,10,20.0,2.0,0.0,0.239207
lcamap,2,15,44,10,20.0,2.0,0.0,0.046632
segdup,2,15,44,15,30,2,0,84.992680
insider,2,15,44,15,30.0,2.0,0.0,0.071449
fastmultrec_greedy,2,15,44,15,30.0,2.0,0.0,0.242910
lcamap,2,15,44,15,30.0,2.0,0.0,0.040264
segdup,2,15,44,20,40,2,0,54.064539
insider,2,15,44,20,40.0,2.0,0.0,0.071191
fastmultrec_greedy,2,15,44,20,40.0,2.0,0.0,0.237284
lcamap,2,15,44,20,40.0,2.0,0.0,0.040604
segdup,2,15,44,25,50,2,0,53.943565
insider,2,15,44,25,50.0,2.0,0.0,0.076922
fastmultrec_greedy,2,15,44,25,50.0,2.0,0.0,0.242575
lcamap,2,15,44,25,50.0,2.0,0.0,0.040306
segdup,2,15,44,5,10,2,0,123.895718
insider,2,15,44,5,10.0,2.0,0.0,0.071301
fastmultrec_greedy,2,15,44,5,10.0,2.0,0.0,0.235845
lcamap,2,15,44,5,10.0,2.0,0.0,0.040330
segdup,2,8,44,10,898,67,228,108.722690
insider,2,8,44,10,886.0,61.0,276.0,0.316511
fastmultrec_greedy,2,8,44,10,898.0,67.0,228.0,0.363347
lcamap,2,8,44,10,898.0,67.0,228.0,0.060059
segdup,2,8,44,15,1233,67,228,108.518872
insider,2,8,44,15,1191.0,61.0,276.0,0.826449
fastmultrec_greedy,2,8,44,15,1233.0,67.0,228.0,0.359579
lcamap,2,8,44,15,1233.0,67.0,228.0,0.054077
segdup,2,8,44,20,1568,67,228,98.259669
insider,2,8,44,20,1487.0,58.0,327.0,3.305217
fastmultrec_greedy,2,8,44,20,1568.0,67.0,228.0,0.361174
lcamap,2,8,44,20,1568.0,67.0,228.0,0.060562
segdup,2,8,44,25,1903,67,228,98.617543
insider,2,8,44,25,1776.0,57.0,351.0,16.250449
fastmultrec_greedy,2,8,44,25,1903.0,67.0,228.0,0.358909
lcamap,2,8,44,25,1903.0,67.0,228.0,0.056250
segdup,2,8,44,5,563,67,228,112.222865
insider,2,8,44,5,563.0,67.0,228.0,0.181587
fastmultrec_greedy,2,8,44,5,563.0,67.0,228.0,0.369447
lcamap,2,8,44,5,563.0,67.0,228.0,0.055050
segdup,1,10,45,10,32,3,2,126.225137
insider,1,10,45,10,32.0,3.0,2.0,0.069257
fastmultrec_greedy,1,10,45,10,32.0,3.0,2.0,0.247741
lcamap,1,10,45,10,32.0,3.0,2.0,0.040833
segdup,1,10,45,15,47,3,2,100.932618
insider,1,10,45,15,47.0,3.0,2.0,0.070109
fastmultrec_greedy,1,10,45,15,47.0,3.0,2.0,0.249563
lcamap,1,10,45,15,47.0,3.0,2.0,0.039716
segdup,1,10,45,20,62,3,2,71.019791
insider,1,10,45,20,62.0,3.0,2.0,0.073540
fastmultrec_greedy,1,10,45,20,62.0,3.0,2.0,0.246756
lcamap,1,10,45,20,62.0,3.0,2.0,0.039295
segdup,1,10,45,25,77,3,2,70.040456
insider,1,10,45,25,77.0,3.0,2.0,0.074042
fastmultrec_greedy,1,10,45,25,77.0,3.0,2.0,0.247352
lcamap,1,10,45,25,77.0,3.0,2.0,0.039555
segdup,1,10,45,5,17,3,2,126.439205
insider,1,10,45,5,17.0,3.0,2.0,0.068546
fastmultrec_greedy,1,10,45,5,17.0,3.0,2.0,0.247804
lcamap,1,10,45,5,17.0,3.0,2.0,0.039611
segdup,1,11,45,10,10,1,0,54.875605
insider,1,11,45,10,10.0,1.0,0.0,0.032067
fastmultrec_greedy,1,11,45,10,10.0,1.0,0.0,0.101481
lcamap,1,11,45,10,10.0,1.0,0.0,0.017572
segdup,1,11,45,15,15,1,0,36.411920
insider,1,11,45,15,15.0,1.0,0.0,0.031230
fastmultrec_greedy,1,11,45,15,15.0,1.0,0.0,0.102412
lcamap,1,11,45,15,15.0,1.0,0.0,0.017501
segdup,1,11,45,20,20,1,0,35.020325
insider,1,11,45,20,20.0,1.0,0.0,0.031027
fastmultrec_greedy,1,11,45,20,20.0,1.0,0.0,0.102469
lcamap,1,11,45,20,20.0,1.0,0.0,0.018089
segdup,1,11,45,25,25,1,0,35.726568
insider,1,11,45,25,25.0,1.0,0.0,0.030517
fastmultrec_greedy,1,11,45,25,25.0,1.0,0.0,0.100616
lcamap,1,11,45,25,25.0,1.0,0.0,0.017587
segdup,1,11,45,5,5,1,0,58.751571
insider,1,11,45,5,5.0,1.0,0.0,0.030560
fastmultrec_greedy,1,11,45,5,5.0,1.0,0.0,0.101928
lcamap,1,11,45,5,5.0,1.0,0.0,0.017309
segdup,1,15,45,10,10,1,0,180.977700
insider,1,15,45,10,10.0,1.0,0.0,0.090563
fastmultrec_greedy,1,15,45,10,10.0,1.0,0.0,0.343218
lcamap,1,15,45,10,10.0,1.0,0.0,0.059653
segdup,1,15,45,15,15,1,0,102.497112
insider,1,15,45,15,15.0,1.0,0.0,0.089770
fastmultrec_greedy,1,15,45,15,15.0,1.0,0.0,0.339828
lcamap,1,15,45,15,15.0,1.0,0.0,0.059576
segdup,1,15,45,20,20,1,0,164.406121
insider,1,15,45,20,20.0,1.0,0.0,0.091020
fastmultrec_greedy,1,15,45,20,20.0,1.0,0.0,0.338963
lcamap,1,15,45,20,20.0,1.0,0.0,0.059770
segdup,1,15,45,25,25,1,0,103.439734
insider,1,15,45,25,25.0,1.0,0.0,0.091026
fastmultrec_greedy,1,15,45,25,25.0,1.0,0.0,0.343364
lcamap,1,15,45,25,25.0,1.0,0.0,0.059012
segdup,1,15,45,5,5,1,0,180.985077
insider,1,15,45,5,5.0,1.0,0.0,0.090479
fastmultrec_greedy,1,15,45,5,5.0,1.0,0.0,0.347086
lcamap,1,15,45,5,5.0,1.0,0.0,0.057881
segdup,1,8,45,10,761,64,121,111.690604
insider,1,8,45,10,746.0,58.0,166.0,0.293399
fastmultrec_greedy,1,8,45,10,761.0,64.0,121.0,0.316474
lcamap,1,8,45,10,761.0,64.0,121.0,0.047163
segdup,1,8,45,15,1081,64,121,106.479425
insider,1,8,45,15,1033.0,55.0,208.0,0.771701
fastmultrec_greedy,1,8,45,15,1081.0,64.0,121.0,0.313314
lcamap,1,8,45,15,1081.0,64.0,121.0,0.046384
segdup,1,8,45,20,1387,63,127,105.034155
insider,1,8,45,20,1308.0,55.0,208.0,3.509759
fastmultrec_greedy,1,8,45,20,1401.0,64.0,121.0,0.312540
lcamap,1,8,45,20,1401.0,64.0,121.0,0.047420
segdup,1,8,45,25,1702,63,127,106.222948
insider,1,8,45,25,1557.0,47.0,382.0,17.755820
fastmultrec_greedy,1,8,45,25,1721.0,64.0,121.0,0.310447
lcamap,1,8,45,25,1721.0,64.0,121.0,0.046516
segdup,1,8,45,5,441,64,121,113.460681
insider,1,8,45,5,441.0,64.0,121.0,0.142271
fastmultrec_greedy,1,8,45,5,441.0,64.0,121.0,0.324193
lcamap,1,8,45,5,441.0,64.0,121.0,0.046842
segdup,1,9,45,10,104,10,4,111.080939
insider,1,9,45,10,104.0,10.0,4.0,0.070999
fastmultrec_greedy,1,9,45,10,104.0,10.0,4.0,0.214599
lcamap,1,9,45,10,104.0,10.0,4.0,0.036380
segdup,1,9,45,15,154,10,4,107.695767
insider,1,9,45,15,154.0,10.0,4.0,0.081729
fastmultrec_greedy,1,9,45,15,154.0,10.0,4.0,0.215678
lcamap,1,9,45,15,154.0,10.0,4.0,0.041124
segdup,1,9,45,20,204,10,4,92.748240
insider,1,9,45,20,204.0,10.0,4.0,0.094597
fastmultrec_greedy,1,9,45,20,204.0,10.0,4.0,0.214340
lcamap,1,9,45,20,204.0,10.0,4.0,0.035909
segdup,1,9,45,25,254,10,4,92.216352
insider,1,9,45,25,254.0,10.0,4.0,0.115534
fastmultrec_greedy,1,9,45,25,254.0,10.0,4.0,0.215809
lcamap,1,9,45,25,254.0,10.0,4.0,0.036870
segdup,1,9,45,5,54,10,4,116.097161
insider,1,9,45,5,54.0,10.0,4.0,0.065362
fastmultrec_greedy,1,9,45,5,54.0,10.0,4.0,0.214869
lcamap,1,9,45,5,54.0,10.0,4.0,0.036616
segdup,2,10,45,10,41,4,1,197.932685
insider,2,10,45,10,41.0,4.0,1.0,0.154462
fastmultrec_greedy,2,10,45,10,41.0,4.0,1.0,0.695055
lcamap,2,10,45,10,41.0,4.0,1.0,0.087379
segdup,2,10,45,15,61,4,1,123.179992
insider,2,10,45,15,61.0,4.0,1.0,0.156783
fastmultrec_greedy,2,10,45,15,61.0,4.0,1.0,0.694094
lcamap,2,10,45,15,61.0,4.0,1.0,0.088278
segdup,2,10,45,20,81,4,1,205.701436
insider,2,10,45,20,81.0,4.0,1.0,0.160572
fastmultrec_greedy,2,10,45,20,81.0,4.0,1.0,0.692114
lcamap,2,10,45,20,81.0,4.0,1.0,0.087893
segdup,2,10,45,25,101,4,1,122.186172
insider,2,10,45,25,101.0,4.0,1.0,0.162685
fastmultrec_greedy,2,10,45,25,101.0,4.0,1.0,0.700101
lcamap,2,10,45,25,101.0,4.0,1.0,0.087765
segdup,2,10,45,5,21,4,1,211.965202
insider,2,10,45,5,21.0,4.0,1.0,0.151694
fastmultrec_greedy,2,10,45,5,21.0,4.0,1.0,0.693965
lcamap,2,10,45,5,21.0,4.0,1.0,0.087260
segdup,2,11,45,10,30,3,0,211.949265
insider,2,11,45,10,30.0,3.0,0.0,0.135422
fastmultrec_greedy,2,11,45,10,30.0,3.0,0.0,0.471131
lcamap,2,11,45,10,30.0,3.0,0.0,0.083846
segdup,2,11,45,15,45,3,0,100.031390
insider,2,11,45,15,45.0,3.0,0.0,0.137153
fastmultrec_greedy,2,11,45,15,45.0,3.0,0.0,0.470928
lcamap,2,11,45,15,45.0,3.0,0.0,0.084280
segdup,2,11,45,20,60,3,0,101.115189
insider,2,11,45,20,60.0,3.0,0.0,0.138181
fastmultrec_greedy,2,11,45,20,60.0,3.0,0.0,0.473094
lcamap,2,11,45,20,60.0,3.0,0.0,0.085086
segdup,2,11,45,25,75,3,0,99.626300
insider,2,11,45,25,75.0,3.0,0.0,0.138014
fastmultrec_greedy,2,11,45,25,75.0,3.0,0.0,0.468457
lcamap,2,11,45,25,75.0,3.0,0.0,0.083636
segdup,2,11,45,5,15,3,0,218.749213
insider,2,11,45,5,15.0,3.0,0.0,0.133686
fastmultrec_greedy,2,11,45,5,15.0,3.0,0.0,0.467043
lcamap,2,11,45,5,15.0,3.0,0.0,0.084261
segdup,2,15,45,10,20,2,0,133.652160
insider,2,15,45,10,20.0,2.0,0.0,0.089866
fastmultrec_greedy,2,15,45,10,20.0,2.0,0.0,0.307676
lcamap,2,15,45,10,20.0,2.0,0.0,0.047691
segdup,2,15,45,15,30,2,0,62.528661
insider,2,15,45,15,30.0,2.0,0.0,0.084084
fastmultrec_greedy,2,15,45,15,30.0,2.0,0.0,0.309451
lcamap,2,15,45,15,30.0,2.0,0.0,0.048068
segdup,2,15,45,20,40,2,0,95.819005
insider,2,15,45,20,40.0,2.0,0.0,0.084222
fastmultrec_greedy,2,15,45,20,40.0,2.0,0.0,0.308577
lcamap,2,15,45,20,40.0,2.0,0.0,0.048435
segdup,2,15,45,25,50,2,0,62.088023
insider,2,15,45,25,50.0,2.0,0.0,0.085807
fastmultrec_greedy,2,15,45,25,50.0,2.0,0.0,0.308800
lcamap,2,15,45,25,50.0,2.0,0.0,0.047225
segdup,2,15,45,5,10,2,0,148.104779
insider,2,15,45,5,10.0,2.0,0.0,0.087645
fastmultrec_greedy,2,15,45,5,10.0,2.0,0.0,0.307758
lcamap,2,15,45,5,10.0,2.0,0.0,0.052716
segdup,2,8,45,10,1388,102,368,214.775291
insider,2,8,45,10,1365.0,95.0,415.0,0.473887
fastmultrec_greedy,2,8,45,10,1379.0,101.0,369.0,0.908053
lcamap,2,8,45,10,1388.0,102.0,368.0,0.089166
segdup,2,8,45,15,1898,102,368,224.013575
insider,2,8,45,15,1829.0,89.0,494.0,1.093105
fastmultrec_greedy,2,8,45,15,1884.0,101.0,369.0,0.916304
lcamap,2,8,45,15,1898.0,102.0,368.0,0.092139
segdup,2,8,45,20,2407,101,387,220.576972
insider,2,8,45,20,2270.0,85.0,570.0,2.980300
fastmultrec_greedy,2,8,45,20,2389.0,101.0,369.0,0.906812
lcamap,2,8,45,20,2408.0,102.0,368.0,0.091177
segdup,2,8,45,25,2917,101,392,210.638852
insider,2,8,45,25,2690.0,81.0,665.0,14.446439
fastmultrec_greedy,2,8,45,25,2894.0,101.0,369.0,0.905460
lcamap,2,8,45,25,2918.0,102.0,368.0,0.090229
segdup,2,8,45,5,878,102,368,229.480645
insider,2,8,45,5,874.0,101.0,369.0,0.259972
fastmultrec_greedy,2,8,45,5,874.0,101.0,369.0,0.924657
lcamap,2,8,45,5,878.0,102.0,368.0,0.088464
segdup,2,9,45,10,221,21,11,122.732221
insider,2,9,45,10,213.0,19.0,23.0,0.189292
fastmultrec_greedy,2,9,45,10,221.0,21.0,11.0,0.402795
lcamap,2,9,45,10,221.0,21.0,11.0,0.054811
segdup,2,9,45,15,317,20,17,107.523566
insider,2,9,45,15,308.0,19.0,23.0,0.298941
fastmultrec_greedy,2,9,45,15,326.0,21.0,11.0,0.396897
lcamap,2,9,45,15,326.0,21.0,11.0,0.060052
segdup,2,9,45,20,431,21,11,90.297149
insider,2,9,45,20,403.0,19.0,23.0,0.646901
fastmultrec_greedy,2,9,45,20,431.0,21.0,11.0,0.399345
lcamap,2,9,45,20,431.0,21.0,11.0,0.054862
segdup,2,9,45,25,536,21,11,84.701582
insider,2,9,45,25,498.0,19.0,23.0,1.647317
fastmultrec_greedy,2,9,45,25,536.0,21.0,11.0,0.403063
lcamap,2,9,45,25,536.0,21.0,11.0,0.054254
segdup,2,9,45,5,116,21,11,129.438056
insider,2,9,45,5,116.0,21.0,11.0,0.128237
fastmultrec_greedy,2,9,45,5,116.0,21.0,11.0,0.410023
lcamap,2,9,45,5,116.0,21.0,11.0,0.053732
segdup,1,10,46,10,12,1,2,66.875141
insider,1,10,46,10,12.0,1.0,2.0,0.047819
fastmultrec_greedy,1,10,46,10,12.0,1.0,2.0,0.205211
lcamap,1,10,46,10,12.0,1.0,2.0,0.028960
segdup,1,10,46,15,17,1,2,65.797595
insider,1,10,46,15,17.0,1.0,2.0,0.047871
fastmultrec_greedy,1,10,46,15,17.0,1.0,2.0,0.202348
lcamap,1,10,46,15,17.0,1.0,2.0,0.028481
segdup,1,10,46,20,22,1,2,46.936200
insider,1,10,46,20,22.0,1.0,2.0,0.047623
fastmultrec_greedy,1,10,46,20,22.0,1.0,2.0,0.203452
lcamap,1,10,46,20,22.0,1.0,2.0,0.028648
segdup,1,10,46,25,27,1,2,47.646090
insider,1,10,46,25,27.0,1.0,2.0,0.047752
fastmultrec_greedy,1,10,46,25,27.0,1.0,2.0,0.202199
lcamap,1,10,46,25,27.0,1.0,2.0,0.028708
segdup,1,10,46,5,7,1,2,68.362032
insider,1,10,46,5,7.0,1.0,2.0,0.048203
fastmultrec_greedy,1,10,46,5,7.0,1.0,2.0,0.200989
lcamap,1,10,46,5,7.0,1.0,2.0,0.028821
segdup,1,11,46,10,10,1,0,88.074924
insider,1,11,46,10,10.0,1.0,0.0,0.046849
fastmultrec_greedy,1,11,46,10,10.0,1.0,0.0,0.162220
lcamap,1,11,46,10,10.0,1.0,0.0,0.027540
segdup,1,11,46,15,15,1,0,58.688723
insider,1,11,46,15,15.0,1.0,0.0,0.046780
fastmultrec_greedy,1,11,46,15,15.0,1.0,0.0,0.161220
lcamap,1,11,46,15,15.0,1.0,0.0,0.027707
segdup,1,11,46,20,20,1,0,51.364145
insider,1,11,46,20,20.0,1.0,0.0,0.047250
fastmultrec_greedy,1,11,46,20,20.0,1.0,0.0,0.162454
lcamap,1,11,46,20,20.0,1.0,0.0,0.027391
segdup,1,11,46,25,25,1,0,69.958730
insider,1,11,46,25,25.0,1.0,0.0,0.046893
fastmultrec_greedy,1,11,46,25,25.0,1.0,0.0,0.163046
lcamap,1,11,46,25,25.0,1.0,0.0,0.027404
segdup,1,11,46,5,5,1,0,94.804667
insider,1,11,46,5,5.0,1.0,0.0,0.046772
fastmultrec_greedy,1,11,46,5,5.0,1.0,0.0,0.162609
lcamap,1,11,46,5,5.0,1.0,0.0,0.027157
segdup,1,15,46,10,10,1,0,138.573019
insider,1,15,46,10,10.0,1.0,0.0,0.072669
fastmultrec_greedy,1,15,46,10,10.0,1.0,0.0,0.260598
lcamap,1,15,46,10,10.0,1.0,0.0,0.046428
segdup,1,15,46,15,15,1,0,138.447552
insider,1,15,46,15,15.0,1.0,0.0,0.073834
fastmultrec_greedy,1,15,46,15,15.0,1.0,0.0,0.262594
lcamap,1,15,46,15,15.0,1.0,0.0,0.046000
segdup,1,15,46,20,20,1,0,82.225046
insider,1,15,46,20,20.0,1.0,0.0,0.072367
fastmultrec_greedy,1,15,46,20,20.0,1.0,0.0,0.261779
lcamap,1,15,46,20,20.0,1.0,0.0,0.047638
segdup,1,15,46,25,25,1,0,82.982616
insider,1,15,46,25,25.0,1.0,0.0,0.073374
fastmultrec_greedy,1,15,46,25,25.0,1.0,0.0,0.261231
lcamap,1,15,46,25,25.0,1.0,0.0,0.045612
segdup,1,15,46,5,5,1,0,148.284119
insider,1,15,46,5,5.0,1.0,0.0,0.073206
fastmultrec_greedy,1,15,46,5,5.0,1.0,0.0,0.260296
lcamap,1,15,46,5,5.0,1.0,0.0,0.046745
segdup,1,8,46,10,1234,96,274,111.809119
insider,1,8,46,10,1209.0,89.0,319.0,0.268355
fastmultrec_greedy,1,8,46,10,1216.0,93.0,286.0,1.200311
lcamap,1,8,46,10,1234.0,96.0,274.0,0.050183
segdup,1,8,46,15,1708,95,283,108.864094
insider,1,8,46,15,1644.0,83.0,399.0,0.664150
fastmultrec_greedy,1,8,46,15,1681.0,93.0,286.0,1.192518
lcamap,1,8,46,15,1714.0,96.0,274.0,0.050727
segdup,1,8,46,20,2186,95,286,108.889051
insider,1,8,46,20,2056.0,81.0,436.0,1.834642
fastmultrec_greedy,1,8,46,20,2141.0,92.0,301.0,1.497534
lcamap,1,8,46,20,2194.0,96.0,274.0,0.049728
segdup,1,8,46,25,2654,95,279,106.653382
insider,1,8,46,25,2455.0,77.0,530.0,7.669654
fastmultrec_greedy,1,8,46,25,2601.0,92.0,301.0,1.494498
lcamap,1,8,46,25,2674.0,96.0,274.0,0.049567
segdup,1,8,46,5,754,96,274,115.649355
insider,1,8,46,5,750.0,94.0,280.0,0.149436
fastmultrec_greedy,1,8,46,5,750.0,94.0,280.0,0.898350
lcamap,1,8,46,5,754.0,96.0,274.0,0.050126
segdup,1,9,46,10,149,14,9,71.035412
insider,1,9,46,10,149.0,14.0,9.0,0.068152
fastmultrec_greedy,1,9,46,10,149.0,14.0,9.0,0.167664
lcamap,1,9,46,10,149.0,14.0,9.0,0.026504
segdup,1,9,46,15,219,14,9,68.869454
insider,1,9,46,15,219.0,14.0,9.0,0.115215
fastmultrec_greedy,1,9,46,15,219.0,14.0,9.0,0.167150
lcamap,1,9,46,15,219.0,14.0,9.0,0.027320
segdup,1,9,46,20,289,14,9,61.698810
insider,1,9,46,20,289.0,14.0,9.0,0.231133
fastmultrec_greedy,1,9,46,20,289.0,14.0,9.0,0.169447
lcamap,1,9,46,20,289.0,14.0,9.0,0.026635
segdup,1,9,46,25,359,14,9,48.159757
insider,1,9,46,25,359.0,14.0,9.0,0.630507
fastmultrec_greedy,1,9,46,25,359.0,14.0,9.0,0.163091
lcamap,1,9,46,25,359.0,14.0,9.0,0.032519
segdup,1,9,46,5,79,14,9,76.914732
insider,1,9,46,5,79.0,14.0,9.0,0.054168
fastmultrec_greedy,1,9,46,5,79.0,14.0,9.0,0.173952
lcamap,1,9,46,5,79.0,14.0,9.0,0.026765
segdup,2,10,46,10,31,3,1,223.110812
insider,2,10,46,10,31.0,3.0,1.0,0.130986
fastmultrec_greedy,2,10,46,10,31.0,3.0,1.0,0.470852
lcamap,2,10,46,10,31.0,3.0,1.0,0.072419
segdup,2,10,46,15,46,3,1,109.017663
insider,2,10,46,15,46.0,3.0,1.0,0.132744
fastmultrec_greedy,2,10,46,15,46.0,3.0,1.0,0.470252
lcamap,2,10,46,15,46.0,3.0,1.0,0.073757
segdup,2,10,46,20,61,3,1,106.676753
insider,2,10,46,20,61.0,3.0,1.0,0.133373
fastmultrec_greedy,2,10,46,20,61.0,3.0,1.0,0.472837
lcamap,2,10,46,20,61.0,3.0,1.0,0.072004
segdup,2,10,46,25,76,3,1,105.598553
insider,2,10,46,25,76.0,3.0,1.0,0.136755
fastmultrec_greedy,2,10,46,25,76.0,3.0,1.0,0.467251
lcamap,2,10,46,25,76.0,3.0,1.0,0.071574
segdup,2,10,46,5,16,3,1,231.126435
insider,2,10,46,5,16.0,3.0,1.0,0.130465
fastmultrec_greedy,2,10,46,5,16.0,3.0,1.0,0.469282
lcamap,2,10,46,5,16.0,3.0,1.0,0.070563
segdup,2,11,46,10,22,2,2,123.183799
insider,2,11,46,10,22.0,2.0,2.0,0.074467
fastmultrec_greedy,2,11,46,10,22.0,2.0,2.0,0.262025
lcamap,2,11,46,10,22.0,2.0,2.0,0.042194
segdup,2,11,46,15,32,2,2,95.174848
insider,2,11,46,15,32.0,2.0,2.0,0.079499
fastmultrec_greedy,2,11,46,15,32.0,2.0,2.0,0.257085
lcamap,2,11,46,15,32.0,2.0,2.0,0.041430
segdup,2,11,46,20,42,2,2,56.263040
insider,2,11,46,20,42.0,2.0,2.0,0.073922
fastmultrec_greedy,2,11,46,20,42.0,2.0,2.0,0.260911
lcamap,2,11,46,20,42.0,2.0,2.0,0.042285
segdup,2,11,46,25,52,2,2,56.805465
insider,2,11,46,25,52.0,2.0,2.0,0.074977
fastmultrec_greedy,2,11,46,25,52.0,2.0,2.0,0.258645
lcamap,2,11,46,25,52.0,2.0,2.0,0.041890
segdup,2,11,46,5,12,2,2,130.730598
insider,2,11,46,5,12.0,2.0,2.0,0.076489
fastmultrec_greedy,2,11,46,5,12.0,2.0,2.0,0.260354
lcamap,2,11,46,5,12.0,2.0,2.0,0.041919
segdup,2,15,46,10,20,2,0,76.573354
insider,2,15,46,10,20.0,2.0,0.0,0.047679
fastmultrec_greedy,2,15,46,10,20.0,2.0,0.0,0.151497
lcamap,2,15,46,10,20.0,2.0,0.0,0.026556
segdup,2,15,46,15,30,2,0,35.452595
insider,2,15,46,15,30.0,2.0,0.0,0.047796
fastmultrec_greedy,2,15,46,15,30.0,2.0,0.0,0.154081
lcamap,2,15,46,15,30.0,2.0,0.0,0.027434
segdup,2,15,46,20,40,2,0,35.574463
insider,2,15,46,20,40.0,2.0,0.0,0.047587
fastmultrec_greedy,2,15,46,20,40.0,2.0,0.0,0.151894
lcamap,2,15,46,20,40.0,2.0,0.0,0.026148
segdup,2,15,46,25,50,2,0,35.415350
insider,2,15,46,25,50.0,2.0,0.0,0.047529
fastmultrec_greedy,2,15,46,25,50.0,2.0,0.0,0.150886
lcamap,2,15,46,25,50.0,2.0,0.0,0.027007
segdup,2,15,46,5,10,2,0,85.204378
insider,2,15,46,5,10.0,2.0,0.0,0.048899
fastmultrec_greedy,2,15,46,5,10.0,2.0,0.0,0.150931
lcamap,2,15,46,5,10.0,2.0,0.0,0.026583
segdup,2,8,46,10,298,27,28,90.388395
insider,2,8,46,10,298.0,27.0,28.0,0.145476
fastmultrec_greedy,2,8,46,10,298.0,27.0,28.0,0.248405
lcamap,2,8,46,10,298.0,27.0,28.0,0.042261
segdup,2,8,46,15,433,27,28,64.204276
insider,2,8,46,15,433.0,27.0,28.0,0.271845
fastmultrec_greedy,2,8,46,15,433.0,27.0,28.0,0.248963
lcamap,2,8,46,15,433.0,27.0,28.0,0.042007
segdup,2,8,46,20,568,27,28,64.500488
insider,2,8,46,20,565.0,26.0,45.0,1.506904
fastmultrec_greedy,2,8,46,20,568.0,27.0,28.0,0.242459
lcamap,2,8,46,20,568.0,27.0,28.0,0.041752
segdup,2,8,46,25,703,27,28,66.410382
insider,2,8,46,25,691.0,25.0,66.0,12.597000
fastmultrec_greedy,2,8,46,25,703.0,27.0,28.0,0.247149
lcamap,2,8,46,25,703.0,27.0,28.0,0.041392
segdup,2,8,46,5,163,27,28,94.530776
insider,2,8,46,5,163.0,27.0,28.0,0.103833
fastmultrec_greedy,2,8,46,5,163.0,27.0,28.0,0.251086
lcamap,2,8,46,5,163.0,27.0,28.0,0.042278
segdup,1,10,47,10,30,3,0,90.883196
insider,1,10,47,10,30.0,3.0,0.0,0.054161
fastmultrec_greedy,1,10,47,10,30.0,3.0,0.0,0.205491
lcamap,1,10,47,10,30.0,3.0,0.0,0.030732
segdup,1,10,47,15,45,3,0,71.407423
insider,1,10,47,15,45.0,3.0,0.0,0.055105
fastmultrec_greedy,1,10,47,15,45.0,3.0,0.0,0.202676
lcamap,1,10,47,15,45.0,3.0,0.0,0.030802
segdup,1,10,47,20,60,3,0,55.068068
insider,1,10,47,20,60.0,3.0,0.0,0.055683
fastmultrec_greedy,1,10,47,20,60.0,3.0,0.0,0.200702
lcamap,1,10,47,20,60.0,3.0,0.0,0.030543
segdup,1,10,47,25,75,3,0,55.042844
insider,1,10,47,25,75.0,3.0,0.0,0.057831
fastmultrec_greedy,1,10,47,25,75.0,3.0,0.0,0.202695
lcamap,1,10,47,25,75.0,3.0,0.0,0.031358
segdup,1,10,47,5,15,3,0,100.884284
insider,1,10,47,5,15.0,3.0,0.0,0.053537
fastmultrec_greedy,1,10,47,5,15.0,3.0,0.0,0.200868
lcamap,1,10,47,5,15.0,3.0,0.0,0.031788
segdup,1,11,47,10,10,1,0,92.880275
insider,1,11,47,10,10.0,1.0,0.0,0.050802
fastmultrec_greedy,1,11,47,10,10.0,1.0,0.0,0.182025
lcamap,1,11,47,10,10.0,1.0,0.0,0.031846
segdup,1,11,47,15,15,1,0,91.963423
insider,1,11,47,15,15.0,1.0,0.0,0.050040
fastmultrec_greedy,1,11,47,15,15.0,1.0,0.0,0.179470
lcamap,1,11,47,15,15.0,1.0,0.0,0.031636
segdup,1,11,47,20,20,1,0,53.913633
insider,1,11,47,20,20.0,1.0,0.0,0.050485
fastmultrec_greedy,1,11,47,20,20.0,1.0,0.0,0.179620
lcamap,1,11,47,20,20.0,1.0,0.0,0.031238
segdup,1,11,47,25,25,1,0,54.426028
insider,1,11,47,25,25.0,1.0,0.0,0.049876
fastmultrec_greedy,1,11,47,25,25.0,1.0,0.0,0.180842
lcamap,1,11,47,25,25.0,1.0,0.0,0.031187
segdup,1,11,47,5,5,1,0,100.527766
insider,1,11,47,5,5.0,1.0,0.0,0.050801
fastmultrec_greedy,1,11,47,5,5.0,1.0,0.0,0.179713
lcamap,1,11,47,5,5.0,1.0,0.0,0.031300
segdup,1,15,47,10,10,1,0,81.934207
insider,1,15,47,10,10.0,1.0,0.0,0.041323
fastmultrec_greedy,1,15,47,10,10.0,1.0,0.0,0.142251
lcamap,1,15,47,10,10.0,1.0,0.0,0.024094
segdup,1,15,47,15,15,1,0,64.793950
insider,1,15,47,15,15.0,1.0,0.0,0.040943
fastmultrec_greedy,1,15,47,15,15.0,1.0,0.0,0.139755
lcamap,1,15,47,15,15.0,1.0,0.0,0.024165
segdup,1,15,47,20,20,1,0,63.568002
insider,1,15,47,20,20.0,1.0,0.0,0.040851
fastmultrec_greedy,1,15,47,20,20.0,1.0,0.0,0.139934
lcamap,1,15,47,20,20.0,1.0,0.0,0.023934
segdup,1,15,47,25,25,1,0,46.148935
insider,1,15,47,25,25.0,1.0,0.0,0.042045
fastmultrec_greedy,1,15,47,25,25.0,1.0,0.0,0.140370
lcamap,1,15,47,25,25.0,1.0,0.0,0.024197
segdup,1,15,47,5,5,1,0,82.640657
insider,1,15,47,5,5.0,1.0,0.0,0.040769
fastmultrec_greedy,1,15,47,5,5.0,1.0,0.0,0.140407
lcamap,1,15,47,5,5.0,1.0,0.0,0.023865
segdup,1,8,47,10,388,34,48,55.546765
insider,1,8,47,10,383.0,32.0,63.0,0.131411
fastmultrec_greedy,1,8,47,10,384.0,33.0,54.0,0.220559
lcamap,1,8,47,10,388.0,34.0,48.0,0.020889
segdup,1,8,47,15,558,34,48,48.192178
insider,1,8,47,15,543.0,32.0,63.0,0.303478
fastmultrec_greedy,1,8,47,15,549.0,33.0,54.0,0.217594
lcamap,1,8,47,15,558.0,34.0,48.0,0.021206
segdup,1,8,47,20,728,34,48,46.836338
insider,1,8,47,20,699.0,30.0,99.0,1.887985
fastmultrec_greedy,1,8,47,20,714.0,33.0,54.0,0.217823
lcamap,1,8,47,20,728.0,34.0,48.0,0.021264
segdup,1,8,47,25,898,34,48,46.576586
insider,1,8,47,25,836.0,27.0,161.0,59.861159
fastmultrec_greedy,1,8,47,25,879.0,33.0,54.0,0.217942
lcamap,1,8,47,25,898.0,34.0,48.0,0.020959
segdup,1,8,47,5,218,34,48,57.656048
insider,1,8,47,5,218.0,34.0,48.0,0.055791
fastmultrec_greedy,1,8,47,5,218.0,34.0,48.0,0.125761
lcamap,1,8,47,5,218.0,34.0,48.0,0.021510
segdup,1,9,47,10,73,7,3,150.403196
insider,1,9,47,10,73.0,7.0,3.0,0.092288
fastmultrec_greedy,1,9,47,10,73.0,7.0,3.0,0.332312
lcamap,1,9,47,10,73.0,7.0,3.0,0.050787
segdup,1,9,47,15,108,7,3,106.153981
insider,1,9,47,15,108.0,7.0,3.0,0.093616
fastmultrec_greedy,1,9,47,15,108.0,7.0,3.0,0.335112
lcamap,1,9,47,15,108.0,7.0,3.0,0.051733
segdup,1,9,47,20,143,7,3,105.671479
insider,1,9,47,20,141.0,6.0,21.0,0.096856
fastmultrec_greedy,1,9,47,20,143.0,7.0,3.0,0.334560
lcamap,1,9,47,20,143.0,7.0,3.0,0.051498
segdup,1,9,47,25,178,7,3,104.440137
insider,1,9,47,25,171.0,6.0,21.0,0.096255
fastmultrec_greedy,1,9,47,25,178.0,7.0,3.0,0.333376
lcamap,1,9,47,25,178.0,7.0,3.0,0.050152
segdup,1,9,47,5,38,7,3,130.659674
insider,1,9,47,5,38.0,7.0,3.0,0.084286
fastmultrec_greedy,1,9,47,5,38.0,7.0,3.0,0.334077
lcamap,1,9,47,5,38.0,7.0,3.0,0.052743
segdup,2,10,47,10,46,4,6,299.707840
insider,2,10,47,10,46.0,4.0,6.0,0.162045
fastmultrec_greedy,2,10,47,10,46.0,4.0,6.0,0.602847
lcamap,2,10,47,10,46.0,4.0,6.0,0.097312
segdup,2,10,47,15,66,4,6,325.719767
insider,2,10,47,15,66.0,4.0,6.0,0.164133
fastmultrec_greedy,2,10,47,15,66.0,4.0,6.0,0.604192
lcamap,2,10,47,15,66.0,4.0,6.0,0.098131
segdup,2,10,47,20,86,4,6,166.011730
insider,2,10,47,20,86.0,4.0,6.0,0.166054
fastmultrec_greedy,2,10,47,20,86.0,4.0,6.0,0.600683
lcamap,2,10,47,20,86.0,4.0,6.0,0.098862
segdup,2,10,47,25,106,4,6,159.448210
insider,2,10,47,25,106.0,4.0,6.0,0.168785
fastmultrec_greedy,2,10,47,25,106.0,4.0,6.0,0.602677
lcamap,2,10,47,25,106.0,4.0,6.0,0.098547
segdup,2,10,47,5,26,4,6,329.013557
insider,2,10,47,5,26.0,4.0,6.0,0.158354
fastmultrec_greedy,2,10,47,5,26.0,4.0,6.0,0.597608
lcamap,2,10,47,5,26.0,4.0,6.0,0.098809
segdup,2,15,47,10,20,2,0,109.101235
insider,2,15,47,10,20.0,2.0,0.0,0.074637
fastmultrec_greedy,2,15,47,10,20.0,2.0,0.0,0.275295
lcamap,2,15,47,10,20.0,2.0,0.0,0.039933
segdup,2,15,47,15,30,2,0,94.337889
insider,2,15,47,15,30.0,2.0,0.0,0.075126
fastmultrec_greedy,2,15,47,15,30.0,2.0,0.0,0.274802
lcamap,2,15,47,15,30.0,2.0,0.0,0.038850
segdup,2,15,47,20,40,2,0,51.549992
insider,2,15,47,20,40.0,2.0,0.0,0.074987
fastmultrec_greedy,2,15,47,20,40.0,2.0,0.0,0.274372
lcamap,2,15,47,20,40.0,2.0,0.0,0.039076
segdup,2,15,47,25,50,2,0,52.323769
insider,2,15,47,25,50.0,2.0,0.0,0.074244
fastmultrec_greedy,2,15,47,25,50.0,2.0,0.0,0.277786
lcamap,2,15,47,25,50.0,2.0,0.0,0.039247
segdup,2,15,47,5,10,2,0,113.106287
insider,2,15,47,5,10.0,2.0,0.0,0.075795
fastmultrec_greedy,2,15,47,5,10.0,2.0,0.0,0.276257
lcamap,2,15,47,5,10.0,2.0,0.0,0.040234
segdup,2,8,47,10,795,65,145,231.851172
insider,2,8,47,10,777.0,60.0,177.0,0.598363
fastmultrec_greedy,2,8,47,10,796.0,66.0,136.0,0.660592
lcamap,2,8,47,10,796.0,66.0,136.0,0.102339
segdup,2,8,47,15,1126,66,136,220.835182
insider,2,8,47,15,1077.0,59.0,192.0,2.148391
fastmultrec_greedy,2,8,47,15,1123.0,65.0,148.0,1.201167
lcamap,2,8,47,15,1126.0,66.0,136.0,0.101897
segdup,2,8,47,20,1445,65,145,211.382863
insider,2,8,47,20,1355.0,53.0,295.0,13.051425
fastmultrec_greedy,2,8,47,20,1448.0,65.0,148.0,1.207605
lcamap,2,8,47,20,1456.0,66.0,136.0,0.101368
segdup,2,8,47,25,1786,66,136,210.287049
insider,2,8,47,25,1610.0,51.0,335.0,144.728008
fastmultrec_greedy,2,8,47,25,1769.0,64.0,169.0,1.790572
lcamap,2,8,47,25,1786.0,66.0,136.0,0.103163
segdup,2,8,47,5,466,66,136,230.909670
insider,2,8,47,5,465.0,65.0,140.0,0.273043
fastmultrec_greedy,2,8,47,5,466.0,66.0,136.0,0.663242
lcamap,2,8,47,5,466.0,66.0,136.0,0.102022
segdup,2,9,47,10,111,10,11,175.110836
insider,2,9,47,10,111.0,10.0,11.0,0.102869
fastmultrec_greedy,2,9,47,10,111.0,10.0,11.0,0.398223
lcamap,2,9,47,10,111.0,10.0,11.0,0.048215
segdup,2,9,47,15,161,10,11,162.161308
insider,2,9,47,15,161.0,10.0,11.0,0.120736
fastmultrec_greedy,2,9,47,15,161.0,10.0,11.0,0.381428
lcamap,2,9,47,15,161.0,10.0,11.0,0.049158
segdup,2,9,47,20,211,10,11,130.760597
insider,2,9,47,20,211.0,10.0,11.0,0.139839
fastmultrec_greedy,2,9,47,20,211.0,10.0,11.0,0.379439
lcamap,2,9,47,20,211.0,10.0,11.0,0.049546
segdup,2,9,47,25,261,10,11,131.542845
insider,2,9,47,25,261.0,10.0,11.0,0.161182
fastmultrec_greedy,2,9,47,25,261.0,10.0,11.0,0.380101
lcamap,2,9,47,25,261.0,10.0,11.0,0.048768
segdup,2,9,47,5,61,10,11,181.625440
insider,2,9,47,5,61.0,10.0,11.0,0.096981
fastmultrec_greedy,2,9,47,5,61.0,10.0,11.0,0.383016
lcamap,2,9,47,5,61.0,10.0,11.0,0.049518
segdup,1,10,48,10,31,3,1,107.818914
insider,1,10,48,10,31.0,3.0,1.0,0.069640
fastmultrec_greedy,1,10,48,10,31.0,3.0,1.0,0.247961
lcamap,1,10,48,10,31.0,3.0,1.0,0.042598
segdup,1,10,48,15,46,3,1,98.548798
insider,1,10,48,15,46.0,3.0,1.0,0.071533
fastmultrec_greedy,1,10,48,15,46.0,3.0,1.0,0.249773
lcamap,1,10,48,15,46.0,3.0,1.0,0.042657
segdup,1,10,48,20,61,3,1,67.682714
insider,1,10,48,20,61.0,3.0,1.0,0.074174
fastmultrec_greedy,1,10,48,20,61.0,3.0,1.0,0.249424
lcamap,1,10,48,20,61.0,3.0,1.0,0.042845
segdup,1,10,48,25,76,3,1,66.909691
insider,1,10,48,25,76.0,3.0,1.0,0.075883
fastmultrec_greedy,1,10,48,25,76.0,3.0,1.0,0.248882
lcamap,1,10,48,25,76.0,3.0,1.0,0.042274
segdup,1,10,48,5,16,3,1,120.722988
insider,1,10,48,5,16.0,3.0,1.0,0.068796
fastmultrec_greedy,1,10,48,5,16.0,3.0,1.0,0.247746
lcamap,1,10,48,5,16.0,3.0,1.0,0.041781
segdup,1,11,48,10,10,1,0,61.526319
insider,1,11,48,10,10.0,1.0,0.0,0.035667
fastmultrec_greedy,1,11,48,10,10.0,1.0,0.0,0.129119
lcamap,1,11,48,10,10.0,1.0,0.0,0.020503
segdup,1,11,48,15,15,1,0,51.723865
insider,1,11,48,15,15.0,1.0,0.0,0.036592
fastmultrec_greedy,1,11,48,15,15.0,1.0,0.0,0.128437
lcamap,1,11,48,15,15.0,1.0,0.0,0.020174
segdup,1,11,48,20,20,1,0,36.675491
insider,1,11,48,20,20.0,1.0,0.0,0.035845
fastmultrec_greedy,1,11,48,20,20.0,1.0,0.0,0.128989
lcamap,1,11,48,20,20.0,1.0,0.0,0.020313
segdup,1,11,48,25,25,1,0,36.968815
insider,1,11,48,25,25.0,1.0,0.0,0.035627
fastmultrec_greedy,1,11,48,25,25.0,1.0,0.0,0.136036
lcamap,1,11,48,25,25.0,1.0,0.0,0.020235
segdup,1,11,48,5,5,1,0,66.715546
insider,1,11,48,5,5.0,1.0,0.0,0.036266
fastmultrec_greedy,1,11,48,5,5.0,1.0,0.0,0.129333
lcamap,1,11,48,5,5.0,1.0,0.0,0.020561
segdup,1,15,48,10,10,1,0,75.716817
insider,1,15,48,10,10.0,1.0,0.0,0.047335
fastmultrec_greedy,1,15,48,10,10.0,1.0,0.0,0.195309
lcamap,1,15,48,10,10.0,1.0,0.0,0.027986
segdup,1,15,48,15,15,1,0,69.506735
insider,1,15,48,15,15.0,1.0,0.0,0.047558
fastmultrec_greedy,1,15,48,15,15.0,1.0,0.0,0.207709
lcamap,1,15,48,15,15.0,1.0,0.0,0.028624
segdup,1,15,48,20,20,1,0,49.255139
insider,1,15,48,20,20.0,1.0,0.0,0.047622
fastmultrec_greedy,1,15,48,20,20.0,1.0,0.0,0.198118
lcamap,1,15,48,20,20.0,1.0,0.0,0.028226
segdup,1,15,48,25,25,1,0,50.473125
insider,1,15,48,25,25.0,1.0,0.0,0.048461
fastmultrec_greedy,1,15,48,25,25.0,1.0,0.0,0.197121
lcamap,1,15,48,25,25.0,1.0,0.0,0.028184
segdup,1,15,48,5,5,1,0,82.634674
insider,1,15,48,5,5.0,1.0,0.0,0.048185
fastmultrec_greedy,1,15,48,5,5.0,1.0,0.0,0.194384
lcamap,1,15,48,5,5.0,1.0,0.0,0.028390
segdup,1,8,48,10,175,16,15,67.968154
insider,1,8,48,10,168.0,15.0,18.0,0.063120
fastmultrec_greedy,1,8,48,10,168.0,15.0,18.0,0.282865
lcamap,1,8,48,10,175.0,16.0,15.0,0.022699
segdup,1,8,48,15,255,16,15,67.378451
insider,1,8,48,15,243.0,15.0,18.0,0.102605
fastmultrec_greedy,1,8,48,15,243.0,15.0,18.0,0.282502
lcamap,1,8,48,15,255.0,16.0,15.0,0.023076
segdup,1,8,48,20,335,16,15,62.309327
insider,1,8,48,20,318.0,15.0,18.0,0.222363
fastmultrec_greedy,1,8,48,20,318.0,15.0,18.0,0.277605
lcamap,1,8,48,20,335.0,16.0,15.0,0.023037
segdup,1,8,48,25,415,16,15,64.257617
insider,1,8,48,25,385.0,13.0,60.0,0.587818
fastmultrec_greedy,1,8,48,25,393.0,15.0,18.0,0.280444
lcamap,1,8,48,25,415.0,16.0,15.0,0.022978
segdup,1,8,48,5,95,16,15,67.987950
insider,1,8,48,5,93.0,15.0,18.0,0.048078
fastmultrec_greedy,1,8,48,5,93.0,15.0,18.0,0.282827
lcamap,1,8,48,5,95.0,16.0,15.0,0.022561
segdup,1,9,48,10,62,6,2,100.121110
insider,1,9,48,10,62.0,6.0,2.0,0.082569
fastmultrec_greedy,1,9,48,10,62.0,6.0,2.0,0.337672
lcamap,1,9,48,10,62.0,6.0,2.0,0.047359
segdup,1,9,48,15,92,6,2,69.806132
insider,1,9,48,15,92.0,6.0,2.0,0.083107
fastmultrec_greedy,1,9,48,15,92.0,6.0,2.0,0.338637
lcamap,1,9,48,15,92.0,6.0,2.0,0.049614
segdup,1,9,48,20,122,6,2,68.599577
insider,1,9,48,20,122.0,6.0,2.0,0.086374
fastmultrec_greedy,1,9,48,20,122.0,6.0,2.0,0.335802
lcamap,1,9,48,20,122.0,6.0,2.0,0.051862
segdup,1,9,48,25,152,6,2,68.044054
insider,1,9,48,25,152.0,6.0,2.0,0.088996
fastmultrec_greedy,1,9,48,25,152.0,6.0,2.0,0.338589
lcamap,1,9,48,25,152.0,6.0,2.0,0.047416
segdup,1,9,48,5,32,6,2,105.471308
insider,1,9,48,5,32.0,6.0,2.0,0.079500
fastmultrec_greedy,1,9,48,5,32.0,6.0,2.0,0.340186
lcamap,1,9,48,5,32.0,6.0,2.0,0.047557
segdup,2,10,48,10,41,4,1,181.588708
insider,2,10,48,10,41.0,4.0,1.0,0.137302
fastmultrec_greedy,2,10,48,10,41.0,4.0,1.0,0.500773
lcamap,2,10,48,10,41.0,4.0,1.0,0.077264
segdup,2,10,48,15,61,4,1,109.549320
insider,2,10,48,15,61.0,4.0,1.0,0.178716
fastmultrec_greedy,2,10,48,15,61.0,4.0,1.0,0.560132
lcamap,2,10,48,15,61.0,4.0,1.0,0.077935
segdup,2,10,48,20,81,4,1,109.118917
insider,2,10,48,20,81.0,4.0,1.0,0.141857
fastmultrec_greedy,2,10,48,20,81.0,4.0,1.0,0.497778
lcamap,2,10,48,20,81.0,4.0,1.0,0.074212
segdup,2,10,48,25,101,4,1,104.694533
insider,2,10,48,25,101.0,4.0,1.0,0.141316
fastmultrec_greedy,2,10,48,25,101.0,4.0,1.0,0.502921
lcamap,2,10,48,25,101.0,4.0,1.0,0.075471
segdup,2,10,48,5,21,4,1,243.304038
insider,2,10,48,5,21.0,4.0,1.0,0.135156
fastmultrec_greedy,2,10,48,5,21.0,4.0,1.0,0.507577
lcamap,2,10,48,5,21.0,4.0,1.0,0.076991
segdup,2,11,48,10,20,2,0,299.356741
insider,2,11,48,10,20.0,2.0,0.0,0.156798
fastmultrec_greedy,2,11,48,10,20.0,2.0,0.0,0.689622
lcamap,2,11,48,10,20.0,2.0,0.0,0.097704
segdup,2,11,48,15,30,2,0,169.976646
insider,2,11,48,15,30.0,2.0,0.0,0.146841
fastmultrec_greedy,2,11,48,15,30.0,2.0,0.0,0.661168
lcamap,2,11,48,15,30.0,2.0,0.0,0.079871
segdup,2,11,48,20,40,2,0,173.179295
insider,2,11,48,20,40.0,2.0,0.0,0.158721
fastmultrec_greedy,2,11,48,20,40.0,2.0,0.0,0.656119
lcamap,2,11,48,20,40.0,2.0,0.0,0.086596
segdup,2,11,48,25,50,2,0,157.308732
insider,2,11,48,25,50.0,2.0,0.0,0.136146
fastmultrec_greedy,2,11,48,25,50.0,2.0,0.0,0.610272
lcamap,2,11,48,25,50.0,2.0,0.0,0.078026
segdup,2,11,48,5,10,2,0,321.088703
insider,2,11,48,5,10.0,2.0,0.0,0.135228
fastmultrec_greedy,2,11,48,5,10.0,2.0,0.0,0.611353
lcamap,2,11,48,5,10.0,2.0,0.0,0.077843
segdup,2,15,48,10,20,2,0,181.649188
insider,2,15,48,10,20.0,2.0,0.0,0.091217
fastmultrec_greedy,2,15,48,10,20.0,2.0,0.0,0.336005
lcamap,2,15,48,10,20.0,2.0,0.0,0.050438
segdup,2,15,48,15,30,2,0,139.179204
insider,2,15,48,15,30.0,2.0,0.0,0.089196
fastmultrec_greedy,2,15,48,15,30.0,2.0,0.0,0.334660
lcamap,2,15,48,15,30.0,2.0,0.0,0.051466
segdup,2,15,48,20,40,2,0,92.912989
insider,2,15,48,20,40.0,2.0,0.0,0.088289
fastmultrec_greedy,2,15,48,20,40.0,2.0,0.0,0.333442
lcamap,2,15,48,20,40.0,2.0,0.0,0.051263
segdup,2,15,48,25,50,2,0,90.799391
insider,2,15,48,25,50.0,2.0,0.0,0.088645
fastmultrec_greedy,2,15,48,25,50.0,2.0,0.0,0.332598
lcamap,2,15,48,25,50.0,2.0,0.0,0.049968
segdup,2,15,48,5,10,2,0,190.975564
insider,2,15,48,5,10.0,2.0,0.0,0.089010
fastmultrec_greedy,2,15,48,5,10.0,2.0,0.0,0.336451
lcamap,2,15,48,5,10.0,2.0,0.0,0.051214
segdup,2,8,48,10,1303,95,353,175.081656
insider,2,8,48,10,1275.0,86.0,415.0,0.496771
fastmultrec_greedy,2,8,48,10,1289.0,93.0,359.0,1.403136
lcamap,2,8,48,10,1303.0,95.0,353.0,0.077560
segdup,2,8,48,15,1778,95,353,168.689141
insider,2,8,48,15,1700.0,84.0,440.0,1.755944
fastmultrec_greedy,2,8,48,15,1754.0,93.0,359.0,1.407167
lcamap,2,8,48,15,1778.0,95.0,353.0,0.078884
segdup,2,8,48,20,2247,94,367,162.560279
insider,2,8,48,20,2120.0,82.0,480.0,13.359675
fastmultrec_greedy,2,8,48,20,2219.0,93.0,359.0,1.397898
lcamap,2,8,48,20,2253.0,95.0,353.0,0.079100
segdup,2,8,48,25,2728,95,353,160.601617
insider,2,8,48,25,2521.0,76.0,621.0,108.773484
fastmultrec_greedy,2,8,48,25,2684.0,93.0,359.0,1.403273
lcamap,2,8,48,25,2728.0,95.0,353.0,0.081255
segdup,2,8,48,5,828,95,353,185.203519
insider,2,8,48,5,824.0,93.0,359.0,0.246680
fastmultrec_greedy,2,8,48,5,824.0,93.0,359.0,1.413513
lcamap,2,8,48,5,828.0,95.0,353.0,0.080194
segdup,2,9,48,10,196,17,26,220.104713
insider,2,9,48,10,196.0,17.0,26.0,0.180089
fastmultrec_greedy,2,9,48,10,196.0,17.0,26.0,0.646452
lcamap,2,9,48,10,196.0,17.0,26.0,0.079973
segdup,2,9,48,15,281,17,26,147.188509
insider,2,9,48,15,281.0,17.0,26.0,0.216088
fastmultrec_greedy,2,9,48,15,281.0,17.0,26.0,0.641443
lcamap,2,9,48,15,281.0,17.0,26.0,0.078302
segdup,2,9,48,20,366,17,26,149.856277
insider,2,9,48,20,366.0,17.0,26.0,0.285244
fastmultrec_greedy,2,9,48,20,366.0,17.0,26.0,0.637090
lcamap,2,9,48,20,366.0,17.0,26.0,0.080325
segdup,2,9,48,25,451,17,26,150.506872
insider,2,9,48,25,451.0,17.0,26.0,0.607004
fastmultrec_greedy,2,9,48,25,451.0,17.0,26.0,0.643450
lcamap,2,9,48,25,451.0,17.0,26.0,0.081628
segdup,2,9,48,5,111,17,26,241.632644
insider,2,9,48,5,111.0,17.0,26.0,0.160178
fastmultrec_greedy,2,9,48,5,111.0,17.0,26.0,0.647546
lcamap,2,9,48,5,111.0,17.0,26.0,0.080650
segdup,1,10,49,10,11,1,1,102.949355
insider,1,10,49,10,11.0,1.0,1.0,0.065288
fastmultrec_greedy,1,10,49,10,11.0,1.0,1.0,0.294755
lcamap,1,10,49,10,11.0,1.0,1.0,0.039801
segdup,1,10,49,15,16,1,1,94.858829
insider,1,10,49,15,16.0,1.0,1.0,0.067619
fastmultrec_greedy,1,10,49,15,16.0,1.0,1.0,0.305393
lcamap,1,10,49,15,16.0,1.0,1.0,0.041743
segdup,1,10,49,20,21,1,1,69.542805
insider,1,10,49,20,21.0,1.0,1.0,0.064379
fastmultrec_greedy,1,10,49,20,21.0,1.0,1.0,0.293991
lcamap,1,10,49,20,21.0,1.0,1.0,0.040054
segdup,1,10,49,25,26,1,1,67.611047
insider,1,10,49,25,26.0,1.0,1.0,0.067020
fastmultrec_greedy,1,10,49,25,26.0,1.0,1.0,0.304927
lcamap,1,10,49,25,26.0,1.0,1.0,0.041313
segdup,1,10,49,5,6,1,1,98.299911
insider,1,10,49,5,6.0,1.0,1.0,0.067996
fastmultrec_greedy,1,10,49,5,6.0,1.0,1.0,0.306498
lcamap,1,10,49,5,6.0,1.0,1.0,0.041677
segdup,1,11,49,10,10,1,0,79.965752
insider,1,11,49,10,10.0,1.0,0.0,0.043756
fastmultrec_greedy,1,11,49,10,10.0,1.0,0.0,0.158646
lcamap,1,11,49,10,10.0,1.0,0.0,0.025981
segdup,1,11,49,15,15,1,0,60.061868
insider,1,11,49,15,15.0,1.0,0.0,0.043810
fastmultrec_greedy,1,11,49,15,15.0,1.0,0.0,0.156356
lcamap,1,11,49,15,15.0,1.0,0.0,0.025980
segdup,1,11,49,20,20,1,0,46.440780
insider,1,11,49,20,20.0,1.0,0.0,0.041779
fastmultrec_greedy,1,11,49,20,20.0,1.0,0.0,0.152164
lcamap,1,11,49,20,20.0,1.0,0.0,0.024806
segdup,1,11,49,25,25,1,0,45.108923
insider,1,11,49,25,25.0,1.0,0.0,0.045236
fastmultrec_greedy,1,11,49,25,25.0,1.0,0.0,0.156522
lcamap,1,11,49,25,25.0,1.0,0.0,0.025903
segdup,1,11,49,5,5,1,0,82.070129
insider,1,11,49,5,5.0,1.0,0.0,0.044061
fastmultrec_greedy,1,11,49,5,5.0,1.0,0.0,0.155965
lcamap,1,11,49,5,5.0,1.0,0.0,0.025848
segdup,1,15,49,10,10,1,0,203.267430
insider,1,15,49,10,10.0,1.0,0.0,0.101410
fastmultrec_greedy,1,15,49,10,10.0,1.0,0.0,0.473941
lcamap,1,15,49,10,10.0,1.0,0.0,0.066720
segdup,1,15,49,15,15,1,0,183.221072
insider,1,15,49,15,15.0,1.0,0.0,0.106970
fastmultrec_greedy,1,15,49,15,15.0,1.0,0.0,0.501051
lcamap,1,15,49,15,15.0,1.0,0.0,0.073752
segdup,1,15,49,20,20,1,0,121.936080
insider,1,15,49,20,20.0,1.0,0.0,0.102282
fastmultrec_greedy,1,15,49,20,20.0,1.0,0.0,0.487887
lcamap,1,15,49,20,20.0,1.0,0.0,0.065702
segdup,1,15,49,25,25,1,0,120.196024
insider,1,15,49,25,25.0,1.0,0.0,0.104914
fastmultrec_greedy,1,15,49,25,25.0,1.0,0.0,0.493066
lcamap,1,15,49,25,25.0,1.0,0.0,0.071487
segdup,1,15,49,5,5,1,0,213.180204
insider,1,15,49,5,5.0,1.0,0.0,0.105458
fastmultrec_greedy,1,15,49,5,5.0,1.0,0.0,0.493378
lcamap,1,15,49,5,5.0,1.0,0.0,0.067719
segdup,1,8,49,10,951,80,151,102.400731
insider,1,8,49,10,936.0,74.0,196.0,0.297101
fastmultrec_greedy,1,8,49,10,951.0,80.0,151.0,0.328481
lcamap,1,8,49,10,951.0,80.0,151.0,0.049930
segdup,1,8,49,15,1351,80,151,101.216482
insider,1,8,49,15,1296.0,70.0,246.0,0.590063
fastmultrec_greedy,1,8,49,15,1351.0,80.0,151.0,0.329967
lcamap,1,8,49,15,1351.0,80.0,151.0,0.051302
segdup,1,8,49,20,1751,80,151,95.548722
insider,1,8,49,20,1646.0,69.0,266.0,1.578602
fastmultrec_greedy,1,8,49,20,1751.0,80.0,151.0,0.325491
lcamap,1,8,49,20,1751.0,80.0,151.0,0.052819
segdup,1,8,49,25,2151,80,151,95.825751
insider,1,8,49,25,1990.0,68.0,290.0,5.970522
fastmultrec_greedy,1,8,49,25,2151.0,80.0,151.0,0.325893
lcamap,1,8,49,25,2151.0,80.0,151.0,0.049247
segdup,1,8,49,5,551,80,151,104.127855
insider,1,8,49,5,551.0,80.0,151.0,0.145242
fastmultrec_greedy,1,8,49,5,551.0,80.0,151.0,0.330602
lcamap,1,8,49,5,551.0,80.0,151.0,0.052955
segdup,1,9,49,10,52,5,2,73.611653
insider,1,9,49,10,52.0,5.0,2.0,0.039553
fastmultrec_greedy,1,9,49,10,52.0,5.0,2.0,0.137044
lcamap,1,9,49,10,52.0,5.0,2.0,0.021063
segdup,1,9,49,15,77,5,2,55.889219
insider,1,9,49,15,77.0,5.0,2.0,0.041299
fastmultrec_greedy,1,9,49,15,77.0,5.0,2.0,0.137371
lcamap,1,9,49,15,77.0,5.0,2.0,0.020970
segdup,1,9,49,20,102,5,2,40.138403
insider,1,9,49,20,102.0,5.0,2.0,0.042859
fastmultrec_greedy,1,9,49,20,102.0,5.0,2.0,0.128596
lcamap,1,9,49,20,102.0,5.0,2.0,0.020358
segdup,1,9,49,25,127,5,2,41.546075
insider,1,9,49,25,127.0,5.0,2.0,0.046771
fastmultrec_greedy,1,9,49,25,127.0,5.0,2.0,0.136396
lcamap,1,9,49,25,127.0,5.0,2.0,0.021247
segdup,1,9,49,5,27,5,2,75.862180
insider,1,9,49,5,27.0,5.0,2.0,0.037542
fastmultrec_greedy,1,9,49,5,27.0,5.0,2.0,0.129418
lcamap,1,9,49,5,27.0,5.0,2.0,0.019993
segdup,2,10,49,10,20,2,0,180.677309
insider,2,10,49,10,20.0,2.0,0.0,0.101178
fastmultrec_greedy,2,10,49,10,20.0,2.0,0.0,0.380340
lcamap,2,10,49,10,20.0,2.0,0.0,0.058244
segdup,2,10,49,15,30,2,0,84.214214
insider,2,10,49,15,30.0,2.0,0.0,0.102127
fastmultrec_greedy,2,10,49,15,30.0,2.0,0.0,0.383419
lcamap,2,10,49,15,30.0,2.0,0.0,0.059632
segdup,2,10,49,20,40,2,0,77.746701
insider,2,10,49,20,40.0,2.0,0.0,0.096540
fastmultrec_greedy,2,10,49,20,40.0,2.0,0.0,0.366151
lcamap,2,10,49,20,40.0,2.0,0.0,0.057269
segdup,2,10,49,25,50,2,0,82.243802
insider,2,10,49,25,50.0,2.0,0.0,0.101355
fastmultrec_greedy,2,10,49,25,50.0,2.0,0.0,0.383336
lcamap,2,10,49,25,50.0,2.0,0.0,0.059039
segdup,2,10,49,5,10,2,0,188.603705
insider,2,10,49,5,10.0,2.0,0.0,0.104936
fastmultrec_greedy,2,10,49,5,10.0,2.0,0.0,0.380949
lcamap,2,10,49,5,10.0,2.0,0.0,0.060230
segdup,2,15,49,10,20,2,0,186.388108
insider,2,15,49,10,20.0,2.0,0.0,0.104460
fastmultrec_greedy,2,15,49,10,20.0,2.0,0.0,0.417653
lcamap,2,15,49,10,20.0,2.0,0.0,0.061541
segdup,2,15,49,15,30,2,0,91.793830
insider,2,15,49,15,30.0,2.0,0.0,0.102875
fastmultrec_greedy,2,15,49,15,30.0,2.0,0.0,0.417460
lcamap,2,15,49,15,30.0,2.0,0.0,0.063709
segdup,2,15,49,20,40,2,0,88.266454
insider,2,15,49,20,40.0,2.0,0.0,0.104927
fastmultrec_greedy,2,15,49,20,40.0,2.0,0.0,0.417384
lcamap,2,15,49,20,40.0,2.0,0.0,0.060679
segdup,2,15,49,25,50,2,0,89.681021
insider,2,15,49,25,50.0,2.0,0.0,0.104065
fastmultrec_greedy,2,15,49,25,50.0,2.0,0.0,0.418611
lcamap,2,15,49,25,50.0,2.0,0.0,0.061132
segdup,2,15,49,5,10,2,0,204.876187
insider,2,15,49,5,10.0,2.0,0.0,0.102109
fastmultrec_greedy,2,15,49,5,10.0,2.0,0.0,0.403071
lcamap,2,15,49,5,10.0,2.0,0.0,0.061195
segdup,2,8,49,10,915,74,175,150.846691
insider,2,8,49,10,901.0,68.0,221.0,0.383003
fastmultrec_greedy,2,8,49,10,908.0,73.0,178.0,0.727853
lcamap,2,8,49,10,915.0,74.0,175.0,0.068295
segdup,2,8,49,15,1285,74,175,138.901741
insider,2,8,49,15,1241.0,67.0,236.0,1.376486
fastmultrec_greedy,2,8,49,15,1265.0,71.0,200.0,1.442830
lcamap,2,8,49,15,1285.0,74.0,175.0,0.068722
segdup,2,8,49,20,1655,74,175,142.925616
insider,2,8,49,20,1567.0,62.0,327.0,24.116847
fastmultrec_greedy,2,8,49,20,1615.0,70.0,215.0,1.797987
lcamap,2,8,49,20,1655.0,74.0,175.0,0.071036
segdup,2,8,49,5,545,74,175,151.458586
insider,2,8,49,5,543.0,73.0,178.0,0.189807
fastmultrec_greedy,2,8,49,5,543.0,73.0,178.0,0.739532
lcamap,2,8,49,5,545.0,74.0,175.0,0.067263
segdup,2,9,49,10,86,8,6,92.563314
insider,2,9,49,10,86.0,8.0,6.0,0.080372
fastmultrec_greedy,2,9,49,10,86.0,8.0,6.0,0.250026
lcamap,2,9,49,10,86.0,8.0,6.0,0.039362
segdup,2,9,49,15,126,8,6,85.494970
insider,2,9,49,15,126.0,8.0,6.0,0.086045
fastmultrec_greedy,2,9,49,15,126.0,8.0,6.0,0.236377
lcamap,2,9,49,15,126.0,8.0,6.0,0.038785
segdup,2,9,49,20,166,8,6,56.690417
insider,2,9,49,20,166.0,8.0,6.0,0.093896
fastmultrec_greedy,2,9,49,20,166.0,8.0,6.0,0.238269
lcamap,2,9,49,20,166.0,8.0,6.0,0.036960
segdup,2,9,49,25,206,8,6,54.647872
insider,2,9,49,25,206.0,8.0,6.0,0.105776
fastmultrec_greedy,2,9,49,25,206.0,8.0,6.0,0.253961
lcamap,2,9,49,25,206.0,8.0,6.0,0.039488
segdup,2,9,49,5,46,8,6,110.696627
insider,2,9,49,5,46.0,8.0,6.0,0.075768
fastmultrec_greedy,2,9,49,5,46.0,8.0,6.0,0.252299
lcamap,2,9,49,5,46.0,8.0,6.0,0.039379
segdup,1,10,4,10,21,2,1,91.209829
insider,1,10,4,10,21.0,2.0,1.0,0.063939
fastmultrec_greedy,1,10,4,10,21.0,2.0,1.0,0.253249
lcamap,1,10,4,10,21.0,2.0,1.0,0.038130
segdup,1,10,4,15,31,2,1,91.119970
insider,1,10,4,15,31.0,2.0,1.0,0.063609
fastmultrec_greedy,1,10,4,15,31.0,2.0,1.0,0.251554
lcamap,1,10,4,15,31.0,2.0,1.0,0.037378
segdup,1,10,4,20,41,2,1,62.724190
insider,1,10,4,20,41.0,2.0,1.0,0.063162
fastmultrec_greedy,1,10,4,20,41.0,2.0,1.0,0.255004
lcamap,1,10,4,20,41.0,2.0,1.0,0.037785
segdup,1,10,4,25,51,2,1,62.446085
insider,1,10,4,25,51.0,2.0,1.0,0.065345
fastmultrec_greedy,1,10,4,25,51.0,2.0,1.0,0.252025
lcamap,1,10,4,25,51.0,2.0,1.0,0.038514
segdup,1,10,4,5,11,2,1,93.502162
insider,1,10,4,5,11.0,2.0,1.0,0.060083
fastmultrec_greedy,1,10,4,5,11.0,2.0,1.0,0.255735
lcamap,1,10,4,5,11.0,2.0,1.0,0.042575
segdup,1,11,4,10,11,1,1,116.520273
insider,1,11,4,10,11.0,1.0,1.0,0.080119
fastmultrec_greedy,1,11,4,10,11.0,1.0,1.0,0.324420
lcamap,1,11,4,10,11.0,1.0,1.0,0.054744
segdup,1,11,4,15,16,1,1,106.176470
insider,1,11,4,15,16.0,1.0,1.0,0.079055
fastmultrec_greedy,1,11,4,15,16.0,1.0,1.0,0.318581
lcamap,1,11,4,15,16.0,1.0,1.0,0.053329
segdup,1,11,4,20,21,1,1,77.307021
insider,1,11,4,20,21.0,1.0,1.0,0.081334
fastmultrec_greedy,1,11,4,20,21.0,1.0,1.0,0.321543
lcamap,1,11,4,20,21.0,1.0,1.0,0.055551
segdup,1,11,4,25,26,1,1,78.047239
insider,1,11,4,25,26.0,1.0,1.0,0.080409
fastmultrec_greedy,1,11,4,25,26.0,1.0,1.0,0.318740
lcamap,1,11,4,25,26.0,1.0,1.0,0.053648
segdup,1,11,4,5,6,1,1,123.707885
insider,1,11,4,5,6.0,1.0,1.0,0.082268
fastmultrec_greedy,1,11,4,5,6.0,1.0,1.0,0.322482
lcamap,1,11,4,5,6.0,1.0,1.0,0.054282
segdup,1,15,4,10,10,1,0,112.966851
insider,1,15,4,10,10.0,1.0,0.0,0.057750
fastmultrec_greedy,1,15,4,10,10.0,1.0,0.0,0.207283
lcamap,1,15,4,10,10.0,1.0,0.0,0.035376
segdup,1,15,4,15,15,1,0,106.055648
insider,1,15,4,15,15.0,1.0,0.0,0.057155
fastmultrec_greedy,1,15,4,15,15.0,1.0,0.0,0.208516
lcamap,1,15,4,15,15.0,1.0,0.0,0.036618
segdup,1,15,4,20,20,1,0,66.377664
insider,1,15,4,20,20.0,1.0,0.0,0.057522
fastmultrec_greedy,1,15,4,20,20.0,1.0,0.0,0.206839
lcamap,1,15,4,20,20.0,1.0,0.0,0.035153
segdup,1,15,4,25,25,1,0,60.881214
insider,1,15,4,25,25.0,1.0,0.0,0.058624
fastmultrec_greedy,1,15,4,25,25.0,1.0,0.0,0.211776
lcamap,1,15,4,25,25.0,1.0,0.0,0.036165
segdup,1,15,4,5,5,1,0,108.875109
insider,1,15,4,5,5.0,1.0,0.0,0.058474
fastmultrec_greedy,1,15,4,5,5.0,1.0,0.0,0.209761
lcamap,1,15,4,5,5.0,1.0,0.0,0.035179
segdup,1,8,4,10,645,54,105,56.279283
insider,1,8,4,10,632.0,50.0,132.0,0.207351
fastmultrec_greedy,1,8,4,10,638.0,53.0,108.0,0.340761
lcamap,1,8,4,10,652.0,55.0,102.0,0.022828
segdup,1,8,4,15,927,55,102,54.720302
insider,1,8,4,15,873.0,47.0,168.0,0.928595
fastmultrec_greedy,1,8,4,15,903.0,53.0,108.0,0.339166
lcamap,1,8,4,15,927.0,55.0,102.0,0.027597
segdup,1,8,4,20,1185,54,105,52.288664
insider,1,8,4,20,1105.0,44.0,225.0,28.780883
fastmultrec_greedy,1,8,4,20,1168.0,53.0,108.0,0.346524
lcamap,1,8,4,20,1202.0,55.0,102.0,0.022824
segdup,1,8,4,25,1455,54,105,51.475455
insider,1,8,4,25,-1,-1,-1,56.282184
fastmultrec_greedy,1,8,4,25,1433.0,53.0,108.0,0.374371
lcamap,1,8,4,25,1477.0,55.0,102.0,0.023266
segdup,1,8,4,5,376,53,111,54.003608
insider,1,8,4,5,373.0,53.0,108.0,0.084988
fastmultrec_greedy,1,8,4,5,373.0,53.0,108.0,0.340800
lcamap,1,8,4,5,377.0,55.0,102.0,0.022698
segdup,1,9,4,10,84,8,4,84.470415
insider,1,9,4,10,84.0,8.0,4.0,0.052997
fastmultrec_greedy,1,9,4,10,84.0,8.0,4.0,0.165112
lcamap,1,9,4,10,84.0,8.0,4.0,0.035092
segdup,1,9,4,15,124,8,4,50.064075
insider,1,9,4,15,124.0,8.0,4.0,0.057722
fastmultrec_greedy,1,9,4,15,124.0,8.0,4.0,0.163798
lcamap,1,9,4,15,124.0,8.0,4.0,0.027384
segdup,1,9,4,20,164,8,4,70.167672
insider,1,9,4,20,164.0,8.0,4.0,0.072270
fastmultrec_greedy,1,9,4,20,164.0,8.0,4.0,0.163935
lcamap,1,9,4,20,164.0,8.0,4.0,0.027867
segdup,1,9,4,25,204,8,4,47.014944
insider,1,9,4,25,204.0,8.0,4.0,0.081660
fastmultrec_greedy,1,9,4,25,204.0,8.0,4.0,0.161989
lcamap,1,9,4,25,204.0,8.0,4.0,0.027432
segdup,1,9,4,5,44,8,4,87.830992
insider,1,9,4,5,44.0,8.0,4.0,0.051073
fastmultrec_greedy,1,9,4,5,44.0,8.0,4.0,0.164734
lcamap,1,9,4,5,44.0,8.0,4.0,0.026969
segdup,2,10,4,10,31,3,1,147.822135
insider,2,10,4,10,31.0,3.0,1.0,0.088450
fastmultrec_greedy,2,10,4,10,31.0,3.0,1.0,0.315904
lcamap,2,10,4,10,31.0,3.0,1.0,0.049830
segdup,2,10,4,15,46,3,1,66.726765
insider,2,10,4,15,46.0,3.0,1.0,0.090523
fastmultrec_greedy,2,10,4,15,46.0,3.0,1.0,0.317917
lcamap,2,10,4,15,46.0,3.0,1.0,0.050820
segdup,2,10,4,20,61,3,1,68.782273
insider,2,10,4,20,61.0,3.0,1.0,0.089397
fastmultrec_greedy,2,10,4,20,61.0,3.0,1.0,0.312464
lcamap,2,10,4,20,61.0,3.0,1.0,0.049609
segdup,2,10,4,25,76,3,1,66.845206
insider,2,10,4,25,76.0,3.0,1.0,0.091800
fastmultrec_greedy,2,10,4,25,76.0,3.0,1.0,0.310035
lcamap,2,10,4,25,76.0,3.0,1.0,0.050355
segdup,2,10,4,5,16,3,1,152.403377
insider,2,10,4,5,16.0,3.0,1.0,0.089046
fastmultrec_greedy,2,10,4,5,16.0,3.0,1.0,0.315923
lcamap,2,10,4,5,16.0,3.0,1.0,0.049604
segdup,2,11,4,10,20,2,0,107.517265
insider,2,11,4,10,20.0,2.0,0.0,0.059784
fastmultrec_greedy,2,11,4,10,20.0,2.0,0.0,0.199097
lcamap,2,11,4,10,20.0,2.0,0.0,0.034461
segdup,2,11,4,15,30,2,0,84.492233
insider,2,11,4,15,30.0,2.0,0.0,0.059632
fastmultrec_greedy,2,11,4,15,30.0,2.0,0.0,0.195843
lcamap,2,11,4,15,30.0,2.0,0.0,0.032428
segdup,2,11,4,20,40,2,0,67.786007
insider,2,11,4,20,40.0,2.0,0.0,0.059298
fastmultrec_greedy,2,11,4,20,40.0,2.0,0.0,0.197438
lcamap,2,11,4,20,40.0,2.0,0.0,0.032419
segdup,2,11,4,25,50,2,0,53.691906
insider,2,11,4,25,50.0,2.0,0.0,0.060945
fastmultrec_greedy,2,11,4,25,50.0,2.0,0.0,0.201322
lcamap,2,11,4,25,50.0,2.0,0.0,0.033521
segdup,2,11,4,5,10,2,0,115.387575
insider,2,11,4,5,10.0,2.0,0.0,0.059946
fastmultrec_greedy,2,11,4,5,10.0,2.0,0.0,0.199018
lcamap,2,11,4,5,10.0,2.0,0.0,0.032791
segdup,2,15,4,10,20,2,0,178.649530
insider,2,15,4,10,20.0,2.0,0.0,0.118416
fastmultrec_greedy,2,15,4,10,20.0,2.0,0.0,0.431801
lcamap,2,15,4,10,20.0,2.0,0.0,0.073081
segdup,2,15,4,15,30,2,0,192.397207
insider,2,15,4,15,30.0,2.0,0.0,0.116825
fastmultrec_greedy,2,15,4,15,30.0,2.0,0.0,0.428806
lcamap,2,15,4,15,30.0,2.0,0.0,0.075085
segdup,2,15,4,20,40,2,0,93.524938
insider,2,15,4,20,40.0,2.0,0.0,0.117350
fastmultrec_greedy,2,15,4,20,40.0,2.0,0.0,0.424171
lcamap,2,15,4,20,40.0,2.0,0.0,0.074931
segdup,2,15,4,25,50,2,0,92.567244
insider,2,15,4,25,50.0,2.0,0.0,0.119994
fastmultrec_greedy,2,15,4,25,50.0,2.0,0.0,0.421341
lcamap,2,15,4,25,50.0,2.0,0.0,0.074416
segdup,2,15,4,5,10,2,0,214.284586
insider,2,15,4,5,10.0,2.0,0.0,0.118769
fastmultrec_greedy,2,15,4,5,10.0,2.0,0.0,0.427944
lcamap,2,15,4,5,10.0,2.0,0.0,0.074839
segdup,2,8,4,10,423,36,63,79.917263
insider,2,8,4,10,411.0,33.0,81.0,0.226255
fastmultrec_greedy,2,8,4,10,412.0,34.0,72.0,0.529194
lcamap,2,8,4,10,423.0,36.0,63.0,0.036271
segdup,2,8,4,15,603,36,63,75.814055
insider,2,8,4,15,575.0,32.0,95.0,0.775406
fastmultrec_greedy,2,8,4,15,582.0,34.0,72.0,0.528348
lcamap,2,8,4,15,603.0,36.0,63.0,0.035543
segdup,2,8,4,20,783,36,63,70.157352
insider,2,8,4,20,730.0,30.0,130.0,2.503750
fastmultrec_greedy,2,8,4,20,752.0,34.0,72.0,0.532527
lcamap,2,8,4,20,783.0,36.0,63.0,0.036016
segdup,2,8,4,25,963,36,63,68.205294
insider,2,8,4,25,876.0,29.0,151.0,51.340152
fastmultrec_greedy,2,8,4,25,922.0,34.0,72.0,0.529366
lcamap,2,8,4,25,963.0,36.0,63.0,0.035682
segdup,2,8,4,5,243,36,63,81.291774
insider,2,8,4,5,241.0,35.0,66.0,0.105977
fastmultrec_greedy,2,8,4,5,241.0,35.0,66.0,0.361144
lcamap,2,8,4,5,243.0,36.0,63.0,0.035669
segdup,2,9,4,10,50,5,0,132.811268
insider,2,9,4,10,50.0,5.0,0.0,0.120340
fastmultrec_greedy,2,9,4,10,50.0,5.0,0.0,0.541657
lcamap,2,9,4,10,50.0,5.0,0.0,0.069119
segdup,2,9,4,15,75,5,0,82.581888
insider,2,9,4,15,75.0,5.0,0.0,0.126538
fastmultrec_greedy,2,9,4,15,75.0,5.0,0.0,0.553035
lcamap,2,9,4,15,75.0,5.0,0.0,0.070789
segdup,2,9,4,20,100,5,0,84.407964
insider,2,9,4,20,100.0,5.0,0.0,0.128607
fastmultrec_greedy,2,9,4,20,100.0,5.0,0.0,0.551045
lcamap,2,9,4,20,100.0,5.0,0.0,0.071677
segdup,2,9,4,25,125,5,0,83.816276
insider,2,9,4,25,125.0,5.0,0.0,0.131362
fastmultrec_greedy,2,9,4,25,125.0,5.0,0.0,0.540228
lcamap,2,9,4,25,125.0,5.0,0.0,0.070094
segdup,2,9,4,5,25,5,0,144.495718
insider,2,9,4,5,25.0,5.0,0.0,0.112991
fastmultrec_greedy,2,9,4,5,25.0,5.0,0.0,0.545489
lcamap,2,9,4,5,25.0,5.0,0.0,0.069411
segdup,1,10,50,10,20,2,0,130.404265
insider,1,10,50,10,20.0,2.0,0.0,0.078720
fastmultrec_greedy,1,10,50,10,20.0,2.0,0.0,0.312542
lcamap,1,10,50,10,20.0,2.0,0.0,0.050691
segdup,1,10,50,15,30,2,0,84.466377
insider,1,10,50,15,30.0,2.0,0.0,0.079602
fastmultrec_greedy,1,10,50,15,30.0,2.0,0.0,0.310930
lcamap,1,10,50,15,30.0,2.0,0.0,0.049879
segdup,1,10,50,20,40,2,0,82.467282
insider,1,10,50,20,40.0,2.0,0.0,0.080887
fastmultrec_greedy,1,10,50,20,40.0,2.0,0.0,0.306561
lcamap,1,10,50,20,40.0,2.0,0.0,0.049768
segdup,1,10,50,25,50,2,0,81.939218
insider,1,10,50,25,50.0,2.0,0.0,0.080900
fastmultrec_greedy,1,10,50,25,50.0,2.0,0.0,0.307417
lcamap,1,10,50,25,50.0,2.0,0.0,0.049730
segdup,1,10,50,5,10,2,0,140.890693
insider,1,10,50,5,10.0,2.0,0.0,0.078808
fastmultrec_greedy,1,10,50,5,10.0,2.0,0.0,0.316405
lcamap,1,10,50,5,10.0,2.0,0.0,0.051594
segdup,1,11,50,10,10,1,0,92.376381
insider,1,11,50,10,10.0,1.0,0.0,0.055048
fastmultrec_greedy,1,11,50,10,10.0,1.0,0.0,0.222322
lcamap,1,11,50,10,10.0,1.0,0.0,0.034788
segdup,1,11,50,15,15,1,0,75.020552
insider,1,11,50,15,15.0,1.0,0.0,0.056028
fastmultrec_greedy,1,11,50,15,15.0,1.0,0.0,0.217718
lcamap,1,11,50,15,15.0,1.0,0.0,0.033908
segdup,1,11,50,20,20,1,0,52.860882
insider,1,11,50,20,20.0,1.0,0.0,0.055068
fastmultrec_greedy,1,11,50,20,20.0,1.0,0.0,0.218611
lcamap,1,11,50,20,20.0,1.0,0.0,0.033883
segdup,1,11,50,25,25,1,0,53.920764
insider,1,11,50,25,25.0,1.0,0.0,0.055863
fastmultrec_greedy,1,11,50,25,25.0,1.0,0.0,0.220395
lcamap,1,11,50,25,25.0,1.0,0.0,0.034329
segdup,1,11,50,5,5,1,0,101.837285
insider,1,11,50,5,5.0,1.0,0.0,0.054863
fastmultrec_greedy,1,11,50,5,5.0,1.0,0.0,0.222259
lcamap,1,11,50,5,5.0,1.0,0.0,0.034761
segdup,1,15,50,10,10,1,0,96.661850
insider,1,15,50,10,10.0,1.0,0.0,0.050083
fastmultrec_greedy,1,15,50,10,10.0,1.0,0.0,0.173003
lcamap,1,15,50,10,10.0,1.0,0.0,0.030232
segdup,1,15,50,15,15,1,0,57.992987
insider,1,15,50,15,15.0,1.0,0.0,0.047745
fastmultrec_greedy,1,15,50,15,15.0,1.0,0.0,0.172062
lcamap,1,15,50,15,15.0,1.0,0.0,0.030105
segdup,1,15,50,20,20,1,0,54.901112
insider,1,15,50,20,20.0,1.0,0.0,0.048353
fastmultrec_greedy,1,15,50,20,20.0,1.0,0.0,0.168890
lcamap,1,15,50,20,20.0,1.0,0.0,0.029474
segdup,1,15,50,25,25,1,0,55.252127
insider,1,15,50,25,25.0,1.0,0.0,0.047442
fastmultrec_greedy,1,15,50,25,25.0,1.0,0.0,0.171340
lcamap,1,15,50,25,25.0,1.0,0.0,0.030263
segdup,1,15,50,5,5,1,0,99.441081
insider,1,15,50,5,5.0,1.0,0.0,0.049281
fastmultrec_greedy,1,15,50,5,5.0,1.0,0.0,0.170438
lcamap,1,15,50,5,5.0,1.0,0.0,0.029986
segdup,1,8,50,10,565,47,95,46.041978
insider,1,8,50,10,563.0,45.0,113.0,0.142092
fastmultrec_greedy,1,8,50,10,565.0,47.0,95.0,0.104316
lcamap,1,8,50,10,565.0,47.0,95.0,0.018001
segdup,1,8,50,15,800,47,95,41.130553
insider,1,8,50,15,783.0,43.0,138.0,0.543235
fastmultrec_greedy,1,8,50,15,797.0,46.0,107.0,0.184925
lcamap,1,8,50,15,800.0,47.0,95.0,0.018155
segdup,1,8,50,20,1035,47,95,39.959670
insider,1,8,50,20,984.0,38.0,224.0,7.342372
fastmultrec_greedy,1,8,50,20,1027.0,46.0,107.0,0.185530
lcamap,1,8,50,20,1035.0,47.0,95.0,0.018517
segdup,1,8,50,25,1270,47,95,39.832104
insider,1,8,50,25,1164.0,34.0,314.0,36.361657
fastmultrec_greedy,1,8,50,25,1257.0,46.0,107.0,0.183517
lcamap,1,8,50,25,1270.0,47.0,95.0,0.018773
segdup,1,8,50,5,330,47,95,47.486754
insider,1,8,50,5,330.0,47.0,95.0,0.057087
fastmultrec_greedy,1,8,50,5,330.0,47.0,95.0,0.102839
lcamap,1,8,50,5,330.0,47.0,95.0,0.018299
segdup,1,9,50,10,129,12,9,44.094699
insider,1,9,50,10,129.0,12.0,9.0,0.048485
fastmultrec_greedy,1,9,50,10,129.0,12.0,9.0,0.124176
lcamap,1,9,50,10,129.0,12.0,9.0,0.017950
segdup,1,9,50,15,189,12,9,39.361426
insider,1,9,50,15,189.0,12.0,9.0,0.075772
fastmultrec_greedy,1,9,50,15,189.0,12.0,9.0,0.123944
lcamap,1,9,50,15,189.0,12.0,9.0,0.018133
segdup,1,9,50,20,249,12,9,42.594653
insider,1,9,50,20,249.0,12.0,9.0,0.151052
fastmultrec_greedy,1,9,50,20,249.0,12.0,9.0,0.122643
lcamap,1,9,50,20,249.0,12.0,9.0,0.017692
segdup,1,9,50,25,309,12,9,33.185886
insider,1,9,50,25,309.0,12.0,9.0,0.513981
fastmultrec_greedy,1,9,50,25,309.0,12.0,9.0,0.123909
lcamap,1,9,50,25,309.0,12.0,9.0,0.017699
segdup,1,9,50,5,69,12,9,45.790245
insider,1,9,50,5,69.0,12.0,9.0,0.037426
fastmultrec_greedy,1,9,50,5,69.0,12.0,9.0,0.122183
lcamap,1,9,50,5,69.0,12.0,9.0,0.017767
segdup,2,11,50,10,20,2,0,304.200210
insider,2,11,50,10,20.0,2.0,0.0,0.149458
fastmultrec_greedy,2,11,50,10,20.0,2.0,0.0,0.532969
lcamap,2,11,50,10,20.0,2.0,0.0,0.084431
segdup,2,11,50,15,30,2,0,300.642243
insider,2,11,50,15,30.0,2.0,0.0,0.199079
fastmultrec_greedy,2,11,50,15,30.0,2.0,0.0,0.684306
lcamap,2,11,50,15,30.0,2.0,0.0,0.104991
segdup,2,11,50,20,40,2,0,140.938881
insider,2,11,50,20,40.0,2.0,0.0,0.153995
fastmultrec_greedy,2,11,50,20,40.0,2.0,0.0,0.558487
lcamap,2,11,50,20,40.0,2.0,0.0,0.110614
segdup,2,11,50,25,50,2,0,141.852552
insider,2,11,50,25,50.0,2.0,0.0,0.142967
fastmultrec_greedy,2,11,50,25,50.0,2.0,0.0,0.526042
lcamap,2,11,50,25,50.0,2.0,0.0,0.084348
segdup,2,11,50,5,10,2,0,324.666493
insider,2,11,50,5,10.0,2.0,0.0,0.161380
fastmultrec_greedy,2,11,50,5,10.0,2.0,0.0,0.583711
lcamap,2,11,50,5,10.0,2.0,0.0,0.091302
segdup,2,15,50,10,20,2,0,390.946506
insider,2,15,50,10,20.0,2.0,0.0,0.220568
fastmultrec_greedy,2,15,50,10,20.0,2.0,0.0,0.929563
lcamap,2,15,50,10,20.0,2.0,0.0,0.143982
segdup,2,15,50,15,30,2,0,195.779928
insider,2,15,50,15,30.0,2.0,0.0,0.173351
fastmultrec_greedy,2,15,50,15,30.0,2.0,0.0,0.772191
lcamap,2,15,50,15,30.0,2.0,0.0,0.112098
segdup,2,15,50,20,40,2,0,190.067719
insider,2,15,50,20,40.0,2.0,0.0,0.169784
fastmultrec_greedy,2,15,50,20,40.0,2.0,0.0,0.735446
lcamap,2,15,50,20,40.0,2.0,0.0,0.112365
segdup,2,15,50,25,50,2,0,189.628583
insider,2,15,50,25,50.0,2.0,0.0,0.179199
fastmultrec_greedy,2,15,50,25,50.0,2.0,0.0,0.720019
lcamap,2,15,50,25,50.0,2.0,0.0,0.113310
segdup,2,15,50,5,10,2,0,315.815645
insider,2,15,50,5,10.0,2.0,0.0,0.148537
fastmultrec_greedy,2,15,50,5,10.0,2.0,0.0,0.634493
lcamap,2,15,50,5,10.0,2.0,0.0,0.096160
segdup,2,8,50,10,459,41,49,168.033804
insider,2,8,50,10,458.0,40.0,58.0,0.270749
fastmultrec_greedy,2,8,50,10,459.0,41.0,49.0,0.667848
lcamap,2,8,50,10,459.0,41.0,49.0,0.089154
segdup,2,8,50,15,664,41,49,149.357435
insider,2,8,50,15,658.0,39.0,73.0,0.605416
fastmultrec_greedy,2,8,50,15,664.0,41.0,49.0,0.648752
lcamap,2,8,50,15,664.0,41.0,49.0,0.090606
segdup,2,8,50,20,869,41,49,132.996249
insider,2,8,50,20,851.0,38.0,91.0,2.015113
fastmultrec_greedy,2,8,50,20,869.0,41.0,49.0,0.658442
lcamap,2,8,50,20,869.0,41.0,49.0,0.090638
segdup,2,8,50,25,1074,41,49,142.934804
insider,2,8,50,25,1041.0,38.0,91.0,19.720442
fastmultrec_greedy,2,8,50,25,1074.0,41.0,49.0,0.662260
lcamap,2,8,50,25,1074.0,41.0,49.0,0.088052
segdup,2,8,50,5,254,41,49,175.647339
insider,2,8,50,5,254.0,41.0,49.0,0.178123
fastmultrec_greedy,2,8,50,5,254.0,41.0,49.0,0.650672
lcamap,2,8,50,5,254.0,41.0,49.0,0.089687
segdup,2,9,50,10,199,19,9,188.884803
insider,2,9,50,10,199.0,19.0,9.0,0.162113
fastmultrec_greedy,2,9,50,10,199.0,19.0,9.0,0.455353
lcamap,2,9,50,10,199.0,19.0,9.0,0.079891
segdup,2,9,50,15,294,19,9,158.359605
insider,2,9,50,15,294.0,19.0,9.0,0.283012
fastmultrec_greedy,2,9,50,15,294.0,19.0,9.0,0.442126
lcamap,2,9,50,15,294.0,19.0,9.0,0.075703
segdup,2,9,50,20,389,19,9,121.454174
insider,2,9,50,20,389.0,19.0,9.0,0.669318
fastmultrec_greedy,2,9,50,20,389.0,19.0,9.0,0.459595
lcamap,2,9,50,20,389.0,19.0,9.0,0.076366
segdup,2,9,50,25,484,19,9,122.036097
insider,2,9,50,25,484.0,19.0,9.0,1.974862
fastmultrec_greedy,2,9,50,25,484.0,19.0,9.0,0.453618
lcamap,2,9,50,25,484.0,19.0,9.0,0.080120
segdup,2,9,50,5,104,19,9,199.195564
insider,2,9,50,5,104.0,19.0,9.0,0.173395
fastmultrec_greedy,2,9,50,5,104.0,19.0,9.0,0.517233
lcamap,2,9,50,5,104.0,19.0,9.0,0.093553
segdup,1,10,51,10,11,1,1,52.007358
insider,1,10,51,10,11.0,1.0,1.0,0.032338
fastmultrec_greedy,1,10,51,10,11.0,1.0,1.0,0.124706
lcamap,1,10,51,10,11.0,1.0,1.0,0.018138
segdup,1,10,51,15,16,1,1,47.142158
insider,1,10,51,15,16.0,1.0,1.0,0.031339
fastmultrec_greedy,1,10,51,15,16.0,1.0,1.0,0.124129
lcamap,1,10,51,15,16.0,1.0,1.0,0.017914
segdup,1,10,51,20,21,1,1,32.844663
insider,1,10,51,20,21.0,1.0,1.0,0.032124
fastmultrec_greedy,1,10,51,20,21.0,1.0,1.0,0.124561
lcamap,1,10,51,20,21.0,1.0,1.0,0.017782
segdup,1,10,51,25,26,1,1,32.749473
insider,1,10,51,25,26.0,1.0,1.0,0.032232
fastmultrec_greedy,1,10,51,25,26.0,1.0,1.0,0.122664
lcamap,1,10,51,25,26.0,1.0,1.0,0.018281
segdup,1,10,51,5,6,1,1,55.627231
insider,1,10,51,5,6.0,1.0,1.0,0.032267
fastmultrec_greedy,1,10,51,5,6.0,1.0,1.0,0.124578
lcamap,1,10,51,5,6.0,1.0,1.0,0.018342
segdup,1,11,51,10,10,1,0,105.118833
insider,1,11,51,10,10.0,1.0,0.0,0.057801
fastmultrec_greedy,1,11,51,10,10.0,1.0,0.0,0.217949
lcamap,1,11,51,10,10.0,1.0,0.0,0.034229
segdup,1,11,51,15,15,1,0,57.483949
insider,1,11,51,15,15.0,1.0,0.0,0.055785
fastmultrec_greedy,1,11,51,15,15.0,1.0,0.0,0.217573
lcamap,1,11,51,15,15.0,1.0,0.0,0.034520
segdup,1,11,51,20,20,1,0,57.779421
insider,1,11,51,20,20.0,1.0,0.0,0.054364
fastmultrec_greedy,1,11,51,20,20.0,1.0,0.0,0.221332
lcamap,1,11,51,20,20.0,1.0,0.0,0.034526
segdup,1,11,51,25,25,1,0,58.081692
insider,1,11,51,25,25.0,1.0,0.0,0.056525
fastmultrec_greedy,1,11,51,25,25.0,1.0,0.0,0.215267
lcamap,1,11,51,25,25.0,1.0,0.0,0.034784
segdup,1,11,51,5,5,1,0,103.019433
insider,1,11,51,5,5.0,1.0,0.0,0.056015
fastmultrec_greedy,1,11,51,5,5.0,1.0,0.0,0.219234
lcamap,1,11,51,5,5.0,1.0,0.0,0.033386
segdup,1,15,51,10,10,1,0,92.020315
insider,1,15,51,10,10.0,1.0,0.0,0.049934
fastmultrec_greedy,1,15,51,10,10.0,1.0,0.0,0.178849
lcamap,1,15,51,10,10.0,1.0,0.0,0.030068
segdup,1,15,51,15,15,1,0,56.319198
insider,1,15,51,15,15.0,1.0,0.0,0.048240
fastmultrec_greedy,1,15,51,15,15.0,1.0,0.0,0.175447
lcamap,1,15,51,15,15.0,1.0,0.0,0.029836
segdup,1,15,51,20,20,1,0,52.084911
insider,1,15,51,20,20.0,1.0,0.0,0.049105
fastmultrec_greedy,1,15,51,20,20.0,1.0,0.0,0.172824
lcamap,1,15,51,20,20.0,1.0,0.0,0.029527
segdup,1,15,51,25,25,1,0,52.546660
insider,1,15,51,25,25.0,1.0,0.0,0.051090
fastmultrec_greedy,1,15,51,25,25.0,1.0,0.0,0.174215
lcamap,1,15,51,25,25.0,1.0,0.0,0.029768
segdup,1,15,51,5,5,1,0,96.269699
insider,1,15,51,5,5.0,1.0,0.0,0.050053
fastmultrec_greedy,1,15,51,5,5.0,1.0,0.0,0.172449
lcamap,1,15,51,5,5.0,1.0,0.0,0.029468
segdup,1,8,51,10,224,20,24,106.081401
insider,1,8,51,10,223.0,19.0,33.0,0.083432
fastmultrec_greedy,1,8,51,10,224.0,20.0,24.0,0.228550
lcamap,1,8,51,10,224.0,20.0,24.0,0.037671
segdup,1,8,51,15,324,20,24,101.089167
insider,1,8,51,15,318.0,19.0,33.0,0.129439
fastmultrec_greedy,1,8,51,15,324.0,20.0,24.0,0.224635
lcamap,1,8,51,15,324.0,20.0,24.0,0.036222
segdup,1,8,51,20,424,20,24,89.976129
insider,1,8,51,20,413.0,19.0,33.0,0.325792
fastmultrec_greedy,1,8,51,20,424.0,20.0,24.0,0.224847
lcamap,1,8,51,20,424.0,20.0,24.0,0.036168
segdup,1,8,51,25,524,20,24,88.464891
insider,1,8,51,25,508.0,19.0,33.0,1.495094
fastmultrec_greedy,1,8,51,25,524.0,20.0,24.0,0.228173
lcamap,1,8,51,25,524.0,20.0,24.0,0.035222
segdup,1,8,51,5,124,20,24,105.880672
insider,1,8,51,5,124.0,20.0,24.0,0.070446
fastmultrec_greedy,1,8,51,5,124.0,20.0,24.0,0.228923
lcamap,1,8,51,5,124.0,20.0,24.0,0.036684
segdup,1,9,51,10,52,5,2,47.374796
insider,1,9,51,10,52.0,5.0,2.0,0.038082
fastmultrec_greedy,1,9,51,10,52.0,5.0,2.0,0.119145
lcamap,1,9,51,10,52.0,5.0,2.0,0.019581
segdup,1,9,51,15,77,5,2,47.405797
insider,1,9,51,15,77.0,5.0,2.0,0.040384
fastmultrec_greedy,1,9,51,15,77.0,5.0,2.0,0.116490
lcamap,1,9,51,15,77.0,5.0,2.0,0.019048
segdup,1,9,51,20,102,5,2,35.304553
insider,1,9,51,20,102.0,5.0,2.0,0.044732
fastmultrec_greedy,1,9,51,20,102.0,5.0,2.0,0.118085
lcamap,1,9,51,20,102.0,5.0,2.0,0.018946
segdup,1,9,51,25,127,5,2,35.335010
insider,1,9,51,25,127.0,5.0,2.0,0.049722
fastmultrec_greedy,1,9,51,25,127.0,5.0,2.0,0.118304
lcamap,1,9,51,25,127.0,5.0,2.0,0.018893
segdup,1,9,51,5,27,5,2,55.636744
insider,1,9,51,5,27.0,5.0,2.0,0.035660
fastmultrec_greedy,1,9,51,5,27.0,5.0,2.0,0.118705
lcamap,1,9,51,5,27.0,5.0,2.0,0.018989
segdup,2,10,51,10,42,4,2,152.046626
insider,2,10,51,10,42.0,4.0,2.0,0.136915
fastmultrec_greedy,2,10,51,10,42.0,4.0,2.0,0.542341
lcamap,2,10,51,10,42.0,4.0,2.0,0.085730
segdup,2,10,51,15,62,4,2,177.376142
insider,2,10,51,15,62.0,4.0,2.0,0.142183
fastmultrec_greedy,2,10,51,15,62.0,4.0,2.0,0.553602
lcamap,2,10,51,15,62.0,4.0,2.0,0.085535
segdup,2,10,51,20,82,4,2,116.473742
insider,2,10,51,20,82.0,4.0,2.0,0.144707
fastmultrec_greedy,2,10,51,20,82.0,4.0,2.0,0.540161
lcamap,2,10,51,20,82.0,4.0,2.0,0.084855
segdup,2,10,51,25,102,4,2,117.898445
insider,2,10,51,25,102.0,4.0,2.0,0.146474
fastmultrec_greedy,2,10,51,25,102.0,4.0,2.0,0.535269
lcamap,2,10,51,25,102.0,4.0,2.0,0.084343
segdup,2,10,51,5,22,4,2,238.311924
insider,2,10,51,5,22.0,4.0,2.0,0.135847
fastmultrec_greedy,2,10,51,5,22.0,4.0,2.0,0.538277
lcamap,2,10,51,5,22.0,4.0,2.0,0.086342
segdup,2,11,51,10,20,2,0,92.566876
insider,2,11,51,10,20.0,2.0,0.0,0.072562
fastmultrec_greedy,2,11,51,10,20.0,2.0,0.0,0.268521
lcamap,2,11,51,10,20.0,2.0,0.0,0.041733
segdup,2,11,51,15,30,2,0,74.183524
insider,2,11,51,15,30.0,2.0,0.0,0.071662
fastmultrec_greedy,2,11,51,15,30.0,2.0,0.0,0.266373
lcamap,2,11,51,15,30.0,2.0,0.0,0.042972
segdup,2,11,51,20,40,2,0,52.100607
insider,2,11,51,20,40.0,2.0,0.0,0.071253
fastmultrec_greedy,2,11,51,20,40.0,2.0,0.0,0.268533
lcamap,2,11,51,20,40.0,2.0,0.0,0.042814
segdup,2,11,51,25,50,2,0,52.362566
insider,2,11,51,25,50.0,2.0,0.0,0.071969
fastmultrec_greedy,2,11,51,25,50.0,2.0,0.0,0.273037
lcamap,2,11,51,25,50.0,2.0,0.0,0.041680
segdup,2,11,51,5,10,2,0,109.834943
insider,2,11,51,5,10.0,2.0,0.0,0.072540
fastmultrec_greedy,2,11,51,5,10.0,2.0,0.0,0.271891
lcamap,2,11,51,5,10.0,2.0,0.0,0.043523
segdup,2,15,51,10,20,2,0,114.122882
insider,2,15,51,10,20.0,2.0,0.0,0.078784
fastmultrec_greedy,2,15,51,10,20.0,2.0,0.0,0.291085
lcamap,2,15,51,10,20.0,2.0,0.0,0.044611
segdup,2,15,51,15,30,2,0,73.956900
insider,2,15,51,15,30.0,2.0,0.0,0.080585
fastmultrec_greedy,2,15,51,15,30.0,2.0,0.0,0.290740
lcamap,2,15,51,15,30.0,2.0,0.0,0.047335
segdup,2,15,51,20,40,2,0,56.756408
insider,2,15,51,20,40.0,2.0,0.0,0.078041
fastmultrec_greedy,2,15,51,20,40.0,2.0,0.0,0.289131
lcamap,2,15,51,20,40.0,2.0,0.0,0.047130
segdup,2,15,51,25,50,2,0,55.901682
insider,2,15,51,25,50.0,2.0,0.0,0.079823
fastmultrec_greedy,2,15,51,25,50.0,2.0,0.0,0.292151
lcamap,2,15,51,25,50.0,2.0,0.0,0.050180
segdup,2,15,51,5,10,2,0,125.134063
insider,2,15,51,5,10.0,2.0,0.0,0.080064
fastmultrec_greedy,2,15,51,5,10.0,2.0,0.0,0.287408
lcamap,2,15,51,5,10.0,2.0,0.0,0.047734
segdup,2,8,51,10,1506,109,416,177.859296
insider,2,8,51,10,1491.0,106.0,431.0,0.405176
fastmultrec_greedy,2,8,51,10,1499.0,108.0,419.0,0.970504
lcamap,2,8,51,10,1506.0,109.0,416.0,0.086026
segdup,2,8,51,15,2051,109,416,167.338041
insider,2,8,51,15,2008.0,99.0,523.0,1.044961
fastmultrec_greedy,2,8,51,15,2039.0,108.0,419.0,0.945699
lcamap,2,8,51,15,2051.0,109.0,416.0,0.089677
segdup,2,8,51,20,2596,109,416,168.428028
insider,2,8,51,20,2502.0,98.0,542.0,3.900915
fastmultrec_greedy,2,8,51,20,2579.0,108.0,419.0,0.976671
lcamap,2,8,51,20,2596.0,109.0,416.0,0.086929
segdup,2,8,51,25,3141,109,416,181.246240
insider,2,8,51,25,2973.0,91.0,698.0,28.733694
fastmultrec_greedy,2,8,51,25,3119.0,108.0,419.0,0.969112
lcamap,2,8,51,25,3141.0,109.0,416.0,0.094281
segdup,2,8,51,5,961,109,416,176.389313
insider,2,8,51,5,959.0,108.0,419.0,0.222365
fastmultrec_greedy,2,8,51,5,959.0,108.0,419.0,0.973986
lcamap,2,8,51,5,961.0,109.0,416.0,0.091078
segdup,1,10,52,10,10,1,0,64.313118
insider,1,10,52,10,10.0,1.0,0.0,0.033813
fastmultrec_greedy,1,10,52,10,10.0,1.0,0.0,0.101031
lcamap,1,10,52,10,10.0,1.0,0.0,0.019443
segdup,1,10,52,15,15,1,0,36.874882
insider,1,10,52,15,15.0,1.0,0.0,0.033691
fastmultrec_greedy,1,10,52,15,15.0,1.0,0.0,0.101517
lcamap,1,10,52,15,15.0,1.0,0.0,0.019449
segdup,1,10,52,20,20,1,0,35.997989
insider,1,10,52,20,20.0,1.0,0.0,0.033758
fastmultrec_greedy,1,10,52,20,20.0,1.0,0.0,0.101510
lcamap,1,10,52,20,20.0,1.0,0.0,0.019216
segdup,1,10,52,25,25,1,0,37.247314
insider,1,10,52,25,25.0,1.0,0.0,0.035203
fastmultrec_greedy,1,10,52,25,25.0,1.0,0.0,0.100740
lcamap,1,10,52,25,25.0,1.0,0.0,0.020482
segdup,1,10,52,5,5,1,0,65.770510
insider,1,10,52,5,5.0,1.0,0.0,0.033410
fastmultrec_greedy,1,10,52,5,5.0,1.0,0.0,0.103101
lcamap,1,10,52,5,5.0,1.0,0.0,0.018730
segdup,1,11,52,10,10,1,0,124.224212
insider,1,11,52,10,10.0,1.0,0.0,0.065729
fastmultrec_greedy,1,11,52,10,10.0,1.0,0.0,0.243367
lcamap,1,11,52,10,10.0,1.0,0.0,0.040327
segdup,1,11,52,15,15,1,0,112.436689
insider,1,11,52,15,15.0,1.0,0.0,0.065424
fastmultrec_greedy,1,11,52,15,15.0,1.0,0.0,0.243017
lcamap,1,11,52,15,15.0,1.0,0.0,0.040125
segdup,1,11,52,20,20,1,0,70.804737
insider,1,11,52,20,20.0,1.0,0.0,0.067072
fastmultrec_greedy,1,11,52,20,20.0,1.0,0.0,0.244614
lcamap,1,11,52,20,20.0,1.0,0.0,0.041327
segdup,1,11,52,25,25,1,0,71.123378
insider,1,11,52,25,25.0,1.0,0.0,0.064891
fastmultrec_greedy,1,11,52,25,25.0,1.0,0.0,0.242089
lcamap,1,11,52,25,25.0,1.0,0.0,0.040411
segdup,1,11,52,5,5,1,0,129.634113
insider,1,11,52,5,5.0,1.0,0.0,0.067307
fastmultrec_greedy,1,11,52,5,5.0,1.0,0.0,0.241606
lcamap,1,11,52,5,5.0,1.0,0.0,0.040709
segdup,1,15,52,10,10,1,0,75.581402
insider,1,15,52,10,10.0,1.0,0.0,0.040551
fastmultrec_greedy,1,15,52,10,10.0,1.0,0.0,0.144469
lcamap,1,15,52,10,10.0,1.0,0.0,0.023753
segdup,1,15,52,15,15,1,0,62.210487
insider,1,15,52,15,15.0,1.0,0.0,0.042316
fastmultrec_greedy,1,15,52,15,15.0,1.0,0.0,0.143352
lcamap,1,15,52,15,15.0,1.0,0.0,0.024344
segdup,1,15,52,20,20,1,0,44.294430
insider,1,15,52,20,20.0,1.0,0.0,0.042649
fastmultrec_greedy,1,15,52,20,20.0,1.0,0.0,0.142913
lcamap,1,15,52,20,20.0,1.0,0.0,0.023980
segdup,1,15,52,25,25,1,0,43.437868
insider,1,15,52,25,25.0,1.0,0.0,0.043325
fastmultrec_greedy,1,15,52,25,25.0,1.0,0.0,0.144578
lcamap,1,15,52,25,25.0,1.0,0.0,0.024114
segdup,1,15,52,5,5,1,0,81.751953
insider,1,15,52,5,5.0,1.0,0.0,0.041229
fastmultrec_greedy,1,15,52,5,5.0,1.0,0.0,0.143050
lcamap,1,15,52,5,5.0,1.0,0.0,0.024117
segdup,1,8,52,10,1065,87,195,133.359930
insider,1,8,52,10,1055.0,82.0,235.0,0.297395
fastmultrec_greedy,1,8,52,10,1061.0,86.0,201.0,0.688405
lcamap,1,8,52,10,1065.0,87.0,195.0,0.064712
segdup,1,8,52,15,1500,87,195,129.458739
insider,1,8,52,15,1459.0,79.0,274.0,0.951749
fastmultrec_greedy,1,8,52,15,1491.0,86.0,201.0,0.710451
lcamap,1,8,52,15,1500.0,87.0,195.0,0.064632
segdup,1,8,52,20,1935,87,195,125.301170
insider,1,8,52,20,1837.0,75.0,337.0,4.467402
fastmultrec_greedy,1,8,52,20,1921.0,86.0,201.0,0.696298
lcamap,1,8,52,20,1935.0,87.0,195.0,0.063703
segdup,1,8,52,25,2370,87,195,122.788902
insider,1,8,52,25,2208.0,72.0,408.0,26.751918
fastmultrec_greedy,1,8,52,25,2351.0,86.0,201.0,0.709114
lcamap,1,8,52,25,2370.0,87.0,195.0,0.062751
segdup,1,8,52,5,630,87,195,133.894169
insider,1,8,52,5,630.0,87.0,195.0,0.163755
fastmultrec_greedy,1,8,52,5,630.0,87.0,195.0,0.384005
lcamap,1,8,52,5,630.0,87.0,195.0,0.064838
segdup,1,9,52,10,110,10,10,114.967289
insider,1,9,52,10,110.0,10.0,10.0,0.068614
fastmultrec_greedy,1,9,52,10,110.0,10.0,10.0,0.226594
lcamap,1,9,52,10,110.0,10.0,10.0,0.036706
segdup,1,9,52,15,160,10,10,71.983298
insider,1,9,52,15,160.0,10.0,10.0,0.075025
fastmultrec_greedy,1,9,52,15,160.0,10.0,10.0,0.228306
lcamap,1,9,52,15,160.0,10.0,10.0,0.036716
segdup,1,9,52,20,210,10,10,82.854057
insider,1,9,52,20,210.0,10.0,10.0,0.081941
fastmultrec_greedy,1,9,52,20,210.0,10.0,10.0,0.231458
lcamap,1,9,52,20,210.0,10.0,10.0,0.037810
segdup,1,9,52,25,260,10,10,65.751271
insider,1,9,52,25,260.0,10.0,10.0,0.096481
fastmultrec_greedy,1,9,52,25,260.0,10.0,10.0,0.226621
lcamap,1,9,52,25,260.0,10.0,10.0,0.036825
segdup,1,9,52,5,60,10,10,114.708504
insider,1,9,52,5,60.0,10.0,10.0,0.066285
fastmultrec_greedy,1,9,52,5,60.0,10.0,10.0,0.228671
lcamap,1,9,52,5,60.0,10.0,10.0,0.040701
segdup,2,10,52,10,41,4,1,205.668839
insider,2,10,52,10,41.0,4.0,1.0,0.131582
fastmultrec_greedy,2,10,52,10,41.0,4.0,1.0,0.514114
lcamap,2,10,52,10,41.0,4.0,1.0,0.080705
segdup,2,10,52,15,61,4,1,100.891887
insider,2,10,52,15,61.0,4.0,1.0,0.136250
fastmultrec_greedy,2,10,52,15,61.0,4.0,1.0,0.509093
lcamap,2,10,52,15,61.0,4.0,1.0,0.080416
segdup,2,10,52,20,81,4,1,101.601131
insider,2,10,52,20,81.0,4.0,1.0,0.139141
fastmultrec_greedy,2,10,52,20,81.0,4.0,1.0,0.507515
lcamap,2,10,52,20,81.0,4.0,1.0,0.082486
segdup,2,10,52,25,101,4,1,99.130229
insider,2,10,52,25,101.0,4.0,1.0,0.136573
fastmultrec_greedy,2,10,52,25,101.0,4.0,1.0,0.508846
lcamap,2,10,52,25,101.0,4.0,1.0,0.080388
segdup,2,10,52,5,21,4,1,226.049877
insider,2,10,52,5,21.0,4.0,1.0,0.131991
fastmultrec_greedy,2,10,52,5,21.0,4.0,1.0,0.509751
lcamap,2,10,52,5,21.0,4.0,1.0,0.081040
segdup,2,11,52,10,20,2,0,142.167384
insider,2,11,52,10,20.0,2.0,0.0,0.080086
fastmultrec_greedy,2,11,52,10,20.0,2.0,0.0,0.310940
lcamap,2,11,52,10,20.0,2.0,0.0,0.047911
segdup,2,11,52,15,30,2,0,81.437926
insider,2,11,52,15,30.0,2.0,0.0,0.082966
fastmultrec_greedy,2,11,52,15,30.0,2.0,0.0,0.306373
lcamap,2,11,52,15,30.0,2.0,0.0,0.047646
segdup,2,11,52,20,40,2,0,79.914562
insider,2,11,52,20,40.0,2.0,0.0,0.079572
fastmultrec_greedy,2,11,52,20,40.0,2.0,0.0,0.308471
lcamap,2,11,52,20,40.0,2.0,0.0,0.047918
segdup,2,11,52,25,50,2,0,76.702180
insider,2,11,52,25,50.0,2.0,0.0,0.082706
fastmultrec_greedy,2,11,52,25,50.0,2.0,0.0,0.305377
lcamap,2,11,52,25,50.0,2.0,0.0,0.048195
segdup,2,11,52,5,10,2,0,161.930110
insider,2,11,52,5,10.0,2.0,0.0,0.081485
fastmultrec_greedy,2,11,52,5,10.0,2.0,0.0,0.307181
lcamap,2,11,52,5,10.0,2.0,0.0,0.047529
segdup,2,15,52,10,20,2,0,104.159267
insider,2,15,52,10,20.0,2.0,0.0,0.069329
fastmultrec_greedy,2,15,52,10,20.0,2.0,0.0,0.245721
lcamap,2,15,52,10,20.0,2.0,0.0,0.037813
segdup,2,15,52,15,30,2,0,71.646473
insider,2,15,52,15,30.0,2.0,0.0,0.069154
fastmultrec_greedy,2,15,52,15,30.0,2.0,0.0,0.240775
lcamap,2,15,52,15,30.0,2.0,0.0,0.036223
segdup,2,15,52,20,40,2,0,48.558312
insider,2,15,52,20,40.0,2.0,0.0,0.068633
fastmultrec_greedy,2,15,52,20,40.0,2.0,0.0,0.246220
lcamap,2,15,52,20,40.0,2.0,0.0,0.037606
segdup,2,15,52,25,50,2,0,48.305597
insider,2,15,52,25,50.0,2.0,0.0,0.069715
fastmultrec_greedy,2,15,52,25,50.0,2.0,0.0,0.246829
lcamap,2,15,52,25,50.0,2.0,0.0,0.037073
segdup,2,15,52,5,10,2,0,112.793411
insider,2,15,52,5,10.0,2.0,0.0,0.070171
fastmultrec_greedy,2,15,52,5,10.0,2.0,0.0,0.241964
lcamap,2,15,52,5,10.0,2.0,0.0,0.038192
segdup,2,9,52,10,183,17,13,115.593356
insider,2,9,52,10,183.0,17.0,13.0,0.105730
fastmultrec_greedy,2,9,52,10,183.0,17.0,13.0,0.257825
lcamap,2,9,52,10,183.0,17.0,13.0,0.038853
segdup,2,9,52,15,268,17,13,77.936458
insider,2,9,52,15,268.0,17.0,13.0,0.141946
fastmultrec_greedy,2,9,52,15,268.0,17.0,13.0,0.258320
lcamap,2,9,52,15,268.0,17.0,13.0,0.038799
segdup,2,9,52,20,353,17,13,76.842628
insider,2,9,52,20,353.0,17.0,13.0,0.228131
fastmultrec_greedy,2,9,52,20,353.0,17.0,13.0,0.260661
lcamap,2,9,52,20,353.0,17.0,13.0,0.037842
segdup,2,9,52,25,438,17,13,75.713966
insider,2,9,52,25,438.0,17.0,13.0,0.633672
fastmultrec_greedy,2,9,52,25,438.0,17.0,13.0,0.258993
lcamap,2,9,52,25,438.0,17.0,13.0,0.037673
segdup,2,9,52,5,98,17,13,119.726558
insider,2,9,52,5,98.0,17.0,13.0,0.087194
fastmultrec_greedy,2,9,52,5,98.0,17.0,13.0,0.254825
lcamap,2,9,52,5,98.0,17.0,13.0,0.036832
segdup,1,10,53,10,21,2,1,104.538220
insider,1,10,53,10,21.0,2.0,1.0,0.056923
fastmultrec_greedy,1,10,53,10,21.0,2.0,1.0,0.192001
lcamap,1,10,53,10,21.0,2.0,1.0,0.033775
segdup,1,10,53,15,31,2,1,62.662280
insider,1,10,53,15,31.0,2.0,1.0,0.056962
fastmultrec_greedy,1,10,53,15,31.0,2.0,1.0,0.192909
lcamap,1,10,53,15,31.0,2.0,1.0,0.033603
segdup,1,10,53,20,41,2,1,58.344147
insider,1,10,53,20,41.0,2.0,1.0,0.055786
fastmultrec_greedy,1,10,53,20,41.0,2.0,1.0,0.194385
lcamap,1,10,53,20,41.0,2.0,1.0,0.033643
segdup,1,10,53,25,51,2,1,57.602865
insider,1,10,53,25,51.0,2.0,1.0,0.055866
fastmultrec_greedy,1,10,53,25,51.0,2.0,1.0,0.195449
lcamap,1,10,53,25,51.0,2.0,1.0,0.033473
segdup,1,10,53,5,11,2,1,100.984381
insider,1,10,53,5,11.0,2.0,1.0,0.053787
fastmultrec_greedy,1,10,53,5,11.0,2.0,1.0,0.192360
lcamap,1,10,53,5,11.0,2.0,1.0,0.033276
segdup,1,11,53,10,10,1,0,107.333146
insider,1,11,53,10,10.0,1.0,0.0,0.057954
fastmultrec_greedy,1,11,53,10,10.0,1.0,0.0,0.209269
lcamap,1,11,53,10,10.0,1.0,0.0,0.036079
segdup,1,11,53,15,15,1,0,86.451874
insider,1,11,53,15,15.0,1.0,0.0,0.058583
fastmultrec_greedy,1,11,53,15,15.0,1.0,0.0,0.209820
lcamap,1,11,53,15,15.0,1.0,0.0,0.036726
segdup,1,11,53,20,20,1,0,60.233313
insider,1,11,53,20,20.0,1.0,0.0,0.059255
fastmultrec_greedy,1,11,53,20,20.0,1.0,0.0,0.210666
lcamap,1,11,53,20,20.0,1.0,0.0,0.037321
segdup,1,11,53,25,25,1,0,61.317098
insider,1,11,53,25,25.0,1.0,0.0,0.057012
fastmultrec_greedy,1,11,53,25,25.0,1.0,0.0,0.214816
lcamap,1,11,53,25,25.0,1.0,0.0,0.037307
segdup,1,11,53,5,5,1,0,108.882194
insider,1,11,53,5,5.0,1.0,0.0,0.061018
fastmultrec_greedy,1,11,53,5,5.0,1.0,0.0,0.213670
lcamap,1,11,53,5,5.0,1.0,0.0,0.036660
segdup,1,15,53,10,10,1,0,45.954756
insider,1,15,53,10,10.0,1.0,0.0,0.026743
fastmultrec_greedy,1,15,53,10,10.0,1.0,0.0,0.080575
lcamap,1,15,53,10,10.0,1.0,0.0,0.015767
segdup,1,15,53,15,15,1,0,26.866717
insider,1,15,53,15,15.0,1.0,0.0,0.026760
fastmultrec_greedy,1,15,53,15,15.0,1.0,0.0,0.081629
lcamap,1,15,53,15,15.0,1.0,0.0,0.015392
segdup,1,15,53,20,20,1,0,26.109005
insider,1,15,53,20,20.0,1.0,0.0,0.026597
fastmultrec_greedy,1,15,53,20,20.0,1.0,0.0,0.081633
lcamap,1,15,53,20,20.0,1.0,0.0,0.015446
segdup,1,15,53,25,25,1,0,26.400474
insider,1,15,53,25,25.0,1.0,0.0,0.027332
fastmultrec_greedy,1,15,53,25,25.0,1.0,0.0,0.081019
lcamap,1,15,53,25,25.0,1.0,0.0,0.015454
segdup,1,15,53,5,5,1,0,49.042961
insider,1,15,53,5,5.0,1.0,0.0,0.026171
fastmultrec_greedy,1,15,53,5,5.0,1.0,0.0,0.081397
lcamap,1,15,53,5,5.0,1.0,0.0,0.015345
segdup,1,8,53,10,1111,92,191,103.660402
insider,1,8,53,10,1076.0,83.0,246.0,0.261964
fastmultrec_greedy,1,8,53,10,1083.0,87.0,213.0,2.157780
lcamap,1,8,53,10,1125.0,94.0,185.0,0.052063
segdup,1,8,53,15,1573,92,193,99.495918
insider,1,8,53,15,1479.0,79.0,294.0,0.817965
fastmultrec_greedy,1,8,53,15,1518.0,87.0,213.0,2.116295
lcamap,1,8,53,15,1595.0,94.0,185.0,0.050816
segdup,1,8,53,20,2039,92,199,99.888317
insider,1,8,53,20,1860.0,75.0,360.0,5.855845
fastmultrec_greedy,1,8,53,20,1953.0,87.0,213.0,2.120134
lcamap,1,8,53,20,2065.0,94.0,185.0,0.050720
segdup,1,8,53,25,2474,91,199,98.743453
insider,1,8,53,25,2229.0,69.0,504.0,40.525140
fastmultrec_greedy,1,8,53,25,2388.0,87.0,213.0,2.127481
lcamap,1,8,53,25,2535.0,94.0,185.0,0.051925
segdup,1,8,53,5,655,94,185,103.556878
insider,1,8,53,5,645.0,89.0,200.0,0.135898
fastmultrec_greedy,1,8,53,5,645.0,89.0,200.0,1.575914
lcamap,1,8,53,5,655.0,94.0,185.0,0.051262
segdup,1,9,53,10,144,13,14,88.172556
insider,1,9,53,10,144.0,13.0,14.0,0.073368
fastmultrec_greedy,1,9,53,10,144.0,13.0,14.0,0.268668
lcamap,1,9,53,10,144.0,13.0,14.0,0.035482
segdup,1,9,53,15,209,13,14,73.958634
insider,1,9,53,15,209.0,13.0,14.0,0.080151
fastmultrec_greedy,1,9,53,15,209.0,13.0,14.0,0.270963
lcamap,1,9,53,15,209.0,13.0,14.0,0.035693
segdup,1,9,53,20,274,13,14,67.767117
insider,1,9,53,20,274.0,13.0,14.0,0.095591
fastmultrec_greedy,1,9,53,20,274.0,13.0,14.0,0.269888
lcamap,1,9,53,20,274.0,13.0,14.0,0.036760
segdup,1,9,53,25,339,13,14,57.184332
insider,1,9,53,25,339.0,13.0,14.0,0.126687
fastmultrec_greedy,1,9,53,25,339.0,13.0,14.0,0.269624
lcamap,1,9,53,25,339.0,13.0,14.0,0.034505
segdup,1,9,53,5,79,13,14,94.517824
insider,1,9,53,5,79.0,13.0,14.0,0.067079
fastmultrec_greedy,1,9,53,5,79.0,13.0,14.0,0.271135
lcamap,1,9,53,5,79.0,13.0,14.0,0.034803
segdup,2,10,53,10,130,12,10,146.574704
insider,2,10,53,10,130.0,12.0,10.0,0.177568
fastmultrec_greedy,2,10,53,10,130.0,12.0,10.0,0.737330
lcamap,2,10,53,10,130.0,12.0,10.0,0.097489
segdup,2,10,53,15,190,12,10,171.796222
insider,2,10,53,15,190.0,12.0,10.0,0.197897
fastmultrec_greedy,2,10,53,15,190.0,12.0,10.0,0.752824
lcamap,2,10,53,15,190.0,12.0,10.0,0.100662
segdup,2,10,53,20,250,12,10,116.996662
insider,2,10,53,20,250.0,12.0,10.0,0.219898
fastmultrec_greedy,2,10,53,20,250.0,12.0,10.0,0.755696
lcamap,2,10,53,20,250.0,12.0,10.0,0.097889
segdup,2,10,53,25,310,12,10,117.753083
insider,2,10,53,25,310.0,12.0,10.0,0.271757
fastmultrec_greedy,2,10,53,25,310.0,12.0,10.0,0.739860
lcamap,2,10,53,25,310.0,12.0,10.0,0.099025
segdup,2,10,53,5,70,12,10,224.798413
insider,2,10,53,5,70.0,12.0,10.0,0.166843
fastmultrec_greedy,2,10,53,5,70.0,12.0,10.0,0.735378
lcamap,2,10,53,5,70.0,12.0,10.0,0.097396
segdup,2,11,53,10,20,2,0,182.039006
insider,2,11,53,10,20.0,2.0,0.0,0.091944
fastmultrec_greedy,2,11,53,10,20.0,2.0,0.0,0.364202
lcamap,2,11,53,10,20.0,2.0,0.0,0.055577
segdup,2,11,53,15,30,2,0,139.388873
insider,2,11,53,15,30.0,2.0,0.0,0.092389
fastmultrec_greedy,2,11,53,15,30.0,2.0,0.0,0.365080
lcamap,2,11,53,15,30.0,2.0,0.0,0.053955
segdup,2,11,53,20,40,2,0,89.893102
insider,2,11,53,20,40.0,2.0,0.0,0.094335
fastmultrec_greedy,2,11,53,20,40.0,2.0,0.0,0.377921
lcamap,2,11,53,20,40.0,2.0,0.0,0.056962
segdup,2,11,53,25,50,2,0,89.284363
insider,2,11,53,25,50.0,2.0,0.0,0.092723
fastmultrec_greedy,2,11,53,25,50.0,2.0,0.0,0.367892
lcamap,2,11,53,25,50.0,2.0,0.0,0.054704
segdup,2,11,53,5,10,2,0,188.185104
insider,2,11,53,5,10.0,2.0,0.0,0.095020
fastmultrec_greedy,2,11,53,5,10.0,2.0,0.0,0.369775
lcamap,2,11,53,5,10.0,2.0,0.0,0.054686
segdup,2,15,53,10,20,2,0,183.478755
insider,2,15,53,10,20.0,2.0,0.0,0.107131
fastmultrec_greedy,2,15,53,10,20.0,2.0,0.0,0.365629
lcamap,2,15,53,10,20.0,2.0,0.0,0.066173
segdup,2,15,53,15,30,2,0,139.244496
insider,2,15,53,15,30.0,2.0,0.0,0.108448
fastmultrec_greedy,2,15,53,15,30.0,2.0,0.0,0.369911
lcamap,2,15,53,15,30.0,2.0,0.0,0.067342
segdup,2,15,53,20,40,2,0,83.550481
insider,2,15,53,20,40.0,2.0,0.0,0.105823
fastmultrec_greedy,2,15,53,20,40.0,2.0,0.0,0.369213
lcamap,2,15,53,20,40.0,2.0,0.0,0.066470
segdup,2,15,53,25,50,2,0,86.375146
insider,2,15,53,25,50.0,2.0,0.0,0.106301
fastmultrec_greedy,2,15,53,25,50.0,2.0,0.0,0.363929
lcamap,2,15,53,25,50.0,2.0,0.0,0.064809
segdup,2,15,53,5,10,2,0,189.113145
insider,2,15,53,5,10.0,2.0,0.0,0.106989
fastmultrec_greedy,2,15,53,5,10.0,2.0,0.0,0.361784
lcamap,2,15,53,5,10.0,2.0,0.0,0.065184
segdup,2,8,53,10,1293,90,393,135.335957
insider,2,8,53,10,1282.0,87.0,412.0,0.269128
fastmultrec_greedy,2,8,53,10,1293.0,90.0,393.0,0.360533
lcamap,2,8,53,10,1293.0,90.0,393.0,0.060516
segdup,2,8,53,15,1743,90,393,132.230956
insider,2,8,53,15,1709.0,84.0,449.0,0.466755
fastmultrec_greedy,2,8,53,15,1743.0,90.0,393.0,0.361523
lcamap,2,8,53,15,1743.0,90.0,393.0,0.059598
segdup,2,8,53,20,2189,89,409,128.302462
insider,2,8,53,20,2122.0,79.0,542.0,1.122684
fastmultrec_greedy,2,8,53,20,2193.0,90.0,393.0,0.363909
lcamap,2,8,53,20,2193.0,90.0,393.0,0.059227
segdup,2,8,53,25,2643,90,393,133.043099
insider,2,8,53,25,2509.0,76.0,609.0,3.530479
fastmultrec_greedy,2,8,53,25,2643.0,90.0,393.0,0.363426
lcamap,2,8,53,25,2643.0,90.0,393.0,0.060527
segdup,2,8,53,5,843,90,393,136.120504
insider,2,8,53,5,842.0,89.0,397.0,0.156507
fastmultrec_greedy,2,8,53,5,843.0,90.0,393.0,0.361289
lcamap,2,8,53,5,843.0,90.0,393.0,0.061562
segdup,1,10,54,10,13,1,3,64.429968
insider,1,10,54,10,13.0,1.0,3.0,0.042943
fastmultrec_greedy,1,10,54,10,13.0,1.0,3.0,0.169752
lcamap,1,10,54,10,13.0,1.0,3.0,0.025527
segdup,1,10,54,15,18,1,3,52.341915
insider,1,10,54,15,18.0,1.0,3.0,0.043387
fastmultrec_greedy,1,10,54,15,18.0,1.0,3.0,0.170576
lcamap,1,10,54,15,18.0,1.0,3.0,0.026809
segdup,1,10,54,20,23,1,3,44.118485
insider,1,10,54,20,23.0,1.0,3.0,0.043746
fastmultrec_greedy,1,10,54,20,23.0,1.0,3.0,0.170694
lcamap,1,10,54,20,23.0,1.0,3.0,0.026425
segdup,1,10,54,25,28,1,3,44.360261
insider,1,10,54,25,28.0,1.0,3.0,0.044701
fastmultrec_greedy,1,10,54,25,28.0,1.0,3.0,0.170790
lcamap,1,10,54,25,28.0,1.0,3.0,0.026482
segdup,1,10,54,5,8,1,3,65.800907
insider,1,10,54,5,8.0,1.0,3.0,0.043989
fastmultrec_greedy,1,10,54,5,8.0,1.0,3.0,0.170321
lcamap,1,10,54,5,8.0,1.0,3.0,0.026282
segdup,1,11,54,10,10,1,0,127.957501
insider,1,11,54,10,10.0,1.0,0.0,0.067862
fastmultrec_greedy,1,11,54,10,10.0,1.0,0.0,0.232167
lcamap,1,11,54,10,10.0,1.0,0.0,0.042760
segdup,1,11,54,15,15,1,0,91.865484
insider,1,11,54,15,15.0,1.0,0.0,0.066925
fastmultrec_greedy,1,11,54,15,15.0,1.0,0.0,0.232319
lcamap,1,11,54,15,15.0,1.0,0.0,0.043168
segdup,1,11,54,20,20,1,0,71.478515
insider,1,11,54,20,20.0,1.0,0.0,0.068196
fastmultrec_greedy,1,11,54,20,20.0,1.0,0.0,0.233789
lcamap,1,11,54,20,20.0,1.0,0.0,0.043771
segdup,1,11,54,25,25,1,0,98.970598
insider,1,11,54,25,25.0,1.0,0.0,0.064841
fastmultrec_greedy,1,11,54,25,25.0,1.0,0.0,0.234079
lcamap,1,11,54,25,25.0,1.0,0.0,0.044045
segdup,1,11,54,5,5,1,0,130.837879
insider,1,11,54,5,5.0,1.0,0.0,0.068886
fastmultrec_greedy,1,11,54,5,5.0,1.0,0.0,0.234016
lcamap,1,11,54,5,5.0,1.0,0.0,0.042899
segdup,1,15,54,10,10,1,0,62.579407
insider,1,15,54,10,10.0,1.0,0.0,0.037281
fastmultrec_greedy,1,15,54,10,10.0,1.0,0.0,0.132514
lcamap,1,15,54,10,10.0,1.0,0.0,0.022010
segdup,1,15,54,15,15,1,0,42.535900
insider,1,15,54,15,15.0,1.0,0.0,0.037114
fastmultrec_greedy,1,15,54,15,15.0,1.0,0.0,0.132502
lcamap,1,15,54,15,15.0,1.0,0.0,0.022378
segdup,1,15,54,20,20,1,0,42.254844
insider,1,15,54,20,20.0,1.0,0.0,0.038920
fastmultrec_greedy,1,15,54,20,20.0,1.0,0.0,0.133361
lcamap,1,15,54,20,20.0,1.0,0.0,0.022094
segdup,1,15,54,25,25,1,0,41.208525
insider,1,15,54,25,25.0,1.0,0.0,0.038688
fastmultrec_greedy,1,15,54,25,25.0,1.0,0.0,0.133497
lcamap,1,15,54,25,25.0,1.0,0.0,0.021363
segdup,1,15,54,5,5,1,0,67.070146
insider,1,15,54,5,5.0,1.0,0.0,0.037533
fastmultrec_greedy,1,15,54,5,5.0,1.0,0.0,0.134381
lcamap,1,15,54,5,5.0,1.0,0.0,0.022038
segdup,1,8,54,10,166,14,26,95.269498
insider,1,8,54,10,166.0,14.0,26.0,0.064113
fastmultrec_greedy,1,8,54,10,166.0,14.0,26.0,0.211845
lcamap,1,8,54,10,166.0,14.0,26.0,0.032925
segdup,1,8,54,15,236,14,26,88.112108
insider,1,8,54,15,236.0,14.0,26.0,0.071237
fastmultrec_greedy,1,8,54,15,236.0,14.0,26.0,0.209475
lcamap,1,8,54,15,236.0,14.0,26.0,0.034687
segdup,1,8,54,20,306,14,26,91.779782
insider,1,8,54,20,306.0,14.0,26.0,0.081227
fastmultrec_greedy,1,8,54,20,306.0,14.0,26.0,0.212914
lcamap,1,8,54,20,306.0,14.0,26.0,0.034263
segdup,1,8,54,25,376,14,26,84.056218
insider,1,8,54,25,376.0,14.0,26.0,0.099960
fastmultrec_greedy,1,8,54,25,376.0,14.0,26.0,0.212706
lcamap,1,8,54,25,376.0,14.0,26.0,0.034821
segdup,1,8,54,5,96,14,26,97.661293
insider,1,8,54,5,96.0,14.0,26.0,0.060057
fastmultrec_greedy,1,8,54,5,96.0,14.0,26.0,0.213956
lcamap,1,8,54,5,96.0,14.0,26.0,0.034416
segdup,1,9,54,10,115,11,5,105.570249
insider,1,9,54,10,115.0,11.0,5.0,0.065912
fastmultrec_greedy,1,9,54,10,115.0,11.0,5.0,0.199839
lcamap,1,9,54,10,115.0,11.0,5.0,0.034952
segdup,1,9,54,15,170,11,5,58.438228
insider,1,9,54,15,170.0,11.0,5.0,0.075709
fastmultrec_greedy,1,9,54,15,170.0,11.0,5.0,0.196256
lcamap,1,9,54,15,170.0,11.0,5.0,0.034346
segdup,1,9,54,20,225,11,5,59.071883
insider,1,9,54,20,225.0,11.0,5.0,0.100506
fastmultrec_greedy,1,9,54,20,225.0,11.0,5.0,0.196034
lcamap,1,9,54,20,225.0,11.0,5.0,0.034834
segdup,1,9,54,25,280,11,5,58.744120
insider,1,9,54,25,280.0,11.0,5.0,0.142268
fastmultrec_greedy,1,9,54,25,280.0,11.0,5.0,0.197936
lcamap,1,9,54,25,280.0,11.0,5.0,0.034973
segdup,1,9,54,5,60,11,5,109.198298
insider,1,9,54,5,60.0,11.0,5.0,0.061535
fastmultrec_greedy,1,9,54,5,60.0,11.0,5.0,0.193651
lcamap,1,9,54,5,60.0,11.0,5.0,0.035297
segdup,2,10,54,10,33,3,3,211.422035
insider,2,10,54,10,33.0,3.0,3.0,0.126176
fastmultrec_greedy,2,10,54,10,33.0,3.0,3.0,0.507418
lcamap,2,10,54,10,33.0,3.0,3.0,0.077396
segdup,2,10,54,15,48,3,3,103.488100
insider,2,10,54,15,48.0,3.0,3.0,0.126734
fastmultrec_greedy,2,10,54,15,48.0,3.0,3.0,0.504607
lcamap,2,10,54,15,48.0,3.0,3.0,0.075037
segdup,2,10,54,20,63,3,3,104.941318
insider,2,10,54,20,63.0,3.0,3.0,0.127896
fastmultrec_greedy,2,10,54,20,63.0,3.0,3.0,0.501770
lcamap,2,10,54,20,63.0,3.0,3.0,0.077152
segdup,2,10,54,25,78,3,3,99.550776
insider,2,10,54,25,78.0,3.0,3.0,0.129928
fastmultrec_greedy,2,10,54,25,78.0,3.0,3.0,0.509605
lcamap,2,10,54,25,78.0,3.0,3.0,0.076364
segdup,2,10,54,5,18,3,3,221.084321
insider,2,10,54,5,18.0,3.0,3.0,0.125530
fastmultrec_greedy,2,10,54,5,18.0,3.0,3.0,0.501059
lcamap,2,10,54,5,18.0,3.0,3.0,0.075277
segdup,2,11,54,10,31,3,1,239.906762
insider,2,11,54,10,31.0,3.0,1.0,0.154038
fastmultrec_greedy,2,11,54,10,31.0,3.0,1.0,0.624284
lcamap,2,11,54,10,31.0,3.0,1.0,0.092399
segdup,2,11,54,15,46,3,1,121.438558
insider,2,11,54,15,46.0,3.0,1.0,0.148651
fastmultrec_greedy,2,11,54,15,46.0,3.0,1.0,0.621652
lcamap,2,11,54,15,46.0,3.0,1.0,0.092366
segdup,2,11,54,20,61,3,1,117.832728
insider,2,11,54,20,61.0,3.0,1.0,0.155424
fastmultrec_greedy,2,11,54,20,61.0,3.0,1.0,0.619420
lcamap,2,11,54,20,61.0,3.0,1.0,0.092464
segdup,2,11,54,25,76,3,1,117.020836
insider,2,11,54,25,76.0,3.0,1.0,0.156042
fastmultrec_greedy,2,11,54,25,76.0,3.0,1.0,0.631005
lcamap,2,11,54,25,76.0,3.0,1.0,0.094009
segdup,2,11,54,5,16,3,1,266.427738
insider,2,11,54,5,16.0,3.0,1.0,0.145944
fastmultrec_greedy,2,11,54,5,16.0,3.0,1.0,0.628726
lcamap,2,11,54,5,16.0,3.0,1.0,0.092504
segdup,2,15,54,10,20,2,0,152.686411
insider,2,15,54,10,20.0,2.0,0.0,0.098807
fastmultrec_greedy,2,15,54,10,20.0,2.0,0.0,0.365534
lcamap,2,15,54,10,20.0,2.0,0.0,0.057069
segdup,2,15,54,15,30,2,0,75.420084
insider,2,15,54,15,30.0,2.0,0.0,0.100837
fastmultrec_greedy,2,15,54,15,30.0,2.0,0.0,0.364739
lcamap,2,15,54,15,30.0,2.0,0.0,0.057749
segdup,2,15,54,20,40,2,0,75.615462
insider,2,15,54,20,40.0,2.0,0.0,0.100242
fastmultrec_greedy,2,15,54,20,40.0,2.0,0.0,0.359885
lcamap,2,15,54,20,40.0,2.0,0.0,0.055404
segdup,2,15,54,25,50,2,0,75.554012
insider,2,15,54,25,50.0,2.0,0.0,0.100158
fastmultrec_greedy,2,15,54,25,50.0,2.0,0.0,0.364458
lcamap,2,15,54,25,50.0,2.0,0.0,0.057193
segdup,2,15,54,5,10,2,0,181.356755
insider,2,15,54,5,10.0,2.0,0.0,0.101911
fastmultrec_greedy,2,15,54,5,10.0,2.0,0.0,0.363627
lcamap,2,15,54,5,10.0,2.0,0.0,0.058009
segdup,2,8,54,10,440,40,40,197.538219
insider,2,8,54,10,436.0,39.0,46.0,0.249225
fastmultrec_greedy,2,8,54,10,440.0,40.0,40.0,0.637852
lcamap,2,8,54,10,440.0,40.0,40.0,0.092168
segdup,2,8,54,15,640,40,40,183.277482
insider,2,8,54,15,631.0,39.0,46.0,0.583382
fastmultrec_greedy,2,8,54,15,640.0,40.0,40.0,0.640530
lcamap,2,8,54,15,640.0,40.0,40.0,0.094425
segdup,2,8,54,20,840,40,40,156.041801
insider,2,8,54,20,826.0,39.0,46.0,1.764365
fastmultrec_greedy,2,8,54,20,840.0,40.0,40.0,0.624508
lcamap,2,8,54,20,840.0,40.0,40.0,0.092612
segdup,2,8,54,25,1040,40,40,155.145327
insider,2,8,54,25,1017.0,38.0,67.0,18.275271
fastmultrec_greedy,2,8,54,25,1040.0,40.0,40.0,0.624626
lcamap,2,8,54,25,1040.0,40.0,40.0,0.093833
segdup,2,8,54,5,240,40,40,209.346827
insider,2,8,54,5,240.0,40.0,40.0,0.189597
fastmultrec_greedy,2,8,54,5,240.0,40.0,40.0,0.621671
lcamap,2,8,54,5,240.0,40.0,40.0,0.093651
segdup,2,9,54,10,161,15,11,275.039203
insider,2,9,54,10,160.0,14.0,20.0,0.193302
fastmultrec_greedy,2,9,54,10,161.0,15.0,11.0,0.683883
lcamap,2,9,54,10,161.0,15.0,11.0,0.110429
segdup,2,9,54,15,236,15,11,262.512216
insider,2,9,54,15,230.0,14.0,20.0,0.203328
fastmultrec_greedy,2,9,54,15,236.0,15.0,11.0,0.679823
lcamap,2,9,54,15,236.0,15.0,11.0,0.111977
segdup,2,9,54,20,311,15,11,240.755616
insider,2,9,54,20,300.0,14.0,20.0,0.234496
fastmultrec_greedy,2,9,54,20,311.0,15.0,11.0,0.696646
lcamap,2,9,54,20,311.0,15.0,11.0,0.103297
segdup,2,9,54,25,386,15,11,247.305522
insider,2,9,54,25,370.0,14.0,20.0,0.267866
fastmultrec_greedy,2,9,54,25,386.0,15.0,11.0,0.691114
lcamap,2,9,54,25,386.0,15.0,11.0,0.106572
segdup,2,9,54,5,86,15,11,304.728950
insider,2,9,54,5,86.0,15.0,11.0,0.180342
fastmultrec_greedy,2,9,54,5,86.0,15.0,11.0,0.679787
lcamap,2,9,54,5,86.0,15.0,11.0,0.110167
segdup,1,10,55,10,20,2,0,71.664331
insider,1,10,55,10,20.0,2.0,0.0,0.040408
fastmultrec_greedy,1,10,55,10,20.0,2.0,0.0,0.143935
lcamap,1,10,55,10,20.0,2.0,0.0,0.023388
segdup,1,10,55,15,30,2,0,71.303154
insider,1,10,55,15,30.0,2.0,0.0,0.042475
fastmultrec_greedy,1,10,55,15,30.0,2.0,0.0,0.139973
lcamap,1,10,55,15,30.0,2.0,0.0,0.023022
segdup,1,10,55,20,40,2,0,41.833292
insider,1,10,55,20,40.0,2.0,0.0,0.040982
fastmultrec_greedy,1,10,55,20,40.0,2.0,0.0,0.141568
lcamap,1,10,55,20,40.0,2.0,0.0,0.022959
segdup,1,10,55,25,50,2,0,42.376996
insider,1,10,55,25,50.0,2.0,0.0,0.041961
fastmultrec_greedy,1,10,55,25,50.0,2.0,0.0,0.140701
lcamap,1,10,55,25,50.0,2.0,0.0,0.022682
segdup,1,10,55,5,10,2,0,76.478996
insider,1,10,55,5,10.0,2.0,0.0,0.041006
fastmultrec_greedy,1,10,55,5,10.0,2.0,0.0,0.139489
lcamap,1,10,55,5,10.0,2.0,0.0,0.022935
segdup,1,11,55,10,10,1,0,128.287023
insider,1,11,55,10,10.0,1.0,0.0,0.085701
fastmultrec_greedy,1,11,55,10,10.0,1.0,0.0,0.377726
lcamap,1,11,55,10,10.0,1.0,0.0,0.055203
segdup,1,11,55,15,15,1,0,83.724677
insider,1,11,55,15,15.0,1.0,0.0,0.085486
fastmultrec_greedy,1,11,55,15,15.0,1.0,0.0,0.373997
lcamap,1,11,55,15,15.0,1.0,0.0,0.056083
segdup,1,11,55,20,20,1,0,84.617452
insider,1,11,55,20,20.0,1.0,0.0,0.084102
fastmultrec_greedy,1,11,55,20,20.0,1.0,0.0,0.375089
lcamap,1,11,55,20,20.0,1.0,0.0,0.056239
segdup,1,11,55,25,25,1,0,81.546104
insider,1,11,55,25,25.0,1.0,0.0,0.084887
fastmultrec_greedy,1,11,55,25,25.0,1.0,0.0,0.366958
lcamap,1,11,55,25,25.0,1.0,0.0,0.055285
segdup,1,11,55,5,5,1,0,137.585480
insider,1,11,55,5,5.0,1.0,0.0,0.087522
fastmultrec_greedy,1,11,55,5,5.0,1.0,0.0,0.383337
lcamap,1,11,55,5,5.0,1.0,0.0,0.055505
segdup,1,15,55,10,10,1,0,48.791962
insider,1,15,55,10,10.0,1.0,0.0,0.027339
fastmultrec_greedy,1,15,55,10,10.0,1.0,0.0,0.090313
lcamap,1,15,55,10,10.0,1.0,0.0,0.016062
segdup,1,15,55,15,15,1,0,43.684213
insider,1,15,55,15,15.0,1.0,0.0,0.028066
fastmultrec_greedy,1,15,55,15,15.0,1.0,0.0,0.090742
lcamap,1,15,55,15,15.0,1.0,0.0,0.016362
segdup,1,15,55,20,20,1,0,30.823830
insider,1,15,55,20,20.0,1.0,0.0,0.026984
fastmultrec_greedy,1,15,55,20,20.0,1.0,0.0,0.090628
lcamap,1,15,55,20,20.0,1.0,0.0,0.015775
segdup,1,15,55,25,25,1,0,30.402967
insider,1,15,55,25,25.0,1.0,0.0,0.027863
fastmultrec_greedy,1,15,55,25,25.0,1.0,0.0,0.091472
lcamap,1,15,55,25,25.0,1.0,0.0,0.016290
segdup,1,15,55,5,5,1,0,51.732493
insider,1,15,55,5,5.0,1.0,0.0,0.026962
fastmultrec_greedy,1,15,55,5,5.0,1.0,0.0,0.091172
lcamap,1,15,55,5,5.0,1.0,0.0,0.015961
segdup,1,8,55,10,93,9,3,75.046673
insider,1,8,55,10,93.0,9.0,3.0,0.057277
fastmultrec_greedy,1,8,55,10,93.0,9.0,3.0,0.196325
lcamap,1,8,55,10,93.0,9.0,3.0,0.028482
segdup,1,8,55,15,138,9,3,65.343397
insider,1,8,55,15,138.0,9.0,3.0,0.072646
fastmultrec_greedy,1,8,55,15,138.0,9.0,3.0,0.194850
lcamap,1,8,55,15,138.0,9.0,3.0,0.027439
segdup,1,8,55,20,183,9,3,45.935721
insider,1,8,55,20,183.0,9.0,3.0,0.102372
fastmultrec_greedy,1,8,55,20,183.0,9.0,3.0,0.194445
lcamap,1,8,55,20,183.0,9.0,3.0,0.027031
segdup,1,8,55,25,228,9,3,46.226031
insider,1,8,55,25,228.0,9.0,3.0,0.151056
fastmultrec_greedy,1,8,55,25,228.0,9.0,3.0,0.198085
lcamap,1,8,55,25,228.0,9.0,3.0,0.027809
segdup,1,8,55,5,48,9,3,78.962338
insider,1,8,55,5,48.0,9.0,3.0,0.051054
fastmultrec_greedy,1,8,55,5,48.0,9.0,3.0,0.195144
lcamap,1,8,55,5,48.0,9.0,3.0,0.027608
segdup,1,9,55,10,145,13,15,71.652137
insider,1,9,55,10,145.0,13.0,15.0,0.054706
fastmultrec_greedy,1,9,55,10,145.0,13.0,15.0,0.141328
lcamap,1,9,55,10,145.0,13.0,15.0,0.023231
segdup,1,9,55,15,210,13,15,68.945273
insider,1,9,55,15,210.0,13.0,15.0,0.068902
fastmultrec_greedy,1,9,55,15,210.0,13.0,15.0,0.143093
lcamap,1,9,55,15,210.0,13.0,15.0,0.023992
segdup,1,9,55,20,275,13,15,45.163077
insider,1,9,55,20,275.0,13.0,15.0,0.105395
fastmultrec_greedy,1,9,55,20,275.0,13.0,15.0,0.142779
lcamap,1,9,55,20,275.0,13.0,15.0,0.023611
segdup,1,9,55,25,340,13,15,45.562831
insider,1,9,55,25,340.0,13.0,15.0,0.247037
fastmultrec_greedy,1,9,55,25,340.0,13.0,15.0,0.139332
lcamap,1,9,55,25,340.0,13.0,15.0,0.023156
segdup,1,9,55,5,80,13,15,68.018520
insider,1,9,55,5,80.0,13.0,15.0,0.047533
fastmultrec_greedy,1,9,55,5,80.0,13.0,15.0,0.140585
lcamap,1,9,55,5,80.0,13.0,15.0,0.023173
segdup,2,10,55,10,21,2,1,245.138577
insider,2,10,55,10,21.0,2.0,1.0,0.138312
fastmultrec_greedy,2,10,55,10,21.0,2.0,1.0,0.571634
lcamap,2,10,55,10,21.0,2.0,1.0,0.084082
segdup,2,10,55,15,31,2,1,224.598209
insider,2,10,55,15,31.0,2.0,1.0,0.140284
fastmultrec_greedy,2,10,55,15,31.0,2.0,1.0,0.568687
lcamap,2,10,55,15,31.0,2.0,1.0,0.085520
segdup,2,10,55,20,41,2,1,114.186315
insider,2,10,55,20,41.0,2.0,1.0,0.138434
fastmultrec_greedy,2,10,55,20,41.0,2.0,1.0,0.572347
lcamap,2,10,55,20,41.0,2.0,1.0,0.082809
segdup,2,10,55,25,51,2,1,117.203450
insider,2,10,55,25,51.0,2.0,1.0,0.140098
fastmultrec_greedy,2,10,55,25,51.0,2.0,1.0,0.572627
lcamap,2,10,55,25,51.0,2.0,1.0,0.085238
segdup,2,10,55,5,11,2,1,255.622840
insider,2,10,55,5,11.0,2.0,1.0,0.137597
fastmultrec_greedy,2,10,55,5,11.0,2.0,1.0,0.571674
lcamap,2,10,55,5,11.0,2.0,1.0,0.083504
segdup,2,11,55,10,20,2,0,192.767268
insider,2,11,55,10,20.0,2.0,0.0,0.113173
fastmultrec_greedy,2,11,55,10,20.0,2.0,0.0,0.432759
lcamap,2,11,55,10,20.0,2.0,0.0,0.069236
segdup,2,11,55,15,30,2,0,92.311099
insider,2,11,55,15,30.0,2.0,0.0,0.110242
fastmultrec_greedy,2,11,55,15,30.0,2.0,0.0,0.434779
lcamap,2,11,55,15,30.0,2.0,0.0,0.069822
segdup,2,11,55,20,40,2,0,89.363728
insider,2,11,55,20,40.0,2.0,0.0,0.110889
fastmultrec_greedy,2,11,55,20,40.0,2.0,0.0,0.441977
lcamap,2,11,55,20,40.0,2.0,0.0,0.068884
segdup,2,11,55,25,50,2,0,92.723864
insider,2,11,55,25,50.0,2.0,0.0,0.112971
fastmultrec_greedy,2,11,55,25,50.0,2.0,0.0,0.432954
lcamap,2,11,55,25,50.0,2.0,0.0,0.068696
segdup,2,11,55,5,10,2,0,201.756348
insider,2,11,55,5,10.0,2.0,0.0,0.111006
fastmultrec_greedy,2,11,55,5,10.0,2.0,0.0,0.440746
lcamap,2,11,55,5,10.0,2.0,0.0,0.069864
segdup,2,15,55,10,20,2,0,151.436197
insider,2,15,55,10,20.0,2.0,0.0,0.076725
fastmultrec_greedy,2,15,55,10,20.0,2.0,0.0,0.286869
lcamap,2,15,55,10,20.0,2.0,0.0,0.045881
segdup,2,15,55,15,30,2,0,131.983552
insider,2,15,55,15,30.0,2.0,0.0,0.077736
fastmultrec_greedy,2,15,55,15,30.0,2.0,0.0,0.285780
lcamap,2,15,55,15,30.0,2.0,0.0,0.044751
segdup,2,15,55,20,40,2,0,77.823214
insider,2,15,55,20,40.0,2.0,0.0,0.078053
fastmultrec_greedy,2,15,55,20,40.0,2.0,0.0,0.291578
lcamap,2,15,55,20,40.0,2.0,0.0,0.044091
segdup,2,15,55,25,50,2,0,77.723419
insider,2,15,55,25,50.0,2.0,0.0,0.077686
fastmultrec_greedy,2,15,55,25,50.0,2.0,0.0,0.290277
lcamap,2,15,55,25,50.0,2.0,0.0,0.044309
segdup,2,15,55,5,10,2,0,165.634633
insider,2,15,55,5,10.0,2.0,0.0,0.078083
fastmultrec_greedy,2,15,55,5,10.0,2.0,0.0,0.284975
lcamap,2,15,55,5,10.0,2.0,0.0,0.043972
segdup,2,8,55,10,803,68,123,170.541253
insider,2,8,55,10,784.0,60.0,184.0,0.558646
fastmultrec_greedy,2,8,55,10,803.0,68.0,123.0,0.450850
lcamap,2,8,55,10,803.0,68.0,123.0,0.071761
segdup,2,8,55,15,1143,68,123,163.969328
insider,2,8,55,15,1077.0,56.0,237.0,2.850805
fastmultrec_greedy,2,8,55,15,1143.0,68.0,123.0,0.447194
lcamap,2,8,55,15,1143.0,68.0,123.0,0.073565
segdup,2,8,55,20,1483,68,123,166.599504
insider,2,8,55,20,1355.0,55.0,255.0,23.364286
fastmultrec_greedy,2,8,55,20,1483.0,68.0,123.0,0.455493
lcamap,2,8,55,20,1483.0,68.0,123.0,0.073629
segdup,2,8,55,25,1823,68,123,164.393408
insider,2,8,55,25,1608.0,49.0,383.0,148.000527
fastmultrec_greedy,2,8,55,25,1823.0,68.0,123.0,0.453738
lcamap,2,8,55,25,1823.0,68.0,123.0,0.074053
segdup,2,8,55,5,463,68,123,173.380765
insider,2,8,55,5,463.0,68.0,123.0,0.215552
fastmultrec_greedy,2,8,55,5,463.0,68.0,123.0,0.457058
lcamap,2,8,55,5,463.0,68.0,123.0,0.073524
segdup,1,10,56,10,20,2,0,66.003919
insider,1,10,56,10,20.0,2.0,0.0,0.044961
fastmultrec_greedy,1,10,56,10,20.0,2.0,0.0,0.172386
lcamap,1,10,56,10,20.0,2.0,0.0,0.031617
segdup,1,10,56,15,30,2,0,59.865832
insider,1,10,56,15,30.0,2.0,0.0,0.051215
fastmultrec_greedy,1,10,56,15,30.0,2.0,0.0,0.183586
lcamap,1,10,56,15,30.0,2.0,0.0,0.025819
segdup,1,10,56,20,40,2,0,43.091329
insider,1,10,56,20,40.0,2.0,0.0,0.051700
fastmultrec_greedy,1,10,56,20,40.0,2.0,0.0,0.178928
lcamap,1,10,56,20,40.0,2.0,0.0,0.025573
segdup,1,10,56,25,50,2,0,42.019513
insider,1,10,56,25,50.0,2.0,0.0,0.050963
fastmultrec_greedy,1,10,56,25,50.0,2.0,0.0,0.182050
lcamap,1,10,56,25,50.0,2.0,0.0,0.025748
segdup,1,10,56,5,10,2,0,64.439527
insider,1,10,56,5,10.0,2.0,0.0,0.049594
fastmultrec_greedy,1,10,56,5,10.0,2.0,0.0,0.178600
lcamap,1,10,56,5,10.0,2.0,0.0,0.025342
segdup,1,11,56,10,10,1,0,115.008796
insider,1,11,56,10,10.0,1.0,0.0,0.068526
fastmultrec_greedy,1,11,56,10,10.0,1.0,0.0,0.234739
lcamap,1,11,56,10,10.0,1.0,0.0,0.045737
segdup,1,11,56,15,15,1,0,109.044189
insider,1,11,56,15,15.0,1.0,0.0,0.066595
fastmultrec_greedy,1,11,56,15,15.0,1.0,0.0,0.236743
lcamap,1,11,56,15,15.0,1.0,0.0,0.039663
segdup,1,11,56,20,20,1,0,83.376334
insider,1,11,56,20,20.0,1.0,0.0,0.062184
fastmultrec_greedy,1,11,56,20,20.0,1.0,0.0,0.232747
lcamap,1,11,56,20,20.0,1.0,0.0,0.038077
segdup,1,11,56,25,25,1,0,65.094756
insider,1,11,56,25,25.0,1.0,0.0,0.068564
fastmultrec_greedy,1,11,56,25,25.0,1.0,0.0,0.235639
lcamap,1,11,56,25,25.0,1.0,0.0,0.039139
segdup,1,11,56,5,5,1,0,113.509901
insider,1,11,56,5,5.0,1.0,0.0,0.068573
fastmultrec_greedy,1,11,56,5,5.0,1.0,0.0,0.233407
lcamap,1,11,56,5,5.0,1.0,0.0,0.038221
segdup,1,15,56,10,10,1,0,72.324182
insider,1,15,56,10,10.0,1.0,0.0,0.037969
fastmultrec_greedy,1,15,56,10,10.0,1.0,0.0,0.114171
lcamap,1,15,56,10,10.0,1.0,0.0,0.021525
segdup,1,15,56,15,15,1,0,61.037448
insider,1,15,56,15,15.0,1.0,0.0,0.037638
fastmultrec_greedy,1,15,56,15,15.0,1.0,0.0,0.120325
lcamap,1,15,56,15,15.0,1.0,0.0,0.021448
segdup,1,15,56,20,20,1,0,43.168351
insider,1,15,56,20,20.0,1.0,0.0,0.038295
fastmultrec_greedy,1,15,56,20,20.0,1.0,0.0,0.116900
lcamap,1,15,56,20,20.0,1.0,0.0,0.021839
segdup,1,15,56,25,25,1,0,40.936900
insider,1,15,56,25,25.0,1.0,0.0,0.042481
fastmultrec_greedy,1,15,56,25,25.0,1.0,0.0,0.116762
lcamap,1,15,56,25,25.0,1.0,0.0,0.021408
segdup,1,15,56,5,5,1,0,73.956998
insider,1,15,56,5,5.0,1.0,0.0,0.037360
fastmultrec_greedy,1,15,56,5,5.0,1.0,0.0,0.114360
lcamap,1,15,56,5,5.0,1.0,0.0,0.021352
segdup,1,8,56,10,787,66,127,75.620855
insider,1,8,56,10,762.0,58.0,182.0,0.240317
fastmultrec_greedy,1,8,56,10,780.0,65.0,130.0,0.310715
lcamap,1,8,56,10,787.0,66.0,127.0,0.033005
segdup,1,8,56,15,1117,66,127,71.914272
insider,1,8,56,15,1047.0,55.0,222.0,1.034082
fastmultrec_greedy,1,8,56,15,1105.0,65.0,130.0,0.316133
lcamap,1,8,56,15,1117.0,66.0,127.0,0.034029
segdup,1,8,56,20,1447,66,127,67.560646
insider,1,8,56,20,1322.0,55.0,222.0,11.884157
fastmultrec_greedy,1,8,56,20,1423.0,63.0,163.0,0.608805
lcamap,1,8,56,20,1447.0,66.0,127.0,0.033124
segdup,1,8,56,25,1777,66,127,70.212271
insider,1,8,56,25,1581.0,50.0,331.0,294.954932
fastmultrec_greedy,1,8,56,25,1738.0,63.0,163.0,0.615252
lcamap,1,8,56,25,1777.0,66.0,127.0,0.034238
segdup,1,8,56,5,457,66,127,77.173721
insider,1,8,56,5,454.0,64.0,134.0,0.098913
fastmultrec_greedy,1,8,56,5,455.0,65.0,130.0,0.310288
lcamap,1,8,56,5,457.0,66.0,127.0,0.033512
segdup,1,9,56,10,129,12,9,115.013162
insider,1,9,56,10,129.0,12.0,9.0,0.089698
fastmultrec_greedy,1,9,56,10,129.0,12.0,9.0,0.355733
lcamap,1,9,56,10,129.0,12.0,9.0,0.050642
segdup,1,9,56,15,189,12,9,139.002662
insider,1,9,56,15,189.0,12.0,9.0,0.096782
fastmultrec_greedy,1,9,56,15,189.0,12.0,9.0,0.359852
lcamap,1,9,56,15,189.0,12.0,9.0,0.051043
segdup,1,9,56,20,249,12,9,84.277739
insider,1,9,56,20,249.0,12.0,9.0,0.101475
fastmultrec_greedy,1,9,56,20,249.0,12.0,9.0,0.351571
lcamap,1,9,56,20,249.0,12.0,9.0,0.050825
segdup,1,9,56,25,309,12,9,90.334348
insider,1,9,56,25,309.0,12.0,9.0,0.115725
fastmultrec_greedy,1,9,56,25,309.0,12.0,9.0,0.347248
lcamap,1,9,56,25,309.0,12.0,9.0,0.050369
segdup,1,9,56,5,69,12,9,127.234600
insider,1,9,56,5,69.0,12.0,9.0,0.083259
fastmultrec_greedy,1,9,56,5,69.0,12.0,9.0,0.338982
lcamap,1,9,56,5,69.0,12.0,9.0,0.049501
segdup,2,10,56,10,21,2,1,234.022082
insider,2,10,56,10,21.0,2.0,1.0,0.139087
fastmultrec_greedy,2,10,56,10,21.0,2.0,1.0,0.518473
lcamap,2,10,56,10,21.0,2.0,1.0,0.093309
segdup,2,10,56,15,31,2,1,119.237958
insider,2,10,56,15,31.0,2.0,1.0,0.136785
fastmultrec_greedy,2,10,56,15,31.0,2.0,1.0,0.513306
lcamap,2,10,56,15,31.0,2.0,1.0,0.089948
segdup,2,10,56,20,41,2,1,115.644987
insider,2,10,56,20,41.0,2.0,1.0,0.140316
fastmultrec_greedy,2,10,56,20,41.0,2.0,1.0,0.517416
lcamap,2,10,56,20,41.0,2.0,1.0,0.092429
segdup,2,10,56,25,51,2,1,118.241831
insider,2,10,56,25,51.0,2.0,1.0,0.136525
fastmultrec_greedy,2,10,56,25,51.0,2.0,1.0,0.512015
lcamap,2,10,56,25,51.0,2.0,1.0,0.090197
segdup,2,10,56,5,11,2,1,256.146082
insider,2,10,56,5,11.0,2.0,1.0,0.135745
fastmultrec_greedy,2,10,56,5,11.0,2.0,1.0,0.513321
lcamap,2,10,56,5,11.0,2.0,1.0,0.091125
segdup,2,11,56,10,94453,21,94243,464.663455
insider,2,11,56,10,94453.0,21.0,94243.0,0.239259
fastmultrec_greedy,2,11,56,10,94453.0,21.0,94243.0,0.510810
lcamap,2,11,56,10,94453.0,21.0,94243.0,0.113521
segdup,2,11,56,15,94558,21,94243,461.865971
insider,2,11,56,15,94558.0,21.0,94243.0,0.240994
fastmultrec_greedy,2,11,56,15,94558.0,21.0,94243.0,0.510018
lcamap,2,11,56,15,94558.0,21.0,94243.0,0.106809
segdup,2,11,56,20,94663,21,94243,459.699389
insider,2,11,56,20,94663.0,21.0,94243.0,0.239015
fastmultrec_greedy,2,11,56,20,94663.0,21.0,94243.0,0.509826
lcamap,2,11,56,20,94663.0,21.0,94243.0,0.107398
segdup,2,11,56,25,94768,21,94243,466.448193
insider,2,11,56,25,94768.0,21.0,94243.0,0.242570
fastmultrec_greedy,2,11,56,25,94768.0,21.0,94243.0,0.510481
lcamap,2,11,56,25,94768.0,21.0,94243.0,0.107343
segdup,2,11,56,5,94348,21,94243,471.796848
insider,2,11,56,5,94348.0,21.0,94243.0,0.241416
fastmultrec_greedy,2,11,56,5,94348.0,21.0,94243.0,0.507446
lcamap,2,11,56,5,94348.0,21.0,94243.0,0.111615
segdup,2,15,56,10,20,2,0,265.203441
insider,2,15,56,10,20.0,2.0,0.0,0.148983
fastmultrec_greedy,2,15,56,10,20.0,2.0,0.0,0.552863
lcamap,2,15,56,10,20.0,2.0,0.0,0.097135
segdup,2,15,56,15,30,2,0,125.715162
insider,2,15,56,15,30.0,2.0,0.0,0.150039
fastmultrec_greedy,2,15,56,15,30.0,2.0,0.0,0.552296
lcamap,2,15,56,15,30.0,2.0,0.0,0.097397
segdup,2,15,56,20,40,2,0,123.700874
insider,2,15,56,20,40.0,2.0,0.0,0.147915
fastmultrec_greedy,2,15,56,20,40.0,2.0,0.0,0.551586
lcamap,2,15,56,20,40.0,2.0,0.0,0.096680
segdup,2,15,56,25,50,2,0,125.286979
insider,2,15,56,25,50.0,2.0,0.0,0.152249
fastmultrec_greedy,2,15,56,25,50.0,2.0,0.0,0.547746
lcamap,2,15,56,25,50.0,2.0,0.0,0.098872
segdup,2,15,56,5,10,2,0,272.784492
insider,2,15,56,5,10.0,2.0,0.0,0.152400
fastmultrec_greedy,2,15,56,5,10.0,2.0,0.0,0.563125
lcamap,2,15,56,5,10.0,2.0,0.0,0.098621
segdup,2,8,56,10,270,24,30,140.736884
insider,2,8,56,10,270.0,24.0,30.0,0.161600
fastmultrec_greedy,2,8,56,10,270.0,24.0,30.0,0.413717
lcamap,2,8,56,10,270.0,24.0,30.0,0.065920
segdup,2,8,56,15,390,24,30,84.262811
insider,2,8,56,15,390.0,24.0,30.0,0.238310
fastmultrec_greedy,2,8,56,15,390.0,24.0,30.0,0.407852
lcamap,2,8,56,15,390.0,24.0,30.0,0.064191
segdup,2,8,56,20,510,24,30,85.740161
insider,2,8,56,20,510.0,24.0,30.0,0.443600
fastmultrec_greedy,2,8,56,20,510.0,24.0,30.0,0.421938
lcamap,2,8,56,20,510.0,24.0,30.0,0.066332
segdup,2,8,56,25,630,24,30,84.451156
insider,2,8,56,25,630.0,24.0,30.0,1.186460
fastmultrec_greedy,2,8,56,25,630.0,24.0,30.0,0.417770
lcamap,2,8,56,25,630.0,24.0,30.0,0.067403
segdup,2,8,56,5,150,24,30,129.315533
insider,2,8,56,5,150.0,24.0,30.0,0.130990
fastmultrec_greedy,2,8,56,5,150.0,24.0,30.0,0.415932
lcamap,2,8,56,5,150.0,24.0,30.0,0.067490
segdup,2,9,56,10,196,18,16,82.928506
insider,2,9,56,10,192.0,17.0,22.0,0.129228
fastmultrec_greedy,2,9,56,10,196.0,18.0,16.0,0.293543
lcamap,2,9,56,10,196.0,18.0,16.0,0.040999
segdup,2,9,56,15,277,17,22,59.282932
insider,2,9,56,15,277.0,17.0,22.0,0.334214
fastmultrec_greedy,2,9,56,15,286.0,18.0,16.0,0.295621
lcamap,2,9,56,15,286.0,18.0,16.0,0.039871
segdup,2,9,56,20,362,17,22,58.831630
insider,2,9,56,20,362.0,17.0,22.0,0.563185
fastmultrec_greedy,2,9,56,20,376.0,18.0,16.0,0.293457
lcamap,2,9,56,20,376.0,18.0,16.0,0.039306
segdup,2,9,56,25,447,17,22,60.253683
insider,2,9,56,25,447.0,17.0,22.0,1.242031
fastmultrec_greedy,2,9,56,25,466.0,18.0,16.0,0.296123
lcamap,2,9,56,25,466.0,18.0,16.0,0.040412
segdup,2,9,56,5,106,18,16,91.419602
insider,2,9,56,5,106.0,18.0,16.0,0.101379
fastmultrec_greedy,2,9,56,5,106.0,18.0,16.0,0.290045
lcamap,2,9,56,5,106.0,18.0,16.0,0.040283
segdup,1,10,57,10,40,4,0,102.983508
insider,1,10,57,10,40.0,4.0,0.0,0.057005
fastmultrec_greedy,1,10,57,10,40.0,4.0,0.0,0.185405
lcamap,1,10,57,10,40.0,4.0,0.0,0.037837
segdup,1,10,57,15,60,4,0,95.423223
insider,1,10,57,15,60.0,4.0,0.0,0.060655
fastmultrec_greedy,1,10,57,15,60.0,4.0,0.0,0.185004
lcamap,1,10,57,15,60.0,4.0,0.0,0.031999
segdup,1,10,57,20,80,4,0,82.044222
insider,1,10,57,20,80.0,4.0,0.0,0.057407
fastmultrec_greedy,1,10,57,20,80.0,4.0,0.0,0.186250
lcamap,1,10,57,20,80.0,4.0,0.0,0.031821
segdup,1,10,57,25,100,4,0,95.437809
insider,1,10,57,25,100.0,4.0,0.0,0.056094
fastmultrec_greedy,1,10,57,25,100.0,4.0,0.0,0.188590
lcamap,1,10,57,25,100.0,4.0,0.0,0.033477
segdup,1,10,57,5,20,4,0,102.192695
insider,1,10,57,5,20.0,4.0,0.0,0.055128
fastmultrec_greedy,1,10,57,5,20.0,4.0,0.0,0.183685
lcamap,1,10,57,5,20.0,4.0,0.0,0.033360
segdup,1,11,57,10,10,1,0,124.720969
insider,1,11,57,10,10.0,1.0,0.0,0.066487
fastmultrec_greedy,1,11,57,10,10.0,1.0,0.0,0.252031
lcamap,1,11,57,10,10.0,1.0,0.0,0.040389
segdup,1,11,57,15,15,1,0,73.612650
insider,1,11,57,15,15.0,1.0,0.0,0.067163
fastmultrec_greedy,1,11,57,15,15.0,1.0,0.0,0.246787
lcamap,1,11,57,15,15.0,1.0,0.0,0.046706
segdup,1,11,57,20,20,1,0,69.532277
insider,1,11,57,20,20.0,1.0,0.0,0.072458
fastmultrec_greedy,1,11,57,20,20.0,1.0,0.0,0.253325
lcamap,1,11,57,20,20.0,1.0,0.0,0.040334
segdup,1,11,57,25,25,1,0,77.096887
insider,1,11,57,25,25.0,1.0,0.0,0.066987
fastmultrec_greedy,1,11,57,25,25.0,1.0,0.0,0.254459
lcamap,1,11,57,25,25.0,1.0,0.0,0.039743
segdup,1,11,57,5,5,1,0,127.987396
insider,1,11,57,5,5.0,1.0,0.0,0.067595
fastmultrec_greedy,1,11,57,5,5.0,1.0,0.0,0.247591
lcamap,1,11,57,5,5.0,1.0,0.0,0.040810
segdup,1,15,57,10,10,1,0,137.467617
insider,1,15,57,10,10.0,1.0,0.0,0.070213
fastmultrec_greedy,1,15,57,10,10.0,1.0,0.0,0.259228
lcamap,1,15,57,10,10.0,1.0,0.0,0.043838
segdup,1,15,57,15,15,1,0,131.782673
insider,1,15,57,15,15.0,1.0,0.0,0.068233
fastmultrec_greedy,1,15,57,15,15.0,1.0,0.0,0.261210
lcamap,1,15,57,15,15.0,1.0,0.0,0.043343
segdup,1,15,57,20,20,1,0,76.731733
insider,1,15,57,20,20.0,1.0,0.0,0.068111
fastmultrec_greedy,1,15,57,20,20.0,1.0,0.0,0.262539
lcamap,1,15,57,20,20.0,1.0,0.0,0.044050
segdup,1,15,57,25,25,1,0,77.460208
insider,1,15,57,25,25.0,1.0,0.0,0.072200
fastmultrec_greedy,1,15,57,25,25.0,1.0,0.0,0.264020
lcamap,1,15,57,25,25.0,1.0,0.0,0.044292
segdup,1,15,57,5,5,1,0,143.482442
insider,1,15,57,5,5.0,1.0,0.0,0.070303
fastmultrec_greedy,1,15,57,5,5.0,1.0,0.0,0.264151
lcamap,1,15,57,5,5.0,1.0,0.0,0.043732
segdup,1,8,57,10,1560,116,400,102.570334
insider,1,8,57,10,1517.0,104.0,477.0,0.262805
fastmultrec_greedy,1,8,57,10,1547.0,114.0,407.0,0.745072
lcamap,1,8,57,10,1560.0,116.0,400.0,0.053448
segdup,1,8,57,15,2140,116,400,100.837657
insider,1,8,57,15,2029.0,100.0,529.0,0.503746
fastmultrec_greedy,1,8,57,15,2117.0,114.0,407.0,0.741929
lcamap,1,8,57,15,2140.0,116.0,400.0,0.054242
segdup,1,8,57,20,2720,116,400,99.987174
insider,1,8,57,20,2523.0,98.0,563.0,1.200572
fastmultrec_greedy,1,8,57,20,2687.0,114.0,407.0,0.746091
lcamap,1,8,57,20,2720.0,116.0,400.0,0.046694
segdup,1,8,57,25,3300,116,400,102.140134
insider,1,8,57,25,3003.0,91.0,728.0,4.685291
fastmultrec_greedy,1,8,57,25,3254.0,113.0,429.0,0.994115
lcamap,1,8,57,25,3300.0,116.0,400.0,0.053074
segdup,1,8,57,5,980,116,400,100.827241
insider,1,8,57,5,977.0,114.0,407.0,0.145527
fastmultrec_greedy,1,8,57,5,977.0,114.0,407.0,0.758142
lcamap,1,8,57,5,980.0,116.0,400.0,0.054167
segdup,1,9,57,10,181,17,11,79.841892
insider,1,9,57,10,181.0,17.0,11.0,0.079690
fastmultrec_greedy,1,9,57,10,181.0,17.0,11.0,0.201572
lcamap,1,9,57,10,181.0,17.0,11.0,0.039456
segdup,1,9,57,15,266,17,11,69.210487
insider,1,9,57,15,266.0,17.0,11.0,0.102086
fastmultrec_greedy,1,9,57,15,266.0,17.0,11.0,0.203275
lcamap,1,9,57,15,266.0,17.0,11.0,0.033419
segdup,1,9,57,20,351,17,11,58.536262
insider,1,9,57,20,351.0,17.0,11.0,0.194285
fastmultrec_greedy,1,9,57,20,351.0,17.0,11.0,0.202472
lcamap,1,9,57,20,351.0,17.0,11.0,0.032757
segdup,1,9,57,25,436,17,11,57.846451
insider,1,9,57,25,436.0,17.0,11.0,1.120050
fastmultrec_greedy,1,9,57,25,436.0,17.0,11.0,0.201879
lcamap,1,9,57,25,436.0,17.0,11.0,0.032667
segdup,1,9,57,5,96,17,11,84.712291
insider,1,9,57,5,96.0,17.0,11.0,0.064447
fastmultrec_greedy,1,9,57,5,96.0,17.0,11.0,0.202496
lcamap,1,9,57,5,96.0,17.0,11.0,0.036401
segdup,2,15,57,10,20,2,0,158.257895
insider,2,15,57,10,20.0,2.0,0.0,0.103043
fastmultrec_greedy,2,15,57,10,20.0,2.0,0.0,0.414960
lcamap,2,15,57,10,20.0,2.0,0.0,0.058060
segdup,2,15,57,15,30,2,0,82.735243
insider,2,15,57,15,30.0,2.0,0.0,0.106030
fastmultrec_greedy,2,15,57,15,30.0,2.0,0.0,0.419555
lcamap,2,15,57,15,30.0,2.0,0.0,0.058869
segdup,2,15,57,20,40,2,0,81.701407
insider,2,15,57,20,40.0,2.0,0.0,0.106329
fastmultrec_greedy,2,15,57,20,40.0,2.0,0.0,0.432183
lcamap,2,15,57,20,40.0,2.0,0.0,0.061992
segdup,2,15,57,25,50,2,0,81.171490
insider,2,15,57,25,50.0,2.0,0.0,0.106264
fastmultrec_greedy,2,15,57,25,50.0,2.0,0.0,0.420200
lcamap,2,15,57,25,50.0,2.0,0.0,0.059331
segdup,2,15,57,5,10,2,0,173.191469
insider,2,15,57,5,10.0,2.0,0.0,0.106933
fastmultrec_greedy,2,15,57,5,10.0,2.0,0.0,0.427955
lcamap,2,15,57,5,10.0,2.0,0.0,0.058644
segdup,2,8,57,10,632,55,82,110.042682
insider,2,8,57,10,630.0,53.0,100.0,0.302644
fastmultrec_greedy,2,8,57,10,632.0,55.0,82.0,0.371228
lcamap,2,8,57,10,632.0,55.0,82.0,0.060466
segdup,2,8,57,15,907,55,82,107.764312
insider,2,8,57,15,892.0,51.0,127.0,0.707725
fastmultrec_greedy,2,8,57,15,907.0,55.0,82.0,0.373979
lcamap,2,8,57,15,907.0,55.0,82.0,0.058832
segdup,2,8,57,20,1182,55,82,100.594167
insider,2,8,57,20,1134.0,48.0,174.0,2.477819
fastmultrec_greedy,2,8,57,20,1182.0,55.0,82.0,0.369868
lcamap,2,8,57,20,1182.0,55.0,82.0,0.066764
segdup,2,8,57,25,1457,55,82,98.642397
insider,2,8,57,25,1370.0,47.0,195.0,16.940351
fastmultrec_greedy,2,8,57,25,1457.0,55.0,82.0,0.361673
lcamap,2,8,57,25,1457.0,55.0,82.0,0.096114
segdup,2,8,57,5,357,55,82,111.025332
insider,2,8,57,5,357.0,55.0,82.0,0.172486
fastmultrec_greedy,2,8,57,5,357.0,55.0,82.0,0.368276
lcamap,2,8,57,5,357.0,55.0,82.0,0.057975
segdup,2,9,57,10,214,20,14,260.985402
insider,2,9,57,10,214.0,20.0,14.0,0.193291
fastmultrec_greedy,2,9,57,10,214.0,20.0,14.0,0.693368
lcamap,2,9,57,10,214.0,20.0,14.0,0.093122
segdup,2,9,57,15,314,20,14,248.862637
insider,2,9,57,15,314.0,20.0,14.0,0.260331
fastmultrec_greedy,2,9,57,15,314.0,20.0,14.0,0.685764
lcamap,2,9,57,15,314.0,20.0,14.0,0.098548
segdup,2,9,57,20,414,20,14,175.272121
insider,2,9,57,20,414.0,20.0,14.0,0.389449
fastmultrec_greedy,2,9,57,20,414.0,20.0,14.0,0.691269
lcamap,2,9,57,20,414.0,20.0,14.0,0.095019
segdup,2,9,57,25,514,20,14,176.118610
insider,2,9,57,25,514.0,20.0,14.0,0.839997
fastmultrec_greedy,2,9,57,25,514.0,20.0,14.0,0.672193
lcamap,2,9,57,25,514.0,20.0,14.0,0.094164
segdup,2,9,57,5,114,20,14,274.875809
insider,2,9,57,5,114.0,20.0,14.0,0.175228
fastmultrec_greedy,2,9,57,5,114.0,20.0,14.0,0.683640
lcamap,2,9,57,5,114.0,20.0,14.0,0.099950
segdup,1,10,58,10,20,2,0,74.842650
insider,1,10,58,10,20.0,2.0,0.0,0.049349
fastmultrec_greedy,1,10,58,10,20.0,2.0,0.0,0.193930
lcamap,1,10,58,10,20.0,2.0,0.0,0.030521
segdup,1,10,58,15,30,2,0,67.123747
insider,1,10,58,15,30.0,2.0,0.0,0.049141
fastmultrec_greedy,1,10,58,15,30.0,2.0,0.0,0.189730
lcamap,1,10,58,15,30.0,2.0,0.0,0.030661
segdup,1,10,58,20,40,2,0,52.665481
insider,1,10,58,20,40.0,2.0,0.0,0.049417
fastmultrec_greedy,1,10,58,20,40.0,2.0,0.0,0.191548
lcamap,1,10,58,20,40.0,2.0,0.0,0.035716
segdup,1,10,58,25,50,2,0,50.020890
insider,1,10,58,25,50.0,2.0,0.0,0.048181
fastmultrec_greedy,1,10,58,25,50.0,2.0,0.0,0.191139
lcamap,1,10,58,25,50.0,2.0,0.0,0.029320
segdup,1,10,58,5,10,2,0,75.462999
insider,1,10,58,5,10.0,2.0,0.0,0.049547
fastmultrec_greedy,1,10,58,5,10.0,2.0,0.0,0.188889
lcamap,1,10,58,5,10.0,2.0,0.0,0.029615
segdup,1,11,58,10,10,1,0,166.920730
insider,1,11,58,10,10.0,1.0,0.0,0.091913
fastmultrec_greedy,1,11,58,10,10.0,1.0,0.0,0.353449
lcamap,1,11,58,10,10.0,1.0,0.0,0.058314
segdup,1,11,58,15,15,1,0,97.685040
insider,1,11,58,15,15.0,1.0,0.0,0.088939
fastmultrec_greedy,1,11,58,15,15.0,1.0,0.0,0.352097
lcamap,1,11,58,15,15.0,1.0,0.0,0.058430
segdup,1,11,58,20,20,1,0,99.131696
insider,1,11,58,20,20.0,1.0,0.0,0.090298
fastmultrec_greedy,1,11,58,20,20.0,1.0,0.0,0.352570
lcamap,1,11,58,20,20.0,1.0,0.0,0.058640
segdup,1,11,58,25,25,1,0,92.521310
insider,1,11,58,25,25.0,1.0,0.0,0.088520
fastmultrec_greedy,1,11,58,25,25.0,1.0,0.0,0.352728
lcamap,1,11,58,25,25.0,1.0,0.0,0.057788
segdup,1,11,58,5,5,1,0,171.565464
insider,1,11,58,5,5.0,1.0,0.0,0.089751
fastmultrec_greedy,1,11,58,5,5.0,1.0,0.0,0.351099
lcamap,1,11,58,5,5.0,1.0,0.0,0.057415
segdup,1,15,58,10,10,1,0,118.683473
insider,1,15,58,10,10.0,1.0,0.0,0.065995
fastmultrec_greedy,1,15,58,10,10.0,1.0,0.0,0.255750
lcamap,1,15,58,10,10.0,1.0,0.0,0.041705
segdup,1,15,58,15,15,1,0,106.784251
insider,1,15,58,15,15.0,1.0,0.0,0.066157
fastmultrec_greedy,1,15,58,15,15.0,1.0,0.0,0.261993
lcamap,1,15,58,15,15.0,1.0,0.0,0.042220
segdup,1,15,58,20,20,1,0,74.634028
insider,1,15,58,20,20.0,1.0,0.0,0.066661
fastmultrec_greedy,1,15,58,20,20.0,1.0,0.0,0.257223
lcamap,1,15,58,20,20.0,1.0,0.0,0.042703
segdup,1,15,58,25,25,1,0,74.723107
insider,1,15,58,25,25.0,1.0,0.0,0.065164
fastmultrec_greedy,1,15,58,25,25.0,1.0,0.0,0.256695
lcamap,1,15,58,25,25.0,1.0,0.0,0.047931
segdup,1,15,58,5,5,1,0,123.907150
insider,1,15,58,5,5.0,1.0,0.0,0.065694
fastmultrec_greedy,1,15,58,5,5.0,1.0,0.0,0.254674
lcamap,1,15,58,5,5.0,1.0,0.0,0.041206
segdup,1,8,58,10,1153,94,213,115.476543
insider,1,8,58,10,1127.0,86.0,267.0,0.313768
fastmultrec_greedy,1,8,58,10,1146.0,93.0,216.0,0.577096
lcamap,1,8,58,10,1153.0,94.0,213.0,0.057813
segdup,1,8,58,15,1613,93,218,114.221961
insider,1,8,58,15,1548.0,81.0,333.0,1.312157
fastmultrec_greedy,1,8,58,15,1611.0,93.0,216.0,0.579278
lcamap,1,8,58,15,1623.0,94.0,213.0,0.057280
segdup,1,8,58,20,2076,93,216,111.652203
insider,1,8,58,20,1941.0,77.0,401.0,8.934270
fastmultrec_greedy,1,8,58,20,2076.0,93.0,216.0,0.596886
lcamap,1,8,58,20,2093.0,94.0,213.0,0.057541
segdup,1,8,58,25,2545,93,220,113.765130
insider,1,8,58,25,2319.0,72.0,519.0,83.654929
fastmultrec_greedy,1,8,58,25,2541.0,93.0,216.0,0.583693
lcamap,1,8,58,25,2563.0,94.0,213.0,0.058660
segdup,1,8,58,5,683,94,213,115.328241
insider,1,8,58,5,681.0,93.0,216.0,0.160023
fastmultrec_greedy,1,8,58,5,681.0,93.0,216.0,0.595011
lcamap,1,8,58,5,683.0,94.0,213.0,0.060638
segdup,1,9,58,10,404,37,34,111.607463
insider,1,9,58,10,403.0,36.0,43.0,0.126570
fastmultrec_greedy,1,9,58,10,404.0,37.0,34.0,0.291510
lcamap,1,9,58,10,404.0,37.0,34.0,0.053964
segdup,1,9,58,15,589,37,34,100.743814
insider,1,9,58,15,583.0,36.0,43.0,0.208719
fastmultrec_greedy,1,9,58,15,589.0,37.0,34.0,0.294878
lcamap,1,9,58,15,589.0,37.0,34.0,0.053019
segdup,1,9,58,20,774,37,34,100.620259
insider,1,9,58,20,763.0,36.0,43.0,1.020951
fastmultrec_greedy,1,9,58,20,774.0,37.0,34.0,0.284758
lcamap,1,9,58,20,774.0,37.0,34.0,0.051981
segdup,1,9,58,25,959,37,34,99.345018
insider,1,9,58,25,943.0,36.0,43.0,8.455206
fastmultrec_greedy,1,9,58,25,959.0,37.0,34.0,0.284981
lcamap,1,9,58,25,959.0,37.0,34.0,0.055165
segdup,1,9,58,5,219,37,34,111.934520
insider,1,9,58,5,219.0,37.0,34.0,0.095971
fastmultrec_greedy,1,9,58,5,219.0,37.0,34.0,0.289024
lcamap,1,9,58,5,219.0,37.0,34.0,0.049702
segdup,2,10,58,10,20,2,0,151.044290
insider,2,10,58,10,20.0,2.0,0.0,0.104071
fastmultrec_greedy,2,10,58,10,20.0,2.0,0.0,0.405874
lcamap,2,10,58,10,20.0,2.0,0.0,0.056238
segdup,2,10,58,15,30,2,0,73.845334
insider,2,10,58,15,30.0,2.0,0.0,0.105368
fastmultrec_greedy,2,10,58,15,30.0,2.0,0.0,0.405231
lcamap,2,10,58,15,30.0,2.0,0.0,0.056456
segdup,2,10,58,20,40,2,0,75.272406
insider,2,10,58,20,40.0,2.0,0.0,0.099224
fastmultrec_greedy,2,10,58,20,40.0,2.0,0.0,0.403927
lcamap,2,10,58,20,40.0,2.0,0.0,0.057165
segdup,2,10,58,25,50,2,0,73.693604
insider,2,10,58,25,50.0,2.0,0.0,0.099638
fastmultrec_greedy,2,10,58,25,50.0,2.0,0.0,0.399022
lcamap,2,10,58,25,50.0,2.0,0.0,0.058150
segdup,2,10,58,5,10,2,0,143.122326
insider,2,10,58,5,10.0,2.0,0.0,0.099184
fastmultrec_greedy,2,10,58,5,10.0,2.0,0.0,0.401841
lcamap,2,10,58,5,10.0,2.0,0.0,0.058007
segdup,2,11,58,10,20,2,0,197.777923
insider,2,11,58,10,20.0,2.0,0.0,0.135974
fastmultrec_greedy,2,11,58,10,20.0,2.0,0.0,0.551251
lcamap,2,11,58,10,20.0,2.0,0.0,0.086772
segdup,2,11,58,15,30,2,0,189.045225
insider,2,11,58,15,30.0,2.0,0.0,0.136069
fastmultrec_greedy,2,11,58,15,30.0,2.0,0.0,0.539147
lcamap,2,11,58,15,30.0,2.0,0.0,0.087753
segdup,2,11,58,20,40,2,0,119.287110
insider,2,11,58,20,40.0,2.0,0.0,0.141217
fastmultrec_greedy,2,11,58,20,40.0,2.0,0.0,0.543807
lcamap,2,11,58,20,40.0,2.0,0.0,0.086775
segdup,2,11,58,25,50,2,0,117.800101
insider,2,11,58,25,50.0,2.0,0.0,0.136667
fastmultrec_greedy,2,11,58,25,50.0,2.0,0.0,0.553354
lcamap,2,11,58,25,50.0,2.0,0.0,0.091306
segdup,2,11,58,5,10,2,0,227.078494
insider,2,11,58,5,10.0,2.0,0.0,0.134121
fastmultrec_greedy,2,11,58,5,10.0,2.0,0.0,0.543521
lcamap,2,11,58,5,10.0,2.0,0.0,0.088080
segdup,2,8,58,10,599,47,129,68.408224
insider,2,8,58,10,579.0,42.0,159.0,0.166454
fastmultrec_greedy,2,8,58,10,588.0,45.0,138.0,0.445979
lcamap,2,8,58,10,599.0,47.0,129.0,0.029264
segdup,2,8,58,15,834,47,129,63.672372
insider,2,8,58,15,786.0,41.0,171.0,0.307892
fastmultrec_greedy,2,8,58,15,813.0,45.0,138.0,0.445625
lcamap,2,8,58,15,834.0,47.0,129.0,0.029620
segdup,2,8,58,20,1069,47,129,60.615556
insider,2,8,58,20,988.0,40.0,188.0,0.695206
fastmultrec_greedy,2,8,58,20,1038.0,45.0,138.0,0.430766
lcamap,2,8,58,20,1069.0,47.0,129.0,0.028996
segdup,2,8,58,25,1304,47,129,59.966192
insider,2,8,58,25,1188.0,40.0,188.0,5.683730
fastmultrec_greedy,2,8,58,25,1263.0,45.0,138.0,0.448959
lcamap,2,8,58,25,1304.0,47.0,129.0,0.030660
segdup,2,8,58,5,364,47,129,68.210101
insider,2,8,58,5,362.0,46.0,132.0,0.102902
fastmultrec_greedy,2,8,58,5,362.0,46.0,132.0,0.305220
lcamap,2,8,58,5,364.0,47.0,129.0,0.029741
segdup,2,9,58,10,159,15,9,163.107137
insider,2,9,58,10,159.0,15.0,9.0,0.144999
fastmultrec_greedy,2,9,58,10,159.0,15.0,9.0,0.508438
lcamap,2,9,58,10,159.0,15.0,9.0,0.074541
segdup,2,9,58,15,234,15,9,101.815427
insider,2,9,58,15,234.0,15.0,9.0,0.160290
fastmultrec_greedy,2,9,58,15,234.0,15.0,9.0,0.506481
lcamap,2,9,58,15,234.0,15.0,9.0,0.078821
segdup,2,9,58,20,309,15,9,101.131001
insider,2,9,58,20,309.0,15.0,9.0,0.197078
fastmultrec_greedy,2,9,58,20,309.0,15.0,9.0,0.506953
lcamap,2,9,58,20,309.0,15.0,9.0,0.080940
segdup,2,9,58,25,384,15,9,98.576364
insider,2,9,58,25,384.0,15.0,9.0,0.357963
fastmultrec_greedy,2,9,58,25,384.0,15.0,9.0,0.505160
lcamap,2,9,58,25,384.0,15.0,9.0,0.073311
segdup,2,9,58,5,84,15,9,185.715282
insider,2,9,58,5,84.0,15.0,9.0,0.131855
fastmultrec_greedy,2,9,58,5,84.0,15.0,9.0,0.512616
lcamap,2,9,58,5,84.0,15.0,9.0,0.074698
segdup,1,10,59,10,10,1,0,106.230575
insider,1,10,59,10,10.0,1.0,0.0,0.058473
fastmultrec_greedy,1,10,59,10,10.0,1.0,0.0,0.200934
lcamap,1,10,59,10,10.0,1.0,0.0,0.034170
segdup,1,10,59,15,15,1,0,97.462522
insider,1,10,59,15,15.0,1.0,0.0,0.057157
fastmultrec_greedy,1,10,59,15,15.0,1.0,0.0,0.203881
lcamap,1,10,59,15,15.0,1.0,0.0,0.035499
segdup,1,10,59,20,20,1,0,63.165188
insider,1,10,59,20,20.0,1.0,0.0,0.058204
fastmultrec_greedy,1,10,59,20,20.0,1.0,0.0,0.205590
lcamap,1,10,59,20,20.0,1.0,0.0,0.035110
segdup,1,10,59,25,25,1,0,66.651039
insider,1,10,59,25,25.0,1.0,0.0,0.058641
fastmultrec_greedy,1,10,59,25,25.0,1.0,0.0,0.203124
lcamap,1,10,59,25,25.0,1.0,0.0,0.034969
segdup,1,10,59,5,5,1,0,115.670645
insider,1,10,59,5,5.0,1.0,0.0,0.063753
fastmultrec_greedy,1,10,59,5,5.0,1.0,0.0,0.202596
lcamap,1,10,59,5,5.0,1.0,0.0,0.033869
segdup,1,11,59,10,11,1,1,96.901971
insider,1,11,59,10,11.0,1.0,1.0,0.054446
fastmultrec_greedy,1,11,59,10,11.0,1.0,1.0,0.209127
lcamap,1,11,59,10,11.0,1.0,1.0,0.032803
segdup,1,11,59,15,16,1,1,87.332521
insider,1,11,59,15,16.0,1.0,1.0,0.054456
fastmultrec_greedy,1,11,59,15,16.0,1.0,1.0,0.205398
lcamap,1,11,59,15,16.0,1.0,1.0,0.033149
segdup,1,11,59,20,21,1,1,57.275688
insider,1,11,59,20,21.0,1.0,1.0,0.053883
fastmultrec_greedy,1,11,59,20,21.0,1.0,1.0,0.207586
lcamap,1,11,59,20,21.0,1.0,1.0,0.031951
segdup,1,11,59,25,26,1,1,56.675205
insider,1,11,59,25,26.0,1.0,1.0,0.054950
fastmultrec_greedy,1,11,59,25,26.0,1.0,1.0,0.208457
lcamap,1,11,59,25,26.0,1.0,1.0,0.033852
segdup,1,11,59,5,6,1,1,104.385305
insider,1,11,59,5,6.0,1.0,1.0,0.052526
fastmultrec_greedy,1,11,59,5,6.0,1.0,1.0,0.204202
lcamap,1,11,59,5,6.0,1.0,1.0,0.032069
segdup,1,15,59,10,10,1,0,137.403108
insider,1,15,59,10,10.0,1.0,0.0,0.102087
fastmultrec_greedy,1,15,59,10,10.0,1.0,0.0,0.463510
lcamap,1,15,59,10,10.0,1.0,0.0,0.066583
segdup,1,15,59,15,15,1,0,102.022677
insider,1,15,59,15,15.0,1.0,0.0,0.099835
fastmultrec_greedy,1,15,59,15,15.0,1.0,0.0,0.463750
lcamap,1,15,59,15,15.0,1.0,0.0,0.066459
segdup,1,15,59,20,20,1,0,100.227920
insider,1,15,59,20,20.0,1.0,0.0,0.099645
fastmultrec_greedy,1,15,59,20,20.0,1.0,0.0,0.460223
lcamap,1,15,59,20,20.0,1.0,0.0,0.065599
segdup,1,15,59,25,25,1,0,99.219391
insider,1,15,59,25,25.0,1.0,0.0,0.097970
fastmultrec_greedy,1,15,59,25,25.0,1.0,0.0,0.456078
lcamap,1,15,59,25,25.0,1.0,0.0,0.065320
segdup,1,15,59,5,5,1,0,149.993967
insider,1,15,59,5,5.0,1.0,0.0,0.099421
fastmultrec_greedy,1,15,59,5,5.0,1.0,0.0,0.451948
lcamap,1,15,59,5,5.0,1.0,0.0,0.065900
segdup,1,8,59,10,393,35,43,63.443787
insider,1,8,59,10,392.0,34.0,52.0,0.097246
fastmultrec_greedy,1,8,59,10,393.0,35.0,43.0,0.234079
lcamap,1,8,59,10,393.0,35.0,43.0,0.030412
segdup,1,8,59,15,568,35,43,59.415519
insider,1,8,59,15,562.0,34.0,52.0,0.205727
fastmultrec_greedy,1,8,59,15,568.0,35.0,43.0,0.233868
lcamap,1,8,59,15,568.0,35.0,43.0,0.029245
segdup,1,8,59,20,743,35,43,53.415543
insider,1,8,59,20,732.0,34.0,52.0,1.160878
fastmultrec_greedy,1,8,59,20,743.0,35.0,43.0,0.235066
lcamap,1,8,59,20,743.0,35.0,43.0,0.029831
segdup,1,8,59,25,918,35,43,53.271488
insider,1,8,59,25,902.0,34.0,52.0,9.144125
fastmultrec_greedy,1,8,59,25,918.0,35.0,43.0,0.231896
lcamap,1,8,59,25,918.0,35.0,43.0,0.030335
segdup,1,8,59,5,218,35,43,68.160706
insider,1,8,59,5,218.0,35.0,43.0,0.070342
fastmultrec_greedy,1,8,59,5,218.0,35.0,43.0,0.232813
lcamap,1,8,59,5,218.0,35.0,43.0,0.030777
segdup,1,9,59,10,32,3,2,77.726104
insider,1,9,59,10,32.0,3.0,2.0,0.046898
fastmultrec_greedy,1,9,59,10,32.0,3.0,2.0,0.163601
lcamap,1,9,59,10,32.0,3.0,2.0,0.027727
segdup,1,9,59,15,47,3,2,78.921846
insider,1,9,59,15,47.0,3.0,2.0,0.047153
fastmultrec_greedy,1,9,59,15,47.0,3.0,2.0,0.166493
lcamap,1,9,59,15,47.0,3.0,2.0,0.027111
segdup,1,9,59,20,62,3,2,69.039233
insider,1,9,59,20,62.0,3.0,2.0,0.048095
fastmultrec_greedy,1,9,59,20,62.0,3.0,2.0,0.163589
lcamap,1,9,59,20,62.0,3.0,2.0,0.032171
segdup,1,9,59,25,77,3,2,65.068929
insider,1,9,59,25,77.0,3.0,2.0,0.049030
fastmultrec_greedy,1,9,59,25,77.0,3.0,2.0,0.163609
lcamap,1,9,59,25,77.0,3.0,2.0,0.026465
segdup,1,9,59,5,17,3,2,84.003650
insider,1,9,59,5,17.0,3.0,2.0,0.045267
fastmultrec_greedy,1,9,59,5,17.0,3.0,2.0,0.162883
lcamap,1,9,59,5,17.0,3.0,2.0,0.026529
segdup,2,10,59,10,20,2,0,145.988627
insider,2,10,59,10,20.0,2.0,0.0,0.085747
fastmultrec_greedy,2,10,59,10,20.0,2.0,0.0,0.290828
lcamap,2,10,59,10,20.0,2.0,0.0,0.046131
segdup,2,10,59,15,30,2,0,67.227656
insider,2,10,59,15,30.0,2.0,0.0,0.078093
fastmultrec_greedy,2,10,59,15,30.0,2.0,0.0,0.284858
lcamap,2,10,59,15,30.0,2.0,0.0,0.046750
segdup,2,10,59,20,40,2,0,63.708600
insider,2,10,59,20,40.0,2.0,0.0,0.080764
fastmultrec_greedy,2,10,59,20,40.0,2.0,0.0,0.284244
lcamap,2,10,59,20,40.0,2.0,0.0,0.046100
segdup,2,10,59,25,50,2,0,64.490455
insider,2,10,59,25,50.0,2.0,0.0,0.079378
fastmultrec_greedy,2,10,59,25,50.0,2.0,0.0,0.285682
lcamap,2,10,59,25,50.0,2.0,0.0,0.046635
segdup,2,10,59,5,10,2,0,146.457497
insider,2,10,59,5,10.0,2.0,0.0,0.079292
fastmultrec_greedy,2,10,59,5,10.0,2.0,0.0,0.283813
lcamap,2,10,59,5,10.0,2.0,0.0,0.046208
segdup,2,11,59,10,30,3,0,156.581122
insider,2,11,59,10,30.0,3.0,0.0,0.096520
fastmultrec_greedy,2,11,59,10,30.0,3.0,0.0,0.345103
lcamap,2,11,59,10,30.0,3.0,0.0,0.056721
segdup,2,11,59,15,45,3,0,75.829956
insider,2,11,59,15,45.0,3.0,0.0,0.099996
fastmultrec_greedy,2,11,59,15,45.0,3.0,0.0,0.356754
lcamap,2,11,59,15,45.0,3.0,0.0,0.059788
segdup,2,11,59,20,60,3,0,72.654011
insider,2,11,59,20,60.0,3.0,0.0,0.095150
fastmultrec_greedy,2,11,59,20,60.0,3.0,0.0,0.346713
lcamap,2,11,59,20,60.0,3.0,0.0,0.056439
segdup,2,11,59,25,75,3,0,73.966995
insider,2,11,59,25,75.0,3.0,0.0,0.097231
fastmultrec_greedy,2,11,59,25,75.0,3.0,0.0,0.346103
lcamap,2,11,59,25,75.0,3.0,0.0,0.056471
segdup,2,11,59,5,15,3,0,172.850537
insider,2,11,59,5,15.0,3.0,0.0,0.095015
fastmultrec_greedy,2,11,59,5,15.0,3.0,0.0,0.352157
lcamap,2,11,59,5,15.0,3.0,0.0,0.058308
segdup,2,15,59,10,20,2,0,134.152729
insider,2,15,59,10,20.0,2.0,0.0,0.077187
fastmultrec_greedy,2,15,59,10,20.0,2.0,0.0,0.290908
lcamap,2,15,59,10,20.0,2.0,0.0,0.043352
segdup,2,15,59,15,30,2,0,75.003048
insider,2,15,59,15,30.0,2.0,0.0,0.076120
fastmultrec_greedy,2,15,59,15,30.0,2.0,0.0,0.289000
lcamap,2,15,59,15,30.0,2.0,0.0,0.044325
segdup,2,15,59,20,40,2,0,75.104934
insider,2,15,59,20,40.0,2.0,0.0,0.078361
fastmultrec_greedy,2,15,59,20,40.0,2.0,0.0,0.287184
lcamap,2,15,59,20,40.0,2.0,0.0,0.048556
segdup,2,15,59,25,50,2,0,98.350921
insider,2,15,59,25,50.0,2.0,0.0,0.077009
fastmultrec_greedy,2,15,59,25,50.0,2.0,0.0,0.283939
lcamap,2,15,59,25,50.0,2.0,0.0,0.042705
segdup,2,15,59,5,10,2,0,157.631115
insider,2,15,59,5,10.0,2.0,0.0,0.078277
fastmultrec_greedy,2,15,59,5,10.0,2.0,0.0,0.288401
lcamap,2,15,59,5,10.0,2.0,0.0,0.043111
segdup,2,8,59,10,2092,143,662,255.527588
insider,2,8,59,10,2045.0,129.0,755.0,0.634620
fastmultrec_greedy,2,8,59,10,2055.0,136.0,695.0,6.659461
lcamap,2,8,59,10,2092.0,143.0,662.0,0.117023
segdup,2,8,59,15,2807,143,662,248.231895
insider,2,8,59,15,2674.0,124.0,814.0,1.865471
fastmultrec_greedy,2,8,59,15,2735.0,136.0,695.0,6.514341
lcamap,2,8,59,15,2807.0,143.0,662.0,0.114011
segdup,2,8,59,20,3522,143,662,250.156490
insider,2,8,59,20,3279.0,119.0,899.0,14.675867
fastmultrec_greedy,2,8,59,20,3415.0,136.0,695.0,6.513089
lcamap,2,8,59,20,3522.0,143.0,662.0,0.114004
segdup,2,8,59,25,4237,143,662,249.956779
insider,2,8,59,25,3859.0,114.0,1009.0,50.842767
fastmultrec_greedy,2,8,59,25,4087.0,134.0,737.0,8.332760
lcamap,2,8,59,25,4237.0,143.0,662.0,0.116762
segdup,2,8,59,5,1377,143,662,274.477545
insider,2,8,59,5,1367.0,138.0,677.0,0.305783
fastmultrec_greedy,2,8,59,5,1367.0,138.0,677.0,4.828830
lcamap,2,8,59,5,1377.0,143.0,662.0,0.114116
segdup,2,9,59,10,151,14,11,190.483562
insider,2,9,59,10,151.0,14.0,11.0,0.150728
fastmultrec_greedy,2,9,59,10,151.0,14.0,11.0,0.441954
lcamap,2,9,59,10,151.0,14.0,11.0,0.076168
segdup,2,9,59,15,221,14,11,145.438851
insider,2,9,59,15,221.0,14.0,11.0,0.191405
fastmultrec_greedy,2,9,59,15,221.0,14.0,11.0,0.440852
lcamap,2,9,59,15,221.0,14.0,11.0,0.075518
segdup,2,9,59,20,291,14,11,140.407042
insider,2,9,59,20,291.0,14.0,11.0,0.264026
fastmultrec_greedy,2,9,59,20,291.0,14.0,11.0,0.439288
lcamap,2,9,59,20,291.0,14.0,11.0,0.074632
segdup,2,9,59,25,361,14,11,139.184089
insider,2,9,59,25,361.0,14.0,11.0,0.471889
fastmultrec_greedy,2,9,59,25,361.0,14.0,11.0,0.453491
lcamap,2,9,59,25,361.0,14.0,11.0,0.076136
segdup,2,9,59,5,81,14,11,185.211778
insider,2,9,59,5,81.0,14.0,11.0,0.136040
fastmultrec_greedy,2,9,59,5,81.0,14.0,11.0,0.447211
lcamap,2,9,59,5,81.0,14.0,11.0,0.076001
segdup,1,10,5,10,20,2,0,85.028799
insider,1,10,5,10,20.0,2.0,0.0,0.050807
fastmultrec_greedy,1,10,5,10,20.0,2.0,0.0,0.191317
lcamap,1,10,5,10,20.0,2.0,0.0,0.030192
segdup,1,10,5,15,30,2,0,67.119526
insider,1,10,5,15,30.0,2.0,0.0,0.052533
fastmultrec_greedy,1,10,5,15,30.0,2.0,0.0,0.194447
lcamap,1,10,5,15,30.0,2.0,0.0,0.030346
segdup,1,10,5,20,40,2,0,50.736213
insider,1,10,5,20,40.0,2.0,0.0,0.057613
fastmultrec_greedy,1,10,5,20,40.0,2.0,0.0,0.195220
lcamap,1,10,5,20,40.0,2.0,0.0,0.031275
segdup,1,10,5,25,50,2,0,48.779625
insider,1,10,5,25,50.0,2.0,0.0,0.052554
fastmultrec_greedy,1,10,5,25,50.0,2.0,0.0,0.193559
lcamap,1,10,5,25,50.0,2.0,0.0,0.030837
segdup,1,10,5,5,10,2,0,89.868777
insider,1,10,5,5,10.0,2.0,0.0,0.051003
fastmultrec_greedy,1,10,5,5,10.0,2.0,0.0,0.193876
lcamap,1,10,5,5,10.0,2.0,0.0,0.030418
segdup,1,11,5,10,10,1,0,56.005053
insider,1,11,5,10,10.0,1.0,0.0,0.036151
fastmultrec_greedy,1,11,5,10,10.0,1.0,0.0,0.122349
lcamap,1,11,5,10,10.0,1.0,0.0,0.019821
segdup,1,11,5,15,15,1,0,45.164007
insider,1,11,5,15,15.0,1.0,0.0,0.035287
fastmultrec_greedy,1,11,5,15,15.0,1.0,0.0,0.121353
lcamap,1,11,5,15,15.0,1.0,0.0,0.019701
segdup,1,11,5,20,20,1,0,36.134325
insider,1,11,5,20,20.0,1.0,0.0,0.035868
fastmultrec_greedy,1,11,5,20,20.0,1.0,0.0,0.120991
lcamap,1,11,5,20,20.0,1.0,0.0,0.019972
segdup,1,11,5,25,25,1,0,36.043371
insider,1,11,5,25,25.0,1.0,0.0,0.034488
fastmultrec_greedy,1,11,5,25,25.0,1.0,0.0,0.120316
lcamap,1,11,5,25,25.0,1.0,0.0,0.019383
segdup,1,11,5,5,5,1,0,58.707272
insider,1,11,5,5,5.0,1.0,0.0,0.035222
fastmultrec_greedy,1,11,5,5,5.0,1.0,0.0,0.121870
lcamap,1,11,5,5,5.0,1.0,0.0,0.019908
segdup,1,15,5,10,10,1,0,84.692677
insider,1,15,5,10,10.0,1.0,0.0,0.046415
fastmultrec_greedy,1,15,5,10,10.0,1.0,0.0,0.168754
lcamap,1,15,5,10,10.0,1.0,0.0,0.027278
segdup,1,15,5,15,15,1,0,70.237314
insider,1,15,5,15,15.0,1.0,0.0,0.047506
fastmultrec_greedy,1,15,5,15,15.0,1.0,0.0,0.165493
lcamap,1,15,5,15,15.0,1.0,0.0,0.027501
segdup,1,15,5,20,20,1,0,50.925359
insider,1,15,5,20,20.0,1.0,0.0,0.048686
fastmultrec_greedy,1,15,5,20,20.0,1.0,0.0,0.167092
lcamap,1,15,5,20,20.0,1.0,0.0,0.027414
segdup,1,15,5,25,25,1,0,47.737820
insider,1,15,5,25,25.0,1.0,0.0,0.047125
fastmultrec_greedy,1,15,5,25,25.0,1.0,0.0,0.169553
lcamap,1,15,5,25,25.0,1.0,0.0,0.027485
segdup,1,15,5,5,5,1,0,90.935158
insider,1,15,5,5,5.0,1.0,0.0,0.047835
fastmultrec_greedy,1,15,5,5,5.0,1.0,0.0,0.167256
lcamap,1,15,5,5,5.0,1.0,0.0,0.027155
segdup,1,8,5,10,1254,96,294,85.374084
insider,1,8,5,10,1229.0,88.0,349.0,0.234338
fastmultrec_greedy,1,8,5,10,1243.0,93.0,313.0,0.799901
lcamap,1,8,5,10,1254.0,96.0,294.0,0.041361
segdup,1,8,5,15,1734,96,294,84.557694
insider,1,8,5,15,1649.0,81.0,434.0,0.488054
fastmultrec_greedy,1,8,5,15,1707.0,92.0,327.0,1.000999
lcamap,1,8,5,15,1734.0,96.0,294.0,0.041825
segdup,1,8,5,20,2204,95,304,81.227159
insider,1,8,5,20,2051.0,79.0,471.0,1.209081
fastmultrec_greedy,1,8,5,20,2167.0,92.0,327.0,0.987616
lcamap,1,8,5,20,2214.0,96.0,294.0,0.043713
segdup,1,8,5,25,2685,95,310,80.152163
insider,1,8,5,25,2442.0,77.0,517.0,9.462736
fastmultrec_greedy,1,8,5,25,2627.0,92.0,327.0,0.984267
lcamap,1,8,5,25,2694.0,96.0,294.0,0.040358
segdup,1,8,5,5,774,96,294,88.876247
insider,1,8,5,5,772.0,95.0,297.0,0.124502
fastmultrec_greedy,1,8,5,5,772.0,95.0,297.0,0.408424
lcamap,1,8,5,5,774.0,96.0,294.0,0.041478
segdup,1,9,5,10,170,15,20,66.784410
insider,1,9,5,10,170.0,15.0,20.0,0.060077
fastmultrec_greedy,1,9,5,10,170.0,15.0,20.0,0.186233
lcamap,1,9,5,10,170.0,15.0,20.0,0.028641
segdup,1,9,5,15,245,15,20,58.906059
insider,1,9,5,15,245.0,15.0,20.0,0.096321
fastmultrec_greedy,1,9,5,15,245.0,15.0,20.0,0.186607
lcamap,1,9,5,15,245.0,15.0,20.0,0.028991
segdup,1,9,5,20,320,15,20,62.271285
insider,1,9,5,20,320.0,15.0,20.0,0.173845
fastmultrec_greedy,1,9,5,20,320.0,15.0,20.0,0.185145
lcamap,1,9,5,20,320.0,15.0,20.0,0.029026
segdup,1,9,5,25,395,15,20,56.569834
insider,1,9,5,25,387.0,12.0,87.0,0.243559
fastmultrec_greedy,1,9,5,25,395.0,15.0,20.0,0.185972
lcamap,1,9,5,25,395.0,15.0,20.0,0.027754
segdup,1,9,5,5,95,15,20,67.537277
insider,1,9,5,5,95.0,15.0,20.0,0.055956
fastmultrec_greedy,1,9,5,5,95.0,15.0,20.0,0.187629
lcamap,1,9,5,5,95.0,15.0,20.0,0.028705
segdup,2,10,5,10,61,6,1,126.164521
insider,2,10,5,10,61.0,6.0,1.0,0.101780
fastmultrec_greedy,2,10,5,10,61.0,6.0,1.0,0.350414
lcamap,2,10,5,10,61.0,6.0,1.0,0.056428
segdup,2,10,5,15,91,6,1,105.328837
insider,2,10,5,15,91.0,6.0,1.0,0.105510
fastmultrec_greedy,2,10,5,15,91.0,6.0,1.0,0.350495
lcamap,2,10,5,15,91.0,6.0,1.0,0.058105
segdup,2,10,5,20,121,6,1,69.232700
insider,2,10,5,20,121.0,6.0,1.0,0.110080
fastmultrec_greedy,2,10,5,20,121.0,6.0,1.0,0.352327
lcamap,2,10,5,20,121.0,6.0,1.0,0.060445
segdup,2,10,5,25,151,6,1,68.992673
insider,2,10,5,25,151.0,6.0,1.0,0.118008
fastmultrec_greedy,2,10,5,25,151.0,6.0,1.0,0.352708
lcamap,2,10,5,25,151.0,6.0,1.0,0.057730
segdup,2,10,5,5,31,6,1,135.741001
insider,2,10,5,5,31.0,6.0,1.0,0.099989
fastmultrec_greedy,2,10,5,5,31.0,6.0,1.0,0.345501
lcamap,2,10,5,5,31.0,6.0,1.0,0.057990
segdup,2,11,5,10,20,2,0,173.648949
insider,2,11,5,10,20.0,2.0,0.0,0.103593
fastmultrec_greedy,2,11,5,10,20.0,2.0,0.0,0.396068
lcamap,2,11,5,10,20.0,2.0,0.0,0.064165
segdup,2,11,5,15,30,2,0,87.057267
insider,2,11,5,15,30.0,2.0,0.0,0.106792
fastmultrec_greedy,2,11,5,15,30.0,2.0,0.0,0.397420
lcamap,2,11,5,15,30.0,2.0,0.0,0.064825
segdup,2,11,5,20,40,2,0,83.079383
insider,2,11,5,20,40.0,2.0,0.0,0.105318
fastmultrec_greedy,2,11,5,20,40.0,2.0,0.0,0.405569
lcamap,2,11,5,20,40.0,2.0,0.0,0.066730
segdup,2,11,5,25,50,2,0,86.740777
insider,2,11,5,25,50.0,2.0,0.0,0.105619
fastmultrec_greedy,2,11,5,25,50.0,2.0,0.0,0.404831
lcamap,2,11,5,25,50.0,2.0,0.0,0.062500
segdup,2,11,5,5,10,2,0,187.013622
insider,2,11,5,5,10.0,2.0,0.0,0.107062
fastmultrec_greedy,2,11,5,5,10.0,2.0,0.0,0.397977
lcamap,2,11,5,5,10.0,2.0,0.0,0.064682
segdup,2,15,5,10,20,2,0,129.510182
insider,2,15,5,10,20.0,2.0,0.0,0.105611
fastmultrec_greedy,2,15,5,10,20.0,2.0,0.0,0.405496
lcamap,2,15,5,10,20.0,2.0,0.0,0.065938
segdup,2,15,5,15,30,2,0,79.938410
insider,2,15,5,15,30.0,2.0,0.0,0.103084
fastmultrec_greedy,2,15,5,15,30.0,2.0,0.0,0.415457
lcamap,2,15,5,15,30.0,2.0,0.0,0.065477
segdup,2,15,5,20,40,2,0,77.331609
insider,2,15,5,20,40.0,2.0,0.0,0.103675
fastmultrec_greedy,2,15,5,20,40.0,2.0,0.0,0.407698
lcamap,2,15,5,20,40.0,2.0,0.0,0.063724
segdup,2,15,5,25,50,2,0,78.483238
insider,2,15,5,25,50.0,2.0,0.0,0.106152
fastmultrec_greedy,2,15,5,25,50.0,2.0,0.0,0.410487
lcamap,2,15,5,25,50.0,2.0,0.0,0.063246
segdup,2,15,5,5,10,2,0,157.087349
insider,2,15,5,5,10.0,2.0,0.0,0.105590
fastmultrec_greedy,2,15,5,5,10.0,2.0,0.0,0.406957
lcamap,2,15,5,5,10.0,2.0,0.0,0.065374
segdup,2,8,5,10,191,18,11,56.411563
insider,2,8,5,10,191.0,18.0,11.0,0.096769
fastmultrec_greedy,2,8,5,10,191.0,18.0,11.0,0.208344
lcamap,2,8,5,10,191.0,18.0,11.0,0.034988
segdup,2,8,5,15,281,18,11,59.241309
insider,2,8,5,15,281.0,18.0,11.0,0.137710
fastmultrec_greedy,2,8,5,15,281.0,18.0,11.0,0.205569
lcamap,2,8,5,15,281.0,18.0,11.0,0.033209
segdup,2,8,5,20,371,18,11,48.054411
insider,2,8,5,20,371.0,18.0,11.0,0.214730
fastmultrec_greedy,2,8,5,20,371.0,18.0,11.0,0.204019
lcamap,2,8,5,20,371.0,18.0,11.0,0.033372
segdup,2,8,5,25,461,18,11,49.452815
insider,2,8,5,25,461.0,18.0,11.0,0.540447
fastmultrec_greedy,2,8,5,25,461.0,18.0,11.0,0.207312
lcamap,2,8,5,25,461.0,18.0,11.0,0.034648
segdup,2,8,5,5,101,18,11,77.302186
insider,2,8,5,5,101.0,18.0,11.0,0.076698
fastmultrec_greedy,2,8,5,5,101.0,18.0,11.0,0.205364
lcamap,2,8,5,5,101.0,18.0,11.0,0.033827
segdup,2,9,5,10,202,19,12,162.287406
insider,2,9,5,10,202.0,19.0,12.0,0.160770
fastmultrec_greedy,2,9,5,10,202.0,19.0,12.0,0.387229
lcamap,2,9,5,10,202.0,19.0,12.0,0.066162
segdup,2,9,5,15,297,19,12,86.265272
insider,2,9,5,15,297.0,19.0,12.0,0.244641
fastmultrec_greedy,2,9,5,15,297.0,19.0,12.0,0.383464
lcamap,2,9,5,15,297.0,19.0,12.0,0.064478
segdup,2,9,5,20,392,19,12,87.822546
insider,2,9,5,20,392.0,19.0,12.0,1.290617
fastmultrec_greedy,2,9,5,20,392.0,19.0,12.0,0.383090
lcamap,2,9,5,20,392.0,19.0,12.0,0.064289
segdup,2,9,5,25,487,19,12,87.170724
insider,2,9,5,25,487.0,19.0,12.0,4.990378
fastmultrec_greedy,2,9,5,25,487.0,19.0,12.0,0.389617
lcamap,2,9,5,25,487.0,19.0,12.0,0.066316
segdup,2,9,5,5,107,19,12,183.148019
insider,2,9,5,5,107.0,19.0,12.0,0.126370
fastmultrec_greedy,2,9,5,5,107.0,19.0,12.0,0.382079
lcamap,2,9,5,5,107.0,19.0,12.0,0.067033
segdup,1,10,60,10,10,1,0,57.463621
insider,1,10,60,10,10.0,1.0,0.0,0.029209
fastmultrec_greedy,1,10,60,10,10.0,1.0,0.0,0.086987
lcamap,1,10,60,10,10.0,1.0,0.0,0.017239
segdup,1,10,60,15,15,1,0,44.781070
insider,1,10,60,15,15.0,1.0,0.0,0.030194
fastmultrec_greedy,1,10,60,15,15.0,1.0,0.0,0.089060
lcamap,1,10,60,15,15.0,1.0,0.0,0.017261
segdup,1,10,60,20,20,1,0,30.589849
insider,1,10,60,20,20.0,1.0,0.0,0.030212
fastmultrec_greedy,1,10,60,20,20.0,1.0,0.0,0.088031
lcamap,1,10,60,20,20.0,1.0,0.0,0.017339
segdup,1,10,60,25,25,1,0,30.949798
insider,1,10,60,25,25.0,1.0,0.0,0.030172
fastmultrec_greedy,1,10,60,25,25.0,1.0,0.0,0.087242
lcamap,1,10,60,25,25.0,1.0,0.0,0.017018
segdup,1,10,60,5,5,1,0,57.928455
insider,1,10,60,5,5.0,1.0,0.0,0.030877
fastmultrec_greedy,1,10,60,5,5.0,1.0,0.0,0.088339
lcamap,1,10,60,5,5.0,1.0,0.0,0.016897
segdup,1,11,60,10,10,1,0,153.287244
insider,1,11,60,10,10.0,1.0,0.0,0.078426
fastmultrec_greedy,1,11,60,10,10.0,1.0,0.0,0.294699
lcamap,1,11,60,10,10.0,1.0,0.0,0.052962
segdup,1,11,60,15,15,1,0,92.514103
insider,1,11,60,15,15.0,1.0,0.0,0.079083
fastmultrec_greedy,1,11,60,15,15.0,1.0,0.0,0.292801
lcamap,1,11,60,15,15.0,1.0,0.0,0.049834
segdup,1,11,60,20,20,1,0,88.360208
insider,1,11,60,20,20.0,1.0,0.0,0.077665
fastmultrec_greedy,1,11,60,20,20.0,1.0,0.0,0.291556
lcamap,1,11,60,20,20.0,1.0,0.0,0.050050
segdup,1,11,60,25,25,1,0,86.376852
insider,1,11,60,25,25.0,1.0,0.0,0.084060
fastmultrec_greedy,1,11,60,25,25.0,1.0,0.0,0.297902
lcamap,1,11,60,25,25.0,1.0,0.0,0.049262
segdup,1,11,60,5,5,1,0,154.096661
insider,1,11,60,5,5.0,1.0,0.0,0.076880
fastmultrec_greedy,1,11,60,5,5.0,1.0,0.0,0.298567
lcamap,1,11,60,5,5.0,1.0,0.0,0.050327
segdup,1,15,60,10,10,1,0,88.750909
insider,1,15,60,10,10.0,1.0,0.0,0.052717
fastmultrec_greedy,1,15,60,10,10.0,1.0,0.0,0.209773
lcamap,1,15,60,10,10.0,1.0,0.0,0.031278
segdup,1,15,60,15,15,1,0,69.829884
insider,1,15,60,15,15.0,1.0,0.0,0.051213
fastmultrec_greedy,1,15,60,15,15.0,1.0,0.0,0.211908
lcamap,1,15,60,15,15.0,1.0,0.0,0.031156
segdup,1,15,60,20,20,1,0,51.898372
insider,1,15,60,20,20.0,1.0,0.0,0.052557
fastmultrec_greedy,1,15,60,20,20.0,1.0,0.0,0.205705
lcamap,1,15,60,20,20.0,1.0,0.0,0.031220
segdup,1,15,60,25,25,1,0,53.021268
insider,1,15,60,25,25.0,1.0,0.0,0.052169
fastmultrec_greedy,1,15,60,25,25.0,1.0,0.0,0.208006
lcamap,1,15,60,25,25.0,1.0,0.0,0.031212
segdup,1,15,60,5,5,1,0,95.053963
insider,1,15,60,5,5.0,1.0,0.0,0.051415
fastmultrec_greedy,1,15,60,5,5.0,1.0,0.0,0.205836
lcamap,1,15,60,5,5.0,1.0,0.0,0.032043
segdup,1,8,60,10,740,62,120,97.732312
insider,1,8,60,10,730.0,55.0,180.0,0.231013
fastmultrec_greedy,1,8,60,10,740.0,62.0,120.0,0.289711
lcamap,1,8,60,10,740.0,62.0,120.0,0.045168
segdup,1,8,60,15,1050,62,120,96.188576
insider,1,8,60,15,1005.0,55.0,180.0,0.827751
fastmultrec_greedy,1,8,60,15,1050.0,62.0,120.0,0.286602
lcamap,1,8,60,15,1050.0,62.0,120.0,0.043791
segdup,1,8,60,20,1360,62,120,97.005675
insider,1,8,60,20,1278.0,54.0,198.0,5.172772
fastmultrec_greedy,1,8,60,20,1360.0,62.0,120.0,0.287591
lcamap,1,8,60,20,1360.0,62.0,120.0,0.044890
segdup,1,8,60,25,1670,62,120,100.313637
insider,1,8,60,25,1537.0,47.0,362.0,83.849789
fastmultrec_greedy,1,8,60,25,1670.0,62.0,120.0,0.335035
lcamap,1,8,60,25,1670.0,62.0,120.0,0.044711
segdup,1,8,60,5,430,62,120,100.632712
insider,1,8,60,5,430.0,62.0,120.0,0.115678
fastmultrec_greedy,1,8,60,5,430.0,62.0,120.0,0.291018
lcamap,1,8,60,5,430.0,62.0,120.0,0.044960
segdup,1,9,60,10,158,13,28,74.075465
insider,1,9,60,10,158.0,13.0,28.0,0.059475
fastmultrec_greedy,1,9,60,10,158.0,13.0,28.0,0.154764
lcamap,1,9,60,10,158.0,13.0,28.0,0.024884
segdup,1,9,60,15,223,13,28,73.137290
insider,1,9,60,15,223.0,13.0,28.0,0.079295
fastmultrec_greedy,1,9,60,15,223.0,13.0,28.0,0.155970
lcamap,1,9,60,15,223.0,13.0,28.0,0.025081
segdup,1,9,60,20,288,13,28,64.654048
insider,1,9,60,20,288.0,13.0,28.0,0.117482
fastmultrec_greedy,1,9,60,20,288.0,13.0,28.0,0.155464
lcamap,1,9,60,20,288.0,13.0,28.0,0.024199
segdup,1,9,60,25,353,13,28,62.559237
insider,1,9,60,25,353.0,13.0,28.0,0.367378
fastmultrec_greedy,1,9,60,25,353.0,13.0,28.0,0.153947
lcamap,1,9,60,25,353.0,13.0,28.0,0.024545
segdup,1,9,60,5,93,13,28,75.145736
insider,1,9,60,5,93.0,13.0,28.0,0.051929
fastmultrec_greedy,1,9,60,5,93.0,13.0,28.0,0.154948
lcamap,1,9,60,5,93.0,13.0,28.0,0.024882
segdup,2,10,60,10,32,3,2,206.100568
insider,2,10,60,10,32.0,3.0,2.0,0.160055
fastmultrec_greedy,2,10,60,10,32.0,3.0,2.0,0.659099
lcamap,2,10,60,10,32.0,3.0,2.0,0.103529
segdup,2,10,60,15,47,3,2,175.139347
insider,2,10,60,15,47.0,3.0,2.0,0.159055
fastmultrec_greedy,2,10,60,15,47.0,3.0,2.0,0.658556
lcamap,2,10,60,15,47.0,3.0,2.0,0.104282
segdup,2,10,60,20,62,3,2,127.551718
insider,2,10,60,20,62.0,3.0,2.0,0.161885
fastmultrec_greedy,2,10,60,20,62.0,3.0,2.0,0.651614
lcamap,2,10,60,20,62.0,3.0,2.0,0.099807
segdup,2,10,60,25,77,3,2,130.921290
insider,2,10,60,25,77.0,3.0,2.0,0.163327
fastmultrec_greedy,2,10,60,25,77.0,3.0,2.0,0.647417
lcamap,2,10,60,25,77.0,3.0,2.0,0.102102
segdup,2,10,60,5,17,3,2,231.394103
insider,2,10,60,5,17.0,3.0,2.0,0.158198
fastmultrec_greedy,2,10,60,5,17.0,3.0,2.0,0.657742
lcamap,2,10,60,5,17.0,3.0,2.0,0.103730
segdup,2,11,60,10,20,2,0,139.562599
insider,2,11,60,10,20.0,2.0,0.0,0.090208
fastmultrec_greedy,2,11,60,10,20.0,2.0,0.0,0.315434
lcamap,2,11,60,10,20.0,2.0,0.0,0.054269
segdup,2,11,60,15,30,2,0,68.907120
insider,2,11,60,15,30.0,2.0,0.0,0.089641
fastmultrec_greedy,2,11,60,15,30.0,2.0,0.0,0.314789
lcamap,2,11,60,15,30.0,2.0,0.0,0.054021
segdup,2,11,60,20,40,2,0,69.398900
insider,2,11,60,20,40.0,2.0,0.0,0.091435
fastmultrec_greedy,2,11,60,20,40.0,2.0,0.0,0.313432
lcamap,2,11,60,20,40.0,2.0,0.0,0.054392
segdup,2,11,60,25,50,2,0,68.895784
insider,2,11,60,25,50.0,2.0,0.0,0.091804
fastmultrec_greedy,2,11,60,25,50.0,2.0,0.0,0.319568
lcamap,2,11,60,25,50.0,2.0,0.0,0.055460
segdup,2,11,60,5,10,2,0,160.638829
insider,2,11,60,5,10.0,2.0,0.0,0.092118
fastmultrec_greedy,2,11,60,5,10.0,2.0,0.0,0.310716
lcamap,2,11,60,5,10.0,2.0,0.0,0.054193
segdup,2,8,60,10,537,44,97,77.363283
insider,2,8,60,10,537.0,44.0,97.0,0.206450
fastmultrec_greedy,2,8,60,10,537.0,44.0,97.0,0.197982
lcamap,2,8,60,10,537.0,44.0,97.0,0.034531
segdup,2,8,60,15,757,44,97,73.434621
insider,2,8,60,15,748.0,41.0,133.0,0.771042
fastmultrec_greedy,2,8,60,15,757.0,44.0,97.0,0.201154
lcamap,2,8,60,15,757.0,44.0,97.0,0.033058
segdup,2,8,60,20,977,44,97,70.820879
insider,2,8,60,20,947.0,38.0,187.0,4.365804
fastmultrec_greedy,2,8,60,20,977.0,44.0,97.0,0.199571
lcamap,2,8,60,20,977.0,44.0,97.0,0.031504
segdup,2,8,60,25,1197,44,97,70.278982
insider,2,8,60,25,1133.0,37.0,208.0,25.296009
fastmultrec_greedy,2,8,60,25,1197.0,44.0,97.0,0.198783
lcamap,2,8,60,25,1197.0,44.0,97.0,0.031581
segdup,2,8,60,5,317,44,97,79.476523
insider,2,8,60,5,317.0,44.0,97.0,0.103750
fastmultrec_greedy,2,8,60,5,317.0,44.0,97.0,0.197442
lcamap,2,8,60,5,317.0,44.0,97.0,0.031543
segdup,2,9,60,10,32,3,2,92.400637
insider,2,9,60,10,32.0,3.0,2.0,0.048358
fastmultrec_greedy,2,9,60,10,32.0,3.0,2.0,0.156785
lcamap,2,9,60,10,32.0,3.0,2.0,0.027290
segdup,2,9,60,15,47,3,2,85.325095
insider,2,9,60,15,47.0,3.0,2.0,0.050243
fastmultrec_greedy,2,9,60,15,47.0,3.0,2.0,0.157000
lcamap,2,9,60,15,47.0,3.0,2.0,0.025964
segdup,2,9,60,20,62,3,2,44.508274
insider,2,9,60,20,62.0,3.0,2.0,0.050048
fastmultrec_greedy,2,9,60,20,62.0,3.0,2.0,0.156616
lcamap,2,9,60,20,62.0,3.0,2.0,0.026099
segdup,2,9,60,25,77,3,2,45.573906
insider,2,9,60,25,77.0,3.0,2.0,0.051262
fastmultrec_greedy,2,9,60,25,77.0,3.0,2.0,0.157244
lcamap,2,9,60,25,77.0,3.0,2.0,0.026187
segdup,2,9,60,5,17,3,2,89.720511
insider,2,9,60,5,17.0,3.0,2.0,0.047788
fastmultrec_greedy,2,9,60,5,17.0,3.0,2.0,0.158374
lcamap,2,9,60,5,17.0,3.0,2.0,0.026518
segdup,1,10,61,10,10,1,0,128.623960
insider,1,10,61,10,10.0,1.0,0.0,0.071617
fastmultrec_greedy,1,10,61,10,10.0,1.0,0.0,0.275868
lcamap,1,10,61,10,10.0,1.0,0.0,0.046650
segdup,1,10,61,15,15,1,0,111.510105
insider,1,10,61,15,15.0,1.0,0.0,0.071799
fastmultrec_greedy,1,10,61,15,15.0,1.0,0.0,0.278900
lcamap,1,10,61,15,15.0,1.0,0.0,0.047358
segdup,1,10,61,20,20,1,0,76.197488
insider,1,10,61,20,20.0,1.0,0.0,0.072349
fastmultrec_greedy,1,10,61,20,20.0,1.0,0.0,0.275111
lcamap,1,10,61,20,20.0,1.0,0.0,0.043893
segdup,1,10,61,25,25,1,0,77.521872
insider,1,10,61,25,25.0,1.0,0.0,0.072028
fastmultrec_greedy,1,10,61,25,25.0,1.0,0.0,0.275508
lcamap,1,10,61,25,25.0,1.0,0.0,0.044988
segdup,1,10,61,5,5,1,0,133.070269
insider,1,10,61,5,5.0,1.0,0.0,0.071630
fastmultrec_greedy,1,10,61,5,5.0,1.0,0.0,0.272783
lcamap,1,10,61,5,5.0,1.0,0.0,0.045106
segdup,1,11,61,10,10,1,0,111.204321
insider,1,11,61,10,10.0,1.0,0.0,0.065603
fastmultrec_greedy,1,11,61,10,10.0,1.0,0.0,0.247422
lcamap,1,11,61,10,10.0,1.0,0.0,0.042079
segdup,1,11,61,15,15,1,0,92.761639
insider,1,11,61,15,15.0,1.0,0.0,0.066703
fastmultrec_greedy,1,11,61,15,15.0,1.0,0.0,0.248524
lcamap,1,11,61,15,15.0,1.0,0.0,0.041903
segdup,1,11,61,20,20,1,0,68.788204
insider,1,11,61,20,20.0,1.0,0.0,0.066798
fastmultrec_greedy,1,11,61,20,20.0,1.0,0.0,0.250137
lcamap,1,11,61,20,20.0,1.0,0.0,0.042273
segdup,1,11,61,25,25,1,0,68.151402
insider,1,11,61,25,25.0,1.0,0.0,0.065234
fastmultrec_greedy,1,11,61,25,25.0,1.0,0.0,0.245760
lcamap,1,11,61,25,25.0,1.0,0.0,0.041652
segdup,1,11,61,5,5,1,0,121.398806
insider,1,11,61,5,5.0,1.0,0.0,0.067668
fastmultrec_greedy,1,11,61,5,5.0,1.0,0.0,0.249375
lcamap,1,11,61,5,5.0,1.0,0.0,0.041679
segdup,1,15,61,10,10,1,0,70.043979
insider,1,15,61,10,10.0,1.0,0.0,0.043639
fastmultrec_greedy,1,15,61,10,10.0,1.0,0.0,0.172838
lcamap,1,15,61,10,10.0,1.0,0.0,0.024969
segdup,1,15,61,15,15,1,0,44.222486
insider,1,15,61,15,15.0,1.0,0.0,0.043511
fastmultrec_greedy,1,15,61,15,15.0,1.0,0.0,0.171635
lcamap,1,15,61,15,15.0,1.0,0.0,0.025210
segdup,1,15,61,20,20,1,0,43.248330
insider,1,15,61,20,20.0,1.0,0.0,0.042567
fastmultrec_greedy,1,15,61,20,20.0,1.0,0.0,0.171289
lcamap,1,15,61,20,20.0,1.0,0.0,0.025073
segdup,1,15,61,25,25,1,0,43.340762
insider,1,15,61,25,25.0,1.0,0.0,0.045328
fastmultrec_greedy,1,15,61,25,25.0,1.0,0.0,0.172700
lcamap,1,15,61,25,25.0,1.0,0.0,0.025518
segdup,1,15,61,5,5,1,0,78.273408
insider,1,15,61,5,5.0,1.0,0.0,0.044977
fastmultrec_greedy,1,15,61,5,5.0,1.0,0.0,0.168416
lcamap,1,15,61,5,5.0,1.0,0.0,0.024643
segdup,1,8,61,10,263,23,33,110.310244
insider,1,8,61,10,263.0,23.0,33.0,0.088943
fastmultrec_greedy,1,8,61,10,263.0,23.0,33.0,0.255658
lcamap,1,8,61,10,263.0,23.0,33.0,0.036567
segdup,1,8,61,15,378,23,33,110.422715
insider,1,8,61,15,378.0,23.0,33.0,0.155985
fastmultrec_greedy,1,8,61,15,378.0,23.0,33.0,0.256767
lcamap,1,8,61,15,378.0,23.0,33.0,0.037275
segdup,1,8,61,20,493,23,33,95.277080
insider,1,8,61,20,493.0,23.0,33.0,0.888406
fastmultrec_greedy,1,8,61,20,493.0,23.0,33.0,0.254391
lcamap,1,8,61,20,493.0,23.0,33.0,0.036048
segdup,1,8,61,25,608,23,33,95.061381
insider,1,8,61,25,608.0,23.0,33.0,2.665122
fastmultrec_greedy,1,8,61,25,608.0,23.0,33.0,0.262017
lcamap,1,8,61,25,608.0,23.0,33.0,0.037594
segdup,1,8,61,5,148,23,33,104.936864
insider,1,8,61,5,148.0,23.0,33.0,0.074328
fastmultrec_greedy,1,8,61,5,148.0,23.0,33.0,0.261116
lcamap,1,8,61,5,148.0,23.0,33.0,0.036452
segdup,1,9,61,10,94,9,4,155.991087
insider,1,9,61,10,94.0,9.0,4.0,0.085378
fastmultrec_greedy,1,9,61,10,94.0,9.0,4.0,0.290164
lcamap,1,9,61,10,94.0,9.0,4.0,0.053213
segdup,1,9,61,15,139,9,4,129.230627
insider,1,9,61,15,139.0,9.0,4.0,0.091100
fastmultrec_greedy,1,9,61,15,139.0,9.0,4.0,0.289128
lcamap,1,9,61,15,139.0,9.0,4.0,0.051407
segdup,1,9,61,20,184,9,4,90.879164
insider,1,9,61,20,184.0,9.0,4.0,0.098099
fastmultrec_greedy,1,9,61,20,184.0,9.0,4.0,0.289781
lcamap,1,9,61,20,184.0,9.0,4.0,0.051105
segdup,1,9,61,25,229,9,4,90.578401
insider,1,9,61,25,229.0,9.0,4.0,0.106548
fastmultrec_greedy,1,9,61,25,229.0,9.0,4.0,0.291257
lcamap,1,9,61,25,229.0,9.0,4.0,0.051698
segdup,1,9,61,5,49,9,4,160.581249
insider,1,9,61,5,49.0,9.0,4.0,0.082709
fastmultrec_greedy,1,9,61,5,49.0,9.0,4.0,0.290293
lcamap,1,9,61,5,49.0,9.0,4.0,0.050406
segdup,2,10,61,10,31,3,1,92.046209
insider,2,10,61,10,31.0,3.0,1.0,0.053346
fastmultrec_greedy,2,10,61,10,31.0,3.0,1.0,0.179594
lcamap,2,10,61,10,31.0,3.0,1.0,0.028597
segdup,2,10,61,15,46,3,1,76.036639
insider,2,10,61,15,46.0,3.0,1.0,0.053743
fastmultrec_greedy,2,10,61,15,46.0,3.0,1.0,0.183844
lcamap,2,10,61,15,46.0,3.0,1.0,0.028017
segdup,2,10,61,20,61,3,1,48.308856
insider,2,10,61,20,61.0,3.0,1.0,0.055042
fastmultrec_greedy,2,10,61,20,61.0,3.0,1.0,0.178380
lcamap,2,10,61,20,61.0,3.0,1.0,0.028391
segdup,2,10,61,25,76,3,1,47.883161
insider,2,10,61,25,76.0,3.0,1.0,0.055817
fastmultrec_greedy,2,10,61,25,76.0,3.0,1.0,0.179074
lcamap,2,10,61,25,76.0,3.0,1.0,0.028529
segdup,2,10,61,5,16,3,1,99.095389
insider,2,10,61,5,16.0,3.0,1.0,0.052553
fastmultrec_greedy,2,10,61,5,16.0,3.0,1.0,0.178907
lcamap,2,10,61,5,16.0,3.0,1.0,0.028015
segdup,2,11,61,10,20,2,0,100.703113
insider,2,11,61,10,20.0,2.0,0.0,0.078357
fastmultrec_greedy,2,11,61,10,20.0,2.0,0.0,0.303004
lcamap,2,11,61,10,20.0,2.0,0.0,0.046310
segdup,2,11,61,15,30,2,0,94.406791
insider,2,11,61,15,30.0,2.0,0.0,0.077284
fastmultrec_greedy,2,11,61,15,30.0,2.0,0.0,0.301538
lcamap,2,11,61,15,30.0,2.0,0.0,0.046420
segdup,2,11,61,20,40,2,0,51.494153
insider,2,11,61,20,40.0,2.0,0.0,0.076273
fastmultrec_greedy,2,11,61,20,40.0,2.0,0.0,0.298732
lcamap,2,11,61,20,40.0,2.0,0.0,0.045366
segdup,2,11,61,25,50,2,0,52.433843
insider,2,11,61,25,50.0,2.0,0.0,0.077917
fastmultrec_greedy,2,11,61,25,50.0,2.0,0.0,0.302715
lcamap,2,11,61,25,50.0,2.0,0.0,0.045719
segdup,2,11,61,5,10,2,0,106.440251
insider,2,11,61,5,10.0,2.0,0.0,0.077952
fastmultrec_greedy,2,11,61,5,10.0,2.0,0.0,0.296939
lcamap,2,11,61,5,10.0,2.0,0.0,0.044979
segdup,2,15,61,10,20,2,0,166.826474
insider,2,15,61,10,20.0,2.0,0.0,0.091994
fastmultrec_greedy,2,15,61,10,20.0,2.0,0.0,0.379744
lcamap,2,15,61,10,20.0,2.0,0.0,0.057265
segdup,2,15,61,15,30,2,0,87.847412
insider,2,15,61,15,30.0,2.0,0.0,0.093133
fastmultrec_greedy,2,15,61,15,30.0,2.0,0.0,0.384246
lcamap,2,15,61,15,30.0,2.0,0.0,0.053983
segdup,2,15,61,20,40,2,0,85.903100
insider,2,15,61,20,40.0,2.0,0.0,0.091698
fastmultrec_greedy,2,15,61,20,40.0,2.0,0.0,0.380068
lcamap,2,15,61,20,40.0,2.0,0.0,0.054803
segdup,2,15,61,25,50,2,0,87.186387
insider,2,15,61,25,50.0,2.0,0.0,0.095616
fastmultrec_greedy,2,15,61,25,50.0,2.0,0.0,0.384596
lcamap,2,15,61,25,50.0,2.0,0.0,0.055013
segdup,2,15,61,5,10,2,0,179.667114
insider,2,15,61,5,10.0,2.0,0.0,0.093100
fastmultrec_greedy,2,15,61,5,10.0,2.0,0.0,0.381466
lcamap,2,15,61,5,10.0,2.0,0.0,0.055014
segdup,2,8,61,10,1572,108,492,185.446375
insider,2,8,61,10,1537.0,99.0,547.0,0.483084
fastmultrec_greedy,2,8,61,10,1557.0,105.0,507.0,1.888380
lcamap,2,8,61,10,1572.0,108.0,492.0,0.081862
segdup,2,8,61,15,2112,108,492,190.772001
insider,2,8,61,15,2023.0,94.0,613.0,1.548124
fastmultrec_greedy,2,8,61,15,2079.0,104.0,519.0,2.416744
lcamap,2,8,61,15,2112.0,108.0,492.0,0.082825
segdup,2,8,61,20,2637,106,517,187.255768
insider,2,8,61,20,2483.0,90.0,683.0,6.657698
fastmultrec_greedy,2,8,61,20,2599.0,104.0,519.0,2.415257
lcamap,2,8,61,20,2652.0,108.0,492.0,0.085678
segdup,2,8,61,25,3162,105,537,189.042617
insider,2,8,61,25,2918.0,84.0,818.0,25.567804
fastmultrec_greedy,2,8,61,25,3115.0,103.0,540.0,2.881406
lcamap,2,8,61,25,3192.0,108.0,492.0,0.083651
segdup,2,8,61,5,1032,108,492,199.686051
insider,2,8,61,5,1029.0,106.0,499.0,0.239684
fastmultrec_greedy,2,8,61,5,1030.0,107.0,495.0,0.958630
lcamap,2,8,61,5,1032.0,108.0,492.0,0.090157
segdup,2,9,61,10,148,14,8,136.602202
insider,2,9,61,10,146.0,13.0,16.0,0.116066
fastmultrec_greedy,2,9,61,10,148.0,14.0,8.0,0.317641
lcamap,2,9,61,10,148.0,14.0,8.0,0.049652
segdup,2,9,61,15,218,14,8,111.581093
insider,2,9,61,15,211.0,13.0,16.0,0.142114
fastmultrec_greedy,2,9,61,15,218.0,14.0,8.0,0.317240
lcamap,2,9,61,15,218.0,14.0,8.0,0.053297
segdup,2,9,61,20,288,14,8,99.527039
insider,2,9,61,20,276.0,13.0,16.0,0.195548
fastmultrec_greedy,2,9,61,20,288.0,14.0,8.0,0.318528
lcamap,2,9,61,20,288.0,14.0,8.0,0.049518
segdup,2,9,61,25,358,14,8,102.728190
insider,2,9,61,25,341.0,13.0,16.0,0.284057
fastmultrec_greedy,2,9,61,25,358.0,14.0,8.0,0.309008
lcamap,2,9,61,25,358.0,14.0,8.0,0.050367
segdup,2,9,61,5,78,14,8,135.977102
insider,2,9,61,5,78.0,14.0,8.0,0.097285
fastmultrec_greedy,2,9,61,5,78.0,14.0,8.0,0.311603
lcamap,2,9,61,5,78.0,14.0,8.0,0.049910
segdup,1,10,62,10,21,2,1,179.080743
insider,1,10,62,10,21.0,2.0,1.0,0.095588
fastmultrec_greedy,1,10,62,10,21.0,2.0,1.0,0.446439
lcamap,1,10,62,10,21.0,2.0,1.0,0.060636
segdup,1,10,62,15,31,2,1,169.883526
insider,1,10,62,15,31.0,2.0,1.0,0.097071
fastmultrec_greedy,1,10,62,15,31.0,2.0,1.0,0.447267
lcamap,1,10,62,15,31.0,2.0,1.0,0.060657
segdup,1,10,62,20,41,2,1,110.112958
insider,1,10,62,20,41.0,2.0,1.0,0.095451
fastmultrec_greedy,1,10,62,20,41.0,2.0,1.0,0.435726
lcamap,1,10,62,20,41.0,2.0,1.0,0.063064
segdup,1,10,62,25,51,2,1,112.047930
insider,1,10,62,25,51.0,2.0,1.0,0.097924
fastmultrec_greedy,1,10,62,25,51.0,2.0,1.0,0.449617
lcamap,1,10,62,25,51.0,2.0,1.0,0.062076
segdup,1,10,62,5,11,2,1,188.034361
insider,1,10,62,5,11.0,2.0,1.0,0.096465
fastmultrec_greedy,1,10,62,5,11.0,2.0,1.0,0.442719
lcamap,1,10,62,5,11.0,2.0,1.0,0.062981
segdup,1,11,62,10,10,1,0,112.235372
insider,1,11,62,10,10.0,1.0,0.0,0.064304
fastmultrec_greedy,1,11,62,10,10.0,1.0,0.0,0.216410
lcamap,1,11,62,10,10.0,1.0,0.0,0.035096
segdup,1,11,62,15,15,1,0,89.930019
insider,1,11,62,15,15.0,1.0,0.0,0.059263
fastmultrec_greedy,1,11,62,15,15.0,1.0,0.0,0.217747
lcamap,1,11,62,15,15.0,1.0,0.0,0.036761
segdup,1,11,62,20,20,1,0,67.153414
insider,1,11,62,20,20.0,1.0,0.0,0.059221
fastmultrec_greedy,1,11,62,20,20.0,1.0,0.0,0.218179
lcamap,1,11,62,20,20.0,1.0,0.0,0.035571
segdup,1,11,62,25,25,1,0,65.845196
insider,1,11,62,25,25.0,1.0,0.0,0.058547
fastmultrec_greedy,1,11,62,25,25.0,1.0,0.0,0.216808
lcamap,1,11,62,25,25.0,1.0,0.0,0.035580
segdup,1,11,62,5,5,1,0,119.626136
insider,1,11,62,5,5.0,1.0,0.0,0.057851
fastmultrec_greedy,1,11,62,5,5.0,1.0,0.0,0.214139
lcamap,1,11,62,5,5.0,1.0,0.0,0.035480
segdup,1,15,62,10,10,1,0,106.884907
insider,1,15,62,10,10.0,1.0,0.0,0.057140
fastmultrec_greedy,1,15,62,10,10.0,1.0,0.0,0.221977
lcamap,1,15,62,10,10.0,1.0,0.0,0.033682
segdup,1,15,62,15,15,1,0,95.229697
insider,1,15,62,15,15.0,1.0,0.0,0.064632
fastmultrec_greedy,1,15,62,15,15.0,1.0,0.0,0.227379
lcamap,1,15,62,15,15.0,1.0,0.0,0.034111
segdup,1,15,62,20,20,1,0,68.127818
insider,1,15,62,20,20.0,1.0,0.0,0.056081
fastmultrec_greedy,1,15,62,20,20.0,1.0,0.0,0.219028
lcamap,1,15,62,20,20.0,1.0,0.0,0.033980
segdup,1,15,62,25,25,1,0,62.914495
insider,1,15,62,25,25.0,1.0,0.0,0.064237
fastmultrec_greedy,1,15,62,25,25.0,1.0,0.0,0.263972
lcamap,1,15,62,25,25.0,1.0,0.0,0.042004
segdup,1,15,62,5,5,1,0,117.756657
insider,1,15,62,5,5.0,1.0,0.0,0.061621
fastmultrec_greedy,1,15,62,5,5.0,1.0,0.0,0.247352
lcamap,1,15,62,5,5.0,1.0,0.0,0.036511
segdup,1,8,62,10,1074,88,194,140.165719
insider,1,8,62,10,1047.0,79.0,257.0,0.342209
fastmultrec_greedy,1,8,62,10,1056.0,85.0,206.0,1.523413
lcamap,1,8,62,10,1074.0,88.0,194.0,0.061741
segdup,1,8,62,15,1504,87,199,143.845800
insider,1,8,62,15,1431.0,72.0,351.0,1.242962
fastmultrec_greedy,1,8,62,15,1481.0,85.0,206.0,1.488727
lcamap,1,8,62,15,1514.0,88.0,194.0,0.062171
segdup,1,8,62,20,1937,87,197,141.435561
insider,1,8,62,20,1784.0,69.0,404.0,7.605664
fastmultrec_greedy,1,8,62,20,1899.0,83.0,239.0,2.267409
lcamap,1,8,62,20,1954.0,88.0,194.0,0.062764
segdup,1,8,62,25,2374,87,199,139.458316
insider,1,8,62,25,2120.0,66.0,470.0,64.454824
fastmultrec_greedy,1,8,62,25,2314.0,83.0,239.0,2.275863
lcamap,1,8,62,25,2394.0,88.0,194.0,0.062914
segdup,1,8,62,5,634,88,194,148.412990
insider,1,8,62,5,630.0,86.0,200.0,0.166424
fastmultrec_greedy,1,8,62,5,630.0,86.0,200.0,1.147546
lcamap,1,8,62,5,634.0,88.0,194.0,0.063731
segdup,1,9,62,10,84,8,4,145.808524
insider,1,9,62,10,84.0,8.0,4.0,0.080768
fastmultrec_greedy,1,9,62,10,84.0,8.0,4.0,0.270500
lcamap,1,9,62,10,84.0,8.0,4.0,0.050912
segdup,1,9,62,15,124,8,4,81.572239
insider,1,9,62,15,124.0,8.0,4.0,0.087148
fastmultrec_greedy,1,9,62,15,124.0,8.0,4.0,0.270047
lcamap,1,9,62,15,124.0,8.0,4.0,0.051427
segdup,1,9,62,20,164,8,4,130.142892
insider,1,9,62,20,164.0,8.0,4.0,0.094052
fastmultrec_greedy,1,9,62,20,164.0,8.0,4.0,0.269552
lcamap,1,9,62,20,164.0,8.0,4.0,0.047255
segdup,1,9,62,25,204,8,4,83.385850
insider,1,9,62,25,204.0,8.0,4.0,0.103727
fastmultrec_greedy,1,9,62,25,204.0,8.0,4.0,0.269159
lcamap,1,9,62,25,204.0,8.0,4.0,0.047807
segdup,1,9,62,5,44,8,4,148.404767
insider,1,9,62,5,44.0,8.0,4.0,0.076871
fastmultrec_greedy,1,9,62,5,44.0,8.0,4.0,0.277381
lcamap,1,9,62,5,44.0,8.0,4.0,0.048488
segdup,2,10,62,10,41,4,1,248.983641
insider,2,10,62,10,41.0,4.0,1.0,0.140510
fastmultrec_greedy,2,10,62,10,41.0,4.0,1.0,0.565648
lcamap,2,10,62,10,41.0,4.0,1.0,0.091557
segdup,2,10,62,15,61,4,1,125.236049
insider,2,10,62,15,61.0,4.0,1.0,0.143710
fastmultrec_greedy,2,10,62,15,61.0,4.0,1.0,0.559927
lcamap,2,10,62,15,61.0,4.0,1.0,0.095750
segdup,2,10,62,20,81,4,1,124.297097
insider,2,10,62,20,81.0,4.0,1.0,0.144073
fastmultrec_greedy,2,10,62,20,81.0,4.0,1.0,0.554098
lcamap,2,10,62,20,81.0,4.0,1.0,0.093728
segdup,2,10,62,25,101,4,1,125.227423
insider,2,10,62,25,101.0,4.0,1.0,0.145276
fastmultrec_greedy,2,10,62,25,101.0,4.0,1.0,0.564546
lcamap,2,10,62,25,101.0,4.0,1.0,0.098061
segdup,2,10,62,5,21,4,1,273.519503
insider,2,10,62,5,21.0,4.0,1.0,0.142111
fastmultrec_greedy,2,10,62,5,21.0,4.0,1.0,0.571073
lcamap,2,10,62,5,21.0,4.0,1.0,0.091373
segdup,2,11,62,10,20,2,0,103.829237
insider,2,11,62,10,20.0,2.0,0.0,0.063656
fastmultrec_greedy,2,11,62,10,20.0,2.0,0.0,0.223337
lcamap,2,11,62,10,20.0,2.0,0.0,0.035185
segdup,2,11,62,15,30,2,0,48.955017
insider,2,11,62,15,30.0,2.0,0.0,0.064722
fastmultrec_greedy,2,11,62,15,30.0,2.0,0.0,0.221907
lcamap,2,11,62,15,30.0,2.0,0.0,0.035551
segdup,2,11,62,20,40,2,0,46.308818
insider,2,11,62,20,40.0,2.0,0.0,0.062974
fastmultrec_greedy,2,11,62,20,40.0,2.0,0.0,0.222131
lcamap,2,11,62,20,40.0,2.0,0.0,0.034395
segdup,2,11,62,25,50,2,0,48.403671
insider,2,11,62,25,50.0,2.0,0.0,0.062819
fastmultrec_greedy,2,11,62,25,50.0,2.0,0.0,0.226668
lcamap,2,11,62,25,50.0,2.0,0.0,0.034405
segdup,2,11,62,5,10,2,0,113.936384
insider,2,11,62,5,10.0,2.0,0.0,0.062799
fastmultrec_greedy,2,11,62,5,10.0,2.0,0.0,0.220543
lcamap,2,11,62,5,10.0,2.0,0.0,0.035497
segdup,2,15,62,10,20,2,0,101.066473
insider,2,15,62,10,20.0,2.0,0.0,0.057700
fastmultrec_greedy,2,15,62,10,20.0,2.0,0.0,0.225118
lcamap,2,15,62,10,20.0,2.0,0.0,0.029445
segdup,2,15,62,15,30,2,0,71.749275
insider,2,15,62,15,30.0,2.0,0.0,0.055640
fastmultrec_greedy,2,15,62,15,30.0,2.0,0.0,0.225632
lcamap,2,15,62,15,30.0,2.0,0.0,0.030777
segdup,2,15,62,20,40,2,0,90.645398
insider,2,15,62,20,40.0,2.0,0.0,0.056542
fastmultrec_greedy,2,15,62,20,40.0,2.0,0.0,0.228989
lcamap,2,15,62,20,40.0,2.0,0.0,0.031247
segdup,2,15,62,25,50,2,0,56.691132
insider,2,15,62,25,50.0,2.0,0.0,0.056030
fastmultrec_greedy,2,15,62,25,50.0,2.0,0.0,0.226562
lcamap,2,15,62,25,50.0,2.0,0.0,0.031855
segdup,2,15,62,5,10,2,0,105.248207
insider,2,15,62,5,10.0,2.0,0.0,0.056490
fastmultrec_greedy,2,15,62,5,10.0,2.0,0.0,0.226442
lcamap,2,15,62,5,10.0,2.0,0.0,0.030002
segdup,2,8,62,10,420,33,90,59.289170
insider,2,8,62,10,420.0,33.0,90.0,0.114523
fastmultrec_greedy,2,8,62,10,420.0,33.0,90.0,0.162589
lcamap,2,8,62,10,420.0,33.0,90.0,0.029407
segdup,2,8,62,15,585,33,90,47.705726
insider,2,8,62,15,585.0,33.0,90.0,0.173146
fastmultrec_greedy,2,8,62,15,585.0,33.0,90.0,0.132954
lcamap,2,8,62,15,585.0,33.0,90.0,0.023921
segdup,2,8,62,20,750,33,90,39.386269
insider,2,8,62,20,745.0,32.0,105.0,0.350749
fastmultrec_greedy,2,8,62,20,750.0,33.0,90.0,0.127730
lcamap,2,8,62,20,750.0,33.0,90.0,0.024223
segdup,2,8,62,25,915,33,90,36.523403
insider,2,8,62,25,902.0,31.0,127.0,0.984418
fastmultrec_greedy,2,8,62,25,915.0,33.0,90.0,0.128478
lcamap,2,8,62,25,915.0,33.0,90.0,0.023377
segdup,2,8,62,5,255,33,90,59.853582
insider,2,8,62,5,255.0,33.0,90.0,0.076559
fastmultrec_greedy,2,8,62,5,255.0,33.0,90.0,0.147376
lcamap,2,8,62,5,255.0,33.0,90.0,0.027643
segdup,2,9,62,10,208,19,18,65.507486
insider,2,9,62,10,208.0,19.0,18.0,0.104851
fastmultrec_greedy,2,9,62,10,208.0,19.0,18.0,0.277436
lcamap,2,9,62,10,208.0,19.0,18.0,0.039765
segdup,2,9,62,15,303,19,18,53.864006
insider,2,9,62,15,303.0,19.0,18.0,0.199783
fastmultrec_greedy,2,9,62,15,303.0,19.0,18.0,0.279478
lcamap,2,9,62,15,303.0,19.0,18.0,0.040220
segdup,2,9,62,20,398,19,18,54.273222
insider,2,9,62,20,398.0,19.0,18.0,0.367161
fastmultrec_greedy,2,9,62,20,398.0,19.0,18.0,0.277691
lcamap,2,9,62,20,398.0,19.0,18.0,0.038416
segdup,2,9,62,25,493,19,18,52.832221
insider,2,9,62,25,493.0,19.0,18.0,0.899272
fastmultrec_greedy,2,9,62,25,493.0,19.0,18.0,0.275965
lcamap,2,9,62,25,493.0,19.0,18.0,0.038675
segdup,2,9,62,5,113,19,18,75.333929
insider,2,9,62,5,113.0,19.0,18.0,0.088921
fastmultrec_greedy,2,9,62,5,113.0,19.0,18.0,0.276639
lcamap,2,9,62,5,113.0,19.0,18.0,0.039560
segdup,1,10,63,10,10,1,0,136.515041
insider,1,10,63,10,10.0,1.0,0.0,0.063764
fastmultrec_greedy,1,10,63,10,10.0,1.0,0.0,0.223260
lcamap,1,10,63,10,10.0,1.0,0.0,0.037075
segdup,1,10,63,15,15,1,0,83.866390
insider,1,10,63,15,15.0,1.0,0.0,0.063404
fastmultrec_greedy,1,10,63,15,15.0,1.0,0.0,0.227018
lcamap,1,10,63,15,15.0,1.0,0.0,0.039096
segdup,1,10,63,20,20,1,0,79.802242
insider,1,10,63,20,20.0,1.0,0.0,0.063504
fastmultrec_greedy,1,10,63,20,20.0,1.0,0.0,0.227188
lcamap,1,10,63,20,20.0,1.0,0.0,0.037735
segdup,1,10,63,25,25,1,0,77.063627
insider,1,10,63,25,25.0,1.0,0.0,0.074513
fastmultrec_greedy,1,10,63,25,25.0,1.0,0.0,0.267058
lcamap,1,10,63,25,25.0,1.0,0.0,0.044237
segdup,1,10,63,5,5,1,0,139.517570
insider,1,10,63,5,5.0,1.0,0.0,0.077014
fastmultrec_greedy,1,10,63,5,5.0,1.0,0.0,0.276042
lcamap,1,10,63,5,5.0,1.0,0.0,0.051622
segdup,1,11,63,10,10,1,0,157.444667
insider,1,11,63,10,10.0,1.0,0.0,0.090510
fastmultrec_greedy,1,11,63,10,10.0,1.0,0.0,0.392263
lcamap,1,11,63,10,10.0,1.0,0.0,0.066823
segdup,1,11,63,15,15,1,0,147.099721
insider,1,11,63,15,15.0,1.0,0.0,0.081299
fastmultrec_greedy,1,11,63,15,15.0,1.0,0.0,0.345444
lcamap,1,11,63,15,15.0,1.0,0.0,0.053227
segdup,1,11,63,20,20,1,0,110.366352
insider,1,11,63,20,20.0,1.0,0.0,0.094464
fastmultrec_greedy,1,11,63,20,20.0,1.0,0.0,0.394962
lcamap,1,11,63,20,20.0,1.0,0.0,0.066552
segdup,1,11,63,25,25,1,0,107.056336
insider,1,11,63,25,25.0,1.0,0.0,0.102870
fastmultrec_greedy,1,11,63,25,25.0,1.0,0.0,0.433033
lcamap,1,11,63,25,25.0,1.0,0.0,0.069761
segdup,1,11,63,5,5,1,0,180.082443
insider,1,11,63,5,5.0,1.0,0.0,0.086814
fastmultrec_greedy,1,11,63,5,5.0,1.0,0.0,0.395200
lcamap,1,11,63,5,5.0,1.0,0.0,0.057639
segdup,1,15,63,10,10,1,0,101.268540
insider,1,15,63,10,10.0,1.0,0.0,0.060646
fastmultrec_greedy,1,15,63,10,10.0,1.0,0.0,0.210736
lcamap,1,15,63,10,10.0,1.0,0.0,0.038684
segdup,1,15,63,15,15,1,0,101.334902
insider,1,15,63,15,15.0,1.0,0.0,0.047187
fastmultrec_greedy,1,15,63,15,15.0,1.0,0.0,0.157320
lcamap,1,15,63,15,15.0,1.0,0.0,0.028545
segdup,1,15,63,20,20,1,0,62.371932
insider,1,15,63,20,20.0,1.0,0.0,0.052754
fastmultrec_greedy,1,15,63,20,20.0,1.0,0.0,0.173410
lcamap,1,15,63,20,20.0,1.0,0.0,0.029054
segdup,1,15,63,25,25,1,0,58.253634
insider,1,15,63,25,25.0,1.0,0.0,0.056359
fastmultrec_greedy,1,15,63,25,25.0,1.0,0.0,0.195134
lcamap,1,15,63,25,25.0,1.0,0.0,0.034171
segdup,1,15,63,5,5,1,0,111.561578
insider,1,15,63,5,5.0,1.0,0.0,0.049835
fastmultrec_greedy,1,15,63,5,5.0,1.0,0.0,0.160004
lcamap,1,15,63,5,5.0,1.0,0.0,0.026944
segdup,1,8,63,10,834,70,134,143.431979
insider,1,8,63,10,814.0,65.0,164.0,0.234186
fastmultrec_greedy,1,8,63,10,819.0,67.0,149.0,1.544592
lcamap,1,8,63,10,834.0,70.0,134.0,0.070572
segdup,1,8,63,15,1184,70,134,140.837398
insider,1,8,63,15,1132.0,62.0,202.0,0.453693
fastmultrec_greedy,1,8,63,15,1154.0,67.0,149.0,1.228735
lcamap,1,8,63,15,1184.0,70.0,134.0,0.056532
segdup,1,8,63,20,1534,70,134,129.009507
insider,1,8,63,20,1442.0,62.0,202.0,1.530802
fastmultrec_greedy,1,8,63,20,1489.0,67.0,149.0,1.252401
lcamap,1,8,63,20,1534.0,70.0,134.0,0.058332
segdup,1,8,63,25,1884,70,134,111.208417
insider,1,8,63,25,1750.0,60.0,250.0,12.510895
fastmultrec_greedy,1,8,63,25,1823.0,66.0,173.0,1.510191
lcamap,1,8,63,25,1884.0,70.0,134.0,0.056074
segdup,1,8,63,5,484,70,134,145.454531
insider,1,8,63,5,480.0,68.0,140.0,0.144623
fastmultrec_greedy,1,8,63,5,480.0,68.0,140.0,0.908229
lcamap,1,8,63,5,484.0,70.0,134.0,0.059644
segdup,1,9,63,10,193,18,13,101.934920
insider,1,9,63,10,193.0,18.0,13.0,0.079504
fastmultrec_greedy,1,9,63,10,193.0,18.0,13.0,0.176024
lcamap,1,9,63,10,193.0,18.0,13.0,0.033585
segdup,1,9,63,15,283,18,13,88.735572
insider,1,9,63,15,283.0,18.0,13.0,0.105364
fastmultrec_greedy,1,9,63,15,283.0,18.0,13.0,0.203319
lcamap,1,9,63,15,283.0,18.0,13.0,0.035241
segdup,1,9,63,20,373,18,13,82.243970
insider,1,9,63,20,373.0,18.0,13.0,0.378217
fastmultrec_greedy,1,9,63,20,373.0,18.0,13.0,0.182335
lcamap,1,9,63,20,373.0,18.0,13.0,0.035054
segdup,1,9,63,25,463,18,13,85.466858
insider,1,9,63,25,463.0,18.0,13.0,2.211824
fastmultrec_greedy,1,9,63,25,463.0,18.0,13.0,0.175530
lcamap,1,9,63,25,463.0,18.0,13.0,0.034010
segdup,1,9,63,5,103,18,13,107.453851
insider,1,9,63,5,103.0,18.0,13.0,0.066961
fastmultrec_greedy,1,9,63,5,103.0,18.0,13.0,0.182714
lcamap,1,9,63,5,103.0,18.0,13.0,0.034538
segdup,2,10,63,10,30,3,0,268.289967
insider,2,10,63,10,30.0,3.0,0.0,0.171667
fastmultrec_greedy,2,10,63,10,30.0,3.0,0.0,0.680036
lcamap,2,10,63,10,30.0,3.0,0.0,0.116766
segdup,2,10,63,15,45,3,0,143.002071
insider,2,10,63,15,45.0,3.0,0.0,0.158268
fastmultrec_greedy,2,10,63,15,45.0,3.0,0.0,0.662480
lcamap,2,10,63,15,45.0,3.0,0.0,0.105438
segdup,2,10,63,20,60,3,0,200.072180
insider,2,10,63,20,60.0,3.0,0.0,0.161798
fastmultrec_greedy,2,10,63,20,60.0,3.0,0.0,0.658159
lcamap,2,10,63,20,60.0,3.0,0.0,0.105981
segdup,2,10,63,25,75,3,0,137.351138
insider,2,10,63,25,75.0,3.0,0.0,0.157866
fastmultrec_greedy,2,10,63,25,75.0,3.0,0.0,0.654649
lcamap,2,10,63,25,75.0,3.0,0.0,0.105733
segdup,2,10,63,5,15,3,0,317.439899
insider,2,10,63,5,15.0,3.0,0.0,0.167914
fastmultrec_greedy,2,10,63,5,15.0,3.0,0.0,0.685221
lcamap,2,10,63,5,15.0,3.0,0.0,0.108697
segdup,2,11,63,10,20,2,0,153.777195
insider,2,11,63,10,20.0,2.0,0.0,0.102605
fastmultrec_greedy,2,11,63,10,20.0,2.0,0.0,0.394541
lcamap,2,11,63,10,20.0,2.0,0.0,0.068516
segdup,2,11,63,15,30,2,0,146.096524
insider,2,11,63,15,30.0,2.0,0.0,0.102547
fastmultrec_greedy,2,11,63,15,30.0,2.0,0.0,0.395896
lcamap,2,11,63,15,30.0,2.0,0.0,0.062206
segdup,2,11,63,20,40,2,0,90.692360
insider,2,11,63,20,40.0,2.0,0.0,0.101060
fastmultrec_greedy,2,11,63,20,40.0,2.0,0.0,0.391035
lcamap,2,11,63,20,40.0,2.0,0.0,0.065541
segdup,2,11,63,25,50,2,0,90.678548
insider,2,11,63,25,50.0,2.0,0.0,0.107140
fastmultrec_greedy,2,11,63,25,50.0,2.0,0.0,0.424427
lcamap,2,11,63,25,50.0,2.0,0.0,0.075826
segdup,2,11,63,5,10,2,0,195.890414
insider,2,11,63,5,10.0,2.0,0.0,0.109980
fastmultrec_greedy,2,11,63,5,10.0,2.0,0.0,0.438764
lcamap,2,11,63,5,10.0,2.0,0.0,0.071748
segdup,2,15,63,10,20,2,0,137.595904
insider,2,15,63,10,20.0,2.0,0.0,0.089382
fastmultrec_greedy,2,15,63,10,20.0,2.0,0.0,0.359546
lcamap,2,15,63,10,20.0,2.0,0.0,0.053920
segdup,2,15,63,15,30,2,0,98.772383
insider,2,15,63,15,30.0,2.0,0.0,0.091134
fastmultrec_greedy,2,15,63,15,30.0,2.0,0.0,0.346008
lcamap,2,15,63,15,30.0,2.0,0.0,0.049935
segdup,2,15,63,20,40,2,0,85.142250
insider,2,15,63,20,40.0,2.0,0.0,0.087580
fastmultrec_greedy,2,15,63,20,40.0,2.0,0.0,0.350147
lcamap,2,15,63,20,40.0,2.0,0.0,0.051878
segdup,2,15,63,25,50,2,0,86.259253
insider,2,15,63,25,50.0,2.0,0.0,0.095908
fastmultrec_greedy,2,15,63,25,50.0,2.0,0.0,0.375389
lcamap,2,15,63,25,50.0,2.0,0.0,0.054562
segdup,2,15,63,5,10,2,0,168.793380
insider,2,15,63,5,10.0,2.0,0.0,0.091473
fastmultrec_greedy,2,15,63,5,10.0,2.0,0.0,0.365569
lcamap,2,15,63,5,10.0,2.0,0.0,0.051519
segdup,2,9,63,10,171,16,11,161.776102
insider,2,9,63,10,171.0,16.0,11.0,0.122655
fastmultrec_greedy,2,9,63,10,171.0,16.0,11.0,0.390159
lcamap,2,9,63,10,171.0,16.0,11.0,0.059754
segdup,2,9,63,15,251,16,11,94.342485
insider,2,9,63,15,251.0,16.0,11.0,0.145601
fastmultrec_greedy,2,9,63,15,251.0,16.0,11.0,0.391683
lcamap,2,9,63,15,251.0,16.0,11.0,0.061636
segdup,2,9,63,20,331,16,11,101.405448
insider,2,9,63,20,331.0,16.0,11.0,0.198356
fastmultrec_greedy,2,9,63,20,331.0,16.0,11.0,0.391718
lcamap,2,9,63,20,331.0,16.0,11.0,0.061391
segdup,2,9,63,25,411,16,11,93.010595
insider,2,9,63,25,411.0,16.0,11.0,0.232985
fastmultrec_greedy,2,9,63,25,411.0,16.0,11.0,0.441775
lcamap,2,9,63,25,411.0,16.0,11.0,0.079564
segdup,2,9,63,5,91,16,11,167.775790
insider,2,9,63,5,91.0,16.0,11.0,0.113821
fastmultrec_greedy,2,9,63,5,91.0,16.0,11.0,0.383979
lcamap,2,9,63,5,91.0,16.0,11.0,0.061310
segdup,1,10,64,10,31,3,1,128.408721
insider,1,10,64,10,31.0,3.0,1.0,0.074463
fastmultrec_greedy,1,10,64,10,31.0,3.0,1.0,0.235379
lcamap,1,10,64,10,31.0,3.0,1.0,0.041969
segdup,1,10,64,15,46,3,1,108.940772
insider,1,10,64,15,46.0,3.0,1.0,0.066395
fastmultrec_greedy,1,10,64,15,46.0,3.0,1.0,0.242987
lcamap,1,10,64,15,46.0,3.0,1.0,0.039730
segdup,1,10,64,20,61,3,1,113.479691
insider,1,10,64,20,61.0,3.0,1.0,0.071412
fastmultrec_greedy,1,10,64,20,61.0,3.0,1.0,0.219622
lcamap,1,10,64,20,61.0,3.0,1.0,0.040124
segdup,1,10,64,25,76,3,1,71.468524
insider,1,10,64,25,76.0,3.0,1.0,0.069981
fastmultrec_greedy,1,10,64,25,76.0,3.0,1.0,0.225852
lcamap,1,10,64,25,76.0,3.0,1.0,0.039248
segdup,1,10,64,5,16,3,1,126.608372
insider,1,10,64,5,16.0,3.0,1.0,0.067996
fastmultrec_greedy,1,10,64,5,16.0,3.0,1.0,0.245790
lcamap,1,10,64,5,16.0,3.0,1.0,0.040951
segdup,1,11,64,10,10,1,0,73.099378
insider,1,11,64,10,10.0,1.0,0.0,0.036540
fastmultrec_greedy,1,11,64,10,10.0,1.0,0.0,0.122417
lcamap,1,11,64,10,10.0,1.0,0.0,0.020893
segdup,1,11,64,15,15,1,0,70.352793
insider,1,11,64,15,15.0,1.0,0.0,0.038143
fastmultrec_greedy,1,11,64,15,15.0,1.0,0.0,0.128314
lcamap,1,11,64,15,15.0,1.0,0.0,0.023562
segdup,1,11,64,20,20,1,0,42.794239
insider,1,11,64,20,20.0,1.0,0.0,0.036434
fastmultrec_greedy,1,11,64,20,20.0,1.0,0.0,0.130599
lcamap,1,11,64,20,20.0,1.0,0.0,0.021379
segdup,1,11,64,25,25,1,0,41.742649
insider,1,11,64,25,25.0,1.0,0.0,0.037088
fastmultrec_greedy,1,11,64,25,25.0,1.0,0.0,0.124686
lcamap,1,11,64,25,25.0,1.0,0.0,0.021612
segdup,1,11,64,5,5,1,0,79.638520
insider,1,11,64,5,5.0,1.0,0.0,0.037742
fastmultrec_greedy,1,11,64,5,5.0,1.0,0.0,0.127965
lcamap,1,11,64,5,5.0,1.0,0.0,0.021736
segdup,1,15,64,10,10,1,0,100.026136
insider,1,15,64,10,10.0,1.0,0.0,0.046619
fastmultrec_greedy,1,15,64,10,10.0,1.0,0.0,0.182165
lcamap,1,15,64,10,10.0,1.0,0.0,0.029375
segdup,1,15,64,15,15,1,0,89.250035
insider,1,15,64,15,15.0,1.0,0.0,0.047407
fastmultrec_greedy,1,15,64,15,15.0,1.0,0.0,0.175633
lcamap,1,15,64,15,15.0,1.0,0.0,0.029343
segdup,1,15,64,20,20,1,0,50.882485
insider,1,15,64,20,20.0,1.0,0.0,0.048939
fastmultrec_greedy,1,15,64,20,20.0,1.0,0.0,0.177092
lcamap,1,15,64,20,20.0,1.0,0.0,0.029938
segdup,1,15,64,25,25,1,0,53.205433
insider,1,15,64,25,25.0,1.0,0.0,0.048279
fastmultrec_greedy,1,15,64,25,25.0,1.0,0.0,0.178423
lcamap,1,15,64,25,25.0,1.0,0.0,0.029304
segdup,1,15,64,5,5,1,0,94.748807
insider,1,15,64,5,5.0,1.0,0.0,0.048895
fastmultrec_greedy,1,15,64,5,5.0,1.0,0.0,0.175055
lcamap,1,15,64,5,5.0,1.0,0.0,0.029735
segdup,1,8,64,10,618,49,128,51.566159
insider,1,8,64,10,600.0,43.0,170.0,0.104879
fastmultrec_greedy,1,8,64,10,617.0,49.0,127.0,0.276998
lcamap,1,8,64,10,624.0,50.0,124.0,0.021778
segdup,1,8,64,15,853,48,133,49.644862
insider,1,8,64,15,813.0,41.0,198.0,0.150971
fastmultrec_greedy,1,8,64,15,862.0,49.0,127.0,0.275598
lcamap,1,8,64,15,874.0,50.0,124.0,0.022029
segdup,1,8,64,20,1109,49,129,50.419066
insider,1,8,64,20,1018.0,41.0,198.0,0.279101
fastmultrec_greedy,1,8,64,20,1107.0,49.0,127.0,0.276986
lcamap,1,8,64,20,1124.0,50.0,124.0,0.021916
segdup,1,8,64,25,1352,49,127,49.356281
insider,1,8,64,25,1223.0,41.0,198.0,0.764568
fastmultrec_greedy,1,8,64,25,1352.0,49.0,127.0,0.276437
lcamap,1,8,64,25,1374.0,50.0,124.0,0.021948
segdup,1,8,64,5,372,49,127,52.823986
insider,1,8,64,5,371.0,48.0,131.0,0.070044
fastmultrec_greedy,1,8,64,5,372.0,49.0,127.0,0.276035
lcamap,1,8,64,5,374.0,50.0,124.0,0.021753
segdup,1,9,64,10,126,11,16,132.669058
insider,1,9,64,10,122.0,10.0,22.0,0.089722
fastmultrec_greedy,1,9,64,10,126.0,11.0,16.0,0.382607
lcamap,1,9,64,10,126.0,11.0,16.0,0.059684
segdup,1,9,64,15,172,10,22,127.295299
insider,1,9,64,15,172.0,10.0,22.0,0.117471
fastmultrec_greedy,1,9,64,15,181.0,11.0,16.0,0.386041
lcamap,1,9,64,15,181.0,11.0,16.0,0.056487
segdup,1,9,64,20,236,11,16,100.937466
insider,1,9,64,20,222.0,10.0,22.0,0.103373
fastmultrec_greedy,1,9,64,20,236.0,11.0,16.0,0.325277
lcamap,1,9,64,20,236.0,11.0,16.0,0.048928
segdup,1,9,64,25,272,10,22,94.306000
insider,1,9,64,25,272.0,10.0,22.0,0.114924
fastmultrec_greedy,1,9,64,25,291.0,11.0,16.0,0.321327
lcamap,1,9,64,25,291.0,11.0,16.0,0.050427
segdup,1,9,64,5,71,11,16,129.011782
insider,1,9,64,5,71.0,11.0,16.0,0.084139
fastmultrec_greedy,1,9,64,5,71.0,11.0,16.0,0.322554
lcamap,1,9,64,5,71.0,11.0,16.0,0.048257
segdup,2,10,64,10,51,5,1,110.664379
insider,2,10,64,10,51.0,5.0,1.0,0.076142
fastmultrec_greedy,2,10,64,10,51.0,5.0,1.0,0.225712
lcamap,2,10,64,10,51.0,5.0,1.0,0.035841
segdup,2,10,64,15,76,5,1,57.412509
insider,2,10,64,15,76.0,5.0,1.0,0.083682
fastmultrec_greedy,2,10,64,15,76.0,5.0,1.0,0.223562
lcamap,2,10,64,15,76.0,5.0,1.0,0.035530
segdup,2,10,64,20,101,5,1,85.965802
insider,2,10,64,20,101.0,5.0,1.0,0.096422
fastmultrec_greedy,2,10,64,20,101.0,5.0,1.0,0.224885
lcamap,2,10,64,20,101.0,5.0,1.0,0.035236
segdup,2,10,64,25,126,5,1,57.163964
insider,2,10,64,25,126.0,5.0,1.0,0.110862
fastmultrec_greedy,2,10,64,25,126.0,5.0,1.0,0.233224
lcamap,2,10,64,25,126.0,5.0,1.0,0.036272
segdup,2,10,64,5,26,5,1,139.513101
insider,2,10,64,5,26.0,5.0,1.0,0.075152
fastmultrec_greedy,2,10,64,5,26.0,5.0,1.0,0.231281
lcamap,2,10,64,5,26.0,5.0,1.0,0.037102
segdup,2,11,64,10,20,2,0,107.199502
insider,2,11,64,10,20.0,2.0,0.0,0.069940
fastmultrec_greedy,2,11,64,10,20.0,2.0,0.0,0.269882
lcamap,2,11,64,10,20.0,2.0,0.0,0.040633
segdup,2,11,64,15,30,2,0,94.555691
insider,2,11,64,15,30.0,2.0,0.0,0.077276
fastmultrec_greedy,2,11,64,15,30.0,2.0,0.0,0.277575
lcamap,2,11,64,15,30.0,2.0,0.0,0.039514
segdup,2,11,64,20,40,2,0,60.469659
insider,2,11,64,20,40.0,2.0,0.0,0.070562
fastmultrec_greedy,2,11,64,20,40.0,2.0,0.0,0.278927
lcamap,2,11,64,20,40.0,2.0,0.0,0.043877
segdup,2,11,64,25,50,2,0,59.217995
insider,2,11,64,25,50.0,2.0,0.0,0.078953
fastmultrec_greedy,2,11,64,25,50.0,2.0,0.0,0.278056
lcamap,2,11,64,25,50.0,2.0,0.0,0.044555
segdup,2,11,64,5,10,2,0,125.082378
insider,2,11,64,5,10.0,2.0,0.0,0.086153
fastmultrec_greedy,2,11,64,5,10.0,2.0,0.0,0.275921
lcamap,2,11,64,5,10.0,2.0,0.0,0.040511
segdup,2,15,64,10,20,2,0,141.797081
insider,2,15,64,10,20.0,2.0,0.0,0.077846
fastmultrec_greedy,2,15,64,10,20.0,2.0,0.0,0.296553
lcamap,2,15,64,10,20.0,2.0,0.0,0.043045
segdup,2,15,64,15,30,2,0,69.732637
insider,2,15,64,15,30.0,2.0,0.0,0.088957
fastmultrec_greedy,2,15,64,15,30.0,2.0,0.0,0.414172
lcamap,2,15,64,15,30.0,2.0,0.0,0.050733
segdup,2,15,64,20,40,2,0,67.268622
insider,2,15,64,20,40.0,2.0,0.0,0.078528
fastmultrec_greedy,2,15,64,20,40.0,2.0,0.0,0.315089
lcamap,2,15,64,20,40.0,2.0,0.0,0.045662
segdup,2,15,64,25,50,2,0,73.836916
insider,2,15,64,25,50.0,2.0,0.0,0.081524
fastmultrec_greedy,2,15,64,25,50.0,2.0,0.0,0.349958
lcamap,2,15,64,25,50.0,2.0,0.0,0.060128
segdup,2,15,64,5,10,2,0,139.140336
insider,2,15,64,5,10.0,2.0,0.0,0.079461
fastmultrec_greedy,2,15,64,5,10.0,2.0,0.0,0.301168
lcamap,2,15,64,5,10.0,2.0,0.0,0.042849
segdup,2,8,64,10,815,65,165,170.465940
insider,2,8,64,10,803.0,59.0,213.0,0.342773
fastmultrec_greedy,2,8,64,10,814.0,64.0,174.0,0.677890
lcamap,2,8,64,10,815.0,65.0,165.0,0.058332
segdup,2,8,64,15,1140,65,165,164.607940
insider,2,8,64,15,1095.0,58.0,225.0,0.728171
fastmultrec_greedy,2,8,64,15,1134.0,64.0,174.0,0.687126
lcamap,2,8,64,15,1140.0,65.0,165.0,0.058232
segdup,2,8,64,20,1465,65,165,155.414342
insider,2,8,64,20,1377.0,55.0,277.0,2.573232
fastmultrec_greedy,2,8,64,20,1454.0,64.0,174.0,0.796657
lcamap,2,8,64,20,1465.0,65.0,165.0,0.067564
segdup,2,8,64,25,1790,65,165,159.896025
insider,2,8,64,25,1636.0,51.0,361.0,5.369186
fastmultrec_greedy,2,8,64,25,1774.0,64.0,174.0,0.699474
lcamap,2,8,64,25,1790.0,65.0,165.0,0.058196
segdup,2,8,64,5,490,65,165,173.639822
insider,2,8,64,5,490.0,65.0,165.0,0.184859
fastmultrec_greedy,2,8,64,5,490.0,65.0,165.0,0.377382
lcamap,2,8,64,5,490.0,65.0,165.0,0.061629
segdup,2,9,64,10,109,10,9,189.982869
insider,2,9,64,10,109.0,10.0,9.0,0.125856
fastmultrec_greedy,2,9,64,10,109.0,10.0,9.0,0.387773
lcamap,2,9,64,10,109.0,10.0,9.0,0.063119
segdup,2,9,64,15,159,10,9,94.775553
insider,2,9,64,15,159.0,10.0,9.0,0.150064
fastmultrec_greedy,2,9,64,15,159.0,10.0,9.0,0.398343
lcamap,2,9,64,15,159.0,10.0,9.0,0.060715
segdup,2,9,64,20,209,10,9,91.139360
insider,2,9,64,20,209.0,10.0,9.0,0.201274
fastmultrec_greedy,2,9,64,20,209.0,10.0,9.0,0.385408
lcamap,2,9,64,20,209.0,10.0,9.0,0.061561
segdup,2,9,64,25,259,10,9,118.147414
insider,2,9,64,25,259.0,10.0,9.0,0.272027
fastmultrec_greedy,2,9,64,25,259.0,10.0,9.0,0.390784
lcamap,2,9,64,25,259.0,10.0,9.0,0.063006
segdup,2,9,64,5,59,10,9,193.995015
insider,2,9,64,5,59.0,10.0,9.0,0.110621
fastmultrec_greedy,2,9,64,5,59.0,10.0,9.0,0.389753
lcamap,2,9,64,5,59.0,10.0,9.0,0.061213
segdup,1,10,65,10,10,1,0,73.475934
insider,1,10,65,10,10.0,1.0,0.0,0.040047
fastmultrec_greedy,1,10,65,10,10.0,1.0,0.0,0.146138
lcamap,1,10,65,10,10.0,1.0,0.0,0.022079
segdup,1,10,65,15,15,1,0,59.184798
insider,1,10,65,15,15.0,1.0,0.0,0.040037
fastmultrec_greedy,1,10,65,15,15.0,1.0,0.0,0.145825
lcamap,1,10,65,15,15.0,1.0,0.0,0.022074
segdup,1,10,65,20,20,1,0,43.779827
insider,1,10,65,20,20.0,1.0,0.0,0.040486
fastmultrec_greedy,1,10,65,20,20.0,1.0,0.0,0.144204
lcamap,1,10,65,20,20.0,1.0,0.0,0.022431
segdup,1,10,65,25,25,1,0,40.728279
insider,1,10,65,25,25.0,1.0,0.0,0.039275
fastmultrec_greedy,1,10,65,25,25.0,1.0,0.0,0.146919
lcamap,1,10,65,25,25.0,1.0,0.0,0.022788
segdup,1,10,65,5,5,1,0,79.733199
insider,1,10,65,5,5.0,1.0,0.0,0.040297
fastmultrec_greedy,1,10,65,5,5.0,1.0,0.0,0.143756
lcamap,1,10,65,5,5.0,1.0,0.0,0.022833
segdup,1,11,65,10,10,1,0,165.531602
insider,1,11,65,10,10.0,1.0,0.0,0.075113
fastmultrec_greedy,1,11,65,10,10.0,1.0,0.0,0.301954
lcamap,1,11,65,10,10.0,1.0,0.0,0.048203
segdup,1,11,65,15,15,1,0,133.509841
insider,1,11,65,15,15.0,1.0,0.0,0.075195
fastmultrec_greedy,1,11,65,15,15.0,1.0,0.0,0.291783
lcamap,1,11,65,15,15.0,1.0,0.0,0.046810
segdup,1,11,65,20,20,1,0,93.488954
insider,1,11,65,20,20.0,1.0,0.0,0.076562
fastmultrec_greedy,1,11,65,20,20.0,1.0,0.0,0.298990
lcamap,1,11,65,20,20.0,1.0,0.0,0.047817
segdup,1,11,65,25,25,1,0,92.385781
insider,1,11,65,25,25.0,1.0,0.0,0.076433
fastmultrec_greedy,1,11,65,25,25.0,1.0,0.0,0.302907
lcamap,1,11,65,25,25.0,1.0,0.0,0.046531
segdup,1,11,65,5,5,1,0,171.199556
insider,1,11,65,5,5.0,1.0,0.0,0.073829
fastmultrec_greedy,1,11,65,5,5.0,1.0,0.0,0.297549
lcamap,1,11,65,5,5.0,1.0,0.0,0.046127
segdup,1,15,65,10,10,1,0,66.686194
insider,1,15,65,10,10.0,1.0,0.0,0.034950
fastmultrec_greedy,1,15,65,10,10.0,1.0,0.0,0.118049
lcamap,1,15,65,10,10.0,1.0,0.0,0.019676
segdup,1,15,65,15,15,1,0,38.173462
insider,1,15,65,15,15.0,1.0,0.0,0.035249
fastmultrec_greedy,1,15,65,15,15.0,1.0,0.0,0.116531
lcamap,1,15,65,15,15.0,1.0,0.0,0.020046
segdup,1,15,65,20,20,1,0,37.583342
insider,1,15,65,20,20.0,1.0,0.0,0.035102
fastmultrec_greedy,1,15,65,20,20.0,1.0,0.0,0.116910
lcamap,1,15,65,20,20.0,1.0,0.0,0.020116
segdup,1,15,65,25,25,1,0,38.672464
insider,1,15,65,25,25.0,1.0,0.0,0.035353
fastmultrec_greedy,1,15,65,25,25.0,1.0,0.0,0.118148
lcamap,1,15,65,25,25.0,1.0,0.0,0.019641
segdup,1,15,65,5,5,1,0,70.096854
insider,1,15,65,5,5.0,1.0,0.0,0.034991
fastmultrec_greedy,1,15,65,5,5.0,1.0,0.0,0.114994
lcamap,1,15,65,5,5.0,1.0,0.0,0.020103
segdup,1,8,65,10,548,48,68,90.672716
insider,1,8,65,10,539.0,45.0,89.0,0.163039
fastmultrec_greedy,1,8,65,10,552.0,49.0,62.0,0.242110
lcamap,1,8,65,10,552.0,49.0,62.0,0.040433
segdup,1,8,65,15,797,49,62,91.230850
insider,1,8,65,15,764.0,45.0,89.0,0.321244
fastmultrec_greedy,1,8,65,15,797.0,49.0,62.0,0.236086
lcamap,1,8,65,15,797.0,49.0,62.0,0.039099
segdup,1,8,65,20,1042,49,62,87.204145
insider,1,8,65,20,989.0,45.0,89.0,0.740648
fastmultrec_greedy,1,8,65,20,1042.0,49.0,62.0,0.238723
lcamap,1,8,65,20,1042.0,49.0,62.0,0.039005
segdup,1,8,65,25,1287,49,62,90.649310
insider,1,8,65,25,1203.0,40.0,203.0,2.275295
fastmultrec_greedy,1,8,65,25,1287.0,49.0,62.0,0.240847
lcamap,1,8,65,25,1287.0,49.0,62.0,0.039288
segdup,1,8,65,5,307,49,62,95.726313
insider,1,8,65,5,307.0,49.0,62.0,0.096844
fastmultrec_greedy,1,8,65,5,307.0,49.0,62.0,0.237007
lcamap,1,8,65,5,307.0,49.0,62.0,0.038389
segdup,1,9,65,10,105,10,5,98.448421
insider,1,9,65,10,105.0,10.0,5.0,0.066945
fastmultrec_greedy,1,9,65,10,105.0,10.0,5.0,0.196060
lcamap,1,9,65,10,105.0,10.0,5.0,0.030511
segdup,1,9,65,15,155,10,5,77.880143
insider,1,9,65,15,155.0,10.0,5.0,0.085415
fastmultrec_greedy,1,9,65,15,155.0,10.0,5.0,0.202278
lcamap,1,9,65,15,155.0,10.0,5.0,0.031908
segdup,1,9,65,20,205,10,5,65.107244
insider,1,9,65,20,205.0,10.0,5.0,0.124415
fastmultrec_greedy,1,9,65,20,205.0,10.0,5.0,0.199706
lcamap,1,9,65,20,205.0,10.0,5.0,0.030963
segdup,1,9,65,25,255,10,5,62.783893
insider,1,9,65,25,255.0,10.0,5.0,0.192112
fastmultrec_greedy,1,9,65,25,255.0,10.0,5.0,0.200370
lcamap,1,9,65,25,255.0,10.0,5.0,0.031390
segdup,1,9,65,5,55,10,5,99.340383
insider,1,9,65,5,55.0,10.0,5.0,0.059548
fastmultrec_greedy,1,9,65,5,55.0,10.0,5.0,0.194610
lcamap,1,9,65,5,55.0,10.0,5.0,0.030705
segdup,2,10,65,10,32,3,2,236.035945
insider,2,10,65,10,32.0,3.0,2.0,0.121855
fastmultrec_greedy,2,10,65,10,32.0,3.0,2.0,0.431861
lcamap,2,10,65,10,32.0,3.0,2.0,0.066013
segdup,2,10,65,15,47,3,2,204.058695
insider,2,10,65,15,47.0,3.0,2.0,0.129240
fastmultrec_greedy,2,10,65,15,47.0,3.0,2.0,0.422413
lcamap,2,10,65,15,47.0,3.0,2.0,0.065580
segdup,2,10,65,20,62,3,2,110.251369
insider,2,10,65,20,62.0,3.0,2.0,0.127825
fastmultrec_greedy,2,10,65,20,62.0,3.0,2.0,0.419805
lcamap,2,10,65,20,62.0,3.0,2.0,0.065320
segdup,2,10,65,25,77,3,2,109.022990
insider,2,10,65,25,77.0,3.0,2.0,0.131026
fastmultrec_greedy,2,10,65,25,77.0,3.0,2.0,0.434856
lcamap,2,10,65,25,77.0,3.0,2.0,0.066936
segdup,2,10,65,5,17,3,2,231.029907
insider,2,10,65,5,17.0,3.0,2.0,0.127251
fastmultrec_greedy,2,10,65,5,17.0,3.0,2.0,0.423095
lcamap,2,10,65,5,17.0,3.0,2.0,0.065011
segdup,2,11,65,10,20,2,0,104.312074
insider,2,11,65,10,20.0,2.0,0.0,0.052313
fastmultrec_greedy,2,11,65,10,20.0,2.0,0.0,0.170653
lcamap,2,11,65,10,20.0,2.0,0.0,0.030405
segdup,2,11,65,15,30,2,0,52.423389
insider,2,11,65,15,30.0,2.0,0.0,0.049013
fastmultrec_greedy,2,11,65,15,30.0,2.0,0.0,0.166057
lcamap,2,11,65,15,30.0,2.0,0.0,0.028923
segdup,2,11,65,20,40,2,0,52.575042
insider,2,11,65,20,40.0,2.0,0.0,0.062939
fastmultrec_greedy,2,11,65,20,40.0,2.0,0.0,0.201952
lcamap,2,11,65,20,40.0,2.0,0.0,0.033862
segdup,2,11,65,25,50,2,0,52.547546
insider,2,11,65,25,50.0,2.0,0.0,0.058639
fastmultrec_greedy,2,11,65,25,50.0,2.0,0.0,0.202549
lcamap,2,11,65,25,50.0,2.0,0.0,0.034838
segdup,2,11,65,5,10,2,0,105.133170
insider,2,11,65,5,10.0,2.0,0.0,0.049882
fastmultrec_greedy,2,11,65,5,10.0,2.0,0.0,0.167367
lcamap,2,11,65,5,10.0,2.0,0.0,0.028759
segdup,2,15,65,10,20,2,0,227.900369
insider,2,15,65,10,20.0,2.0,0.0,0.113505
fastmultrec_greedy,2,15,65,10,20.0,2.0,0.0,0.526385
lcamap,2,15,65,10,20.0,2.0,0.0,0.067777
segdup,2,15,65,15,30,2,0,252.715946
insider,2,15,65,15,30.0,2.0,0.0,0.120716
fastmultrec_greedy,2,15,65,15,30.0,2.0,0.0,0.551636
lcamap,2,15,65,15,30.0,2.0,0.0,0.073181
segdup,2,15,65,20,40,2,0,279.491877
insider,2,15,65,20,40.0,2.0,0.0,0.205402
fastmultrec_greedy,2,15,65,20,40.0,2.0,0.0,0.683132
lcamap,2,15,65,20,40.0,2.0,0.0,0.092929
segdup,2,15,65,25,50,2,0,175.851917
insider,2,15,65,25,50.0,2.0,0.0,0.160089
fastmultrec_greedy,2,15,65,25,50.0,2.0,0.0,0.700726
lcamap,2,15,65,25,50.0,2.0,0.0,0.093258
segdup,2,15,65,5,10,2,0,247.290608
insider,2,15,65,5,10.0,2.0,0.0,0.123576
fastmultrec_greedy,2,15,65,5,10.0,2.0,0.0,0.548911
lcamap,2,15,65,5,10.0,2.0,0.0,0.076337
segdup,2,8,65,10,826,69,136,259.076360
insider,2,8,65,10,806.0,63.0,176.0,0.408665
fastmultrec_greedy,2,8,65,10,826.0,69.0,136.0,0.589052
lcamap,2,8,65,10,826.0,69.0,136.0,0.089278
segdup,2,8,65,15,1171,69,136,250.111800
insider,2,8,65,15,1115.0,60.0,215.0,0.906961
fastmultrec_greedy,2,8,65,15,1171.0,69.0,136.0,0.673078
lcamap,2,8,65,15,1171.0,69.0,136.0,0.102344
segdup,2,8,65,20,1506,68,146,238.702339
insider,2,8,65,20,1413.0,59.0,233.0,2.290646
fastmultrec_greedy,2,8,65,20,1516.0,69.0,136.0,0.568544
lcamap,2,8,65,20,1516.0,69.0,136.0,0.087192
segdup,2,8,65,25,1846,68,146,196.922787
insider,2,8,65,25,1703.0,57.0,278.0,13.267893
fastmultrec_greedy,2,8,65,25,1861.0,69.0,136.0,0.577573
lcamap,2,8,65,25,1861.0,69.0,136.0,0.084340
segdup,2,8,65,5,480,68,140,264.173797
insider,2,8,65,5,480.0,68.0,140.0,0.248718
fastmultrec_greedy,2,8,65,5,481.0,69.0,136.0,0.651785
lcamap,2,8,65,5,481.0,69.0,136.0,0.088306
segdup,2,9,65,10,72,7,2,517.776947
insider,2,9,65,10,72.0,7.0,2.0,0.237686
fastmultrec_greedy,2,9,65,10,72.0,7.0,2.0,0.886187
lcamap,2,9,65,10,72.0,7.0,2.0,0.140731
segdup,2,9,65,15,107,7,2,470.087364
insider,2,9,65,15,107.0,7.0,2.0,0.239680
fastmultrec_greedy,2,9,65,15,107.0,7.0,2.0,0.890353
lcamap,2,9,65,15,107.0,7.0,2.0,0.141911
segdup,2,9,65,20,142,7,2,460.146218
insider,2,9,65,20,142.0,7.0,2.0,0.252029
fastmultrec_greedy,2,9,65,20,142.0,7.0,2.0,0.895092
lcamap,2,9,65,20,142.0,7.0,2.0,0.141608
segdup,2,9,65,25,177,7,2,325.039575
insider,2,9,65,25,177.0,7.0,2.0,0.221611
fastmultrec_greedy,2,9,65,25,177.0,7.0,2.0,0.782578
lcamap,2,9,65,25,177.0,7.0,2.0,0.121205
segdup,2,9,65,5,37,7,2,585.364678
insider,2,9,65,5,37.0,7.0,2.0,0.239050
fastmultrec_greedy,2,9,65,5,37.0,7.0,2.0,0.907049
lcamap,2,9,65,5,37.0,7.0,2.0,0.143008
segdup,1,10,66,10,10,1,0,75.356222
insider,1,10,66,10,10.0,1.0,0.0,0.039977
fastmultrec_greedy,1,10,66,10,10.0,1.0,0.0,0.144875
lcamap,1,10,66,10,10.0,1.0,0.0,0.022595
segdup,1,10,66,15,15,1,0,41.865809
insider,1,10,66,15,15.0,1.0,0.0,0.039968
fastmultrec_greedy,1,10,66,15,15.0,1.0,0.0,0.145697
lcamap,1,10,66,15,15.0,1.0,0.0,0.022846
segdup,1,10,66,20,20,1,0,46.357699
insider,1,10,66,20,20.0,1.0,0.0,0.039476
fastmultrec_greedy,1,10,66,20,20.0,1.0,0.0,0.144975
lcamap,1,10,66,20,20.0,1.0,0.0,0.022629
segdup,1,10,66,25,25,1,0,43.133448
insider,1,10,66,25,25.0,1.0,0.0,0.039284
fastmultrec_greedy,1,10,66,25,25.0,1.0,0.0,0.143153
lcamap,1,10,66,25,25.0,1.0,0.0,0.022147
segdup,1,10,66,5,5,1,0,76.533254
insider,1,10,66,5,5.0,1.0,0.0,0.039797
fastmultrec_greedy,1,10,66,5,5.0,1.0,0.0,0.143247
lcamap,1,10,66,5,5.0,1.0,0.0,0.022105
segdup,1,11,66,10,10,1,0,58.726852
insider,1,11,66,10,10.0,1.0,0.0,0.038535
fastmultrec_greedy,1,11,66,10,10.0,1.0,0.0,0.158907
lcamap,1,11,66,10,10.0,1.0,0.0,0.022119
segdup,1,11,66,15,15,1,0,39.061692
insider,1,11,66,15,15.0,1.0,0.0,0.038684
fastmultrec_greedy,1,11,66,15,15.0,1.0,0.0,0.156622
lcamap,1,11,66,15,15.0,1.0,0.0,0.021760
segdup,1,11,66,20,20,1,0,40.203475
insider,1,11,66,20,20.0,1.0,0.0,0.038891
fastmultrec_greedy,1,11,66,20,20.0,1.0,0.0,0.157250
lcamap,1,11,66,20,20.0,1.0,0.0,0.022114
segdup,1,11,66,25,25,1,0,39.624541
insider,1,11,66,25,25.0,1.0,0.0,0.037761
fastmultrec_greedy,1,11,66,25,25.0,1.0,0.0,0.157701
lcamap,1,11,66,25,25.0,1.0,0.0,0.021389
segdup,1,11,66,5,5,1,0,62.337830
insider,1,11,66,5,5.0,1.0,0.0,0.038385
fastmultrec_greedy,1,11,66,5,5.0,1.0,0.0,0.158691
lcamap,1,11,66,5,5.0,1.0,0.0,0.022293
segdup,1,15,66,10,10,1,0,129.979187
insider,1,15,66,10,10.0,1.0,0.0,0.065697
fastmultrec_greedy,1,15,66,10,10.0,1.0,0.0,0.233999
lcamap,1,15,66,10,10.0,1.0,0.0,0.038957
segdup,1,15,66,15,15,1,0,114.985294
insider,1,15,66,15,15.0,1.0,0.0,0.065442
fastmultrec_greedy,1,15,66,15,15.0,1.0,0.0,0.239673
lcamap,1,15,66,15,15.0,1.0,0.0,0.039850
segdup,1,15,66,20,20,1,0,114.666661
insider,1,15,66,20,20.0,1.0,0.0,0.064413
fastmultrec_greedy,1,15,66,20,20.0,1.0,0.0,0.237435
lcamap,1,15,66,20,20.0,1.0,0.0,0.039953
segdup,1,15,66,25,25,1,0,70.822394
insider,1,15,66,25,25.0,1.0,0.0,0.063675
fastmultrec_greedy,1,15,66,25,25.0,1.0,0.0,0.229767
lcamap,1,15,66,25,25.0,1.0,0.0,0.039647
segdup,1,15,66,5,5,1,0,131.410779
insider,1,15,66,5,5.0,1.0,0.0,0.063541
fastmultrec_greedy,1,15,66,5,5.0,1.0,0.0,0.239909
lcamap,1,15,66,5,5.0,1.0,0.0,0.039199
segdup,1,8,66,10,852,73,122,79.236041
insider,1,8,66,10,846.0,70.0,146.0,0.245127
fastmultrec_greedy,1,8,66,10,852.0,73.0,122.0,0.392889
lcamap,1,8,66,10,861.0,74.0,121.0,0.036137
segdup,1,8,66,15,1217,73,122,77.994405
insider,1,8,66,15,1184.0,65.0,209.0,1.066275
fastmultrec_greedy,1,8,66,15,1217.0,73.0,122.0,0.393635
lcamap,1,8,66,15,1231.0,74.0,121.0,0.037134
segdup,1,8,66,20,1583,73,123,76.531231
insider,1,8,66,20,1500.0,61.0,280.0,8.810592
fastmultrec_greedy,1,8,66,20,1582.0,73.0,122.0,0.397483
lcamap,1,8,66,20,1601.0,74.0,121.0,0.036567
segdup,1,8,66,25,1928,72,128,77.295476
insider,1,8,66,25,1797.0,57.0,372.0,38.304391
fastmultrec_greedy,1,8,66,25,1947.0,73.0,122.0,0.400806
lcamap,1,8,66,25,1971.0,74.0,121.0,0.036369
segdup,1,8,66,5,487,73,122,80.720547
insider,1,8,66,5,487.0,73.0,122.0,0.114561
fastmultrec_greedy,1,8,66,5,487.0,73.0,122.0,0.398684
lcamap,1,8,66,5,491.0,74.0,121.0,0.037229
segdup,1,9,66,10,34,3,4,77.406284
insider,1,9,66,10,34.0,3.0,4.0,0.040351
fastmultrec_greedy,1,9,66,10,34.0,3.0,4.0,0.133222
lcamap,1,9,66,10,34.0,3.0,4.0,0.021015
segdup,1,9,66,15,49,3,4,64.131615
insider,1,9,66,15,49.0,3.0,4.0,0.040951
fastmultrec_greedy,1,9,66,15,49.0,3.0,4.0,0.132343
lcamap,1,9,66,15,49.0,3.0,4.0,0.020928
segdup,1,9,66,20,64,3,4,59.816516
insider,1,9,66,20,64.0,3.0,4.0,0.042267
fastmultrec_greedy,1,9,66,20,64.0,3.0,4.0,0.133928
lcamap,1,9,66,20,64.0,3.0,4.0,0.021010
segdup,1,9,66,25,79,3,4,43.797186
insider,1,9,66,25,79.0,3.0,4.0,0.042295
fastmultrec_greedy,1,9,66,25,79.0,3.0,4.0,0.134333
lcamap,1,9,66,25,79.0,3.0,4.0,0.021277
segdup,1,9,66,5,19,3,4,79.305287
insider,1,9,66,5,19.0,3.0,4.0,0.037868
fastmultrec_greedy,1,9,66,5,19.0,3.0,4.0,0.135116
lcamap,1,9,66,5,19.0,3.0,4.0,0.021127
segdup,2,10,66,10,43,4,3,201.042883
insider,2,10,66,10,43.0,4.0,3.0,0.109352
fastmultrec_greedy,2,10,66,10,43.0,4.0,3.0,0.385523
lcamap,2,10,66,10,43.0,4.0,3.0,0.060033
segdup,2,10,66,15,63,4,3,93.640721
insider,2,10,66,15,63.0,4.0,3.0,0.107859
fastmultrec_greedy,2,10,66,15,63.0,4.0,3.0,0.384585
lcamap,2,10,66,15,63.0,4.0,3.0,0.059119
segdup,2,10,66,20,83,4,3,91.670721
insider,2,10,66,20,83.0,4.0,3.0,0.112543
fastmultrec_greedy,2,10,66,20,83.0,4.0,3.0,0.370654
lcamap,2,10,66,20,83.0,4.0,3.0,0.057966
segdup,2,10,66,25,103,4,3,91.748263
insider,2,10,66,25,103.0,4.0,3.0,0.113864
fastmultrec_greedy,2,10,66,25,103.0,4.0,3.0,0.381854
lcamap,2,10,66,25,103.0,4.0,3.0,0.057713
segdup,2,10,66,5,23,4,3,198.074259
insider,2,10,66,5,23.0,4.0,3.0,0.101001
fastmultrec_greedy,2,10,66,5,23.0,4.0,3.0,0.382250
lcamap,2,10,66,5,23.0,4.0,3.0,0.058122
segdup,2,11,66,10,20,2,0,153.879745
insider,2,11,66,10,20.0,2.0,0.0,0.089667
fastmultrec_greedy,2,11,66,10,20.0,2.0,0.0,0.341782
lcamap,2,11,66,10,20.0,2.0,0.0,0.053736
segdup,2,11,66,15,30,2,0,107.458914
insider,2,11,66,15,30.0,2.0,0.0,0.090286
fastmultrec_greedy,2,11,66,15,30.0,2.0,0.0,0.339545
lcamap,2,11,66,15,30.0,2.0,0.0,0.052202
segdup,2,11,66,20,40,2,0,69.352202
insider,2,11,66,20,40.0,2.0,0.0,0.091369
fastmultrec_greedy,2,11,66,20,40.0,2.0,0.0,0.336885
lcamap,2,11,66,20,40.0,2.0,0.0,0.052716
segdup,2,11,66,25,50,2,0,69.564278
insider,2,11,66,25,50.0,2.0,0.0,0.090817
fastmultrec_greedy,2,11,66,25,50.0,2.0,0.0,0.336157
lcamap,2,11,66,25,50.0,2.0,0.0,0.052074
segdup,2,11,66,5,10,2,0,164.675385
insider,2,11,66,5,10.0,2.0,0.0,0.090205
fastmultrec_greedy,2,11,66,5,10.0,2.0,0.0,0.342549
lcamap,2,11,66,5,10.0,2.0,0.0,0.052856
segdup,2,15,66,10,20,2,0,175.472770
insider,2,15,66,10,20.0,2.0,0.0,0.096491
fastmultrec_greedy,2,15,66,10,20.0,2.0,0.0,0.341181
lcamap,2,15,66,10,20.0,2.0,0.0,0.059195
segdup,2,15,66,15,30,2,0,85.159483
insider,2,15,66,15,30.0,2.0,0.0,0.095642
fastmultrec_greedy,2,15,66,15,30.0,2.0,0.0,0.349994
lcamap,2,15,66,15,30.0,2.0,0.0,0.058100
segdup,2,15,66,20,40,2,0,82.645238
insider,2,15,66,20,40.0,2.0,0.0,0.097342
fastmultrec_greedy,2,15,66,20,40.0,2.0,0.0,0.344946
lcamap,2,15,66,20,40.0,2.0,0.0,0.058066
segdup,2,15,66,25,50,2,0,84.169177
insider,2,15,66,25,50.0,2.0,0.0,0.094711
fastmultrec_greedy,2,15,66,25,50.0,2.0,0.0,0.348106
lcamap,2,15,66,25,50.0,2.0,0.0,0.059563
segdup,2,15,66,5,10,2,0,204.301106
insider,2,15,66,5,10.0,2.0,0.0,0.096465
fastmultrec_greedy,2,15,66,5,10.0,2.0,0.0,0.344747
lcamap,2,15,66,5,10.0,2.0,0.0,0.059764
segdup,2,8,66,10,1277,91,367,191.382193
insider,2,8,66,10,1249.0,84.0,409.0,0.357390
fastmultrec_greedy,2,8,66,10,1255.0,87.0,385.0,2.094162
lcamap,2,8,66,10,1277.0,91.0,367.0,0.076737
segdup,2,8,66,15,1732,91,367,185.869343
insider,2,8,66,15,1663.0,80.0,463.0,1.115708
fastmultrec_greedy,2,8,66,15,1690.0,87.0,385.0,2.077968
lcamap,2,8,66,15,1732.0,91.0,367.0,0.078314
segdup,2,8,66,20,2157,89,377,180.766160
insider,2,8,66,20,2052.0,76.0,532.0,6.792328
fastmultrec_greedy,2,8,66,20,2125.0,87.0,385.0,2.127612
lcamap,2,8,66,20,2187.0,91.0,367.0,0.076053
segdup,2,8,66,25,2627,90,377,179.178633
insider,2,8,66,25,2422.0,71.0,647.0,35.113440
fastmultrec_greedy,2,8,66,25,2560.0,87.0,385.0,2.124696
lcamap,2,8,66,25,2642.0,91.0,367.0,0.075563
segdup,2,8,66,5,822,91,367,195.384954
insider,2,8,66,5,816.0,88.0,376.0,0.212826
fastmultrec_greedy,2,8,66,5,816.0,88.0,376.0,1.658249
lcamap,2,8,66,5,822.0,91.0,367.0,0.075348
segdup,2,9,66,10,180,16,20,82.735532
insider,2,9,66,10,180.0,16.0,20.0,0.105859
fastmultrec_greedy,2,9,66,10,180.0,16.0,20.0,0.266113
lcamap,2,9,66,10,180.0,16.0,20.0,0.040547
segdup,2,9,66,15,260,16,20,61.675557
insider,2,9,66,15,260.0,16.0,20.0,0.140271
fastmultrec_greedy,2,9,66,15,260.0,16.0,20.0,0.266400
lcamap,2,9,66,15,260.0,16.0,20.0,0.040597
segdup,2,9,66,20,340,16,20,57.839126
insider,2,9,66,20,340.0,16.0,20.0,0.207979
fastmultrec_greedy,2,9,66,20,340.0,16.0,20.0,0.264388
lcamap,2,9,66,20,340.0,16.0,20.0,0.040589
segdup,2,9,66,25,420,16,20,57.823802
insider,2,9,66,25,420.0,16.0,20.0,0.362895
fastmultrec_greedy,2,9,66,25,420.0,16.0,20.0,0.262216
lcamap,2,9,66,25,420.0,16.0,20.0,0.040012
segdup,2,9,66,5,100,16,20,90.814115
insider,2,9,66,5,100.0,16.0,20.0,0.088370
fastmultrec_greedy,2,9,66,5,100.0,16.0,20.0,0.266551
lcamap,2,9,66,5,100.0,16.0,20.0,0.040487
segdup,1,10,67,10,21,2,1,212.471484
insider,1,10,67,10,21.0,2.0,1.0,0.095780
fastmultrec_greedy,1,10,67,10,21.0,2.0,1.0,0.379593
lcamap,1,10,67,10,21.0,2.0,1.0,0.063108
segdup,1,10,67,15,31,2,1,210.524626
insider,1,10,67,15,31.0,2.0,1.0,0.096015
fastmultrec_greedy,1,10,67,15,31.0,2.0,1.0,0.376167
lcamap,1,10,67,15,31.0,2.0,1.0,0.063522
segdup,1,10,67,20,41,2,1,167.365840
insider,1,10,67,20,41.0,2.0,1.0,0.095749
fastmultrec_greedy,1,10,67,20,41.0,2.0,1.0,0.374811
lcamap,1,10,67,20,41.0,2.0,1.0,0.064420
segdup,1,10,67,25,51,2,1,161.413404
insider,1,10,67,25,51.0,2.0,1.0,0.097290
fastmultrec_greedy,1,10,67,25,51.0,2.0,1.0,0.371140
lcamap,1,10,67,25,51.0,2.0,1.0,0.063038
segdup,1,10,67,5,11,2,1,225.937857
insider,1,10,67,5,11.0,2.0,1.0,0.097693
fastmultrec_greedy,1,10,67,5,11.0,2.0,1.0,0.380875
lcamap,1,10,67,5,11.0,2.0,1.0,0.065451
segdup,1,11,67,10,10,1,0,96.499470
insider,1,11,67,10,10.0,1.0,0.0,0.050285
fastmultrec_greedy,1,11,67,10,10.0,1.0,0.0,0.194640
lcamap,1,11,67,10,10.0,1.0,0.0,0.030720
segdup,1,11,67,15,15,1,0,55.100011
insider,1,11,67,15,15.0,1.0,0.0,0.051191
fastmultrec_greedy,1,11,67,15,15.0,1.0,0.0,0.192930
lcamap,1,11,67,15,15.0,1.0,0.0,0.030778
segdup,1,11,67,20,20,1,0,53.007557
insider,1,11,67,20,20.0,1.0,0.0,0.050332
fastmultrec_greedy,1,11,67,20,20.0,1.0,0.0,0.197738
lcamap,1,11,67,20,20.0,1.0,0.0,0.031080
segdup,1,11,67,25,25,1,0,53.077633
insider,1,11,67,25,25.0,1.0,0.0,0.050653
fastmultrec_greedy,1,11,67,25,25.0,1.0,0.0,0.200049
lcamap,1,11,67,25,25.0,1.0,0.0,0.031749
segdup,1,11,67,5,5,1,0,96.287348
insider,1,11,67,5,5.0,1.0,0.0,0.050788
fastmultrec_greedy,1,11,67,5,5.0,1.0,0.0,0.193130
lcamap,1,11,67,5,5.0,1.0,0.0,0.030739
segdup,1,15,67,10,10,1,0,87.783850
insider,1,15,67,10,10.0,1.0,0.0,0.050534
fastmultrec_greedy,1,15,67,10,10.0,1.0,0.0,0.206037
lcamap,1,15,67,10,10.0,1.0,0.0,0.028135
segdup,1,15,67,15,15,1,0,75.036773
insider,1,15,67,15,15.0,1.0,0.0,0.050264
fastmultrec_greedy,1,15,67,15,15.0,1.0,0.0,0.209122
lcamap,1,15,67,15,15.0,1.0,0.0,0.028912
segdup,1,15,67,20,20,1,0,50.759614
insider,1,15,67,20,20.0,1.0,0.0,0.050155
fastmultrec_greedy,1,15,67,20,20.0,1.0,0.0,0.210640
lcamap,1,15,67,20,20.0,1.0,0.0,0.028469
segdup,1,15,67,25,25,1,0,51.553409
insider,1,15,67,25,25.0,1.0,0.0,0.050978
fastmultrec_greedy,1,15,67,25,25.0,1.0,0.0,0.206792
lcamap,1,15,67,25,25.0,1.0,0.0,0.028468
segdup,1,15,67,5,5,1,0,93.863321
insider,1,15,67,5,5.0,1.0,0.0,0.049959
fastmultrec_greedy,1,15,67,5,5.0,1.0,0.0,0.210471
lcamap,1,15,67,5,5.0,1.0,0.0,0.029180
segdup,1,8,67,10,979,82,159,120.630860
insider,1,8,67,10,966.0,75.0,216.0,0.259232
fastmultrec_greedy,1,8,67,10,974.0,80.0,174.0,0.863969
lcamap,1,8,67,10,979.0,82.0,159.0,0.057856
segdup,1,8,67,15,1389,82,159,120.491228
insider,1,8,67,15,1333.0,72.0,253.0,0.709422
fastmultrec_greedy,1,8,67,15,1374.0,80.0,174.0,0.847065
lcamap,1,8,67,15,1389.0,82.0,159.0,0.057208
segdup,1,8,67,20,1799,82,159,116.859989
insider,1,8,67,20,1689.0,70.0,289.0,4.268791
fastmultrec_greedy,1,8,67,20,1774.0,80.0,174.0,0.857499
lcamap,1,8,67,20,1799.0,82.0,159.0,0.056348
segdup,1,8,67,25,2209,82,159,117.887260
insider,1,8,67,25,2033.0,67.0,358.0,30.534031
fastmultrec_greedy,1,8,67,25,2174.0,80.0,174.0,0.860962
lcamap,1,8,67,25,2209.0,82.0,159.0,0.056277
segdup,1,8,67,5,569,82,159,123.583769
insider,1,8,67,5,569.0,82.0,159.0,0.148174
fastmultrec_greedy,1,8,67,5,569.0,82.0,159.0,0.324935
lcamap,1,8,67,5,569.0,82.0,159.0,0.057458
segdup,1,9,67,10,152,14,12,78.962436
insider,1,9,67,10,152.0,14.0,12.0,0.062032
fastmultrec_greedy,1,9,67,10,152.0,14.0,12.0,0.168945
lcamap,1,9,67,10,152.0,14.0,12.0,0.028326
segdup,1,9,67,15,222,14,12,72.665306
insider,1,9,67,15,222.0,14.0,12.0,0.071117
fastmultrec_greedy,1,9,67,15,222.0,14.0,12.0,0.170986
lcamap,1,9,67,15,222.0,14.0,12.0,0.028372
segdup,1,9,67,20,292,14,12,77.428690
insider,1,9,67,20,292.0,14.0,12.0,0.087413
fastmultrec_greedy,1,9,67,20,292.0,14.0,12.0,0.172044
lcamap,1,9,67,20,292.0,14.0,12.0,0.028785
segdup,1,9,67,25,362,14,12,69.419872
insider,1,9,67,25,362.0,14.0,12.0,0.154054
fastmultrec_greedy,1,9,67,25,362.0,14.0,12.0,0.174265
lcamap,1,9,67,25,362.0,14.0,12.0,0.028147
segdup,1,9,67,5,82,14,12,78.625711
insider,1,9,67,5,82.0,14.0,12.0,0.055339
fastmultrec_greedy,1,9,67,5,82.0,14.0,12.0,0.173993
lcamap,1,9,67,5,82.0,14.0,12.0,0.028898
segdup,2,10,67,10,20,2,0,87.051887
insider,2,10,67,10,20.0,2.0,0.0,0.056821
fastmultrec_greedy,2,10,67,10,20.0,2.0,0.0,0.184163
lcamap,2,10,67,10,20.0,2.0,0.0,0.030667
segdup,2,10,67,15,30,2,0,80.512997
insider,2,10,67,15,30.0,2.0,0.0,0.056417
fastmultrec_greedy,2,10,67,15,30.0,2.0,0.0,0.185724
lcamap,2,10,67,15,30.0,2.0,0.0,0.031241
segdup,2,10,67,20,40,2,0,43.032330
insider,2,10,67,20,40.0,2.0,0.0,0.056817
fastmultrec_greedy,2,10,67,20,40.0,2.0,0.0,0.182541
lcamap,2,10,67,20,40.0,2.0,0.0,0.030197
segdup,2,10,67,25,50,2,0,42.790585
insider,2,10,67,25,50.0,2.0,0.0,0.058896
fastmultrec_greedy,2,10,67,25,50.0,2.0,0.0,0.183953
lcamap,2,10,67,25,50.0,2.0,0.0,0.030569
segdup,2,10,67,5,10,2,0,100.619171
insider,2,10,67,5,10.0,2.0,0.0,0.058274
fastmultrec_greedy,2,10,67,5,10.0,2.0,0.0,0.183147
lcamap,2,10,67,5,10.0,2.0,0.0,0.031294
segdup,2,11,67,10,21,2,1,113.033917
insider,2,11,67,10,21.0,2.0,1.0,0.072737
fastmultrec_greedy,2,11,67,10,21.0,2.0,1.0,0.244235
lcamap,2,11,67,10,21.0,2.0,1.0,0.041759
segdup,2,11,67,15,31,2,1,56.626569
insider,2,11,67,15,31.0,2.0,1.0,0.071996
fastmultrec_greedy,2,11,67,15,31.0,2.0,1.0,0.245989
lcamap,2,11,67,15,31.0,2.0,1.0,0.039956
segdup,2,11,67,20,41,2,1,56.878351
insider,2,11,67,20,41.0,2.0,1.0,0.070895
fastmultrec_greedy,2,11,67,20,41.0,2.0,1.0,0.243171
lcamap,2,11,67,20,41.0,2.0,1.0,0.040374
segdup,2,11,67,25,51,2,1,57.044166
insider,2,11,67,25,51.0,2.0,1.0,0.073751
fastmultrec_greedy,2,11,67,25,51.0,2.0,1.0,0.249168
lcamap,2,11,67,25,51.0,2.0,1.0,0.041925
segdup,2,11,67,5,11,2,1,128.481029
insider,2,11,67,5,11.0,2.0,1.0,0.073193
fastmultrec_greedy,2,11,67,5,11.0,2.0,1.0,0.242446
lcamap,2,11,67,5,11.0,2.0,1.0,0.040312
segdup,2,15,67,10,20,2,0,71.596148
insider,2,15,67,10,20.0,2.0,0.0,0.047584
fastmultrec_greedy,2,15,67,10,20.0,2.0,0.0,0.159093
lcamap,2,15,67,10,20.0,2.0,0.0,0.027767
segdup,2,15,67,15,30,2,0,31.985933
insider,2,15,67,15,30.0,2.0,0.0,0.050130
fastmultrec_greedy,2,15,67,15,30.0,2.0,0.0,0.155978
lcamap,2,15,67,15,30.0,2.0,0.0,0.027575
segdup,2,15,67,20,40,2,0,32.827692
insider,2,15,67,20,40.0,2.0,0.0,0.048961
fastmultrec_greedy,2,15,67,20,40.0,2.0,0.0,0.154498
lcamap,2,15,67,20,40.0,2.0,0.0,0.028629
segdup,2,15,67,25,50,2,0,32.311830
insider,2,15,67,25,50.0,2.0,0.0,0.049313
fastmultrec_greedy,2,15,67,25,50.0,2.0,0.0,0.161029
lcamap,2,15,67,25,50.0,2.0,0.0,0.026868
segdup,2,15,67,5,10,2,0,74.138590
insider,2,15,67,5,10.0,2.0,0.0,0.048206
fastmultrec_greedy,2,15,67,5,10.0,2.0,0.0,0.154930
lcamap,2,15,67,5,10.0,2.0,0.0,0.027463
segdup,2,8,67,10,1292,106,232,216.665217
insider,2,8,67,10,1247.0,93.0,317.0,0.729266
fastmultrec_greedy,2,8,67,10,1268.0,100.0,268.0,3.688968
lcamap,2,8,67,10,1292.0,106.0,232.0,0.095571
segdup,2,8,67,15,1822,106,232,210.223149
insider,2,8,67,15,1690.0,84.0,430.0,1.703962
fastmultrec_greedy,2,8,67,15,1765.0,99.0,280.0,4.219121
lcamap,2,8,67,15,1822.0,106.0,232.0,0.095725
segdup,2,8,67,20,2345,105,245,205.273653
insider,2,8,67,20,2108.0,82.0,468.0,4.130730
fastmultrec_greedy,2,8,67,20,2260.0,99.0,280.0,4.213162
lcamap,2,8,67,20,2352.0,106.0,232.0,0.094284
segdup,2,8,67,25,2882,106,232,209.880455
insider,2,8,67,25,2514.0,79.0,539.0,22.624759
fastmultrec_greedy,2,8,67,25,2755.0,99.0,280.0,4.217688
lcamap,2,8,67,25,2882.0,106.0,232.0,0.095740
segdup,2,8,67,5,762,106,232,220.893598
insider,2,8,67,5,758.0,104.0,238.0,0.302789
fastmultrec_greedy,2,8,67,5,758.0,104.0,238.0,1.528823
lcamap,2,8,67,5,762.0,106.0,232.0,0.095313
segdup,2,9,67,10,219,20,19,166.426822
insider,2,9,67,10,219.0,20.0,19.0,0.191929
fastmultrec_greedy,2,9,67,10,219.0,20.0,19.0,0.427328
lcamap,2,9,67,10,219.0,20.0,19.0,0.071606
segdup,2,9,67,15,319,20,19,165.862347
insider,2,9,67,15,319.0,20.0,19.0,0.347764
fastmultrec_greedy,2,9,67,15,319.0,20.0,19.0,0.414059
lcamap,2,9,67,15,319.0,20.0,19.0,0.071984
segdup,2,9,67,20,419,20,19,136.755827
insider,2,9,67,20,419.0,20.0,19.0,0.682548
fastmultrec_greedy,2,9,67,20,419.0,20.0,19.0,0.414826
lcamap,2,9,67,20,419.0,20.0,19.0,0.069935
segdup,2,9,67,25,519,20,19,128.463469
insider,2,9,67,25,519.0,20.0,19.0,2.525862
fastmultrec_greedy,2,9,67,25,519.0,20.0,19.0,0.412804
lcamap,2,9,67,25,519.0,20.0,19.0,0.070787
segdup,2,9,67,5,119,20,19,184.044429
insider,2,9,67,5,119.0,20.0,19.0,0.133852
fastmultrec_greedy,2,9,67,5,119.0,20.0,19.0,0.426907
lcamap,2,9,67,5,119.0,20.0,19.0,0.070521
segdup,1,10,68,10,21,2,1,55.823761
insider,1,10,68,10,21.0,2.0,1.0,0.031795
fastmultrec_greedy,1,10,68,10,21.0,2.0,1.0,0.099296
lcamap,1,10,68,10,21.0,2.0,1.0,0.017109
segdup,1,10,68,15,31,2,1,50.802313
insider,1,10,68,15,31.0,2.0,1.0,0.032607
fastmultrec_greedy,1,10,68,15,31.0,2.0,1.0,0.099113
lcamap,1,10,68,15,31.0,2.0,1.0,0.017059
segdup,1,10,68,20,41,2,1,33.591862
insider,1,10,68,20,41.0,2.0,1.0,0.033212
fastmultrec_greedy,1,10,68,20,41.0,2.0,1.0,0.098195
lcamap,1,10,68,20,41.0,2.0,1.0,0.016958
segdup,1,10,68,25,51,2,1,33.231173
insider,1,10,68,25,51.0,2.0,1.0,0.033068
fastmultrec_greedy,1,10,68,25,51.0,2.0,1.0,0.100120
lcamap,1,10,68,25,51.0,2.0,1.0,0.016953
segdup,1,10,68,5,11,2,1,56.187612
insider,1,10,68,5,11.0,2.0,1.0,0.031607
fastmultrec_greedy,1,10,68,5,11.0,2.0,1.0,0.099386
lcamap,1,10,68,5,11.0,2.0,1.0,0.017235
segdup,1,11,68,10,10,1,0,166.361913
insider,1,11,68,10,10.0,1.0,0.0,0.081219
fastmultrec_greedy,1,11,68,10,10.0,1.0,0.0,0.331794
lcamap,1,11,68,10,10.0,1.0,0.0,0.051575
segdup,1,11,68,15,15,1,0,100.675207
insider,1,11,68,15,15.0,1.0,0.0,0.080992
fastmultrec_greedy,1,11,68,15,15.0,1.0,0.0,0.333906
lcamap,1,11,68,15,15.0,1.0,0.0,0.051095
segdup,1,11,68,20,20,1,0,94.347848
insider,1,11,68,20,20.0,1.0,0.0,0.081241
fastmultrec_greedy,1,11,68,20,20.0,1.0,0.0,0.335119
lcamap,1,11,68,20,20.0,1.0,0.0,0.051864
segdup,1,11,68,25,25,1,0,93.725902
insider,1,11,68,25,25.0,1.0,0.0,0.080061
fastmultrec_greedy,1,11,68,25,25.0,1.0,0.0,0.333839
lcamap,1,11,68,25,25.0,1.0,0.0,0.050212
segdup,1,11,68,5,5,1,0,168.791657
insider,1,11,68,5,5.0,1.0,0.0,0.079290
fastmultrec_greedy,1,11,68,5,5.0,1.0,0.0,0.330740
lcamap,1,11,68,5,5.0,1.0,0.0,0.051652
segdup,1,15,68,10,10,1,0,108.157353
insider,1,15,68,10,10.0,1.0,0.0,0.062583
fastmultrec_greedy,1,15,68,10,10.0,1.0,0.0,0.210283
lcamap,1,15,68,10,10.0,1.0,0.0,0.039352
segdup,1,15,68,15,15,1,0,68.735854
insider,1,15,68,15,15.0,1.0,0.0,0.062220
fastmultrec_greedy,1,15,68,15,15.0,1.0,0.0,0.210592
lcamap,1,15,68,15,15.0,1.0,0.0,0.038442
segdup,1,15,68,20,20,1,0,66.942232
insider,1,15,68,20,20.0,1.0,0.0,0.062458
fastmultrec_greedy,1,15,68,20,20.0,1.0,0.0,0.210924
lcamap,1,15,68,20,20.0,1.0,0.0,0.039073
segdup,1,15,68,25,25,1,0,67.030845
insider,1,15,68,25,25.0,1.0,0.0,0.063292
fastmultrec_greedy,1,15,68,25,25.0,1.0,0.0,0.207974
lcamap,1,15,68,25,25.0,1.0,0.0,0.038292
segdup,1,15,68,5,5,1,0,123.836364
insider,1,15,68,5,5.0,1.0,0.0,0.062744
fastmultrec_greedy,1,15,68,5,5.0,1.0,0.0,0.212902
lcamap,1,15,68,5,5.0,1.0,0.0,0.038686
segdup,1,8,68,10,999,78,219,87.439942
insider,1,8,68,10,987.0,75.0,237.0,0.198987
fastmultrec_greedy,1,8,68,10,995.0,77.0,225.0,0.555473
lcamap,1,8,68,10,1008.0,79.0,218.0,0.036215
segdup,1,8,68,15,1389,78,219,86.088924
insider,1,8,68,15,1356.0,71.0,291.0,0.517713
fastmultrec_greedy,1,8,68,15,1380.0,77.0,225.0,0.569858
lcamap,1,8,68,15,1403.0,79.0,218.0,0.037251
segdup,1,8,68,20,1784,78,224,85.072044
insider,1,8,68,20,1710.0,70.0,310.0,4.076409
fastmultrec_greedy,1,8,68,20,1755.0,75.0,255.0,0.931150
lcamap,1,8,68,20,1798.0,79.0,218.0,0.036841
segdup,1,8,68,25,2171,78,221,86.055409
insider,1,8,68,25,2045.0,61.0,520.0,81.031838
fastmultrec_greedy,1,8,68,25,2130.0,75.0,255.0,0.948083
lcamap,1,8,68,25,2193.0,79.0,218.0,0.037210
segdup,1,8,68,5,613,79,218,90.789973
insider,1,8,68,5,609.0,78.0,219.0,0.112495
fastmultrec_greedy,1,8,68,5,609.0,78.0,219.0,0.386258
lcamap,1,8,68,5,613.0,79.0,218.0,0.036790
segdup,1,9,68,10,92,9,2,78.722277
insider,1,9,68,10,88.0,8.0,8.0,0.051315
fastmultrec_greedy,1,9,68,10,92.0,9.0,2.0,0.148550
lcamap,1,9,68,10,92.0,9.0,2.0,0.025322
segdup,1,9,68,15,137,9,2,79.100727
insider,1,9,68,15,128.0,8.0,8.0,0.053752
fastmultrec_greedy,1,9,68,15,137.0,9.0,2.0,0.145991
lcamap,1,9,68,15,137.0,9.0,2.0,0.025577
segdup,1,9,68,20,182,9,2,77.577709
insider,1,9,68,20,168.0,8.0,8.0,0.053498
fastmultrec_greedy,1,9,68,20,182.0,9.0,2.0,0.147434
lcamap,1,9,68,20,182.0,9.0,2.0,0.025986
segdup,1,9,68,25,227,9,2,76.375537
insider,1,9,68,25,208.0,8.0,8.0,0.055669
fastmultrec_greedy,1,9,68,25,227.0,9.0,2.0,0.149703
lcamap,1,9,68,25,227.0,9.0,2.0,0.025689
segdup,1,9,68,5,47,9,2,81.992964
insider,1,9,68,5,47.0,9.0,2.0,0.047592
fastmultrec_greedy,1,9,68,5,47.0,9.0,2.0,0.149817
lcamap,1,9,68,5,47.0,9.0,2.0,0.025455
segdup,2,10,68,10,67,6,7,258.263330
insider,2,10,68,10,67.0,6.0,7.0,0.157402
fastmultrec_greedy,2,10,68,10,67.0,6.0,7.0,0.557844
lcamap,2,10,68,10,67.0,6.0,7.0,0.093262
segdup,2,10,68,15,97,6,7,209.506863
insider,2,10,68,15,97.0,6.0,7.0,0.161084
fastmultrec_greedy,2,10,68,15,97.0,6.0,7.0,0.558602
lcamap,2,10,68,15,97.0,6.0,7.0,0.090821
segdup,2,10,68,20,127,6,7,227.366355
insider,2,10,68,20,127.0,6.0,7.0,0.164124
fastmultrec_greedy,2,10,68,20,127.0,6.0,7.0,0.566514
lcamap,2,10,68,20,127.0,6.0,7.0,0.095252
segdup,2,10,68,25,157,6,7,133.668396
insider,2,10,68,25,157.0,6.0,7.0,0.173130
fastmultrec_greedy,2,10,68,25,157.0,6.0,7.0,0.570818
lcamap,2,10,68,25,157.0,6.0,7.0,0.094576
segdup,2,10,68,5,37,6,7,286.960427
insider,2,10,68,5,37.0,6.0,7.0,0.151738
fastmultrec_greedy,2,10,68,5,37.0,6.0,7.0,0.569179
lcamap,2,10,68,5,37.0,6.0,7.0,0.094995
segdup,2,11,68,10,20,2,0,119.553541
insider,2,11,68,10,20.0,2.0,0.0,0.067471
fastmultrec_greedy,2,11,68,10,20.0,2.0,0.0,0.233700
lcamap,2,11,68,10,20.0,2.0,0.0,0.039206
segdup,2,11,68,15,30,2,0,55.988542
insider,2,11,68,15,30.0,2.0,0.0,0.068374
fastmultrec_greedy,2,11,68,15,30.0,2.0,0.0,0.235003
lcamap,2,11,68,15,30.0,2.0,0.0,0.039926
segdup,2,11,68,20,40,2,0,55.254687
insider,2,11,68,20,40.0,2.0,0.0,0.067754
fastmultrec_greedy,2,11,68,20,40.0,2.0,0.0,0.232516
lcamap,2,11,68,20,40.0,2.0,0.0,0.039190
segdup,2,11,68,25,50,2,0,55.263500
insider,2,11,68,25,50.0,2.0,0.0,0.068570
fastmultrec_greedy,2,11,68,25,50.0,2.0,0.0,0.231493
lcamap,2,11,68,25,50.0,2.0,0.0,0.039116
segdup,2,11,68,5,10,2,0,120.373985
insider,2,11,68,5,10.0,2.0,0.0,0.066984
fastmultrec_greedy,2,11,68,5,10.0,2.0,0.0,0.234480
lcamap,2,11,68,5,10.0,2.0,0.0,0.039846
segdup,2,15,68,10,20,2,0,258.783196
insider,2,15,68,10,20.0,2.0,0.0,0.171365
fastmultrec_greedy,2,15,68,10,20.0,2.0,0.0,0.796587
lcamap,2,15,68,10,20.0,2.0,0.0,0.110498
segdup,2,15,68,15,30,2,0,151.823689
insider,2,15,68,15,30.0,2.0,0.0,0.168151
fastmultrec_greedy,2,15,68,15,30.0,2.0,0.0,0.788140
lcamap,2,15,68,15,30.0,2.0,0.0,0.110591
segdup,2,15,68,20,40,2,0,156.211957
insider,2,15,68,20,40.0,2.0,0.0,0.165324
fastmultrec_greedy,2,15,68,20,40.0,2.0,0.0,0.787985
lcamap,2,15,68,20,40.0,2.0,0.0,0.110369
segdup,2,15,68,25,50,2,0,154.314426
insider,2,15,68,25,50.0,2.0,0.0,0.169729
fastmultrec_greedy,2,15,68,25,50.0,2.0,0.0,0.800176
lcamap,2,15,68,25,50.0,2.0,0.0,0.108642
segdup,2,15,68,5,10,2,0,275.757821
insider,2,15,68,5,10.0,2.0,0.0,0.168260
fastmultrec_greedy,2,15,68,5,10.0,2.0,0.0,0.768604
lcamap,2,15,68,5,10.0,2.0,0.0,0.104747
segdup,2,8,68,10,974,73,244,113.761919
insider,2,8,68,10,951.0,67.0,281.0,0.247394
fastmultrec_greedy,2,8,68,10,963.0,71.0,253.0,0.833665
lcamap,2,8,68,10,974.0,73.0,244.0,0.048382
segdup,2,8,68,15,1339,73,244,114.043068
insider,2,8,68,15,1280.0,65.0,305.0,0.511660
fastmultrec_greedy,2,8,68,15,1318.0,71.0,253.0,0.836831
lcamap,2,8,68,15,1339.0,73.0,244.0,0.047295
segdup,2,8,68,20,1704,73,244,109.204844
insider,2,8,68,20,1596.0,61.0,376.0,1.155902
fastmultrec_greedy,2,8,68,20,1673.0,71.0,253.0,0.838735
lcamap,2,8,68,20,1704.0,73.0,244.0,0.048956
segdup,2,8,68,25,2069,73,244,108.232610
insider,2,8,68,25,1897.0,58.0,447.0,3.257676
fastmultrec_greedy,2,8,68,25,2028.0,71.0,253.0,0.839239
lcamap,2,8,68,25,2069.0,73.0,244.0,0.048461
segdup,2,8,68,5,609,73,244,120.008515
insider,2,8,68,5,607.0,72.0,247.0,0.141776
fastmultrec_greedy,2,8,68,5,607.0,72.0,247.0,0.564615
lcamap,2,8,68,5,609.0,73.0,244.0,0.048107
segdup,2,9,68,10,42,4,2,183.369794
insider,2,9,68,10,42.0,4.0,2.0,0.098332
fastmultrec_greedy,2,9,68,10,42.0,4.0,2.0,0.331472
lcamap,2,9,68,10,42.0,4.0,2.0,0.054760
segdup,2,9,68,15,62,4,2,80.922763
insider,2,9,68,15,62.0,4.0,2.0,0.101026
fastmultrec_greedy,2,9,68,15,62.0,4.0,2.0,0.322692
lcamap,2,9,68,15,62.0,4.0,2.0,0.054893
segdup,2,9,68,20,82,4,2,80.212498
insider,2,9,68,20,82.0,4.0,2.0,0.099253
fastmultrec_greedy,2,9,68,20,82.0,4.0,2.0,0.327291
lcamap,2,9,68,20,82.0,4.0,2.0,0.056491
segdup,2,9,68,25,102,4,2,79.359229
insider,2,9,68,25,102.0,4.0,2.0,0.101422
fastmultrec_greedy,2,9,68,25,102.0,4.0,2.0,0.332308
lcamap,2,9,68,25,102.0,4.0,2.0,0.056621
segdup,2,9,68,5,22,4,2,189.252828
insider,2,9,68,5,22.0,4.0,2.0,0.096696
fastmultrec_greedy,2,9,68,5,22.0,4.0,2.0,0.323864
lcamap,2,9,68,5,22.0,4.0,2.0,0.053734
segdup,1,10,69,10,10,1,0,70.300477
insider,1,10,69,10,10.0,1.0,0.0,0.037793
fastmultrec_greedy,1,10,69,10,10.0,1.0,0.0,0.126514
lcamap,1,10,69,10,10.0,1.0,0.0,0.021133
segdup,1,10,69,15,15,1,0,42.454947
insider,1,10,69,15,15.0,1.0,0.0,0.038378
fastmultrec_greedy,1,10,69,15,15.0,1.0,0.0,0.126829
lcamap,1,10,69,15,15.0,1.0,0.0,0.022075
segdup,1,10,69,20,20,1,0,40.388577
insider,1,10,69,20,20.0,1.0,0.0,0.039188
fastmultrec_greedy,1,10,69,20,20.0,1.0,0.0,0.128847
lcamap,1,10,69,20,20.0,1.0,0.0,0.021585
segdup,1,10,69,25,25,1,0,41.468733
insider,1,10,69,25,25.0,1.0,0.0,0.038315
fastmultrec_greedy,1,10,69,25,25.0,1.0,0.0,0.126890
lcamap,1,10,69,25,25.0,1.0,0.0,0.021500
segdup,1,10,69,5,5,1,0,75.518814
insider,1,10,69,5,5.0,1.0,0.0,0.041261
fastmultrec_greedy,1,10,69,5,5.0,1.0,0.0,0.126114
lcamap,1,10,69,5,5.0,1.0,0.0,0.021494
segdup,1,11,69,10,10,1,0,75.152008
insider,1,11,69,10,10.0,1.0,0.0,0.036369
fastmultrec_greedy,1,11,69,10,10.0,1.0,0.0,0.117245
lcamap,1,11,69,10,10.0,1.0,0.0,0.021420
segdup,1,11,69,15,15,1,0,51.360758
insider,1,11,69,15,15.0,1.0,0.0,0.037855
fastmultrec_greedy,1,11,69,15,15.0,1.0,0.0,0.117326
lcamap,1,11,69,15,15.0,1.0,0.0,0.021486
segdup,1,11,69,20,20,1,0,40.493810
insider,1,11,69,20,20.0,1.0,0.0,0.037527
fastmultrec_greedy,1,11,69,20,20.0,1.0,0.0,0.115886
lcamap,1,11,69,20,20.0,1.0,0.0,0.021230
segdup,1,11,69,25,25,1,0,39.733313
insider,1,11,69,25,25.0,1.0,0.0,0.037283
fastmultrec_greedy,1,11,69,25,25.0,1.0,0.0,0.117199
lcamap,1,11,69,25,25.0,1.0,0.0,0.020862
segdup,1,11,69,5,5,1,0,73.768442
insider,1,11,69,5,5.0,1.0,0.0,0.037665
fastmultrec_greedy,1,11,69,5,5.0,1.0,0.0,0.117057
lcamap,1,11,69,5,5.0,1.0,0.0,0.020617
segdup,1,15,69,10,10,1,0,157.270215
insider,1,15,69,10,10.0,1.0,0.0,0.075651
fastmultrec_greedy,1,15,69,10,10.0,1.0,0.0,0.264685
lcamap,1,15,69,10,10.0,1.0,0.0,0.048219
segdup,1,15,69,15,15,1,0,95.290815
insider,1,15,69,15,15.0,1.0,0.0,0.074295
fastmultrec_greedy,1,15,69,15,15.0,1.0,0.0,0.269023
lcamap,1,15,69,15,15.0,1.0,0.0,0.049818
segdup,1,15,69,20,20,1,0,88.615982
insider,1,15,69,20,20.0,1.0,0.0,0.074250
fastmultrec_greedy,1,15,69,20,20.0,1.0,0.0,0.263792
lcamap,1,15,69,20,20.0,1.0,0.0,0.049344
segdup,1,15,69,25,25,1,0,90.758619
insider,1,15,69,25,25.0,1.0,0.0,0.073913
fastmultrec_greedy,1,15,69,25,25.0,1.0,0.0,0.267427
lcamap,1,15,69,25,25.0,1.0,0.0,0.048356
segdup,1,15,69,5,5,1,0,160.577073
insider,1,15,69,5,5.0,1.0,0.0,0.073560
fastmultrec_greedy,1,15,69,5,5.0,1.0,0.0,0.268641
lcamap,1,15,69,5,5.0,1.0,0.0,0.050388
segdup,1,8,69,10,760,61,150,84.066288
insider,1,8,69,10,757.0,58.0,177.0,0.214501
fastmultrec_greedy,1,8,69,10,760.0,61.0,150.0,0.211206
lcamap,1,8,69,10,760.0,61.0,150.0,0.033418
segdup,1,8,69,15,1059,60,159,80.293860
insider,1,8,69,15,1034.0,52.0,254.0,0.431371
fastmultrec_greedy,1,8,69,15,1065.0,61.0,150.0,0.204605
lcamap,1,8,69,15,1065.0,61.0,150.0,0.032061
segdup,1,8,69,20,1363,60,163,80.410608
insider,1,8,69,20,1285.0,49.0,305.0,1.115551
fastmultrec_greedy,1,8,69,20,1370.0,61.0,150.0,0.206763
lcamap,1,8,69,20,1370.0,61.0,150.0,0.033569
segdup,1,8,69,25,1675,61,150,79.488236
insider,1,8,69,25,1527.0,48.0,327.0,3.409934
fastmultrec_greedy,1,8,69,25,1675.0,61.0,150.0,0.208078
lcamap,1,8,69,25,1675.0,61.0,150.0,0.033470
segdup,1,8,69,5,455,61,150,87.095471
insider,1,8,69,5,455.0,61.0,150.0,0.102748
fastmultrec_greedy,1,8,69,5,455.0,61.0,150.0,0.205637
lcamap,1,8,69,5,455.0,61.0,150.0,0.032276
segdup,1,9,69,10,111,9,21,109.619723
insider,1,9,69,10,111.0,9.0,21.0,0.069677
fastmultrec_greedy,1,9,69,10,111.0,9.0,21.0,0.238789
lcamap,1,9,69,10,111.0,9.0,21.0,0.035384
segdup,1,9,69,15,156,9,21,90.951123
insider,1,9,69,15,156.0,9.0,21.0,0.074764
fastmultrec_greedy,1,9,69,15,156.0,9.0,21.0,0.238371
lcamap,1,9,69,15,156.0,9.0,21.0,0.035273
segdup,1,9,69,20,201,9,21,87.333189
insider,1,9,69,20,201.0,9.0,21.0,0.083278
fastmultrec_greedy,1,9,69,20,201.0,9.0,21.0,0.237621
lcamap,1,9,69,20,201.0,9.0,21.0,0.035474
segdup,1,9,69,25,246,9,21,92.581696
insider,1,9,69,25,246.0,9.0,21.0,0.105793
fastmultrec_greedy,1,9,69,25,246.0,9.0,21.0,0.231776
lcamap,1,9,69,25,246.0,9.0,21.0,0.035553
segdup,1,9,69,5,66,9,21,112.792544
insider,1,9,69,5,66.0,9.0,21.0,0.065228
fastmultrec_greedy,1,9,69,5,66.0,9.0,21.0,0.238125
lcamap,1,9,69,5,66.0,9.0,21.0,0.036059
segdup,2,10,69,10,61,6,1,132.618027
insider,2,10,69,10,61.0,6.0,1.0,0.111777
fastmultrec_greedy,2,10,69,10,61.0,6.0,1.0,0.408124
lcamap,2,10,69,10,61.0,6.0,1.0,0.069861
segdup,2,10,69,15,91,6,1,90.648102
insider,2,10,69,15,91.0,6.0,1.0,0.114443
fastmultrec_greedy,2,10,69,15,91.0,6.0,1.0,0.398039
lcamap,2,10,69,15,91.0,6.0,1.0,0.065000
segdup,2,10,69,20,121,6,1,88.462311
insider,2,10,69,20,121.0,6.0,1.0,0.118438
fastmultrec_greedy,2,10,69,20,121.0,6.0,1.0,0.404007
lcamap,2,10,69,20,121.0,6.0,1.0,0.066516
segdup,2,10,69,25,151,6,1,89.085293
insider,2,10,69,25,151.0,6.0,1.0,0.124113
fastmultrec_greedy,2,10,69,25,151.0,6.0,1.0,0.410170
lcamap,2,10,69,25,151.0,6.0,1.0,0.066051
segdup,2,10,69,5,31,6,1,150.486272
insider,2,10,69,5,31.0,6.0,1.0,0.108174
fastmultrec_greedy,2,10,69,5,31.0,6.0,1.0,0.408598
lcamap,2,10,69,5,31.0,6.0,1.0,0.065001
segdup,2,11,69,10,20,2,0,138.685122
insider,2,11,69,10,20.0,2.0,0.0,0.150784
fastmultrec_greedy,2,11,69,10,20.0,2.0,0.0,0.626551
lcamap,2,11,69,10,20.0,2.0,0.0,0.098362
segdup,2,11,69,15,30,2,0,222.284361
insider,2,11,69,15,30.0,2.0,0.0,0.149988
fastmultrec_greedy,2,11,69,15,30.0,2.0,0.0,0.625011
lcamap,2,11,69,15,30.0,2.0,0.0,0.092654
segdup,2,11,69,20,40,2,0,217.339689
insider,2,11,69,20,40.0,2.0,0.0,0.148731
fastmultrec_greedy,2,11,69,20,40.0,2.0,0.0,0.611295
lcamap,2,11,69,20,40.0,2.0,0.0,0.092451
segdup,2,11,69,25,50,2,0,140.051123
insider,2,11,69,25,50.0,2.0,0.0,0.150526
fastmultrec_greedy,2,11,69,25,50.0,2.0,0.0,0.628762
lcamap,2,11,69,25,50.0,2.0,0.0,0.092742
segdup,2,11,69,5,10,2,0,269.659452
insider,2,11,69,5,10.0,2.0,0.0,0.152046
fastmultrec_greedy,2,11,69,5,10.0,2.0,0.0,0.615965
lcamap,2,11,69,5,10.0,2.0,0.0,0.093022
segdup,2,15,69,10,20,2,0,136.873815
insider,2,15,69,10,20.0,2.0,0.0,0.084068
fastmultrec_greedy,2,15,69,10,20.0,2.0,0.0,0.309091
lcamap,2,15,69,10,20.0,2.0,0.0,0.047991
segdup,2,15,69,15,30,2,0,69.378439
insider,2,15,69,15,30.0,2.0,0.0,0.084512
fastmultrec_greedy,2,15,69,15,30.0,2.0,0.0,0.309286
lcamap,2,15,69,15,30.0,2.0,0.0,0.047823
segdup,2,15,69,20,40,2,0,69.057601
insider,2,15,69,20,40.0,2.0,0.0,0.085126
fastmultrec_greedy,2,15,69,20,40.0,2.0,0.0,0.300555
lcamap,2,15,69,20,40.0,2.0,0.0,0.047041
segdup,2,15,69,25,50,2,0,68.589629
insider,2,15,69,25,50.0,2.0,0.0,0.085457
fastmultrec_greedy,2,15,69,25,50.0,2.0,0.0,0.305329
lcamap,2,15,69,25,50.0,2.0,0.0,0.049565
segdup,2,15,69,5,10,2,0,163.466811
insider,2,15,69,5,10.0,2.0,0.0,0.084858
fastmultrec_greedy,2,15,69,5,10.0,2.0,0.0,0.304859
lcamap,2,15,69,5,10.0,2.0,0.0,0.046894
segdup,2,8,69,10,994,77,224,171.478806
insider,2,8,69,10,982.0,74.0,242.0,0.376329
fastmultrec_greedy,2,8,69,10,994.0,77.0,224.0,0.484440
lcamap,2,8,69,10,994.0,77.0,224.0,0.084023
segdup,2,8,69,15,1379,77,224,165.663889
insider,2,8,69,15,1349.0,72.0,269.0,1.278076
fastmultrec_greedy,2,8,69,15,1379.0,77.0,224.0,0.494086
lcamap,2,8,69,15,1379.0,77.0,224.0,0.083038
segdup,2,8,69,20,1764,77,224,166.046304
insider,2,8,69,20,1701.0,68.0,341.0,3.443894
fastmultrec_greedy,2,8,69,20,1764.0,77.0,224.0,0.490881
lcamap,2,8,69,20,1764.0,77.0,224.0,0.079944
segdup,2,8,69,25,2149,77,224,159.153718
insider,2,8,69,25,2031.0,63.0,456.0,28.519902
fastmultrec_greedy,2,8,69,25,2149.0,77.0,224.0,0.478606
lcamap,2,8,69,25,2149.0,77.0,224.0,0.078596
segdup,2,8,69,5,609,77,224,179.247598
insider,2,8,69,5,609.0,77.0,224.0,0.219711
fastmultrec_greedy,2,8,69,5,609.0,77.0,224.0,0.478070
lcamap,2,8,69,5,609.0,77.0,224.0,0.081219
segdup,2,9,69,10,346,31,36,161.977196
insider,2,9,69,10,345.0,30.0,45.0,0.247566
fastmultrec_greedy,2,9,69,10,346.0,31.0,36.0,0.456283
lcamap,2,9,69,10,346.0,31.0,36.0,0.076984
segdup,2,9,69,15,501,31,36,155.030196
insider,2,9,69,15,495.0,30.0,45.0,0.479879
fastmultrec_greedy,2,9,69,15,501.0,31.0,36.0,0.447249
lcamap,2,9,69,15,501.0,31.0,36.0,0.079067
segdup,2,9,69,20,656,31,36,145.871969
insider,2,9,69,20,640.0,29.0,60.0,1.196810
fastmultrec_greedy,2,9,69,20,656.0,31.0,36.0,0.448709
lcamap,2,9,69,20,656.0,31.0,36.0,0.077253
segdup,2,9,69,25,811,31,36,137.568518
insider,2,9,69,25,783.0,28.0,83.0,13.457167
fastmultrec_greedy,2,9,69,25,811.0,31.0,36.0,0.446620
lcamap,2,9,69,25,811.0,31.0,36.0,0.074369
segdup,2,9,69,5,191,31,36,167.960509
insider,2,9,69,5,191.0,31.0,36.0,0.168030
fastmultrec_greedy,2,9,69,5,191.0,31.0,36.0,0.465055
lcamap,2,9,69,5,191.0,31.0,36.0,0.077273
segdup,1,10,6,10,20,2,0,77.429956
insider,1,10,6,10,20.0,2.0,0.0,0.047761
fastmultrec_greedy,1,10,6,10,20.0,2.0,0.0,0.165830
lcamap,1,10,6,10,20.0,2.0,0.0,0.028882
segdup,1,10,6,15,30,2,0,68.665727
insider,1,10,6,15,30.0,2.0,0.0,0.050510
fastmultrec_greedy,1,10,6,15,30.0,2.0,0.0,0.166663
lcamap,1,10,6,15,30.0,2.0,0.0,0.029173
segdup,1,10,6,20,40,2,0,48.369124
insider,1,10,6,20,40.0,2.0,0.0,0.049427
fastmultrec_greedy,1,10,6,20,40.0,2.0,0.0,0.171568
lcamap,1,10,6,20,40.0,2.0,0.0,0.029700
segdup,1,10,6,25,50,2,0,48.298103
insider,1,10,6,25,50.0,2.0,0.0,0.050752
fastmultrec_greedy,1,10,6,25,50.0,2.0,0.0,0.163877
lcamap,1,10,6,25,50.0,2.0,0.0,0.028352
segdup,1,10,6,5,10,2,0,82.489941
insider,1,10,6,5,10.0,2.0,0.0,0.049058
fastmultrec_greedy,1,10,6,5,10.0,2.0,0.0,0.164812
lcamap,1,10,6,5,10.0,2.0,0.0,0.029222
segdup,1,11,6,10,10,1,0,53.643747
insider,1,11,6,10,10.0,1.0,0.0,0.033833
fastmultrec_greedy,1,11,6,10,10.0,1.0,0.0,0.109327
lcamap,1,11,6,10,10.0,1.0,0.0,0.017945
segdup,1,11,6,15,15,1,0,48.887923
insider,1,11,6,15,15.0,1.0,0.0,0.038580
fastmultrec_greedy,1,11,6,15,15.0,1.0,0.0,0.109063
lcamap,1,11,6,15,15.0,1.0,0.0,0.017958
segdup,1,11,6,20,20,1,0,33.290303
insider,1,11,6,20,20.0,1.0,0.0,0.032120
fastmultrec_greedy,1,11,6,20,20.0,1.0,0.0,0.109504
lcamap,1,11,6,20,20.0,1.0,0.0,0.017707
segdup,1,11,6,25,25,1,0,33.156511
insider,1,11,6,25,25.0,1.0,0.0,0.032536
fastmultrec_greedy,1,11,6,25,25.0,1.0,0.0,0.108927
lcamap,1,11,6,25,25.0,1.0,0.0,0.017500
segdup,1,11,6,5,5,1,0,57.727311
insider,1,11,6,5,5.0,1.0,0.0,0.032562
fastmultrec_greedy,1,11,6,5,5.0,1.0,0.0,0.109552
lcamap,1,11,6,5,5.0,1.0,0.0,0.017961
segdup,1,15,6,10,10,1,0,95.116201
insider,1,15,6,10,10.0,1.0,0.0,0.049493
fastmultrec_greedy,1,15,6,10,10.0,1.0,0.0,0.174444
lcamap,1,15,6,10,10.0,1.0,0.0,0.032833
segdup,1,15,6,15,15,1,0,71.051912
insider,1,15,6,15,15.0,1.0,0.0,0.048301
fastmultrec_greedy,1,15,6,15,15.0,1.0,0.0,0.176248
lcamap,1,15,6,15,15.0,1.0,0.0,0.031121
segdup,1,15,6,20,20,1,0,53.656402
insider,1,15,6,20,20.0,1.0,0.0,0.050548
fastmultrec_greedy,1,15,6,20,20.0,1.0,0.0,0.175606
lcamap,1,15,6,20,20.0,1.0,0.0,0.030303
segdup,1,15,6,25,25,1,0,53.584358
insider,1,15,6,25,25.0,1.0,0.0,0.050311
fastmultrec_greedy,1,15,6,25,25.0,1.0,0.0,0.175861
lcamap,1,15,6,25,25.0,1.0,0.0,0.030913
segdup,1,15,6,5,5,1,0,95.183326
insider,1,15,6,5,5.0,1.0,0.0,0.051636
fastmultrec_greedy,1,15,6,5,5.0,1.0,0.0,0.174346
lcamap,1,15,6,5,5.0,1.0,0.0,0.031911
segdup,1,8,6,10,992,84,152,120.686035
insider,1,8,6,10,978.0,76.0,218.0,0.473747
fastmultrec_greedy,1,8,6,10,992.0,84.0,152.0,0.348757
lcamap,1,8,6,10,992.0,84.0,152.0,0.054623
segdup,1,8,6,15,1412,84,152,116.447304
insider,1,8,6,15,1348.0,69.0,313.0,2.404856
fastmultrec_greedy,1,8,6,15,1412.0,84.0,152.0,0.346018
lcamap,1,8,6,15,1412.0,84.0,152.0,0.056755
segdup,1,8,6,20,1832,84,152,114.491070
insider,1,8,6,20,1684.0,66.0,364.0,37.296771
fastmultrec_greedy,1,8,6,20,1832.0,84.0,152.0,0.346648
lcamap,1,8,6,20,1832.0,84.0,152.0,0.058719
segdup,1,8,6,25,2252,84,152,110.560135
insider,1,8,6,25,-1,-1,-1,132.192975
fastmultrec_greedy,1,8,6,25,2252.0,84.0,152.0,0.358619
lcamap,1,8,6,25,2252.0,84.0,152.0,0.056468
segdup,1,8,6,5,572,84,152,126.478373
insider,1,8,6,5,572.0,84.0,152.0,0.169469
fastmultrec_greedy,1,8,6,5,572.0,84.0,152.0,0.341666
lcamap,1,8,6,5,572.0,84.0,152.0,0.057444
segdup,1,9,6,10,23,2,3,89.121008
insider,1,9,6,10,23.0,2.0,3.0,0.047706
fastmultrec_greedy,1,9,6,10,23.0,2.0,3.0,0.167568
lcamap,1,9,6,10,23.0,2.0,3.0,0.028988
segdup,1,9,6,15,33,2,3,53.082540
insider,1,9,6,15,33.0,2.0,3.0,0.054047
fastmultrec_greedy,1,9,6,15,33.0,2.0,3.0,0.157369
lcamap,1,9,6,15,33.0,2.0,3.0,0.028115
segdup,1,9,6,20,43,2,3,49.019511
insider,1,9,6,20,43.0,2.0,3.0,0.050483
fastmultrec_greedy,1,9,6,20,43.0,2.0,3.0,0.164196
lcamap,1,9,6,20,43.0,2.0,3.0,0.028862
segdup,1,9,6,25,53,2,3,49.973122
insider,1,9,6,25,53.0,2.0,3.0,0.051739
fastmultrec_greedy,1,9,6,25,53.0,2.0,3.0,0.160725
lcamap,1,9,6,25,53.0,2.0,3.0,0.029469
segdup,1,9,6,5,13,2,3,90.930584
insider,1,9,6,5,13.0,2.0,3.0,0.048033
fastmultrec_greedy,1,9,6,5,13.0,2.0,3.0,0.158324
lcamap,1,9,6,5,13.0,2.0,3.0,0.029196
segdup,2,10,6,10,20,2,0,111.099646
insider,2,10,6,10,20.0,2.0,0.0,0.078229
fastmultrec_greedy,2,10,6,10,20.0,2.0,0.0,0.286187
lcamap,2,10,6,10,20.0,2.0,0.0,0.046158
segdup,2,10,6,15,30,2,0,52.942431
insider,2,10,6,15,30.0,2.0,0.0,0.077830
fastmultrec_greedy,2,10,6,15,30.0,2.0,0.0,0.286182
lcamap,2,10,6,15,30.0,2.0,0.0,0.048819
segdup,2,10,6,20,40,2,0,53.534990
insider,2,10,6,20,40.0,2.0,0.0,0.079146
fastmultrec_greedy,2,10,6,20,40.0,2.0,0.0,0.284450
lcamap,2,10,6,20,40.0,2.0,0.0,0.046687
segdup,2,10,6,25,50,2,0,54.043044
insider,2,10,6,25,50.0,2.0,0.0,0.079142
fastmultrec_greedy,2,10,6,25,50.0,2.0,0.0,0.284743
lcamap,2,10,6,25,50.0,2.0,0.0,0.046535
segdup,2,10,6,5,10,2,0,125.701407
insider,2,10,6,5,10.0,2.0,0.0,0.078823
fastmultrec_greedy,2,10,6,5,10.0,2.0,0.0,0.287071
lcamap,2,10,6,5,10.0,2.0,0.0,0.046532
segdup,2,11,6,10,40,4,0,212.690634
insider,2,11,6,10,40.0,4.0,0.0,0.105477
fastmultrec_greedy,2,11,6,10,40.0,4.0,0.0,0.370940
lcamap,2,11,6,10,40.0,4.0,0.0,0.060208
segdup,2,11,6,15,60,4,0,190.295304
insider,2,11,6,15,60.0,4.0,0.0,0.105542
fastmultrec_greedy,2,11,6,15,60.0,4.0,0.0,0.371826
lcamap,2,11,6,15,60.0,4.0,0.0,0.058317
segdup,2,11,6,20,80,4,0,162.814012
insider,2,11,6,20,80.0,4.0,0.0,0.104932
fastmultrec_greedy,2,11,6,20,80.0,4.0,0.0,0.372735
lcamap,2,11,6,20,80.0,4.0,0.0,0.059349
segdup,2,11,6,25,100,4,0,133.360698
insider,2,11,6,25,100.0,4.0,0.0,0.106280
fastmultrec_greedy,2,11,6,25,100.0,4.0,0.0,0.368839
lcamap,2,11,6,25,100.0,4.0,0.0,0.058412
segdup,2,11,6,5,20,4,0,223.172102
insider,2,11,6,5,20.0,4.0,0.0,0.100742
fastmultrec_greedy,2,11,6,5,20.0,4.0,0.0,0.372958
lcamap,2,11,6,5,20.0,4.0,0.0,0.059310
segdup,2,8,6,10,318,28,38,104.834809
insider,2,8,6,10,314.0,27.0,44.0,0.160647
fastmultrec_greedy,2,8,6,10,318.0,28.0,38.0,0.261976
lcamap,2,8,6,10,318.0,28.0,38.0,0.038631
segdup,2,8,6,15,458,28,38,85.256035
insider,2,8,6,15,449.0,27.0,44.0,0.348233
fastmultrec_greedy,2,8,6,15,458.0,28.0,38.0,0.262225
lcamap,2,8,6,15,458.0,28.0,38.0,0.038360
segdup,2,8,6,20,598,28,38,70.463400
insider,2,8,6,20,584.0,27.0,44.0,1.532289
fastmultrec_greedy,2,8,6,20,598.0,28.0,38.0,0.261989
lcamap,2,8,6,20,598.0,28.0,38.0,0.038709
segdup,2,8,6,25,738,28,38,70.163553
insider,2,8,6,25,719.0,27.0,44.0,8.718506
fastmultrec_greedy,2,8,6,25,738.0,28.0,38.0,0.256057
lcamap,2,8,6,25,738.0,28.0,38.0,0.039177
segdup,2,8,6,5,178,28,38,104.670736
insider,2,8,6,5,178.0,28.0,38.0,0.103777
fastmultrec_greedy,2,8,6,5,178.0,28.0,38.0,0.257768
lcamap,2,8,6,5,178.0,28.0,38.0,0.038617
segdup,2,9,6,10,144,13,14,53.868175
insider,2,9,6,10,144.0,13.0,14.0,0.070457
fastmultrec_greedy,2,9,6,10,144.0,13.0,14.0,0.155347
lcamap,2,9,6,10,144.0,13.0,14.0,0.028151
segdup,2,9,6,15,209,13,14,43.528829
insider,2,9,6,15,209.0,13.0,14.0,0.094779
fastmultrec_greedy,2,9,6,15,209.0,13.0,14.0,0.156250
lcamap,2,9,6,15,209.0,13.0,14.0,0.028796
segdup,2,9,6,20,274,13,14,36.586381
insider,2,9,6,20,274.0,13.0,14.0,0.139130
fastmultrec_greedy,2,9,6,20,274.0,13.0,14.0,0.155814
lcamap,2,9,6,20,274.0,13.0,14.0,0.028895
segdup,2,9,6,25,339,13,14,35.404608
insider,2,9,6,25,339.0,13.0,14.0,0.323434
fastmultrec_greedy,2,9,6,25,339.0,13.0,14.0,0.154326
lcamap,2,9,6,25,339.0,13.0,14.0,0.028066
segdup,2,9,6,5,79,13,14,55.960149
insider,2,9,6,5,79.0,13.0,14.0,0.065187
fastmultrec_greedy,2,9,6,5,79.0,13.0,14.0,0.151909
lcamap,2,9,6,5,79.0,13.0,14.0,0.028276
segdup,1,10,70,10,11,1,1,141.917470
insider,1,10,70,10,11.0,1.0,1.0,0.070741
fastmultrec_greedy,1,10,70,10,11.0,1.0,1.0,0.283219
lcamap,1,10,70,10,11.0,1.0,1.0,0.045193
segdup,1,10,70,15,16,1,1,125.051929
insider,1,10,70,15,16.0,1.0,1.0,0.069623
fastmultrec_greedy,1,10,70,15,16.0,1.0,1.0,0.284016
lcamap,1,10,70,15,16.0,1.0,1.0,0.044906
segdup,1,10,70,20,21,1,1,82.445162
insider,1,10,70,20,21.0,1.0,1.0,0.069316
fastmultrec_greedy,1,10,70,20,21.0,1.0,1.0,0.279086
lcamap,1,10,70,20,21.0,1.0,1.0,0.045139
segdup,1,10,70,25,26,1,1,81.033261
insider,1,10,70,25,26.0,1.0,1.0,0.070877
fastmultrec_greedy,1,10,70,25,26.0,1.0,1.0,0.277294
lcamap,1,10,70,25,26.0,1.0,1.0,0.044582
segdup,1,10,70,5,6,1,1,145.457086
insider,1,10,70,5,6.0,1.0,1.0,0.070584
fastmultrec_greedy,1,10,70,5,6.0,1.0,1.0,0.283385
lcamap,1,10,70,5,6.0,1.0,1.0,0.044700
segdup,1,11,70,10,21,2,1,88.640347
insider,1,11,70,10,21.0,2.0,1.0,0.048154
fastmultrec_greedy,1,11,70,10,21.0,2.0,1.0,0.164703
lcamap,1,11,70,10,21.0,2.0,1.0,0.027792
segdup,1,11,70,15,31,2,1,80.125248
insider,1,11,70,15,31.0,2.0,1.0,0.048071
fastmultrec_greedy,1,11,70,15,31.0,2.0,1.0,0.159972
lcamap,1,11,70,15,31.0,2.0,1.0,0.027511
segdup,1,11,70,20,41,2,1,51.056504
insider,1,11,70,20,41.0,2.0,1.0,0.047556
fastmultrec_greedy,1,11,70,20,41.0,2.0,1.0,0.158778
lcamap,1,11,70,20,41.0,2.0,1.0,0.028274
segdup,1,11,70,25,51,2,1,51.480797
insider,1,11,70,25,51.0,2.0,1.0,0.048422
fastmultrec_greedy,1,11,70,25,51.0,2.0,1.0,0.159660
lcamap,1,11,70,25,51.0,2.0,1.0,0.027613
segdup,1,11,70,5,11,2,1,93.926552
insider,1,11,70,5,11.0,2.0,1.0,0.046773
fastmultrec_greedy,1,11,70,5,11.0,2.0,1.0,0.158320
lcamap,1,11,70,5,11.0,2.0,1.0,0.026915
segdup,1,15,70,10,10,1,0,137.830198
insider,1,15,70,10,10.0,1.0,0.0,0.082717
fastmultrec_greedy,1,15,70,10,10.0,1.0,0.0,0.360730
lcamap,1,15,70,10,10.0,1.0,0.0,0.053333
segdup,1,15,70,15,15,1,0,126.927192
insider,1,15,70,15,15.0,1.0,0.0,0.082246
fastmultrec_greedy,1,15,70,15,15.0,1.0,0.0,0.351183
lcamap,1,15,70,15,15.0,1.0,0.0,0.053107
segdup,1,15,70,20,20,1,0,89.387572
insider,1,15,70,20,20.0,1.0,0.0,0.082621
fastmultrec_greedy,1,15,70,20,20.0,1.0,0.0,0.360113
lcamap,1,15,70,20,20.0,1.0,0.0,0.055005
segdup,1,15,70,25,25,1,0,89.425064
insider,1,15,70,25,25.0,1.0,0.0,0.084459
fastmultrec_greedy,1,15,70,25,25.0,1.0,0.0,0.349572
lcamap,1,15,70,25,25.0,1.0,0.0,0.053884
segdup,1,15,70,5,5,1,0,147.282787
insider,1,15,70,5,5.0,1.0,0.0,0.077940
fastmultrec_greedy,1,15,70,5,5.0,1.0,0.0,0.340109
lcamap,1,15,70,5,5.0,1.0,0.0,0.051559
segdup,1,8,70,10,75,7,5,48.359948
insider,1,8,70,10,75.0,7.0,5.0,0.036775
fastmultrec_greedy,1,8,70,10,75.0,7.0,5.0,0.126370
lcamap,1,8,70,10,75.0,7.0,5.0,0.018579
segdup,1,8,70,15,110,7,5,33.998995
insider,1,8,70,15,110.0,7.0,5.0,0.039596
fastmultrec_greedy,1,8,70,15,110.0,7.0,5.0,0.122317
lcamap,1,8,70,15,110.0,7.0,5.0,0.018886
segdup,1,8,70,20,145,7,5,33.288547
insider,1,8,70,20,145.0,7.0,5.0,0.040871
fastmultrec_greedy,1,8,70,20,145.0,7.0,5.0,0.122335
lcamap,1,8,70,20,145.0,7.0,5.0,0.018257
segdup,1,8,70,25,180,7,5,32.027008
insider,1,8,70,25,180.0,7.0,5.0,0.048116
fastmultrec_greedy,1,8,70,25,180.0,7.0,5.0,0.121118
lcamap,1,8,70,25,180.0,7.0,5.0,0.018809
segdup,1,8,70,5,40,7,5,49.492826
insider,1,8,70,5,40.0,7.0,5.0,0.033553
fastmultrec_greedy,1,8,70,5,40.0,7.0,5.0,0.122161
lcamap,1,8,70,5,40.0,7.0,5.0,0.018133
segdup,1,9,70,10,146,14,6,62.019551
insider,1,9,70,10,146.0,14.0,6.0,0.050029
fastmultrec_greedy,1,9,70,10,146.0,14.0,6.0,0.103043
lcamap,1,9,70,10,146.0,14.0,6.0,0.018623
segdup,1,9,70,15,216,14,6,52.942227
insider,1,9,70,15,216.0,14.0,6.0,0.065178
fastmultrec_greedy,1,9,70,15,216.0,14.0,6.0,0.103991
lcamap,1,9,70,15,216.0,14.0,6.0,0.018735
segdup,1,9,70,20,286,14,6,51.607086
insider,1,9,70,20,283.0,13.0,23.0,0.098592
fastmultrec_greedy,1,9,70,20,286.0,14.0,6.0,0.101987
lcamap,1,9,70,20,286.0,14.0,6.0,0.019029
segdup,1,9,70,25,356,14,6,51.599888
insider,1,9,70,25,348.0,13.0,23.0,0.280135
fastmultrec_greedy,1,9,70,25,356.0,14.0,6.0,0.103404
lcamap,1,9,70,25,356.0,14.0,6.0,0.018254
segdup,1,9,70,5,76,14,6,63.420251
insider,1,9,70,5,76.0,14.0,6.0,0.041788
fastmultrec_greedy,1,9,70,5,76.0,14.0,6.0,0.102489
lcamap,1,9,70,5,76.0,14.0,6.0,0.019171
segdup,2,10,70,10,20,2,0,193.526481
insider,2,10,70,10,20.0,2.0,0.0,0.136222
fastmultrec_greedy,2,10,70,10,20.0,2.0,0.0,0.588644
lcamap,2,10,70,10,20.0,2.0,0.0,0.081577
segdup,2,10,70,15,30,2,0,109.823848
insider,2,10,70,15,30.0,2.0,0.0,0.135060
fastmultrec_greedy,2,10,70,15,30.0,2.0,0.0,0.597570
lcamap,2,10,70,15,30.0,2.0,0.0,0.085150
segdup,2,10,70,20,40,2,0,110.940734
insider,2,10,70,20,40.0,2.0,0.0,0.138685
fastmultrec_greedy,2,10,70,20,40.0,2.0,0.0,0.610365
lcamap,2,10,70,20,40.0,2.0,0.0,0.081771
segdup,2,10,70,25,50,2,0,109.875871
insider,2,10,70,25,50.0,2.0,0.0,0.135301
fastmultrec_greedy,2,10,70,25,50.0,2.0,0.0,0.583625
lcamap,2,10,70,25,50.0,2.0,0.0,0.082762
segdup,2,10,70,5,10,2,0,219.481561
insider,2,10,70,5,10.0,2.0,0.0,0.135533
fastmultrec_greedy,2,10,70,5,10.0,2.0,0.0,0.590194
lcamap,2,10,70,5,10.0,2.0,0.0,0.081380
segdup,2,11,70,10,20,2,0,134.400011
insider,2,11,70,10,20.0,2.0,0.0,0.080859
fastmultrec_greedy,2,11,70,10,20.0,2.0,0.0,0.326489
lcamap,2,11,70,10,20.0,2.0,0.0,0.045888
segdup,2,11,70,15,30,2,0,73.857878
insider,2,11,70,15,30.0,2.0,0.0,0.082026
fastmultrec_greedy,2,11,70,15,30.0,2.0,0.0,0.316369
lcamap,2,11,70,15,30.0,2.0,0.0,0.045835
segdup,2,11,70,20,40,2,0,71.366662
insider,2,11,70,20,40.0,2.0,0.0,0.082310
fastmultrec_greedy,2,11,70,20,40.0,2.0,0.0,0.319621
lcamap,2,11,70,20,40.0,2.0,0.0,0.046832
segdup,2,11,70,25,50,2,0,69.651575
insider,2,11,70,25,50.0,2.0,0.0,0.082301
fastmultrec_greedy,2,11,70,25,50.0,2.0,0.0,0.319021
lcamap,2,11,70,25,50.0,2.0,0.0,0.046409
segdup,2,11,70,5,10,2,0,151.149735
insider,2,11,70,5,10.0,2.0,0.0,0.080970
fastmultrec_greedy,2,11,70,5,10.0,2.0,0.0,0.314630
lcamap,2,11,70,5,10.0,2.0,0.0,0.046255
segdup,2,8,70,10,507,42,87,104.179906
insider,2,8,70,10,507.0,42.0,87.0,0.233615
fastmultrec_greedy,2,8,70,10,507.0,42.0,87.0,0.363954
lcamap,2,8,70,10,507.0,42.0,87.0,0.053523
segdup,2,8,70,15,717,42,87,98.431270
insider,2,8,70,15,711.0,40.0,111.0,0.546515
fastmultrec_greedy,2,8,70,15,717.0,42.0,87.0,0.362165
lcamap,2,8,70,15,717.0,42.0,87.0,0.052834
segdup,2,8,70,20,927,42,87,102.745557
insider,2,8,70,20,909.0,39.0,129.0,1.889356
fastmultrec_greedy,2,8,70,20,927.0,42.0,87.0,0.364386
lcamap,2,8,70,20,927.0,42.0,87.0,0.053989
segdup,2,8,70,25,1137,42,87,98.273786
insider,2,8,70,25,1092.0,36.0,192.0,6.115246
fastmultrec_greedy,2,8,70,25,1137.0,42.0,87.0,0.361841
lcamap,2,8,70,25,1137.0,42.0,87.0,0.053554
segdup,2,8,70,5,297,42,87,115.001616
insider,2,8,70,5,297.0,42.0,87.0,0.139717
fastmultrec_greedy,2,8,70,5,297.0,42.0,87.0,0.367463
lcamap,2,8,70,5,297.0,42.0,87.0,0.052845
segdup,2,9,70,10,184,17,14,147.831972
insider,2,9,70,10,184.0,17.0,14.0,0.135569
fastmultrec_greedy,2,9,70,10,184.0,17.0,14.0,0.455478
lcamap,2,9,70,10,184.0,17.0,14.0,0.061375
segdup,2,9,70,15,269,17,14,85.537002
insider,2,9,70,15,269.0,17.0,14.0,0.177095
fastmultrec_greedy,2,9,70,15,269.0,17.0,14.0,0.452786
lcamap,2,9,70,15,269.0,17.0,14.0,0.064312
segdup,2,9,70,20,354,17,14,87.976230
insider,2,9,70,20,354.0,17.0,14.0,0.279372
fastmultrec_greedy,2,9,70,20,354.0,17.0,14.0,0.444928
lcamap,2,9,70,20,354.0,17.0,14.0,0.062957
segdup,2,9,70,25,439,17,14,87.308145
insider,2,9,70,25,439.0,17.0,14.0,0.749635
fastmultrec_greedy,2,9,70,25,439.0,17.0,14.0,0.443809
lcamap,2,9,70,25,439.0,17.0,14.0,0.062349
segdup,2,9,70,5,99,17,14,154.458351
insider,2,9,70,5,99.0,17.0,14.0,0.117746
fastmultrec_greedy,2,9,70,5,99.0,17.0,14.0,0.457883
lcamap,2,9,70,5,99.0,17.0,14.0,0.061074
segdup,1,10,71,10,11,1,1,95.495010
insider,1,10,71,10,11.0,1.0,1.0,0.045669
fastmultrec_greedy,1,10,71,10,11.0,1.0,1.0,0.170561
lcamap,1,10,71,10,11.0,1.0,1.0,0.027358
segdup,1,10,71,15,16,1,1,83.099399
insider,1,10,71,15,16.0,1.0,1.0,0.052505
fastmultrec_greedy,1,10,71,15,16.0,1.0,1.0,0.169553
lcamap,1,10,71,15,16.0,1.0,1.0,0.027721
segdup,1,10,71,20,21,1,1,51.791680
insider,1,10,71,20,21.0,1.0,1.0,0.046122
fastmultrec_greedy,1,10,71,20,21.0,1.0,1.0,0.168797
lcamap,1,10,71,20,21.0,1.0,1.0,0.027933
segdup,1,10,71,25,26,1,1,50.322002
insider,1,10,71,25,26.0,1.0,1.0,0.045327
fastmultrec_greedy,1,10,71,25,26.0,1.0,1.0,0.163771
lcamap,1,10,71,25,26.0,1.0,1.0,0.027240
segdup,1,10,71,5,6,1,1,101.297412
insider,1,10,71,5,6.0,1.0,1.0,0.047056
fastmultrec_greedy,1,10,71,5,6.0,1.0,1.0,0.168931
lcamap,1,10,71,5,6.0,1.0,1.0,0.027476
segdup,1,11,71,10,10,1,0,123.427038
insider,1,11,71,10,10.0,1.0,0.0,0.068536
fastmultrec_greedy,1,11,71,10,10.0,1.0,0.0,0.266524
lcamap,1,11,71,10,10.0,1.0,0.0,0.045258
segdup,1,11,71,15,15,1,0,112.873126
insider,1,11,71,15,15.0,1.0,0.0,0.063412
fastmultrec_greedy,1,11,71,15,15.0,1.0,0.0,0.242327
lcamap,1,11,71,15,15.0,1.0,0.0,0.041230
segdup,1,11,71,20,20,1,0,75.756679
insider,1,11,71,20,20.0,1.0,0.0,0.064173
fastmultrec_greedy,1,11,71,20,20.0,1.0,0.0,0.248923
lcamap,1,11,71,20,20.0,1.0,0.0,0.044147
segdup,1,11,71,25,25,1,0,75.075358
insider,1,11,71,25,25.0,1.0,0.0,0.065732
fastmultrec_greedy,1,11,71,25,25.0,1.0,0.0,0.239681
lcamap,1,11,71,25,25.0,1.0,0.0,0.040133
segdup,1,11,71,5,5,1,0,134.544576
insider,1,11,71,5,5.0,1.0,0.0,0.081034
fastmultrec_greedy,1,11,71,5,5.0,1.0,0.0,0.305379
lcamap,1,11,71,5,5.0,1.0,0.0,0.054184
segdup,1,15,71,10,10,1,0,70.059164
insider,1,15,71,10,10.0,1.0,0.0,0.035179
fastmultrec_greedy,1,15,71,10,10.0,1.0,0.0,0.117124
lcamap,1,15,71,10,10.0,1.0,0.0,0.019357
segdup,1,15,71,15,15,1,0,62.799753
insider,1,15,71,15,15.0,1.0,0.0,0.037328
fastmultrec_greedy,1,15,71,15,15.0,1.0,0.0,0.124494
lcamap,1,15,71,15,15.0,1.0,0.0,0.020599
segdup,1,15,71,20,20,1,0,49.642735
insider,1,15,71,20,20.0,1.0,0.0,0.036699
fastmultrec_greedy,1,15,71,20,20.0,1.0,0.0,0.123451
lcamap,1,15,71,20,20.0,1.0,0.0,0.019233
segdup,1,15,71,25,25,1,0,45.406306
insider,1,15,71,25,25.0,1.0,0.0,0.038511
fastmultrec_greedy,1,15,71,25,25.0,1.0,0.0,0.125209
lcamap,1,15,71,25,25.0,1.0,0.0,0.020869
segdup,1,15,71,5,5,1,0,73.696101
insider,1,15,71,5,5.0,1.0,0.0,0.036230
fastmultrec_greedy,1,15,71,5,5.0,1.0,0.0,0.119236
lcamap,1,15,71,5,5.0,1.0,0.0,0.020039
segdup,1,8,71,10,97,9,7,139.503698
insider,1,8,71,10,97.0,9.0,7.0,0.092544
fastmultrec_greedy,1,8,71,10,97.0,9.0,7.0,0.330902
lcamap,1,8,71,10,97.0,9.0,7.0,0.053012
segdup,1,8,71,15,142,9,7,131.548787
insider,1,8,71,15,142.0,9.0,7.0,0.097676
fastmultrec_greedy,1,8,71,15,142.0,9.0,7.0,0.336780
lcamap,1,8,71,15,142.0,9.0,7.0,0.055682
segdup,1,8,71,20,187,9,7,93.016318
insider,1,8,71,20,187.0,9.0,7.0,0.102416
fastmultrec_greedy,1,8,71,20,187.0,9.0,7.0,0.331792
lcamap,1,8,71,20,187.0,9.0,7.0,0.055202
segdup,1,8,71,25,232,9,7,94.321100
insider,1,8,71,25,232.0,9.0,7.0,0.111020
fastmultrec_greedy,1,8,71,25,232.0,9.0,7.0,0.324256
lcamap,1,8,71,25,232.0,9.0,7.0,0.053667
segdup,1,8,71,5,52,9,7,148.572401
insider,1,8,71,5,52.0,9.0,7.0,0.089225
fastmultrec_greedy,1,8,71,5,52.0,9.0,7.0,0.336466
lcamap,1,8,71,5,52.0,9.0,7.0,0.052459
segdup,1,9,71,10,77,7,7,99.406212
insider,1,9,71,10,77.0,7.0,7.0,0.067436
fastmultrec_greedy,1,9,71,10,77.0,7.0,7.0,0.239099
lcamap,1,9,71,10,77.0,7.0,7.0,0.037201
segdup,1,9,71,15,112,7,7,101.068254
insider,1,9,71,15,112.0,7.0,7.0,0.070416
fastmultrec_greedy,1,9,71,15,112.0,7.0,7.0,0.239608
lcamap,1,9,71,15,112.0,7.0,7.0,0.036606
segdup,1,9,71,20,147,7,7,91.681802
insider,1,9,71,20,147.0,7.0,7.0,0.072937
fastmultrec_greedy,1,9,71,20,147.0,7.0,7.0,0.244998
lcamap,1,9,71,20,147.0,7.0,7.0,0.036552
segdup,1,9,71,25,182,7,7,85.324507
insider,1,9,71,25,182.0,7.0,7.0,0.076863
fastmultrec_greedy,1,9,71,25,182.0,7.0,7.0,0.248173
lcamap,1,9,71,25,182.0,7.0,7.0,0.038111
segdup,1,9,71,5,42,7,7,105.912285
insider,1,9,71,5,42.0,7.0,7.0,0.064872
fastmultrec_greedy,1,9,71,5,42.0,7.0,7.0,0.241989
lcamap,1,9,71,5,42.0,7.0,7.0,0.038097
segdup,2,10,71,10,22,2,2,76.997697
insider,2,10,71,10,22.0,2.0,2.0,0.073585
fastmultrec_greedy,2,10,71,10,22.0,2.0,2.0,0.264137
lcamap,2,10,71,10,22.0,2.0,2.0,0.040273
segdup,2,10,71,15,32,2,2,57.235621
insider,2,10,71,15,32.0,2.0,2.0,0.073372
fastmultrec_greedy,2,10,71,15,32.0,2.0,2.0,0.253580
lcamap,2,10,71,15,32.0,2.0,2.0,0.039995
segdup,2,10,71,20,42,2,2,57.573974
insider,2,10,71,20,42.0,2.0,2.0,0.074368
fastmultrec_greedy,2,10,71,20,42.0,2.0,2.0,0.260694
lcamap,2,10,71,20,42.0,2.0,2.0,0.040295
segdup,2,10,71,25,52,2,2,56.293708
insider,2,10,71,25,52.0,2.0,2.0,0.072999
fastmultrec_greedy,2,10,71,25,52.0,2.0,2.0,0.256506
lcamap,2,10,71,25,52.0,2.0,2.0,0.042512
segdup,2,10,71,5,12,2,2,134.303288
insider,2,10,71,5,12.0,2.0,2.0,0.072376
fastmultrec_greedy,2,10,71,5,12.0,2.0,2.0,0.260165
lcamap,2,10,71,5,12.0,2.0,2.0,0.041471
segdup,2,11,71,10,20,2,0,207.615357
insider,2,11,71,10,20.0,2.0,0.0,0.112738
fastmultrec_greedy,2,11,71,10,20.0,2.0,0.0,0.425747
lcamap,2,11,71,10,20.0,2.0,0.0,0.071642
segdup,2,11,71,15,30,2,0,197.075738
insider,2,11,71,15,30.0,2.0,0.0,0.111396
fastmultrec_greedy,2,11,71,15,30.0,2.0,0.0,0.438747
lcamap,2,11,71,15,30.0,2.0,0.0,0.070534
segdup,2,11,71,20,40,2,0,96.909308
insider,2,11,71,20,40.0,2.0,0.0,0.112883
fastmultrec_greedy,2,11,71,20,40.0,2.0,0.0,0.433408
lcamap,2,11,71,20,40.0,2.0,0.0,0.073351
segdup,2,11,71,25,50,2,0,99.639070
insider,2,11,71,25,50.0,2.0,0.0,0.113408
fastmultrec_greedy,2,11,71,25,50.0,2.0,0.0,0.461628
lcamap,2,11,71,25,50.0,2.0,0.0,0.070959
segdup,2,11,71,5,10,2,0,221.860907
insider,2,11,71,5,10.0,2.0,0.0,0.120698
fastmultrec_greedy,2,11,71,5,10.0,2.0,0.0,0.436175
lcamap,2,11,71,5,10.0,2.0,0.0,0.072327
segdup,2,15,71,10,20,2,0,111.030446
insider,2,15,71,10,20.0,2.0,0.0,0.071217
fastmultrec_greedy,2,15,71,10,20.0,2.0,0.0,0.258903
lcamap,2,15,71,10,20.0,2.0,0.0,0.040778
segdup,2,15,71,15,30,2,0,49.703713
insider,2,15,71,15,30.0,2.0,0.0,0.070979
fastmultrec_greedy,2,15,71,15,30.0,2.0,0.0,0.255620
lcamap,2,15,71,15,30.0,2.0,0.0,0.040078
segdup,2,15,71,20,40,2,0,50.851348
insider,2,15,71,20,40.0,2.0,0.0,0.070578
fastmultrec_greedy,2,15,71,20,40.0,2.0,0.0,0.253941
lcamap,2,15,71,20,40.0,2.0,0.0,0.040830
segdup,2,15,71,25,50,2,0,50.234336
insider,2,15,71,25,50.0,2.0,0.0,0.071950
fastmultrec_greedy,2,15,71,25,50.0,2.0,0.0,0.262571
lcamap,2,15,71,25,50.0,2.0,0.0,0.039594
segdup,2,15,71,5,10,2,0,122.876083
insider,2,15,71,5,10.0,2.0,0.0,0.070873
fastmultrec_greedy,2,15,71,5,10.0,2.0,0.0,0.257876
lcamap,2,15,71,5,10.0,2.0,0.0,0.040912
segdup,2,8,71,10,661,55,111,157.830969
insider,2,8,71,10,644.0,51.0,134.0,0.375702
fastmultrec_greedy,2,8,71,10,649.0,53.0,119.0,1.911926
lcamap,2,8,71,10,666.0,56.0,106.0,0.063640
segdup,2,8,71,15,946,56,106,140.380602
insider,2,8,71,15,892.0,48.0,172.0,1.533010
fastmultrec_greedy,2,8,71,15,914.0,53.0,119.0,1.897098
lcamap,2,8,71,15,946.0,56.0,106.0,0.066032
segdup,2,8,71,20,1213,55,113,147.467726
insider,2,8,71,20,1123.0,43.0,263.0,6.207018
fastmultrec_greedy,2,8,71,20,1179.0,53.0,119.0,1.884565
lcamap,2,8,71,20,1226.0,56.0,106.0,0.062287
segdup,2,8,71,25,1488,55,113,145.067305
insider,2,8,71,25,1335.0,40.0,335.0,67.120056
fastmultrec_greedy,2,8,71,25,1444.0,53.0,119.0,1.877436
lcamap,2,8,71,25,1506.0,56.0,106.0,0.063853
segdup,2,8,71,5,386,56,106,156.379904
insider,2,8,71,5,383.0,54.0,113.0,0.180426
fastmultrec_greedy,2,8,71,5,383.0,54.0,113.0,1.116126
lcamap,2,8,71,5,386.0,56.0,106.0,0.064026
segdup,2,9,71,10,434,38,54,147.932845
insider,2,9,71,10,425.0,35.0,75.0,0.290377
fastmultrec_greedy,2,9,71,10,434.0,38.0,54.0,0.454884
lcamap,2,9,71,10,434.0,38.0,54.0,0.071292
segdup,2,9,71,15,624,38,54,136.198057
insider,2,9,71,15,600.0,35.0,75.0,0.691907
fastmultrec_greedy,2,9,71,15,624.0,38.0,54.0,0.465101
lcamap,2,9,71,15,624.0,38.0,54.0,0.070658
segdup,2,9,71,20,814,38,54,125.840324
insider,2,9,71,20,775.0,35.0,75.0,2.743342
fastmultrec_greedy,2,9,71,20,814.0,38.0,54.0,0.472999
lcamap,2,9,71,20,814.0,38.0,54.0,0.074301
segdup,2,9,71,25,1004,38,54,130.504790
insider,2,9,71,25,944.0,33.0,119.0,24.074654
fastmultrec_greedy,2,9,71,25,1004.0,38.0,54.0,0.463731
lcamap,2,9,71,25,1004.0,38.0,54.0,0.069864
segdup,2,9,71,5,244,38,54,148.623494
insider,2,9,71,5,244.0,38.0,54.0,0.180266
fastmultrec_greedy,2,9,71,5,244.0,38.0,54.0,0.472042
lcamap,2,9,71,5,244.0,38.0,54.0,0.073505
segdup,1,10,72,10,22,2,2,98.073709
insider,1,10,72,10,22.0,2.0,2.0,0.046735
fastmultrec_greedy,1,10,72,10,22.0,2.0,2.0,0.170776
lcamap,1,10,72,10,22.0,2.0,2.0,0.027236
segdup,1,10,72,15,32,2,2,95.446498
insider,1,10,72,15,32.0,2.0,2.0,0.049833
fastmultrec_greedy,1,10,72,15,32.0,2.0,2.0,0.181687
lcamap,1,10,72,15,32.0,2.0,2.0,0.028847
segdup,1,10,72,20,42,2,2,57.096280
insider,1,10,72,20,42.0,2.0,2.0,0.046188
fastmultrec_greedy,1,10,72,20,42.0,2.0,2.0,0.175439
lcamap,1,10,72,20,42.0,2.0,2.0,0.027689
segdup,1,10,72,25,52,2,2,53.585974
insider,1,10,72,25,52.0,2.0,2.0,0.049370
fastmultrec_greedy,1,10,72,25,52.0,2.0,2.0,0.184797
lcamap,1,10,72,25,52.0,2.0,2.0,0.029429
segdup,1,10,72,5,12,2,2,98.080809
insider,1,10,72,5,12.0,2.0,2.0,0.047375
fastmultrec_greedy,1,10,72,5,12.0,2.0,2.0,0.170997
lcamap,1,10,72,5,12.0,2.0,2.0,0.027762
segdup,1,11,72,10,10,1,0,114.332545
insider,1,11,72,10,10.0,1.0,0.0,0.062625
fastmultrec_greedy,1,11,72,10,10.0,1.0,0.0,0.236489
lcamap,1,11,72,10,10.0,1.0,0.0,0.036950
segdup,1,11,72,15,15,1,0,85.001908
insider,1,11,72,15,15.0,1.0,0.0,0.062728
fastmultrec_greedy,1,11,72,15,15.0,1.0,0.0,0.237566
lcamap,1,11,72,15,15.0,1.0,0.0,0.037588
segdup,1,11,72,20,20,1,0,83.257215
insider,1,11,72,20,20.0,1.0,0.0,0.062160
fastmultrec_greedy,1,11,72,20,20.0,1.0,0.0,0.239402
lcamap,1,11,72,20,20.0,1.0,0.0,0.037340
segdup,1,11,72,25,25,1,0,66.524885
insider,1,11,72,25,25.0,1.0,0.0,0.063726
fastmultrec_greedy,1,11,72,25,25.0,1.0,0.0,0.236128
lcamap,1,11,72,25,25.0,1.0,0.0,0.037052
segdup,1,11,72,5,5,1,0,118.284814
insider,1,11,72,5,5.0,1.0,0.0,0.064560
fastmultrec_greedy,1,11,72,5,5.0,1.0,0.0,0.239318
lcamap,1,11,72,5,5.0,1.0,0.0,0.038100
segdup,1,15,72,10,10,1,0,133.608446
insider,1,15,72,10,10.0,1.0,0.0,0.070827
fastmultrec_greedy,1,15,72,10,10.0,1.0,0.0,0.281467
lcamap,1,15,72,10,10.0,1.0,0.0,0.043097
segdup,1,15,72,15,15,1,0,117.110001
insider,1,15,72,15,15.0,1.0,0.0,0.072687
fastmultrec_greedy,1,15,72,15,15.0,1.0,0.0,0.279422
lcamap,1,15,72,15,15.0,1.0,0.0,0.043008
segdup,1,15,72,20,20,1,0,82.702545
insider,1,15,72,20,20.0,1.0,0.0,0.070419
fastmultrec_greedy,1,15,72,20,20.0,1.0,0.0,0.276481
lcamap,1,15,72,20,20.0,1.0,0.0,0.042559
segdup,1,15,72,25,25,1,0,76.816950
insider,1,15,72,25,25.0,1.0,0.0,0.070208
fastmultrec_greedy,1,15,72,25,25.0,1.0,0.0,0.284319
lcamap,1,15,72,25,25.0,1.0,0.0,0.045397
segdup,1,15,72,5,5,1,0,138.121927
insider,1,15,72,5,5.0,1.0,0.0,0.071436
fastmultrec_greedy,1,15,72,5,5.0,1.0,0.0,0.278171
lcamap,1,15,72,5,5.0,1.0,0.0,0.042628
segdup,1,8,72,10,576,49,86,61.835182
insider,1,8,72,10,547.0,40.0,147.0,0.331232
fastmultrec_greedy,1,8,72,10,557.0,44.0,117.0,0.814485
lcamap,1,8,72,10,579.0,50.0,79.0,0.023383
segdup,1,8,72,15,820,48,100,59.893856
insider,1,8,72,15,734.0,36.0,194.0,1.347432
fastmultrec_greedy,1,8,72,15,777.0,44.0,117.0,0.799118
lcamap,1,8,72,15,829.0,50.0,79.0,0.023964
segdup,1,8,72,20,1066,49,86,57.422763
insider,1,8,72,20,912.0,33.0,252.0,2.848168
fastmultrec_greedy,1,8,72,20,997.0,44.0,117.0,0.848042
lcamap,1,8,72,20,1079.0,50.0,79.0,0.024126
segdup,1,8,72,25,1292,48,92,57.431348
insider,1,8,72,25,1072.0,32.0,272.0,6.024004
fastmultrec_greedy,1,8,72,25,1217.0,44.0,117.0,0.802411
lcamap,1,8,72,25,1329.0,50.0,79.0,0.023329
segdup,1,8,72,5,329,50,79,61.270191
insider,1,8,72,5,326.0,48.0,86.0,0.087275
fastmultrec_greedy,1,8,72,5,326.0,48.0,86.0,0.361470
lcamap,1,8,72,5,329.0,50.0,79.0,0.024596
segdup,1,9,72,10,213,20,13,158.839150
insider,1,9,72,10,213.0,20.0,13.0,0.106862
fastmultrec_greedy,1,9,72,10,213.0,20.0,13.0,0.345339
lcamap,1,9,72,10,213.0,20.0,13.0,0.057729
segdup,1,9,72,15,313,20,13,143.500415
insider,1,9,72,15,313.0,20.0,13.0,0.140580
fastmultrec_greedy,1,9,72,15,313.0,20.0,13.0,0.358818
lcamap,1,9,72,15,313.0,20.0,13.0,0.055947
segdup,1,9,72,20,413,20,13,105.974139
insider,1,9,72,20,413.0,20.0,13.0,0.199485
fastmultrec_greedy,1,9,72,20,413.0,20.0,13.0,0.356356
lcamap,1,9,72,20,413.0,20.0,13.0,0.055085
segdup,1,9,72,25,513,20,13,105.505210
insider,1,9,72,25,513.0,20.0,13.0,0.623864
fastmultrec_greedy,1,9,72,25,513.0,20.0,13.0,0.350974
lcamap,1,9,72,25,513.0,20.0,13.0,0.061669
segdup,1,9,72,5,113,20,13,154.342334
insider,1,9,72,5,113.0,20.0,13.0,0.096619
fastmultrec_greedy,1,9,72,5,113.0,20.0,13.0,0.352252
lcamap,1,9,72,5,113.0,20.0,13.0,0.055095
segdup,2,10,72,10,53,5,3,219.449615
insider,2,10,72,10,53.0,5.0,3.0,0.117525
fastmultrec_greedy,2,10,72,10,53.0,5.0,3.0,0.455474
lcamap,2,10,72,10,53.0,5.0,3.0,0.072312
segdup,2,10,72,15,78,5,3,226.132024
insider,2,10,72,15,78.0,5.0,3.0,0.123406
fastmultrec_greedy,2,10,72,15,78.0,5.0,3.0,0.443554
lcamap,2,10,72,15,78.0,5.0,3.0,0.070194
segdup,2,10,72,20,103,5,3,103.780656
insider,2,10,72,20,103.0,5.0,3.0,0.136714
fastmultrec_greedy,2,10,72,20,103.0,5.0,3.0,0.438199
lcamap,2,10,72,20,103.0,5.0,3.0,0.072951
segdup,2,10,72,25,128,5,3,105.092576
insider,2,10,72,25,128.0,5.0,3.0,0.147652
fastmultrec_greedy,2,10,72,25,128.0,5.0,3.0,0.462000
lcamap,2,10,72,25,128.0,5.0,3.0,0.073987
segdup,2,10,72,5,28,5,3,215.546058
insider,2,10,72,5,28.0,5.0,3.0,0.124654
fastmultrec_greedy,2,10,72,5,28.0,5.0,3.0,0.458179
lcamap,2,10,72,5,28.0,5.0,3.0,0.073100
segdup,2,11,72,10,20,2,0,167.411963
insider,2,11,72,10,20.0,2.0,0.0,0.102565
fastmultrec_greedy,2,11,72,10,20.0,2.0,0.0,0.413613
lcamap,2,11,72,10,20.0,2.0,0.0,0.065504
segdup,2,11,72,15,30,2,0,91.274495
insider,2,11,72,15,30.0,2.0,0.0,0.113665
fastmultrec_greedy,2,11,72,15,30.0,2.0,0.0,0.443233
lcamap,2,11,72,15,30.0,2.0,0.0,0.066756
segdup,2,11,72,20,40,2,0,88.142371
insider,2,11,72,20,40.0,2.0,0.0,0.103152
fastmultrec_greedy,2,11,72,20,40.0,2.0,0.0,0.418661
lcamap,2,11,72,20,40.0,2.0,0.0,0.065865
segdup,2,11,72,25,50,2,0,140.757408
insider,2,11,72,25,50.0,2.0,0.0,0.109392
fastmultrec_greedy,2,11,72,25,50.0,2.0,0.0,0.437831
lcamap,2,11,72,25,50.0,2.0,0.0,0.066139
segdup,2,11,72,5,10,2,0,188.053160
insider,2,11,72,5,10.0,2.0,0.0,0.104249
fastmultrec_greedy,2,11,72,5,10.0,2.0,0.0,0.429863
lcamap,2,11,72,5,10.0,2.0,0.0,0.066153
segdup,2,15,72,10,20,2,0,189.586283
insider,2,15,72,10,20.0,2.0,0.0,0.103942
fastmultrec_greedy,2,15,72,10,20.0,2.0,0.0,0.395697
lcamap,2,15,72,10,20.0,2.0,0.0,0.056948
segdup,2,15,72,15,30,2,0,103.924660
insider,2,15,72,15,30.0,2.0,0.0,0.087699
fastmultrec_greedy,2,15,72,15,30.0,2.0,0.0,0.354112
lcamap,2,15,72,15,30.0,2.0,0.0,0.051392
segdup,2,15,72,20,40,2,0,100.735674
insider,2,15,72,20,40.0,2.0,0.0,0.091211
fastmultrec_greedy,2,15,72,20,40.0,2.0,0.0,0.369941
lcamap,2,15,72,20,40.0,2.0,0.0,0.054129
segdup,2,15,72,25,50,2,0,102.268048
insider,2,15,72,25,50.0,2.0,0.0,0.084880
fastmultrec_greedy,2,15,72,25,50.0,2.0,0.0,0.349469
lcamap,2,15,72,25,50.0,2.0,0.0,0.050543
segdup,2,15,72,5,10,2,0,205.744100
insider,2,15,72,5,10.0,2.0,0.0,0.090206
fastmultrec_greedy,2,15,72,5,10.0,2.0,0.0,0.366826
lcamap,2,15,72,5,10.0,2.0,0.0,0.052788
segdup,1,10,73,10,31,3,1,107.194869
insider,1,10,73,10,31.0,3.0,1.0,0.054397
fastmultrec_greedy,1,10,73,10,31.0,3.0,1.0,0.199756
lcamap,1,10,73,10,31.0,3.0,1.0,0.031195
segdup,1,10,73,15,46,3,1,86.515515
insider,1,10,73,15,46.0,3.0,1.0,0.054659
fastmultrec_greedy,1,10,73,15,46.0,3.0,1.0,0.194424
lcamap,1,10,73,15,46.0,3.0,1.0,0.030289
segdup,1,10,73,20,61,3,1,107.221828
insider,1,10,73,20,61.0,3.0,1.0,0.057266
fastmultrec_greedy,1,10,73,20,61.0,3.0,1.0,0.205887
lcamap,1,10,73,20,61.0,3.0,1.0,0.031293
segdup,1,10,73,25,76,3,1,88.769781
insider,1,10,73,25,76.0,3.0,1.0,0.058395
fastmultrec_greedy,1,10,73,25,76.0,3.0,1.0,0.204990
lcamap,1,10,73,25,76.0,3.0,1.0,0.031240
segdup,1,10,73,5,16,3,1,112.416698
insider,1,10,73,5,16.0,3.0,1.0,0.056384
fastmultrec_greedy,1,10,73,5,16.0,3.0,1.0,0.207362
lcamap,1,10,73,5,16.0,3.0,1.0,0.031669
segdup,1,11,73,10,10,1,0,66.204419
insider,1,11,73,10,10.0,1.0,0.0,0.040304
fastmultrec_greedy,1,11,73,10,10.0,1.0,0.0,0.156056
lcamap,1,11,73,10,10.0,1.0,0.0,0.023597
segdup,1,11,73,15,15,1,0,61.415872
insider,1,11,73,15,15.0,1.0,0.0,0.042206
fastmultrec_greedy,1,11,73,15,15.0,1.0,0.0,0.162153
lcamap,1,11,73,15,15.0,1.0,0.0,0.024101
segdup,1,11,73,20,20,1,0,41.429089
insider,1,11,73,20,20.0,1.0,0.0,0.040503
fastmultrec_greedy,1,11,73,20,20.0,1.0,0.0,0.156521
lcamap,1,11,73,20,20.0,1.0,0.0,0.023125
segdup,1,11,73,25,25,1,0,41.967678
insider,1,11,73,25,25.0,1.0,0.0,0.040247
fastmultrec_greedy,1,11,73,25,25.0,1.0,0.0,0.157035
lcamap,1,11,73,25,25.0,1.0,0.0,0.023522
segdup,1,11,73,5,5,1,0,68.569812
insider,1,11,73,5,5.0,1.0,0.0,0.043563
fastmultrec_greedy,1,11,73,5,5.0,1.0,0.0,0.170581
lcamap,1,11,73,5,5.0,1.0,0.0,0.024944
segdup,1,15,73,10,10,1,0,63.472035
insider,1,15,73,10,10.0,1.0,0.0,0.036381
fastmultrec_greedy,1,15,73,10,10.0,1.0,0.0,0.127607
lcamap,1,15,73,10,10.0,1.0,0.0,0.020584
segdup,1,15,73,15,15,1,0,60.094018
insider,1,15,73,15,15.0,1.0,0.0,0.034585
fastmultrec_greedy,1,15,73,15,15.0,1.0,0.0,0.129054
lcamap,1,15,73,15,15.0,1.0,0.0,0.019798
segdup,1,15,73,20,20,1,0,55.938294
insider,1,15,73,20,20.0,1.0,0.0,0.034228
fastmultrec_greedy,1,15,73,20,20.0,1.0,0.0,0.121645
lcamap,1,15,73,20,20.0,1.0,0.0,0.019793
segdup,1,15,73,25,25,1,0,40.488108
insider,1,15,73,25,25.0,1.0,0.0,0.035478
fastmultrec_greedy,1,15,73,25,25.0,1.0,0.0,0.130145
lcamap,1,15,73,25,25.0,1.0,0.0,0.020380
segdup,1,15,73,5,5,1,0,66.193499
insider,1,15,73,5,5.0,1.0,0.0,0.037287
fastmultrec_greedy,1,15,73,5,5.0,1.0,0.0,0.131826
lcamap,1,15,73,5,5.0,1.0,0.0,0.020754
segdup,1,8,73,10,876,74,136,126.225977
insider,1,8,73,10,875.0,73.0,145.0,0.193238
fastmultrec_greedy,1,8,73,10,876.0,74.0,136.0,0.302647
lcamap,1,8,73,10,876.0,74.0,136.0,0.054787
segdup,1,8,73,15,1246,74,136,116.979756
insider,1,8,73,15,1225.0,68.0,205.0,0.467403
fastmultrec_greedy,1,8,73,15,1246.0,74.0,136.0,0.320568
lcamap,1,8,73,15,1246.0,74.0,136.0,0.057259
segdup,1,8,73,20,1616,74,136,117.672468
insider,1,8,73,20,1559.0,66.0,239.0,2.069282
fastmultrec_greedy,1,8,73,20,1616.0,74.0,136.0,0.313277
lcamap,1,8,73,20,1616.0,74.0,136.0,0.055294
segdup,1,8,73,25,1986,74,136,120.211888
insider,1,8,73,25,1885.0,65.0,260.0,30.241966
fastmultrec_greedy,1,8,73,25,1986.0,74.0,136.0,0.315056
lcamap,1,8,73,25,1986.0,74.0,136.0,0.055537
segdup,1,8,73,5,506,74,136,121.621482
insider,1,8,73,5,506.0,74.0,136.0,0.133989
fastmultrec_greedy,1,8,73,5,506.0,74.0,136.0,0.314487
lcamap,1,8,73,5,506.0,74.0,136.0,0.056442
segdup,1,9,73,10,197,18,17,95.563389
insider,1,9,73,10,197.0,18.0,17.0,0.080702
fastmultrec_greedy,1,9,73,10,197.0,18.0,17.0,0.213493
lcamap,1,9,73,10,197.0,18.0,17.0,0.035715
segdup,1,9,73,15,287,18,17,83.963711
insider,1,9,73,15,287.0,18.0,17.0,0.110033
fastmultrec_greedy,1,9,73,15,287.0,18.0,17.0,0.210352
lcamap,1,9,73,15,287.0,18.0,17.0,0.035248
segdup,1,9,73,20,377,18,17,79.766991
insider,1,9,73,20,377.0,18.0,17.0,0.212517
fastmultrec_greedy,1,9,73,20,377.0,18.0,17.0,0.208427
lcamap,1,9,73,20,377.0,18.0,17.0,0.034791
segdup,1,9,73,25,467,18,17,74.576916
insider,1,9,73,25,467.0,18.0,17.0,1.140075
fastmultrec_greedy,1,9,73,25,467.0,18.0,17.0,0.198167
lcamap,1,9,73,25,467.0,18.0,17.0,0.033739
segdup,1,9,73,5,107,18,17,91.174985
insider,1,9,73,5,107.0,18.0,17.0,0.066988
fastmultrec_greedy,1,9,73,5,107.0,18.0,17.0,0.205715
lcamap,1,9,73,5,107.0,18.0,17.0,0.035297
segdup,2,10,73,10,20,2,0,62.663444
insider,2,10,73,10,20.0,2.0,0.0,0.050268
fastmultrec_greedy,2,10,73,10,20.0,2.0,0.0,0.180213
lcamap,2,10,73,10,20.0,2.0,0.0,0.028997
segdup,2,10,73,15,30,2,0,35.115492
insider,2,10,73,15,30.0,2.0,0.0,0.051750
fastmultrec_greedy,2,10,73,15,30.0,2.0,0.0,0.184421
lcamap,2,10,73,15,30.0,2.0,0.0,0.029335
segdup,2,10,73,20,40,2,0,32.265563
insider,2,10,73,20,40.0,2.0,0.0,0.049058
fastmultrec_greedy,2,10,73,20,40.0,2.0,0.0,0.175674
lcamap,2,10,73,20,40.0,2.0,0.0,0.027985
segdup,2,10,73,25,50,2,0,32.346006
insider,2,10,73,25,50.0,2.0,0.0,0.048571
fastmultrec_greedy,2,10,73,25,50.0,2.0,0.0,0.169188
lcamap,2,10,73,25,50.0,2.0,0.0,0.027531
segdup,2,10,73,5,10,2,0,69.192585
insider,2,10,73,5,10.0,2.0,0.0,0.050494
fastmultrec_greedy,2,10,73,5,10.0,2.0,0.0,0.178467
lcamap,2,10,73,5,10.0,2.0,0.0,0.028556
segdup,2,11,73,10,20,2,0,229.345852
insider,2,11,73,10,20.0,2.0,0.0,0.128740
fastmultrec_greedy,2,11,73,10,20.0,2.0,0.0,0.479963
lcamap,2,11,73,10,20.0,2.0,0.0,0.073205
segdup,2,11,73,15,30,2,0,150.367612
insider,2,11,73,15,30.0,2.0,0.0,0.124167
fastmultrec_greedy,2,11,73,15,30.0,2.0,0.0,0.478096
lcamap,2,11,73,15,30.0,2.0,0.0,0.072052
segdup,2,11,73,20,40,2,0,105.655901
insider,2,11,73,20,40.0,2.0,0.0,0.122885
fastmultrec_greedy,2,11,73,20,40.0,2.0,0.0,0.469753
lcamap,2,11,73,20,40.0,2.0,0.0,0.072908
segdup,2,11,73,25,50,2,0,105.206545
insider,2,11,73,25,50.0,2.0,0.0,0.131497
fastmultrec_greedy,2,11,73,25,50.0,2.0,0.0,0.480265
lcamap,2,11,73,25,50.0,2.0,0.0,0.074109
segdup,2,11,73,5,10,2,0,227.126147
insider,2,11,73,5,10.0,2.0,0.0,0.127670
fastmultrec_greedy,2,11,73,5,10.0,2.0,0.0,0.483632
lcamap,2,11,73,5,10.0,2.0,0.0,0.074267
segdup,2,8,73,10,448,39,58,164.668029
insider,2,8,73,10,443.0,37.0,73.0,0.250442
fastmultrec_greedy,2,8,73,10,448.0,39.0,58.0,0.569647
lcamap,2,8,73,10,448.0,39.0,58.0,0.080457
segdup,2,8,73,15,643,39,58,160.425099
insider,2,8,73,15,627.0,36.0,87.0,0.547264
fastmultrec_greedy,2,8,73,15,643.0,39.0,58.0,0.581955
lcamap,2,8,73,15,643.0,39.0,58.0,0.079465
segdup,2,8,73,20,824,38,64,141.556809
insider,2,8,73,20,807.0,36.0,87.0,2.559479
fastmultrec_greedy,2,8,73,20,838.0,39.0,58.0,0.559195
lcamap,2,8,73,20,838.0,39.0,58.0,0.080176
segdup,2,8,73,25,1033,39,58,147.676494
insider,2,8,73,25,983.0,35.0,108.0,32.327873
fastmultrec_greedy,2,8,73,25,1033.0,39.0,58.0,0.570670
lcamap,2,8,73,25,1033.0,39.0,58.0,0.080901
segdup,2,8,73,5,253,39,58,181.221283
insider,2,8,73,5,253.0,39.0,58.0,0.181884
fastmultrec_greedy,2,8,73,5,253.0,39.0,58.0,0.574616
lcamap,2,8,73,5,253.0,39.0,58.0,0.083625
segdup,1,10,74,10,20,2,0,148.653409
insider,1,10,74,10,20.0,2.0,0.0,0.068252
fastmultrec_greedy,1,10,74,10,20.0,2.0,0.0,0.254416
lcamap,1,10,74,10,20.0,2.0,0.0,0.040190
segdup,1,10,74,15,30,2,0,152.109405
insider,1,10,74,15,30.0,2.0,0.0,0.067485
fastmultrec_greedy,1,10,74,15,30.0,2.0,0.0,0.254236
lcamap,1,10,74,15,30.0,2.0,0.0,0.041228
segdup,1,10,74,20,40,2,0,94.176492
insider,1,10,74,20,40.0,2.0,0.0,0.067823
fastmultrec_greedy,1,10,74,20,40.0,2.0,0.0,0.252852
lcamap,1,10,74,20,40.0,2.0,0.0,0.040702
segdup,1,10,74,25,50,2,0,78.078557
insider,1,10,74,25,50.0,2.0,0.0,0.068972
fastmultrec_greedy,1,10,74,25,50.0,2.0,0.0,0.254228
lcamap,1,10,74,25,50.0,2.0,0.0,0.040496
segdup,1,10,74,5,10,2,0,144.101539
insider,1,10,74,5,10.0,2.0,0.0,0.064214
fastmultrec_greedy,1,10,74,5,10.0,2.0,0.0,0.245490
lcamap,1,10,74,5,10.0,2.0,0.0,0.039100
segdup,1,11,74,10,10,1,0,61.578795
insider,1,11,74,10,10.0,1.0,0.0,0.033837
fastmultrec_greedy,1,11,74,10,10.0,1.0,0.0,0.114969
lcamap,1,11,74,10,10.0,1.0,0.0,0.019452
segdup,1,11,74,15,15,1,0,57.384667
insider,1,11,74,15,15.0,1.0,0.0,0.034799
fastmultrec_greedy,1,11,74,15,15.0,1.0,0.0,0.118775
lcamap,1,11,74,15,15.0,1.0,0.0,0.020128
segdup,1,11,74,20,20,1,0,34.216269
insider,1,11,74,20,20.0,1.0,0.0,0.034212
fastmultrec_greedy,1,11,74,20,20.0,1.0,0.0,0.117282
lcamap,1,11,74,20,20.0,1.0,0.0,0.019524
segdup,1,11,74,25,25,1,0,35.807594
insider,1,11,74,25,25.0,1.0,0.0,0.034046
fastmultrec_greedy,1,11,74,25,25.0,1.0,0.0,0.113552
lcamap,1,11,74,25,25.0,1.0,0.0,0.019986
segdup,1,11,74,5,5,1,0,65.935525
insider,1,11,74,5,5.0,1.0,0.0,0.034237
fastmultrec_greedy,1,11,74,5,5.0,1.0,0.0,0.114165
lcamap,1,11,74,5,5.0,1.0,0.0,0.019275
segdup,1,15,74,10,10,1,0,108.280106
insider,1,15,74,10,10.0,1.0,0.0,0.056689
fastmultrec_greedy,1,15,74,10,10.0,1.0,0.0,0.208124
lcamap,1,15,74,10,10.0,1.0,0.0,0.035333
segdup,1,15,74,15,15,1,0,107.042784
insider,1,15,74,15,15.0,1.0,0.0,0.056239
fastmultrec_greedy,1,15,74,15,15.0,1.0,0.0,0.208420
lcamap,1,15,74,15,15.0,1.0,0.0,0.034524
segdup,1,15,74,20,20,1,0,84.598018
insider,1,15,74,20,20.0,1.0,0.0,0.053419
fastmultrec_greedy,1,15,74,20,20.0,1.0,0.0,0.194873
lcamap,1,15,74,20,20.0,1.0,0.0,0.034165
segdup,1,15,74,25,25,1,0,63.671844
insider,1,15,74,25,25.0,1.0,0.0,0.056599
fastmultrec_greedy,1,15,74,25,25.0,1.0,0.0,0.206765
lcamap,1,15,74,25,25.0,1.0,0.0,0.034748
segdup,1,15,74,5,5,1,0,115.342291
insider,1,15,74,5,5.0,1.0,0.0,0.054863
fastmultrec_greedy,1,15,74,5,5.0,1.0,0.0,0.201731
lcamap,1,15,74,5,5.0,1.0,0.0,0.035282
segdup,1,8,74,10,803,66,143,88.471759
insider,1,8,74,10,799.0,65.0,149.0,0.250606
fastmultrec_greedy,1,8,74,10,803.0,66.0,143.0,0.501846
lcamap,1,8,74,10,810.0,67.0,140.0,0.040320
segdup,1,8,74,15,1133,66,143,81.883828
insider,1,8,74,15,1118.0,61.0,203.0,0.861027
fastmultrec_greedy,1,8,74,15,1133.0,66.0,143.0,0.474060
lcamap,1,8,74,15,1145.0,67.0,140.0,0.040065
segdup,1,8,74,20,1480,67,140,85.748354
insider,1,8,74,20,1416.0,58.0,256.0,6.216146
fastmultrec_greedy,1,8,74,20,1463.0,66.0,143.0,0.488508
lcamap,1,8,74,20,1480.0,67.0,140.0,0.040300
segdup,1,8,74,25,1797,66,147,83.315399
insider,1,8,74,25,1699.0,55.0,324.0,118.854451
fastmultrec_greedy,1,8,74,25,1793.0,66.0,143.0,0.485421
lcamap,1,8,74,25,1815.0,67.0,140.0,0.040022
segdup,1,8,74,5,473,66,143,90.628087
insider,1,8,74,5,473.0,66.0,143.0,0.104926
fastmultrec_greedy,1,8,74,5,473.0,66.0,143.0,0.463590
lcamap,1,8,74,5,475.0,67.0,140.0,0.039332
segdup,1,9,74,10,217,20,17,72.954871
insider,1,9,74,10,217.0,20.0,17.0,0.070082
fastmultrec_greedy,1,9,74,10,217.0,20.0,17.0,0.160766
lcamap,1,9,74,10,217.0,20.0,17.0,0.026972
segdup,1,9,74,15,317,20,17,60.658166
insider,1,9,74,15,317.0,20.0,17.0,0.110125
fastmultrec_greedy,1,9,74,15,317.0,20.0,17.0,0.158188
lcamap,1,9,74,15,317.0,20.0,17.0,0.025668
segdup,1,9,74,20,417,20,17,74.192616
insider,1,9,74,20,417.0,20.0,17.0,0.174839
fastmultrec_greedy,1,9,74,20,417.0,20.0,17.0,0.163577
lcamap,1,9,74,20,417.0,20.0,17.0,0.027256
segdup,1,9,74,25,517,20,17,50.915872
insider,1,9,74,25,513.0,19.0,38.0,0.462408
fastmultrec_greedy,1,9,74,25,517.0,20.0,17.0,0.151939
lcamap,1,9,74,25,517.0,20.0,17.0,0.026234
segdup,1,9,74,5,117,20,17,73.460085
insider,1,9,74,5,117.0,20.0,17.0,0.054281
fastmultrec_greedy,1,9,74,5,117.0,20.0,17.0,0.152446
lcamap,1,9,74,5,117.0,20.0,17.0,0.026584
segdup,2,10,74,10,31,3,1,196.357157
insider,2,10,74,10,31.0,3.0,1.0,0.091186
fastmultrec_greedy,2,10,74,10,31.0,3.0,1.0,0.339455
lcamap,2,10,74,10,31.0,3.0,1.0,0.049432
segdup,2,10,74,15,46,3,1,170.117674
insider,2,10,74,15,46.0,3.0,1.0,0.094071
fastmultrec_greedy,2,10,74,15,46.0,3.0,1.0,0.354569
lcamap,2,10,74,15,46.0,3.0,1.0,0.049838
segdup,2,10,74,20,61,3,1,99.972094
insider,2,10,74,20,61.0,3.0,1.0,0.102434
fastmultrec_greedy,2,10,74,20,61.0,3.0,1.0,0.361846
lcamap,2,10,74,20,61.0,3.0,1.0,0.052473
segdup,2,10,74,25,76,3,1,103.915188
insider,2,10,74,25,76.0,3.0,1.0,0.103756
fastmultrec_greedy,2,10,74,25,76.0,3.0,1.0,0.360895
lcamap,2,10,74,25,76.0,3.0,1.0,0.053275
segdup,2,10,74,5,16,3,1,208.342070
insider,2,10,74,5,16.0,3.0,1.0,0.096762
fastmultrec_greedy,2,10,74,5,16.0,3.0,1.0,0.360697
lcamap,2,10,74,5,16.0,3.0,1.0,0.051399
segdup,2,11,74,10,21,2,1,283.582888
insider,2,11,74,10,21.0,2.0,1.0,0.172874
fastmultrec_greedy,2,11,74,10,21.0,2.0,1.0,0.665148
lcamap,2,11,74,10,21.0,2.0,1.0,0.105184
segdup,2,11,74,15,31,2,1,147.621476
insider,2,11,74,15,31.0,2.0,1.0,0.167081
fastmultrec_greedy,2,11,74,15,31.0,2.0,1.0,0.664962
lcamap,2,11,74,15,31.0,2.0,1.0,0.110047
segdup,2,11,74,20,41,2,1,140.666197
insider,2,11,74,20,41.0,2.0,1.0,0.168579
fastmultrec_greedy,2,11,74,20,41.0,2.0,1.0,0.658478
lcamap,2,11,74,20,41.0,2.0,1.0,0.101127
segdup,2,11,74,25,51,2,1,142.314438
insider,2,11,74,25,51.0,2.0,1.0,0.168810
fastmultrec_greedy,2,11,74,25,51.0,2.0,1.0,0.658555
lcamap,2,11,74,25,51.0,2.0,1.0,0.108338
segdup,2,11,74,5,11,2,1,311.398979
insider,2,11,74,5,11.0,2.0,1.0,0.167976
fastmultrec_greedy,2,11,74,5,11.0,2.0,1.0,0.660190
lcamap,2,11,74,5,11.0,2.0,1.0,0.108620
segdup,2,8,74,10,1066,82,246,139.181934
insider,2,8,74,10,1058.0,77.0,288.0,0.288660
fastmultrec_greedy,2,8,74,10,1066.0,82.0,246.0,0.352475
lcamap,2,8,74,10,1066.0,82.0,246.0,0.061430
segdup,2,8,74,15,1476,82,246,129.431433
insider,2,8,74,15,1443.0,75.0,318.0,0.660991
fastmultrec_greedy,2,8,74,15,1476.0,82.0,246.0,0.349157
lcamap,2,8,74,15,1476.0,82.0,246.0,0.058976
segdup,2,8,74,20,1886,82,246,138.284302
insider,2,8,74,20,1811.0,73.0,351.0,4.517935
fastmultrec_greedy,2,8,74,20,1886.0,82.0,246.0,0.331982
lcamap,2,8,74,20,1886.0,82.0,246.0,0.056497
segdup,2,8,74,25,2296,82,246,123.791623
insider,2,8,74,25,2169.0,68.0,469.0,193.939670
fastmultrec_greedy,2,8,74,25,2296.0,82.0,246.0,0.352873
lcamap,2,8,74,25,2296.0,82.0,246.0,0.059887
segdup,2,8,74,5,656,82,246,141.590235
insider,2,8,74,5,656.0,82.0,246.0,0.183283
fastmultrec_greedy,2,8,74,5,656.0,82.0,246.0,0.353878
lcamap,2,8,74,5,656.0,82.0,246.0,0.059373
segdup,2,9,74,10,168,15,18,254.192272
insider,2,9,74,10,164.0,14.0,24.0,0.180722
fastmultrec_greedy,2,9,74,10,168.0,15.0,18.0,0.592141
lcamap,2,9,74,10,168.0,15.0,18.0,0.090160
segdup,2,9,74,15,243,15,18,196.785395
insider,2,9,74,15,234.0,14.0,24.0,0.201717
fastmultrec_greedy,2,9,74,15,243.0,15.0,18.0,0.588562
lcamap,2,9,74,15,243.0,15.0,18.0,0.089096
segdup,2,9,74,20,318,15,18,205.783585
insider,2,9,74,20,304.0,14.0,24.0,0.258244
fastmultrec_greedy,2,9,74,20,318.0,15.0,18.0,0.590538
lcamap,2,9,74,20,318.0,15.0,18.0,0.088410
segdup,2,9,74,25,393,15,18,203.447546
insider,2,9,74,25,374.0,14.0,24.0,0.528916
fastmultrec_greedy,2,9,74,25,393.0,15.0,18.0,0.592177
lcamap,2,9,74,25,393.0,15.0,18.0,0.088790
segdup,2,9,74,5,93,15,18,237.147681
insider,2,9,74,5,93.0,15.0,18.0,0.166345
fastmultrec_greedy,2,9,74,5,93.0,15.0,18.0,0.603794
lcamap,2,9,74,5,93.0,15.0,18.0,0.090210
segdup,1,10,75,10,20,2,0,139.082450
insider,1,10,75,10,20.0,2.0,0.0,0.088357
fastmultrec_greedy,1,10,75,10,20.0,2.0,0.0,0.356342
lcamap,1,10,75,10,20.0,2.0,0.0,0.056444
segdup,1,10,75,15,30,2,0,94.393516
insider,1,10,75,15,30.0,2.0,0.0,0.087217
fastmultrec_greedy,1,10,75,15,30.0,2.0,0.0,0.357264
lcamap,1,10,75,15,30.0,2.0,0.0,0.055575
segdup,1,10,75,20,40,2,0,92.309341
insider,1,10,75,20,40.0,2.0,0.0,0.085669
fastmultrec_greedy,1,10,75,20,40.0,2.0,0.0,0.360089
lcamap,1,10,75,20,40.0,2.0,0.0,0.056623
segdup,1,10,75,25,50,2,0,88.817007
insider,1,10,75,25,50.0,2.0,0.0,0.086258
fastmultrec_greedy,1,10,75,25,50.0,2.0,0.0,0.362410
lcamap,1,10,75,25,50.0,2.0,0.0,0.058476
segdup,1,10,75,5,10,2,0,152.043483
insider,1,10,75,5,10.0,2.0,0.0,0.090030
fastmultrec_greedy,1,10,75,5,10.0,2.0,0.0,0.361529
lcamap,1,10,75,5,10.0,2.0,0.0,0.056231
segdup,1,11,75,10,10,1,0,69.454581
insider,1,11,75,10,10.0,1.0,0.0,0.046612
fastmultrec_greedy,1,11,75,10,10.0,1.0,0.0,0.209220
lcamap,1,11,75,10,10.0,1.0,0.0,0.027455
segdup,1,11,75,15,15,1,0,70.270465
insider,1,11,75,15,15.0,1.0,0.0,0.048302
fastmultrec_greedy,1,11,75,15,15.0,1.0,0.0,0.209010
lcamap,1,11,75,15,15.0,1.0,0.0,0.028315
segdup,1,11,75,20,20,1,0,47.841811
insider,1,11,75,20,20.0,1.0,0.0,0.048295
fastmultrec_greedy,1,11,75,20,20.0,1.0,0.0,0.209222
lcamap,1,11,75,20,20.0,1.0,0.0,0.028807
segdup,1,11,75,25,25,1,0,47.286938
insider,1,11,75,25,25.0,1.0,0.0,0.052221
fastmultrec_greedy,1,11,75,25,25.0,1.0,0.0,0.217922
lcamap,1,11,75,25,25.0,1.0,0.0,0.028686
segdup,1,11,75,5,5,1,0,68.114923
insider,1,11,75,5,5.0,1.0,0.0,0.047813
fastmultrec_greedy,1,11,75,5,5.0,1.0,0.0,0.211986
lcamap,1,11,75,5,5.0,1.0,0.0,0.028672
segdup,1,15,75,10,10,1,0,147.580800
insider,1,15,75,10,10.0,1.0,0.0,0.085899
fastmultrec_greedy,1,15,75,10,10.0,1.0,0.0,0.352180
lcamap,1,15,75,10,10.0,1.0,0.0,0.056840
segdup,1,15,75,15,15,1,0,143.377656
insider,1,15,75,15,15.0,1.0,0.0,0.080825
fastmultrec_greedy,1,15,75,15,15.0,1.0,0.0,0.342619
lcamap,1,15,75,15,15.0,1.0,0.0,0.053606
segdup,1,15,75,20,20,1,0,89.963133
insider,1,15,75,20,20.0,1.0,0.0,0.081416
fastmultrec_greedy,1,15,75,20,20.0,1.0,0.0,0.343915
lcamap,1,15,75,20,20.0,1.0,0.0,0.059845
segdup,1,15,75,25,25,1,0,89.993595
insider,1,15,75,25,25.0,1.0,0.0,0.085740
fastmultrec_greedy,1,15,75,25,25.0,1.0,0.0,0.373102
lcamap,1,15,75,25,25.0,1.0,0.0,0.057007
segdup,1,15,75,5,5,1,0,168.541335
insider,1,15,75,5,5.0,1.0,0.0,0.093966
fastmultrec_greedy,1,15,75,5,5.0,1.0,0.0,0.350322
lcamap,1,15,75,5,5.0,1.0,0.0,0.055864
segdup,1,8,75,10,541,47,71,68.694407
insider,1,8,75,10,531.0,43.0,101.0,0.153358
fastmultrec_greedy,1,8,75,10,541.0,47.0,71.0,0.191654
lcamap,1,8,75,10,541.0,47.0,71.0,0.031765
segdup,1,8,75,15,776,47,71,65.336386
insider,1,8,75,15,744.0,40.0,144.0,0.521859
fastmultrec_greedy,1,8,75,15,776.0,47.0,71.0,0.190855
lcamap,1,8,75,15,776.0,47.0,71.0,0.031539
segdup,1,8,75,20,1011,47,71,66.371577
insider,1,8,75,20,941.0,39.0,161.0,3.182763
fastmultrec_greedy,1,8,75,20,1011.0,47.0,71.0,0.185561
lcamap,1,8,75,20,1011.0,47.0,71.0,0.031709
segdup,1,8,75,25,1246,47,71,64.175086
insider,1,8,75,25,1132.0,38.0,182.0,22.869598
fastmultrec_greedy,1,8,75,25,1246.0,47.0,71.0,0.185960
lcamap,1,8,75,25,1246.0,47.0,71.0,0.030979
segdup,1,8,75,5,306,47,71,69.616148
insider,1,8,75,5,306.0,47.0,71.0,0.084365
fastmultrec_greedy,1,8,75,5,306.0,47.0,71.0,0.191375
lcamap,1,8,75,5,306.0,47.0,71.0,0.031712
segdup,1,9,75,10,12,1,2,135.886086
insider,1,9,75,10,12.0,1.0,2.0,0.075536
fastmultrec_greedy,1,9,75,10,12.0,1.0,2.0,0.322247
lcamap,1,9,75,10,12.0,1.0,2.0,0.047695
segdup,1,9,75,15,17,1,2,126.252266
insider,1,9,75,15,17.0,1.0,2.0,0.072673
fastmultrec_greedy,1,9,75,15,17.0,1.0,2.0,0.305988
lcamap,1,9,75,15,17.0,1.0,2.0,0.045380
segdup,1,9,75,20,22,1,2,83.408637
insider,1,9,75,20,22.0,1.0,2.0,0.075860
fastmultrec_greedy,1,9,75,20,22.0,1.0,2.0,0.325937
lcamap,1,9,75,20,22.0,1.0,2.0,0.046838
segdup,1,9,75,25,27,1,2,83.970568
insider,1,9,75,25,27.0,1.0,2.0,0.076883
fastmultrec_greedy,1,9,75,25,27.0,1.0,2.0,0.323787
lcamap,1,9,75,25,27.0,1.0,2.0,0.047647
segdup,1,9,75,5,7,1,2,152.453644
insider,1,9,75,5,7.0,1.0,2.0,0.076028
fastmultrec_greedy,1,9,75,5,7.0,1.0,2.0,0.324898
lcamap,1,9,75,5,7.0,1.0,2.0,0.047175
segdup,2,10,75,10,32,3,2,273.527942
insider,2,10,75,10,32.0,3.0,2.0,0.150182
fastmultrec_greedy,2,10,75,10,32.0,3.0,2.0,0.602851
lcamap,2,10,75,10,32.0,3.0,2.0,0.082850
segdup,2,10,75,15,47,3,2,217.275231
insider,2,10,75,15,47.0,3.0,2.0,0.151087
fastmultrec_greedy,2,10,75,15,47.0,3.0,2.0,0.602581
lcamap,2,10,75,15,47.0,3.0,2.0,0.084441
segdup,2,10,75,20,62,3,2,129.957068
insider,2,10,75,20,62.0,3.0,2.0,0.155161
fastmultrec_greedy,2,10,75,20,62.0,3.0,2.0,0.601541
lcamap,2,10,75,20,62.0,3.0,2.0,0.083216
segdup,2,10,75,25,77,3,2,126.808213
insider,2,10,75,25,77.0,3.0,2.0,0.155022
fastmultrec_greedy,2,10,75,25,77.0,3.0,2.0,0.606233
lcamap,2,10,75,25,77.0,3.0,2.0,0.085243
segdup,2,10,75,5,17,3,2,291.701403
insider,2,10,75,5,17.0,3.0,2.0,0.149247
fastmultrec_greedy,2,10,75,5,17.0,3.0,2.0,0.604425
lcamap,2,10,75,5,17.0,3.0,2.0,0.083933
segdup,2,11,75,10,30,3,0,175.675126
insider,2,11,75,10,30.0,3.0,0.0,0.104690
fastmultrec_greedy,2,11,75,10,30.0,3.0,0.0,0.356872
lcamap,2,11,75,10,30.0,3.0,0.0,0.058295
segdup,2,11,75,15,45,3,0,89.138399
insider,2,11,75,15,45.0,3.0,0.0,0.104117
fastmultrec_greedy,2,11,75,15,45.0,3.0,0.0,0.360422
lcamap,2,11,75,15,45.0,3.0,0.0,0.058277
segdup,2,11,75,20,60,3,0,88.292106
insider,2,11,75,20,60.0,3.0,0.0,0.104486
fastmultrec_greedy,2,11,75,20,60.0,3.0,0.0,0.360820
lcamap,2,11,75,20,60.0,3.0,0.0,0.060806
segdup,2,11,75,25,75,3,0,82.792491
insider,2,11,75,25,75.0,3.0,0.0,0.096795
fastmultrec_greedy,2,11,75,25,75.0,3.0,0.0,0.350917
lcamap,2,11,75,25,75.0,3.0,0.0,0.057648
segdup,2,11,75,5,15,3,0,201.246031
insider,2,11,75,5,15.0,3.0,0.0,0.101008
fastmultrec_greedy,2,11,75,5,15.0,3.0,0.0,0.363218
lcamap,2,11,75,5,15.0,3.0,0.0,0.058433
segdup,2,15,75,10,20,2,0,109.871715
insider,2,15,75,10,20.0,2.0,0.0,0.110600
fastmultrec_greedy,2,15,75,10,20.0,2.0,0.0,0.450429
lcamap,2,15,75,10,20.0,2.0,0.0,0.068781
segdup,2,15,75,15,30,2,0,156.382047
insider,2,15,75,15,30.0,2.0,0.0,0.111404
fastmultrec_greedy,2,15,75,15,30.0,2.0,0.0,0.448687
lcamap,2,15,75,15,30.0,2.0,0.0,0.067416
segdup,2,15,75,20,40,2,0,94.763084
insider,2,15,75,20,40.0,2.0,0.0,0.109815
fastmultrec_greedy,2,15,75,20,40.0,2.0,0.0,0.447313
lcamap,2,15,75,20,40.0,2.0,0.0,0.066620
segdup,2,15,75,25,50,2,0,93.464493
insider,2,15,75,25,50.0,2.0,0.0,0.110012
fastmultrec_greedy,2,15,75,25,50.0,2.0,0.0,0.448901
lcamap,2,15,75,25,50.0,2.0,0.0,0.068316
segdup,2,15,75,5,10,2,0,180.732193
insider,2,15,75,5,10.0,2.0,0.0,0.110139
fastmultrec_greedy,2,15,75,5,10.0,2.0,0.0,0.447649
lcamap,2,15,75,5,10.0,2.0,0.0,0.066547
segdup,2,8,75,10,634,55,84,162.121628
insider,2,8,75,10,624.0,51.0,114.0,0.332282
fastmultrec_greedy,2,8,75,10,634.0,55.0,84.0,0.515348
lcamap,2,8,75,10,634.0,55.0,84.0,0.076528
segdup,2,8,75,15,909,55,84,136.827955
insider,2,8,75,15,876.0,50.0,126.0,1.079352
fastmultrec_greedy,2,8,75,15,909.0,55.0,84.0,0.512376
lcamap,2,8,75,15,909.0,55.0,84.0,0.075857
segdup,2,8,75,20,1184,55,84,130.433445
insider,2,8,75,20,1126.0,50.0,126.0,14.897961
fastmultrec_greedy,2,8,75,20,1184.0,55.0,84.0,0.509124
lcamap,2,8,75,20,1184.0,55.0,84.0,0.074848
segdup,2,8,75,25,1459,55,84,130.693988
insider,2,8,75,25,1357.0,43.0,282.0,88.540202
fastmultrec_greedy,2,8,75,25,1459.0,55.0,84.0,0.506216
lcamap,2,8,75,25,1459.0,55.0,84.0,0.076040
segdup,2,8,75,5,359,55,84,166.270879
insider,2,8,75,5,359.0,55.0,84.0,0.220885
fastmultrec_greedy,2,8,75,5,359.0,55.0,84.0,0.509980
lcamap,2,8,75,5,359.0,55.0,84.0,0.076553
segdup,1,10,76,10,22,2,2,85.204843
insider,1,10,76,10,22.0,2.0,2.0,0.057319
fastmultrec_greedy,1,10,76,10,22.0,2.0,2.0,0.228202
lcamap,1,10,76,10,22.0,2.0,2.0,0.033114
segdup,1,10,76,15,32,2,2,58.610198
insider,1,10,76,15,32.0,2.0,2.0,0.057106
fastmultrec_greedy,1,10,76,15,32.0,2.0,2.0,0.228455
lcamap,1,10,76,15,32.0,2.0,2.0,0.032761
segdup,1,10,76,20,42,2,2,80.642308
insider,1,10,76,20,42.0,2.0,2.0,0.057406
fastmultrec_greedy,1,10,76,20,42.0,2.0,2.0,0.228649
lcamap,1,10,76,20,42.0,2.0,2.0,0.033005
segdup,1,10,76,25,52,2,2,59.163380
insider,1,10,76,25,52.0,2.0,2.0,0.058580
fastmultrec_greedy,1,10,76,25,52.0,2.0,2.0,0.228387
lcamap,1,10,76,25,52.0,2.0,2.0,0.032707
segdup,1,10,76,5,12,2,2,87.602834
insider,1,10,76,5,12.0,2.0,2.0,0.055897
fastmultrec_greedy,1,10,76,5,12.0,2.0,2.0,0.226449
lcamap,1,10,76,5,12.0,2.0,2.0,0.033086
segdup,1,11,76,10,10,1,0,48.572652
insider,1,11,76,10,10.0,1.0,0.0,0.029577
fastmultrec_greedy,1,11,76,10,10.0,1.0,0.0,0.109565
lcamap,1,11,76,10,10.0,1.0,0.0,0.016917
segdup,1,11,76,15,15,1,0,42.945392
insider,1,11,76,15,15.0,1.0,0.0,0.029865
fastmultrec_greedy,1,11,76,15,15.0,1.0,0.0,0.110837
lcamap,1,11,76,15,15.0,1.0,0.0,0.017056
segdup,1,11,76,20,20,1,0,44.831175
insider,1,11,76,20,20.0,1.0,0.0,0.030531
fastmultrec_greedy,1,11,76,20,20.0,1.0,0.0,0.108860
lcamap,1,11,76,20,20.0,1.0,0.0,0.016855
segdup,1,11,76,25,25,1,0,30.160322
insider,1,11,76,25,25.0,1.0,0.0,0.029810
fastmultrec_greedy,1,11,76,25,25.0,1.0,0.0,0.108815
lcamap,1,11,76,25,25.0,1.0,0.0,0.016685
segdup,1,11,76,5,5,1,0,52.704046
insider,1,11,76,5,5.0,1.0,0.0,0.030106
fastmultrec_greedy,1,11,76,5,5.0,1.0,0.0,0.108759
lcamap,1,11,76,5,5.0,1.0,0.0,0.016705
segdup,1,15,76,10,10,1,0,54.330108
insider,1,15,76,10,10.0,1.0,0.0,0.036359
fastmultrec_greedy,1,15,76,10,10.0,1.0,0.0,0.128573
lcamap,1,15,76,10,10.0,1.0,0.0,0.021500
segdup,1,15,76,15,15,1,0,51.596002
insider,1,15,76,15,15.0,1.0,0.0,0.037207
fastmultrec_greedy,1,15,76,15,15.0,1.0,0.0,0.127046
lcamap,1,15,76,15,15.0,1.0,0.0,0.021426
segdup,1,15,76,20,20,1,0,35.332402
insider,1,15,76,20,20.0,1.0,0.0,0.036504
fastmultrec_greedy,1,15,76,20,20.0,1.0,0.0,0.126902
lcamap,1,15,76,20,20.0,1.0,0.0,0.021066
segdup,1,15,76,25,25,1,0,35.473969
insider,1,15,76,25,25.0,1.0,0.0,0.037289
fastmultrec_greedy,1,15,76,25,25.0,1.0,0.0,0.127574
lcamap,1,15,76,25,25.0,1.0,0.0,0.021593
segdup,1,15,76,5,5,1,0,56.817134
insider,1,15,76,5,5.0,1.0,0.0,0.036753
fastmultrec_greedy,1,15,76,5,5.0,1.0,0.0,0.126918
lcamap,1,15,76,5,5.0,1.0,0.0,0.021452
segdup,1,8,76,10,226,21,16,47.415774
insider,1,8,76,10,222.0,20.0,22.0,0.087879
fastmultrec_greedy,1,8,76,10,226.0,21.0,16.0,0.099414
lcamap,1,8,76,10,226.0,21.0,16.0,0.017119
segdup,1,8,76,15,331,21,16,40.768615
insider,1,8,76,15,322.0,20.0,22.0,0.272038
fastmultrec_greedy,1,8,76,15,331.0,21.0,16.0,0.098458
lcamap,1,8,76,15,331.0,21.0,16.0,0.017562
segdup,1,8,76,20,436,21,16,42.783065
insider,1,8,76,20,421.0,18.0,61.0,0.984460
fastmultrec_greedy,1,8,76,20,436.0,21.0,16.0,0.101231
lcamap,1,8,76,20,436.0,21.0,16.0,0.017884
segdup,1,8,76,25,541,21,16,40.179640
insider,1,8,76,25,502.0,16.0,102.0,3.803365
fastmultrec_greedy,1,8,76,25,541.0,21.0,16.0,0.100111
lcamap,1,8,76,25,541.0,21.0,16.0,0.017413
segdup,1,8,76,5,121,21,16,48.954516
insider,1,8,76,5,121.0,21.0,16.0,0.044050
fastmultrec_greedy,1,8,76,5,121.0,21.0,16.0,0.096818
lcamap,1,8,76,5,121.0,21.0,16.0,0.017438
segdup,1,9,76,10,178,16,18,151.172185
insider,1,9,76,10,178.0,16.0,18.0,0.107957
fastmultrec_greedy,1,9,76,10,178.0,16.0,18.0,0.317685
lcamap,1,9,76,10,178.0,16.0,18.0,0.056477
segdup,1,9,76,15,258,16,18,103.223451
insider,1,9,76,15,258.0,16.0,18.0,0.129832
fastmultrec_greedy,1,9,76,15,258.0,16.0,18.0,0.302534
lcamap,1,9,76,15,258.0,16.0,18.0,0.056296
segdup,1,9,76,20,338,16,18,104.820609
insider,1,9,76,20,338.0,16.0,18.0,0.265003
fastmultrec_greedy,1,9,76,20,338.0,16.0,18.0,0.322946
lcamap,1,9,76,20,338.0,16.0,18.0,0.055859
segdup,1,9,76,25,418,16,18,126.295264
insider,1,9,76,25,418.0,16.0,18.0,1.740913
fastmultrec_greedy,1,9,76,25,418.0,16.0,18.0,0.337929
lcamap,1,9,76,25,418.0,16.0,18.0,0.058676
segdup,1,9,76,5,98,16,18,163.197576
insider,1,9,76,5,98.0,16.0,18.0,0.096034
fastmultrec_greedy,1,9,76,5,98.0,16.0,18.0,0.318673
lcamap,1,9,76,5,98.0,16.0,18.0,0.055592
segdup,2,10,76,10,31,3,1,212.071193
insider,2,10,76,10,31.0,3.0,1.0,0.116187
fastmultrec_greedy,2,10,76,10,31.0,3.0,1.0,0.466070
lcamap,2,10,76,10,31.0,3.0,1.0,0.067480
segdup,2,10,76,15,46,3,1,89.296418
insider,2,10,76,15,46.0,3.0,1.0,0.111423
fastmultrec_greedy,2,10,76,15,46.0,3.0,1.0,0.427442
lcamap,2,10,76,15,46.0,3.0,1.0,0.063903
segdup,2,10,76,20,61,3,1,95.056472
insider,2,10,76,20,61.0,3.0,1.0,0.107139
fastmultrec_greedy,2,10,76,20,61.0,3.0,1.0,0.420178
lcamap,2,10,76,20,61.0,3.0,1.0,0.069250
segdup,2,10,76,25,76,3,1,91.553152
insider,2,10,76,25,76.0,3.0,1.0,0.105117
fastmultrec_greedy,2,10,76,25,76.0,3.0,1.0,0.400189
lcamap,2,10,76,25,76.0,3.0,1.0,0.062861
segdup,2,10,76,5,16,3,1,238.287169
insider,2,10,76,5,16.0,3.0,1.0,0.114915
fastmultrec_greedy,2,10,76,5,16.0,3.0,1.0,0.428789
lcamap,2,10,76,5,16.0,3.0,1.0,0.074382
segdup,2,11,76,10,20,2,0,207.829538
insider,2,11,76,10,20.0,2.0,0.0,0.106724
fastmultrec_greedy,2,11,76,10,20.0,2.0,0.0,0.383199
lcamap,2,11,76,10,20.0,2.0,0.0,0.057614
segdup,2,11,76,15,30,2,0,165.097296
insider,2,11,76,15,30.0,2.0,0.0,0.097912
fastmultrec_greedy,2,11,76,15,30.0,2.0,0.0,0.369347
lcamap,2,11,76,15,30.0,2.0,0.0,0.049019
segdup,2,11,76,20,40,2,0,102.314413
insider,2,11,76,20,40.0,2.0,0.0,0.097909
fastmultrec_greedy,2,11,76,20,40.0,2.0,0.0,0.348574
lcamap,2,11,76,20,40.0,2.0,0.0,0.053114
segdup,2,11,76,25,50,2,0,102.471768
insider,2,11,76,25,50.0,2.0,0.0,0.089507
fastmultrec_greedy,2,11,76,25,50.0,2.0,0.0,0.372041
lcamap,2,11,76,25,50.0,2.0,0.0,0.049033
segdup,2,11,76,5,10,2,0,249.775324
insider,2,11,76,5,10.0,2.0,0.0,0.085335
fastmultrec_greedy,2,11,76,5,10.0,2.0,0.0,0.326141
lcamap,2,11,76,5,10.0,2.0,0.0,0.049080
segdup,2,15,76,10,20,2,0,172.238336
insider,2,15,76,10,20.0,2.0,0.0,0.080260
fastmultrec_greedy,2,15,76,10,20.0,2.0,0.0,0.326744
lcamap,2,15,76,10,20.0,2.0,0.0,0.044689
segdup,2,15,76,15,30,2,0,155.027959
insider,2,15,76,15,30.0,2.0,0.0,0.083039
fastmultrec_greedy,2,15,76,15,30.0,2.0,0.0,0.338614
lcamap,2,15,76,15,30.0,2.0,0.0,0.046964
segdup,2,15,76,20,40,2,0,90.428592
insider,2,15,76,20,40.0,2.0,0.0,0.080639
fastmultrec_greedy,2,15,76,20,40.0,2.0,0.0,0.330598
lcamap,2,15,76,20,40.0,2.0,0.0,0.053857
segdup,2,15,76,25,50,2,0,86.846950
insider,2,15,76,25,50.0,2.0,0.0,0.082167
fastmultrec_greedy,2,15,76,25,50.0,2.0,0.0,0.333767
lcamap,2,15,76,25,50.0,2.0,0.0,0.048373
segdup,2,15,76,5,10,2,0,176.511009
insider,2,15,76,5,10.0,2.0,0.0,0.076074
fastmultrec_greedy,2,15,76,5,10.0,2.0,0.0,0.314162
lcamap,2,15,76,5,10.0,2.0,0.0,0.043753
segdup,2,8,76,10,689,56,129,136.317112
insider,2,8,76,10,688.0,55.0,138.0,0.365987
fastmultrec_greedy,2,8,76,10,689.0,56.0,129.0,0.430117
lcamap,2,8,76,10,689.0,56.0,129.0,0.071579
segdup,2,8,76,15,969,56,129,137.702993
insider,2,8,76,15,960.0,53.0,165.0,0.666547
fastmultrec_greedy,2,8,76,15,969.0,56.0,129.0,0.463720
lcamap,2,8,76,15,969.0,56.0,129.0,0.067508
segdup,2,8,76,20,1249,56,129,138.459227
insider,2,8,76,20,1221.0,51.0,201.0,2.344725
fastmultrec_greedy,2,8,76,20,1249.0,56.0,129.0,0.463742
lcamap,2,8,76,20,1249.0,56.0,129.0,0.063333
segdup,2,8,76,25,1529,56,129,140.492706
insider,2,8,76,25,1471.0,49.0,246.0,6.575495
fastmultrec_greedy,2,8,76,25,1529.0,56.0,129.0,0.437437
lcamap,2,8,76,25,1529.0,56.0,129.0,0.062314
segdup,2,8,76,5,409,56,129,144.422608
insider,2,8,76,5,409.0,56.0,129.0,0.284631
fastmultrec_greedy,2,8,76,5,409.0,56.0,129.0,0.485929
lcamap,2,8,76,5,409.0,56.0,129.0,0.064428
segdup,2,9,76,10,179,17,9,273.042473
insider,2,9,76,10,179.0,17.0,9.0,0.165844
fastmultrec_greedy,2,9,76,10,179.0,17.0,9.0,0.636810
lcamap,2,9,76,10,179.0,17.0,9.0,0.084078
segdup,2,9,76,15,264,17,9,300.377543
insider,2,9,76,15,264.0,17.0,9.0,0.188120
fastmultrec_greedy,2,9,76,15,264.0,17.0,9.0,0.638995
lcamap,2,9,76,15,264.0,17.0,9.0,0.080989
segdup,2,9,76,20,349,17,9,213.274388
insider,2,9,76,20,349.0,17.0,9.0,0.235493
fastmultrec_greedy,2,9,76,20,349.0,17.0,9.0,0.670663
lcamap,2,9,76,20,349.0,17.0,9.0,0.095602
segdup,2,9,76,25,434,17,9,239.268972
insider,2,9,76,25,434.0,17.0,9.0,0.331681
fastmultrec_greedy,2,9,76,25,434.0,17.0,9.0,0.680705
lcamap,2,9,76,25,434.0,17.0,9.0,0.090228
segdup,2,9,76,5,94,17,9,291.239719
insider,2,9,76,5,94.0,17.0,9.0,0.147938
fastmultrec_greedy,2,9,76,5,94.0,17.0,9.0,0.631374
lcamap,2,9,76,5,94.0,17.0,9.0,0.081661
segdup,1,10,77,10,21,2,1,121.755391
insider,1,10,77,10,21.0,2.0,1.0,0.062490
fastmultrec_greedy,1,10,77,10,21.0,2.0,1.0,0.224577
lcamap,1,10,77,10,21.0,2.0,1.0,0.038582
segdup,1,10,77,15,31,2,1,113.803523
insider,1,10,77,15,31.0,2.0,1.0,0.064353
fastmultrec_greedy,1,10,77,15,31.0,2.0,1.0,0.213909
lcamap,1,10,77,15,31.0,2.0,1.0,0.035779
segdup,1,10,77,20,41,2,1,66.473182
insider,1,10,77,20,41.0,2.0,1.0,0.066991
fastmultrec_greedy,1,10,77,20,41.0,2.0,1.0,0.219938
lcamap,1,10,77,20,41.0,2.0,1.0,0.037494
segdup,1,10,77,25,51,2,1,66.396279
insider,1,10,77,25,51.0,2.0,1.0,0.067630
fastmultrec_greedy,1,10,77,25,51.0,2.0,1.0,0.220481
lcamap,1,10,77,25,51.0,2.0,1.0,0.037550
segdup,1,10,77,5,11,2,1,126.726758
insider,1,10,77,5,11.0,2.0,1.0,0.066787
fastmultrec_greedy,1,10,77,5,11.0,2.0,1.0,0.225139
lcamap,1,10,77,5,11.0,2.0,1.0,0.036795
segdup,1,11,77,10,10,1,0,57.713417
insider,1,11,77,10,10.0,1.0,0.0,0.045513
fastmultrec_greedy,1,11,77,10,10.0,1.0,0.0,0.138334
lcamap,1,11,77,10,10.0,1.0,0.0,0.024782
segdup,1,11,77,15,15,1,0,51.817099
insider,1,11,77,15,15.0,1.0,0.0,0.039868
fastmultrec_greedy,1,11,77,15,15.0,1.0,0.0,0.146878
lcamap,1,11,77,15,15.0,1.0,0.0,0.022457
segdup,1,11,77,20,20,1,0,50.137940
insider,1,11,77,20,20.0,1.0,0.0,0.044623
fastmultrec_greedy,1,11,77,20,20.0,1.0,0.0,0.142771
lcamap,1,11,77,20,20.0,1.0,0.0,0.022749
segdup,1,11,77,25,25,1,0,34.582845
insider,1,11,77,25,25.0,1.0,0.0,0.037902
fastmultrec_greedy,1,11,77,25,25.0,1.0,0.0,0.133494
lcamap,1,11,77,25,25.0,1.0,0.0,0.021868
segdup,1,11,77,5,5,1,0,64.121081
insider,1,11,77,5,5.0,1.0,0.0,0.039158
fastmultrec_greedy,1,11,77,5,5.0,1.0,0.0,0.144242
lcamap,1,11,77,5,5.0,1.0,0.0,0.022431
segdup,1,15,77,10,10,1,0,139.135659
insider,1,15,77,10,10.0,1.0,0.0,0.069070
fastmultrec_greedy,1,15,77,10,10.0,1.0,0.0,0.270028
lcamap,1,15,77,10,10.0,1.0,0.0,0.049697
segdup,1,15,77,15,15,1,0,77.959894
insider,1,15,77,15,15.0,1.0,0.0,0.068389
fastmultrec_greedy,1,15,77,15,15.0,1.0,0.0,0.266308
lcamap,1,15,77,15,15.0,1.0,0.0,0.048673
segdup,1,15,77,20,20,1,0,75.531693
insider,1,15,77,20,20.0,1.0,0.0,0.071437
fastmultrec_greedy,1,15,77,20,20.0,1.0,0.0,0.262617
lcamap,1,15,77,20,20.0,1.0,0.0,0.049695
segdup,1,15,77,25,25,1,0,78.597447
insider,1,15,77,25,25.0,1.0,0.0,0.075959
fastmultrec_greedy,1,15,77,25,25.0,1.0,0.0,0.278310
lcamap,1,15,77,25,25.0,1.0,0.0,0.043190
segdup,1,15,77,5,5,1,0,142.839944
insider,1,15,77,5,5.0,1.0,0.0,0.074729
fastmultrec_greedy,1,15,77,5,5.0,1.0,0.0,0.275319
lcamap,1,15,77,5,5.0,1.0,0.0,0.042954
segdup,1,8,77,10,515,43,85,61.809809
insider,1,8,77,10,513.0,41.0,103.0,0.159720
fastmultrec_greedy,1,8,77,10,515.0,43.0,85.0,0.157407
lcamap,1,8,77,10,515.0,43.0,85.0,0.027305
segdup,1,8,77,15,730,43,85,59.699016
insider,1,8,77,15,718.0,40.0,118.0,0.728513
fastmultrec_greedy,1,8,77,15,730.0,43.0,85.0,0.159375
lcamap,1,8,77,15,730.0,43.0,85.0,0.026953
segdup,1,8,77,20,934,42,94,57.453921
insider,1,8,77,20,918.0,40.0,118.0,11.231834
fastmultrec_greedy,1,8,77,20,945.0,43.0,85.0,0.157807
lcamap,1,8,77,20,945.0,43.0,85.0,0.026849
segdup,1,8,77,25,1144,42,94,58.364391
insider,1,8,77,25,-1,-1,-1,55.503367
fastmultrec_greedy,1,8,77,25,1160.0,43.0,85.0,0.171155
lcamap,1,8,77,25,1160.0,43.0,85.0,0.026749
segdup,1,8,77,5,300,43,85,63.430343
insider,1,8,77,5,300.0,43.0,85.0,0.078110
fastmultrec_greedy,1,8,77,5,300.0,43.0,85.0,0.160968
lcamap,1,8,77,5,300.0,43.0,85.0,0.028008
segdup,1,9,77,10,82,8,2,58.836671
insider,1,9,77,10,82.0,8.0,2.0,0.039183
fastmultrec_greedy,1,9,77,10,82.0,8.0,2.0,0.084022
lcamap,1,9,77,10,82.0,8.0,2.0,0.016598
segdup,1,9,77,15,122,8,2,57.243846
insider,1,9,77,15,122.0,8.0,2.0,0.045388
fastmultrec_greedy,1,9,77,15,122.0,8.0,2.0,0.088250
lcamap,1,9,77,15,122.0,8.0,2.0,0.017710
segdup,1,9,77,20,162,8,2,48.348644
insider,1,9,77,20,162.0,8.0,2.0,0.053285
fastmultrec_greedy,1,9,77,20,162.0,8.0,2.0,0.087014
lcamap,1,9,77,20,162.0,8.0,2.0,0.017117
segdup,1,9,77,25,202,8,2,46.053127
insider,1,9,77,25,202.0,8.0,2.0,0.076316
fastmultrec_greedy,1,9,77,25,202.0,8.0,2.0,0.088324
lcamap,1,9,77,25,202.0,8.0,2.0,0.017544
segdup,1,9,77,5,42,8,2,59.198082
insider,1,9,77,5,42.0,8.0,2.0,0.033223
fastmultrec_greedy,1,9,77,5,42.0,8.0,2.0,0.087147
lcamap,1,9,77,5,42.0,8.0,2.0,0.017969
segdup,2,10,77,10,40,4,0,289.962398
insider,2,10,77,10,40.0,4.0,0.0,0.172728
fastmultrec_greedy,2,10,77,10,40.0,4.0,0.0,0.662051
lcamap,2,10,77,10,40.0,4.0,0.0,0.109042
segdup,2,10,77,15,60,4,0,206.795452
insider,2,10,77,15,60.0,4.0,0.0,0.172058
fastmultrec_greedy,2,10,77,15,60.0,4.0,0.0,0.658097
lcamap,2,10,77,15,60.0,4.0,0.0,0.109154
segdup,2,10,77,20,80,4,0,138.411226
insider,2,10,77,20,80.0,4.0,0.0,0.169792
fastmultrec_greedy,2,10,77,20,80.0,4.0,0.0,0.670977
lcamap,2,10,77,20,80.0,4.0,0.0,0.110121
segdup,2,10,77,25,100,4,0,141.744567
insider,2,10,77,25,100.0,4.0,0.0,0.170260
fastmultrec_greedy,2,10,77,25,100.0,4.0,0.0,0.662377
lcamap,2,10,77,25,100.0,4.0,0.0,0.107947
segdup,2,10,77,5,20,4,0,313.933383
insider,2,10,77,5,20.0,4.0,0.0,0.171360
fastmultrec_greedy,2,10,77,5,20.0,4.0,0.0,0.659194
lcamap,2,10,77,5,20.0,4.0,0.0,0.108891
segdup,2,11,77,10,20,2,0,91.767994
insider,2,11,77,10,20.0,2.0,0.0,0.062988
fastmultrec_greedy,2,11,77,10,20.0,2.0,0.0,0.207164
lcamap,2,11,77,10,20.0,2.0,0.0,0.033143
segdup,2,11,77,15,30,2,0,43.090825
insider,2,11,77,15,30.0,2.0,0.0,0.061200
fastmultrec_greedy,2,11,77,15,30.0,2.0,0.0,0.204189
lcamap,2,11,77,15,30.0,2.0,0.0,0.033525
segdup,2,11,77,20,40,2,0,43.952361
insider,2,11,77,20,40.0,2.0,0.0,0.062355
fastmultrec_greedy,2,11,77,20,40.0,2.0,0.0,0.205257
lcamap,2,11,77,20,40.0,2.0,0.0,0.033764
segdup,2,11,77,25,50,2,0,42.419982
insider,2,11,77,25,50.0,2.0,0.0,0.062380
fastmultrec_greedy,2,11,77,25,50.0,2.0,0.0,0.204174
lcamap,2,11,77,25,50.0,2.0,0.0,0.034940
segdup,2,11,77,5,10,2,0,103.665158
insider,2,11,77,5,10.0,2.0,0.0,0.062362
fastmultrec_greedy,2,11,77,5,10.0,2.0,0.0,0.202998
lcamap,2,11,77,5,10.0,2.0,0.0,0.033482
segdup,2,15,77,10,20,2,0,148.095749
insider,2,15,77,10,20.0,2.0,0.0,0.071765
fastmultrec_greedy,2,15,77,10,20.0,2.0,0.0,0.304077
lcamap,2,15,77,10,20.0,2.0,0.0,0.042708
segdup,2,15,77,15,30,2,0,121.870309
insider,2,15,77,15,30.0,2.0,0.0,0.072700
fastmultrec_greedy,2,15,77,15,30.0,2.0,0.0,0.297904
lcamap,2,15,77,15,30.0,2.0,0.0,0.040873
segdup,2,15,77,20,40,2,0,85.092641
insider,2,15,77,20,40.0,2.0,0.0,0.072702
fastmultrec_greedy,2,15,77,20,40.0,2.0,0.0,0.304063
lcamap,2,15,77,20,40.0,2.0,0.0,0.040830
segdup,2,15,77,25,50,2,0,85.143582
insider,2,15,77,25,50.0,2.0,0.0,0.072177
fastmultrec_greedy,2,15,77,25,50.0,2.0,0.0,0.304184
lcamap,2,15,77,25,50.0,2.0,0.0,0.040691
segdup,2,15,77,5,10,2,0,161.171863
insider,2,15,77,5,10.0,2.0,0.0,0.071625
fastmultrec_greedy,2,15,77,5,10.0,2.0,0.0,0.303762
lcamap,2,15,77,5,10.0,2.0,0.0,0.041349
segdup,2,8,77,10,806,65,156,127.973700
insider,2,8,77,10,795.0,63.0,165.0,0.301963
fastmultrec_greedy,2,8,77,10,795.0,63.0,165.0,0.869318
lcamap,2,8,77,10,806.0,65.0,156.0,0.055486
segdup,2,8,77,15,1112,63,167,121.326827
insider,2,8,77,15,1105.0,60.0,205.0,1.089654
fastmultrec_greedy,2,8,77,15,1110.0,63.0,165.0,0.872675
lcamap,2,8,77,15,1131.0,65.0,156.0,0.055753
segdup,2,8,77,20,1439,64,159,119.413678
insider,2,8,77,20,1397.0,57.0,257.0,6.307015
fastmultrec_greedy,2,8,77,20,1425.0,63.0,165.0,0.866926
lcamap,2,8,77,20,1456.0,65.0,156.0,0.057224
segdup,2,8,77,25,1744,63,169,123.446083
insider,2,8,77,25,1665.0,51.0,390.0,79.711168
fastmultrec_greedy,2,8,77,25,1740.0,63.0,165.0,0.872931
lcamap,2,8,77,25,1781.0,65.0,156.0,0.055930
segdup,2,8,77,5,481,65,156,130.807656
insider,2,8,77,5,479.0,64.0,159.0,0.158290
fastmultrec_greedy,2,8,77,5,479.0,64.0,159.0,0.587166
lcamap,2,8,77,5,481.0,65.0,156.0,0.054137
segdup,2,9,77,10,74,7,4,85.311139
insider,2,9,77,10,74.0,7.0,4.0,0.077236
fastmultrec_greedy,2,9,77,10,74.0,7.0,4.0,0.244404
lcamap,2,9,77,10,74.0,7.0,4.0,0.039157
segdup,2,9,77,15,109,7,4,73.004325
insider,2,9,77,15,109.0,7.0,4.0,0.080154
fastmultrec_greedy,2,9,77,15,109.0,7.0,4.0,0.242093
lcamap,2,9,77,15,109.0,7.0,4.0,0.038615
segdup,2,9,77,20,144,7,4,48.481523
insider,2,9,77,20,144.0,7.0,4.0,0.085301
fastmultrec_greedy,2,9,77,20,144.0,7.0,4.0,0.243934
lcamap,2,9,77,20,144.0,7.0,4.0,0.038678
segdup,2,9,77,25,179,7,4,49.977735
insider,2,9,77,25,179.0,7.0,4.0,0.088393
fastmultrec_greedy,2,9,77,25,179.0,7.0,4.0,0.241729
lcamap,2,9,77,25,179.0,7.0,4.0,0.038182
segdup,2,9,77,5,39,7,4,100.563451
insider,2,9,77,5,39.0,7.0,4.0,0.073636
fastmultrec_greedy,2,9,77,5,39.0,7.0,4.0,0.242724
lcamap,2,9,77,5,39.0,7.0,4.0,0.038077
segdup,1,10,78,10,45,4,5,157.404698
insider,1,10,78,10,45.0,4.0,5.0,0.083899
fastmultrec_greedy,1,10,78,10,45.0,4.0,5.0,0.293187
lcamap,1,10,78,10,45.0,4.0,5.0,0.047998
segdup,1,10,78,15,65,4,5,131.667531
insider,1,10,78,15,65.0,4.0,5.0,0.074826
fastmultrec_greedy,1,10,78,15,65.0,4.0,5.0,0.286993
lcamap,1,10,78,15,65.0,4.0,5.0,0.043099
segdup,1,10,78,20,85,4,5,131.543094
insider,1,10,78,20,85.0,4.0,5.0,0.085772
fastmultrec_greedy,1,10,78,20,85.0,4.0,5.0,0.301929
lcamap,1,10,78,20,85.0,4.0,5.0,0.045062
segdup,1,10,78,25,105,4,5,130.188348
insider,1,10,78,25,105.0,4.0,5.0,0.082564
fastmultrec_greedy,1,10,78,25,105.0,4.0,5.0,0.293193
lcamap,1,10,78,25,105.0,4.0,5.0,0.044889
segdup,1,10,78,5,25,4,5,170.706085
insider,1,10,78,5,25.0,4.0,5.0,0.081452
fastmultrec_greedy,1,10,78,5,25.0,4.0,5.0,0.293705
lcamap,1,10,78,5,25.0,4.0,5.0,0.045548
segdup,1,11,78,10,10,1,0,128.749058
insider,1,11,78,10,10.0,1.0,0.0,0.070996
fastmultrec_greedy,1,11,78,10,10.0,1.0,0.0,0.274404
lcamap,1,11,78,10,10.0,1.0,0.0,0.040151
segdup,1,11,78,15,15,1,0,77.427499
insider,1,11,78,15,15.0,1.0,0.0,0.068075
fastmultrec_greedy,1,11,78,15,15.0,1.0,0.0,0.281848
lcamap,1,11,78,15,15.0,1.0,0.0,0.042139
segdup,1,11,78,20,20,1,0,80.639077
insider,1,11,78,20,20.0,1.0,0.0,0.073547
fastmultrec_greedy,1,11,78,20,20.0,1.0,0.0,0.284269
lcamap,1,11,78,20,20.0,1.0,0.0,0.042819
segdup,1,11,78,25,25,1,0,76.753818
insider,1,11,78,25,25.0,1.0,0.0,0.069650
fastmultrec_greedy,1,11,78,25,25.0,1.0,0.0,0.286075
lcamap,1,11,78,25,25.0,1.0,0.0,0.041990
segdup,1,11,78,5,5,1,0,148.798700
insider,1,11,78,5,5.0,1.0,0.0,0.071314
fastmultrec_greedy,1,11,78,5,5.0,1.0,0.0,0.291687
lcamap,1,11,78,5,5.0,1.0,0.0,0.043558
segdup,1,15,78,10,10,1,0,113.790909
insider,1,15,78,10,10.0,1.0,0.0,0.056007
fastmultrec_greedy,1,15,78,10,10.0,1.0,0.0,0.209549
lcamap,1,15,78,10,10.0,1.0,0.0,0.034678
segdup,1,15,78,15,15,1,0,74.869868
insider,1,15,78,15,15.0,1.0,0.0,0.057046
fastmultrec_greedy,1,15,78,15,15.0,1.0,0.0,0.226429
lcamap,1,15,78,15,15.0,1.0,0.0,0.039828
segdup,1,15,78,20,20,1,0,69.181836
insider,1,15,78,20,20.0,1.0,0.0,0.061486
fastmultrec_greedy,1,15,78,20,20.0,1.0,0.0,0.239387
lcamap,1,15,78,20,20.0,1.0,0.0,0.034395
segdup,1,15,78,25,25,1,0,77.183960
insider,1,15,78,25,25.0,1.0,0.0,0.054921
fastmultrec_greedy,1,15,78,25,25.0,1.0,0.0,0.209571
lcamap,1,15,78,25,25.0,1.0,0.0,0.034212
segdup,1,15,78,5,5,1,0,120.981162
insider,1,15,78,5,5.0,1.0,0.0,0.054422
fastmultrec_greedy,1,15,78,5,5.0,1.0,0.0,0.201792
lcamap,1,15,78,5,5.0,1.0,0.0,0.034022
segdup,1,8,78,10,578,45,128,53.118286
insider,1,8,78,10,576.0,43.0,146.0,0.125896
fastmultrec_greedy,1,8,78,10,579.0,46.0,119.0,0.154989
lcamap,1,8,78,10,579.0,46.0,119.0,0.030360
segdup,1,8,78,15,809,46,119,44.113955
insider,1,8,78,15,788.0,42.0,158.0,0.199598
fastmultrec_greedy,1,8,78,15,809.0,46.0,119.0,0.148304
lcamap,1,8,78,15,809.0,46.0,119.0,0.029847
segdup,1,8,78,20,1028,45,128,45.625532
insider,1,8,78,20,998.0,42.0,158.0,0.636880
fastmultrec_greedy,1,8,78,20,1039.0,46.0,119.0,0.145113
lcamap,1,8,78,20,1039.0,46.0,119.0,0.029981
segdup,1,8,78,25,1269,46,119,45.971504
insider,1,8,78,25,1207.0,41.0,182.0,2.829313
fastmultrec_greedy,1,8,78,25,1269.0,46.0,119.0,0.153680
lcamap,1,8,78,25,1269.0,46.0,119.0,0.024516
segdup,1,8,78,5,349,46,119,51.615746
insider,1,8,78,5,349.0,46.0,119.0,0.072583
fastmultrec_greedy,1,8,78,5,349.0,46.0,119.0,0.158618
lcamap,1,8,78,5,349.0,46.0,119.0,0.025301
segdup,1,9,78,10,72,7,2,55.901961
insider,1,9,78,10,71.0,6.0,11.0,0.038446
fastmultrec_greedy,1,9,78,10,72.0,7.0,2.0,0.106911
lcamap,1,9,78,10,72.0,7.0,2.0,0.023815
segdup,1,9,78,15,107,7,2,48.896468
insider,1,9,78,15,101.0,6.0,11.0,0.041246
fastmultrec_greedy,1,9,78,15,107.0,7.0,2.0,0.109935
lcamap,1,9,78,15,107.0,7.0,2.0,0.017902
segdup,1,9,78,20,142,7,2,51.144399
insider,1,9,78,20,131.0,6.0,11.0,0.048811
fastmultrec_greedy,1,9,78,20,142.0,7.0,2.0,0.109772
lcamap,1,9,78,20,142.0,7.0,2.0,0.024386
segdup,1,9,78,25,177,7,2,49.084533
insider,1,9,78,25,161.0,6.0,11.0,0.049533
fastmultrec_greedy,1,9,78,25,177.0,7.0,2.0,0.109320
lcamap,1,9,78,25,177.0,7.0,2.0,0.024365
segdup,1,9,78,5,37,7,2,59.130438
insider,1,9,78,5,37.0,7.0,2.0,0.036767
fastmultrec_greedy,1,9,78,5,37.0,7.0,2.0,0.108748
lcamap,1,9,78,5,37.0,7.0,2.0,0.019267
segdup,2,11,78,10,21,2,1,156.755288
insider,2,11,78,10,21.0,2.0,1.0,0.107299
fastmultrec_greedy,2,11,78,10,21.0,2.0,1.0,0.418415
lcamap,2,11,78,10,21.0,2.0,1.0,0.064924
segdup,2,11,78,15,31,2,1,92.766881
insider,2,11,78,15,31.0,2.0,1.0,0.112323
fastmultrec_greedy,2,11,78,15,31.0,2.0,1.0,0.413966
lcamap,2,11,78,15,31.0,2.0,1.0,0.064442
segdup,2,11,78,20,41,2,1,93.357086
insider,2,11,78,20,41.0,2.0,1.0,0.113096
fastmultrec_greedy,2,11,78,20,41.0,2.0,1.0,0.425911
lcamap,2,11,78,20,41.0,2.0,1.0,0.063336
segdup,2,11,78,25,51,2,1,90.952769
insider,2,11,78,25,51.0,2.0,1.0,0.112072
fastmultrec_greedy,2,11,78,25,51.0,2.0,1.0,0.427064
lcamap,2,11,78,25,51.0,2.0,1.0,0.066918
segdup,2,11,78,5,11,2,1,180.315743
insider,2,11,78,5,11.0,2.0,1.0,0.104791
fastmultrec_greedy,2,11,78,5,11.0,2.0,1.0,0.414152
lcamap,2,11,78,5,11.0,2.0,1.0,0.063098
segdup,2,15,78,10,20,2,0,170.229691
insider,2,15,78,10,20.0,2.0,0.0,0.096669
fastmultrec_greedy,2,15,78,10,20.0,2.0,0.0,0.364073
lcamap,2,15,78,10,20.0,2.0,0.0,0.063415
segdup,2,15,78,15,30,2,0,130.178182
insider,2,15,78,15,30.0,2.0,0.0,0.101789
fastmultrec_greedy,2,15,78,15,30.0,2.0,0.0,0.365997
lcamap,2,15,78,15,30.0,2.0,0.0,0.057526
segdup,2,15,78,20,40,2,0,77.452311
insider,2,15,78,20,40.0,2.0,0.0,0.101246
fastmultrec_greedy,2,15,78,20,40.0,2.0,0.0,0.377884
lcamap,2,15,78,20,40.0,2.0,0.0,0.055918
segdup,2,15,78,25,50,2,0,76.558246
insider,2,15,78,25,50.0,2.0,0.0,0.098945
fastmultrec_greedy,2,15,78,25,50.0,2.0,0.0,0.376913
lcamap,2,15,78,25,50.0,2.0,0.0,0.058183
segdup,2,15,78,5,10,2,0,169.597351
insider,2,15,78,5,10.0,2.0,0.0,0.102364
fastmultrec_greedy,2,15,78,5,10.0,2.0,0.0,0.369005
lcamap,2,15,78,5,10.0,2.0,0.0,0.057006
segdup,2,8,78,10,1271,97,301,172.996869
insider,2,8,78,10,1246.0,93.0,316.0,0.479646
fastmultrec_greedy,2,8,78,10,1255.0,96.0,295.0,1.831799
lcamap,2,8,78,10,1275.0,99.0,285.0,0.072675
segdup,2,8,78,15,1768,98,298,172.716839
insider,2,8,78,15,1697.0,88.0,377.0,2.177551
fastmultrec_greedy,2,8,78,15,1735.0,96.0,295.0,1.828627
lcamap,2,8,78,15,1770.0,99.0,285.0,0.074135
segdup,2,8,78,20,2240,97,300,174.586821
insider,2,8,78,20,2118.0,82.0,478.0,8.636011
fastmultrec_greedy,2,8,78,20,2215.0,96.0,295.0,1.805199
lcamap,2,8,78,20,2265.0,99.0,285.0,0.080659
segdup,2,8,78,25,2730,97,305,169.768341
insider,2,8,78,25,2519.0,79.0,544.0,100.199187
fastmultrec_greedy,2,8,78,25,2695.0,96.0,295.0,1.817877
lcamap,2,8,78,25,2760.0,99.0,285.0,0.074220
segdup,2,8,78,5,780,99,285,187.294700
insider,2,8,78,5,774.0,97.0,289.0,0.227823
fastmultrec_greedy,2,8,78,5,774.0,97.0,289.0,1.362639
lcamap,2,8,78,5,780.0,99.0,285.0,0.080027
segdup,2,9,78,10,132,12,12,194.265268
insider,2,9,78,10,132.0,12.0,12.0,0.151803
fastmultrec_greedy,2,9,78,10,132.0,12.0,12.0,0.544984
lcamap,2,9,78,10,132.0,12.0,12.0,0.076883
segdup,2,9,78,15,192,12,12,134.979173
insider,2,9,78,15,192.0,12.0,12.0,0.183705
fastmultrec_greedy,2,9,78,15,192.0,12.0,12.0,0.571810
lcamap,2,9,78,15,192.0,12.0,12.0,0.081527
segdup,2,9,78,20,252,12,12,121.108770
insider,2,9,78,20,252.0,12.0,12.0,0.221166
fastmultrec_greedy,2,9,78,20,252.0,12.0,12.0,0.583967
lcamap,2,9,78,20,252.0,12.0,12.0,0.086627
segdup,2,9,78,25,312,12,12,125.849539
insider,2,9,78,25,312.0,12.0,12.0,0.277095
fastmultrec_greedy,2,9,78,25,312.0,12.0,12.0,0.568717
lcamap,2,9,78,25,312.0,12.0,12.0,0.080500
segdup,2,9,78,5,72,12,12,210.676877
insider,2,9,78,5,72.0,12.0,12.0,0.145926
fastmultrec_greedy,2,9,78,5,72.0,12.0,12.0,0.571861
lcamap,2,9,78,5,72.0,12.0,12.0,0.078047
segdup,1,10,79,10,11,1,1,98.560053
insider,1,10,79,10,11.0,1.0,1.0,0.050879
fastmultrec_greedy,1,10,79,10,11.0,1.0,1.0,0.204159
lcamap,1,10,79,10,11.0,1.0,1.0,0.037750
segdup,1,10,79,15,16,1,1,56.313400
insider,1,10,79,15,16.0,1.0,1.0,0.052518
fastmultrec_greedy,1,10,79,15,16.0,1.0,1.0,0.190289
lcamap,1,10,79,15,16.0,1.0,1.0,0.031264
segdup,1,10,79,20,21,1,1,56.597866
insider,1,10,79,20,21.0,1.0,1.0,0.050815
fastmultrec_greedy,1,10,79,20,21.0,1.0,1.0,0.189391
lcamap,1,10,79,20,21.0,1.0,1.0,0.031138
segdup,1,10,79,25,26,1,1,52.231124
insider,1,10,79,25,26.0,1.0,1.0,0.047818
fastmultrec_greedy,1,10,79,25,26.0,1.0,1.0,0.185625
lcamap,1,10,79,25,26.0,1.0,1.0,0.031861
segdup,1,10,79,5,6,1,1,97.993080
insider,1,10,79,5,6.0,1.0,1.0,0.052698
fastmultrec_greedy,1,10,79,5,6.0,1.0,1.0,0.202836
lcamap,1,10,79,5,6.0,1.0,1.0,0.032417
segdup,1,15,79,10,10,1,0,121.510746
insider,1,15,79,10,10.0,1.0,0.0,0.068373
fastmultrec_greedy,1,15,79,10,10.0,1.0,0.0,0.245647
lcamap,1,15,79,10,10.0,1.0,0.0,0.043427
segdup,1,15,79,15,15,1,0,119.342076
insider,1,15,79,15,15.0,1.0,0.0,0.064820
fastmultrec_greedy,1,15,79,15,15.0,1.0,0.0,0.251861
lcamap,1,15,79,15,15.0,1.0,0.0,0.043159
segdup,1,15,79,20,20,1,0,71.039871
insider,1,15,79,20,20.0,1.0,0.0,0.073182
fastmultrec_greedy,1,15,79,20,20.0,1.0,0.0,0.236296
lcamap,1,15,79,20,20.0,1.0,0.0,0.042249
segdup,1,15,79,25,25,1,0,72.774004
insider,1,15,79,25,25.0,1.0,0.0,0.071965
fastmultrec_greedy,1,15,79,25,25.0,1.0,0.0,0.256597
lcamap,1,15,79,25,25.0,1.0,0.0,0.044364
segdup,1,15,79,5,5,1,0,123.205598
insider,1,15,79,5,5.0,1.0,0.0,0.062727
fastmultrec_greedy,1,15,79,5,5.0,1.0,0.0,0.217944
lcamap,1,15,79,5,5.0,1.0,0.0,0.039726
segdup,1,8,79,10,955,73,225,74.682107
insider,1,8,79,10,922.0,65.0,272.0,0.206126
fastmultrec_greedy,1,8,79,10,948.0,72.0,228.0,0.430985
lcamap,1,8,79,10,962.0,74.0,222.0,0.028533
segdup,1,8,79,15,1322,73,227,86.390987
insider,1,8,79,15,1244.0,62.0,314.0,0.630244
fastmultrec_greedy,1,8,79,15,1308.0,72.0,228.0,0.432960
lcamap,1,8,79,15,1332.0,74.0,222.0,0.027183
segdup,1,8,79,20,1672,72,232,67.843172
insider,1,8,79,20,1552.0,61.0,332.0,3.354970
fastmultrec_greedy,1,8,79,20,1668.0,72.0,228.0,0.371613
lcamap,1,8,79,20,1702.0,74.0,222.0,0.024752
segdup,1,8,79,25,2028,72,228,60.889033
insider,1,8,79,25,1848.0,58.0,398.0,158.208649
fastmultrec_greedy,1,8,79,25,2028.0,72.0,228.0,0.508408
lcamap,1,8,79,25,2072.0,74.0,222.0,0.062200
segdup,1,8,79,5,592,74,222,72.459828
insider,1,8,79,5,586.0,70.0,236.0,0.085800
fastmultrec_greedy,1,8,79,5,588.0,72.0,228.0,0.375800
lcamap,1,8,79,5,592.0,74.0,222.0,0.025211
segdup,1,9,79,10,141,14,1,152.468983
insider,1,9,79,10,141.0,14.0,1.0,0.099627
fastmultrec_greedy,1,9,79,10,141.0,14.0,1.0,0.385780
lcamap,1,9,79,10,141.0,14.0,1.0,0.050693
segdup,1,9,79,15,211,14,1,96.899288
insider,1,9,79,15,211.0,14.0,1.0,0.126362
fastmultrec_greedy,1,9,79,15,211.0,14.0,1.0,0.344115
lcamap,1,9,79,15,211.0,14.0,1.0,0.051360
segdup,1,9,79,20,281,14,1,117.104687
insider,1,9,79,20,281.0,14.0,1.0,0.234575
fastmultrec_greedy,1,9,79,20,281.0,14.0,1.0,0.458923
lcamap,1,9,79,20,281.0,14.0,1.0,0.059150
segdup,1,9,79,25,351,14,1,91.789013
insider,1,9,79,25,351.0,14.0,1.0,0.220186
fastmultrec_greedy,1,9,79,25,351.0,14.0,1.0,0.328477
lcamap,1,9,79,25,351.0,14.0,1.0,0.049562
segdup,1,9,79,5,71,14,1,155.191069
insider,1,9,79,5,71.0,14.0,1.0,0.088575
fastmultrec_greedy,1,9,79,5,71.0,14.0,1.0,0.345076
lcamap,1,9,79,5,71.0,14.0,1.0,0.051518
segdup,2,10,79,10,62,6,2,292.199101
insider,2,10,79,10,62.0,6.0,2.0,0.208922
fastmultrec_greedy,2,10,79,10,62.0,6.0,2.0,0.643375
lcamap,2,10,79,10,62.0,6.0,2.0,0.119368
segdup,2,10,79,15,92,6,2,155.590242
insider,2,10,79,15,92.0,6.0,2.0,0.170641
fastmultrec_greedy,2,10,79,15,92.0,6.0,2.0,0.551684
lcamap,2,10,79,15,92.0,6.0,2.0,0.098883
segdup,2,10,79,20,122,6,2,199.780896
insider,2,10,79,20,122.0,6.0,2.0,0.180595
fastmultrec_greedy,2,10,79,20,122.0,6.0,2.0,0.526553
lcamap,2,10,79,20,122.0,6.0,2.0,0.095027
segdup,2,10,79,25,152,6,2,141.907446
insider,2,10,79,25,152.0,6.0,2.0,0.198983
fastmultrec_greedy,2,10,79,25,152.0,6.0,2.0,0.539692
lcamap,2,10,79,25,152.0,6.0,2.0,0.097905
segdup,2,10,79,5,32,6,2,346.936756
insider,2,10,79,5,32.0,6.0,2.0,0.158153
fastmultrec_greedy,2,10,79,5,32.0,6.0,2.0,0.555230
lcamap,2,10,79,5,32.0,6.0,2.0,0.101648
segdup,2,11,79,10,20,2,0,273.540551
insider,2,11,79,10,20.0,2.0,0.0,0.130479
fastmultrec_greedy,2,11,79,10,20.0,2.0,0.0,0.541650
lcamap,2,11,79,10,20.0,2.0,0.0,0.074362
segdup,2,11,79,15,30,2,0,255.954751
insider,2,11,79,15,30.0,2.0,0.0,0.121579
fastmultrec_greedy,2,11,79,15,30.0,2.0,0.0,0.548586
lcamap,2,11,79,15,30.0,2.0,0.0,0.074094
segdup,2,11,79,20,40,2,0,221.360735
insider,2,11,79,20,40.0,2.0,0.0,0.175817
fastmultrec_greedy,2,11,79,20,40.0,2.0,0.0,0.725007
lcamap,2,11,79,20,40.0,2.0,0.0,0.103196
segdup,2,11,79,25,50,2,0,223.957625
insider,2,11,79,25,50.0,2.0,0.0,0.144803
fastmultrec_greedy,2,11,79,25,50.0,2.0,0.0,0.616104
lcamap,2,11,79,25,50.0,2.0,0.0,0.093351
segdup,2,11,79,5,10,2,0,287.236148
insider,2,11,79,5,10.0,2.0,0.0,0.121425
fastmultrec_greedy,2,11,79,5,10.0,2.0,0.0,0.555764
lcamap,2,11,79,5,10.0,2.0,0.0,0.083548
segdup,2,15,79,10,20,2,0,137.672529
insider,2,15,79,10,20.0,2.0,0.0,0.101158
fastmultrec_greedy,2,15,79,10,20.0,2.0,0.0,0.401518
lcamap,2,15,79,10,20.0,2.0,0.0,0.060712
segdup,2,15,79,15,30,2,0,76.463937
insider,2,15,79,15,30.0,2.0,0.0,0.106512
fastmultrec_greedy,2,15,79,15,30.0,2.0,0.0,0.436966
lcamap,2,15,79,15,30.0,2.0,0.0,0.059110
segdup,2,15,79,20,40,2,0,72.578364
insider,2,15,79,20,40.0,2.0,0.0,0.090425
fastmultrec_greedy,2,15,79,20,40.0,2.0,0.0,0.357715
lcamap,2,15,79,20,40.0,2.0,0.0,0.054129
segdup,2,15,79,25,50,2,0,71.505262
insider,2,15,79,25,50.0,2.0,0.0,0.087260
fastmultrec_greedy,2,15,79,25,50.0,2.0,0.0,0.360598
lcamap,2,15,79,25,50.0,2.0,0.0,0.054054
segdup,2,15,79,5,10,2,0,153.794834
insider,2,15,79,5,10.0,2.0,0.0,0.089958
fastmultrec_greedy,2,15,79,5,10.0,2.0,0.0,0.374675
lcamap,2,15,79,5,10.0,2.0,0.0,0.059119
segdup,2,8,79,10,474,39,84,116.670062
insider,2,8,79,10,458.0,35.0,108.0,0.339529
fastmultrec_greedy,2,8,79,10,467.0,38.0,87.0,0.863036
lcamap,2,8,79,10,483.0,40.0,83.0,0.056224
segdup,2,8,79,15,657,38,87,92.641797
insider,2,8,79,15,630.0,34.0,120.0,0.900118
fastmultrec_greedy,2,8,79,15,657.0,38.0,87.0,0.777092
lcamap,2,8,79,15,683.0,40.0,83.0,0.046479
segdup,2,8,79,20,847,38,87,87.423792
insider,2,8,79,20,798.0,33.0,138.0,9.293497
fastmultrec_greedy,2,8,79,20,847.0,38.0,87.0,0.776336
lcamap,2,8,79,20,883.0,40.0,83.0,0.046597
segdup,2,8,79,25,1018,37,93,87.159297
insider,2,8,79,25,963.0,33.0,138.0,61.488027
fastmultrec_greedy,2,8,79,25,1037.0,38.0,87.0,0.752419
lcamap,2,8,79,25,1083.0,40.0,83.0,0.044795
segdup,2,8,79,5,283,40,83,110.847050
insider,2,8,79,5,277.0,38.0,87.0,0.143686
fastmultrec_greedy,2,8,79,5,277.0,38.0,87.0,0.870299
lcamap,2,8,79,5,283.0,40.0,83.0,0.053245
segdup,2,9,79,10,117,11,7,84.414422
insider,2,9,79,10,117.0,11.0,7.0,0.064352
fastmultrec_greedy,2,9,79,10,117.0,11.0,7.0,0.161033
lcamap,2,9,79,10,117.0,11.0,7.0,0.027687
segdup,2,9,79,15,172,11,7,79.280597
insider,2,9,79,15,172.0,11.0,7.0,0.072939
fastmultrec_greedy,2,9,79,15,172.0,11.0,7.0,0.158085
lcamap,2,9,79,15,172.0,11.0,7.0,0.027718
segdup,2,9,79,20,227,11,7,64.243289
insider,2,9,79,20,227.0,11.0,7.0,0.083638
fastmultrec_greedy,2,9,79,20,227.0,11.0,7.0,0.158948
lcamap,2,9,79,20,227.0,11.0,7.0,0.027968
segdup,2,9,79,25,282,11,7,71.264176
insider,2,9,79,25,282.0,11.0,7.0,0.110258
fastmultrec_greedy,2,9,79,25,282.0,11.0,7.0,0.188201
lcamap,2,9,79,25,282.0,11.0,7.0,0.027849
segdup,2,9,79,5,62,11,7,108.674550
insider,2,9,79,5,62.0,11.0,7.0,0.065440
fastmultrec_greedy,2,9,79,5,62.0,11.0,7.0,0.179549
lcamap,2,9,79,5,62.0,11.0,7.0,0.032052
segdup,1,10,7,10,20,2,0,139.381213
insider,1,10,7,10,20.0,2.0,0.0,0.075909
fastmultrec_greedy,1,10,7,10,20.0,2.0,0.0,0.309793
lcamap,1,10,7,10,20.0,2.0,0.0,0.046623
segdup,1,10,7,15,30,2,0,91.901867
insider,1,10,7,15,30.0,2.0,0.0,0.077256
fastmultrec_greedy,1,10,7,15,30.0,2.0,0.0,0.306130
lcamap,1,10,7,15,30.0,2.0,0.0,0.046053
segdup,1,10,7,20,40,2,0,76.944353
insider,1,10,7,20,40.0,2.0,0.0,0.076936
fastmultrec_greedy,1,10,7,20,40.0,2.0,0.0,0.308866
lcamap,1,10,7,20,40.0,2.0,0.0,0.045249
segdup,1,10,7,25,50,2,0,76.829483
insider,1,10,7,25,50.0,2.0,0.0,0.076931
fastmultrec_greedy,1,10,7,25,50.0,2.0,0.0,0.311144
lcamap,1,10,7,25,50.0,2.0,0.0,0.049790
segdup,1,10,7,5,10,2,0,134.040702
insider,1,10,7,5,10.0,2.0,0.0,0.075848
fastmultrec_greedy,1,10,7,5,10.0,2.0,0.0,0.307544
lcamap,1,10,7,5,10.0,2.0,0.0,0.047220
segdup,1,11,7,10,10,1,0,124.531431
insider,1,11,7,10,10.0,1.0,0.0,0.082411
fastmultrec_greedy,1,11,7,10,10.0,1.0,0.0,0.325992
lcamap,1,11,7,10,10.0,1.0,0.0,0.055439
segdup,1,11,7,15,15,1,0,110.745604
insider,1,11,7,15,15.0,1.0,0.0,0.082179
fastmultrec_greedy,1,11,7,15,15.0,1.0,0.0,0.322517
lcamap,1,11,7,15,15.0,1.0,0.0,0.054162
segdup,1,11,7,20,20,1,0,84.267053
insider,1,11,7,20,20.0,1.0,0.0,0.082629
fastmultrec_greedy,1,11,7,20,20.0,1.0,0.0,0.320914
lcamap,1,11,7,20,20.0,1.0,0.0,0.055052
segdup,1,11,7,25,25,1,0,82.851721
insider,1,11,7,25,25.0,1.0,0.0,0.080336
fastmultrec_greedy,1,11,7,25,25.0,1.0,0.0,0.320880
lcamap,1,11,7,25,25.0,1.0,0.0,0.052840
segdup,1,11,7,5,5,1,0,134.942792
insider,1,11,7,5,5.0,1.0,0.0,0.081690
fastmultrec_greedy,1,11,7,5,5.0,1.0,0.0,0.320499
lcamap,1,11,7,5,5.0,1.0,0.0,0.052901
segdup,1,15,7,20,-1,-1,-1,1.062635
insider,1,15,7,20,-1,-1,-1,0.062349
segdup,1,15,7,25,-1,-1,-1,1.158017
insider,1,15,7,25,-1,-1,-1,0.068891
segdup,1,8,7,10,336,30,36,117.896503
insider,1,8,7,10,332.0,29.0,42.0,0.137884
fastmultrec_greedy,1,8,7,10,336.0,30.0,36.0,0.286170
lcamap,1,8,7,10,336.0,30.0,36.0,0.046997
segdup,1,8,7,15,486,30,36,119.425151
insider,1,8,7,15,476.0,28.0,56.0,0.237188
fastmultrec_greedy,1,8,7,15,486.0,30.0,36.0,0.290794
lcamap,1,8,7,15,486.0,30.0,36.0,0.047861
segdup,1,8,7,20,636,30,36,103.826915
insider,1,8,7,20,616.0,28.0,56.0,0.496461
fastmultrec_greedy,1,8,7,20,636.0,30.0,36.0,0.287894
lcamap,1,8,7,20,636.0,30.0,36.0,0.047889
segdup,1,8,7,25,786,30,36,104.052695
insider,1,8,7,25,748.0,25.0,123.0,9.197806
fastmultrec_greedy,1,8,7,25,782.0,29.0,57.0,0.529559
lcamap,1,8,7,25,786.0,30.0,36.0,0.048428
segdup,1,8,7,5,186,30,36,115.620969
insider,1,8,7,5,186.0,30.0,36.0,0.090894
fastmultrec_greedy,1,8,7,5,186.0,30.0,36.0,0.287834
lcamap,1,8,7,5,186.0,30.0,36.0,0.048213
segdup,1,9,7,10,287,26,27,110.238196
insider,1,9,7,10,283.0,25.0,33.0,0.111821
fastmultrec_greedy,1,9,7,10,287.0,26.0,27.0,0.323730
lcamap,1,9,7,10,287.0,26.0,27.0,0.050543
segdup,1,9,7,15,417,26,27,96.702076
insider,1,9,7,15,408.0,25.0,33.0,0.142395
fastmultrec_greedy,1,9,7,15,417.0,26.0,27.0,0.330411
lcamap,1,9,7,15,417.0,26.0,27.0,0.052434
segdup,1,9,7,20,547,26,27,82.779264
insider,1,9,7,20,533.0,25.0,33.0,0.211542
fastmultrec_greedy,1,9,7,20,547.0,26.0,27.0,0.328834
lcamap,1,9,7,20,547.0,26.0,27.0,0.052616
segdup,1,9,7,25,677,26,27,83.132808
insider,1,9,7,25,658.0,25.0,33.0,0.601987
fastmultrec_greedy,1,9,7,25,677.0,26.0,27.0,0.323057
lcamap,1,9,7,25,677.0,26.0,27.0,0.050856
segdup,1,9,7,5,157,26,27,116.151987
insider,1,9,7,5,157.0,26.0,27.0,0.093255
fastmultrec_greedy,1,9,7,5,157.0,26.0,27.0,0.328183
lcamap,1,9,7,5,157.0,26.0,27.0,0.050478
segdup,2,10,7,10,60,6,0,173.978192
insider,2,10,7,10,60.0,6.0,0.0,0.107729
fastmultrec_greedy,2,10,7,10,60.0,6.0,0.0,0.374708
lcamap,2,10,7,10,60.0,6.0,0.0,0.060453
segdup,2,10,7,15,90,6,0,139.491713
insider,2,10,7,15,90.0,6.0,0.0,0.112257
fastmultrec_greedy,2,10,7,15,90.0,6.0,0.0,0.375409
lcamap,2,10,7,15,90.0,6.0,0.0,0.058478
segdup,2,10,7,20,120,6,0,132.178485
insider,2,10,7,20,120.0,6.0,0.0,0.114032
fastmultrec_greedy,2,10,7,20,120.0,6.0,0.0,0.377200
lcamap,2,10,7,20,120.0,6.0,0.0,0.062458
segdup,2,10,7,25,150,6,0,131.061010
insider,2,10,7,25,150.0,6.0,0.0,0.116642
fastmultrec_greedy,2,10,7,25,150.0,6.0,0.0,0.373686
lcamap,2,10,7,25,150.0,6.0,0.0,0.058735
segdup,2,10,7,5,30,6,0,182.043764
insider,2,10,7,5,30.0,6.0,0.0,0.106594
fastmultrec_greedy,2,10,7,5,30.0,6.0,0.0,0.377043
lcamap,2,10,7,5,30.0,6.0,0.0,0.059861
segdup,2,11,7,10,20,2,0,98.450303
insider,2,11,7,10,20.0,2.0,0.0,0.063980
fastmultrec_greedy,2,11,7,10,20.0,2.0,0.0,0.233543
lcamap,2,11,7,10,20.0,2.0,0.0,0.035466
segdup,2,11,7,15,30,2,0,80.283109
insider,2,11,7,15,30.0,2.0,0.0,0.065749
fastmultrec_greedy,2,11,7,15,30.0,2.0,0.0,0.238639
lcamap,2,11,7,15,30.0,2.0,0.0,0.036336
segdup,2,11,7,20,40,2,0,44.897468
insider,2,11,7,20,40.0,2.0,0.0,0.064396
fastmultrec_greedy,2,11,7,20,40.0,2.0,0.0,0.239278
lcamap,2,11,7,20,40.0,2.0,0.0,0.035991
segdup,2,11,7,25,50,2,0,46.140242
insider,2,11,7,25,50.0,2.0,0.0,0.064148
fastmultrec_greedy,2,11,7,25,50.0,2.0,0.0,0.243331
lcamap,2,11,7,25,50.0,2.0,0.0,0.036459
segdup,2,11,7,5,10,2,0,105.921066
insider,2,11,7,5,10.0,2.0,0.0,0.064804
fastmultrec_greedy,2,11,7,5,10.0,2.0,0.0,0.238512
lcamap,2,11,7,5,10.0,2.0,0.0,0.036497
segdup,2,15,7,10,20,2,0,264.197041
insider,2,15,7,10,20.0,2.0,0.0,0.154325
fastmultrec_greedy,2,15,7,10,20.0,2.0,0.0,0.637396
lcamap,2,15,7,10,20.0,2.0,0.0,0.098578
segdup,2,15,7,15,30,2,0,127.850723
insider,2,15,7,15,30.0,2.0,0.0,0.154803
fastmultrec_greedy,2,15,7,15,30.0,2.0,0.0,0.628765
lcamap,2,15,7,15,30.0,2.0,0.0,0.098211
segdup,2,15,7,20,40,2,0,127.458309
insider,2,15,7,20,40.0,2.0,0.0,0.157343
fastmultrec_greedy,2,15,7,20,40.0,2.0,0.0,0.634207
lcamap,2,15,7,20,40.0,2.0,0.0,0.099011
segdup,2,15,7,25,50,2,0,128.490042
insider,2,15,7,25,50.0,2.0,0.0,0.151770
fastmultrec_greedy,2,15,7,25,50.0,2.0,0.0,0.639325
lcamap,2,15,7,25,50.0,2.0,0.0,0.100571
segdup,2,15,7,5,10,2,0,276.087230
insider,2,15,7,5,10.0,2.0,0.0,0.156533
fastmultrec_greedy,2,15,7,5,10.0,2.0,0.0,0.635488
lcamap,2,15,7,5,10.0,2.0,0.0,0.097578
segdup,2,8,7,10,765,56,205,71.925029
insider,2,8,7,10,754.0,53.0,224.0,0.144141
fastmultrec_greedy,2,8,7,10,765.0,56.0,205.0,0.177635
lcamap,2,8,7,10,765.0,56.0,205.0,0.032497
segdup,2,8,7,15,1038,55,213,70.514904
insider,2,8,7,15,1019.0,53.0,224.0,0.258500
fastmultrec_greedy,2,8,7,15,1045.0,56.0,205.0,0.176052
lcamap,2,8,7,15,1045.0,56.0,205.0,0.032367
segdup,2,8,7,20,1325,56,205,62.591588
insider,2,8,7,20,1275.0,50.0,275.0,0.642036
fastmultrec_greedy,2,8,7,20,1325.0,56.0,205.0,0.175912
lcamap,2,8,7,20,1325.0,56.0,205.0,0.032790
segdup,2,8,7,25,1590,55,215,64.717754
insider,2,8,7,25,1524.0,48.0,324.0,2.283257
fastmultrec_greedy,2,8,7,25,1605.0,56.0,205.0,0.174388
lcamap,2,8,7,25,1605.0,56.0,205.0,0.032340
segdup,2,8,7,5,485,56,205,71.999552
insider,2,8,7,5,484.0,55.0,209.0,0.095159
fastmultrec_greedy,2,8,7,5,485.0,56.0,205.0,0.174034
lcamap,2,8,7,5,485.0,56.0,205.0,0.032523
segdup,2,9,7,10,243,22,23,178.941894
insider,2,9,7,10,243.0,22.0,23.0,0.157540
fastmultrec_greedy,2,9,7,10,243.0,22.0,23.0,0.423609
lcamap,2,9,7,10,243.0,22.0,23.0,0.062107
segdup,2,9,7,15,353,22,23,148.251692
insider,2,9,7,15,353.0,22.0,23.0,0.301543
fastmultrec_greedy,2,9,7,15,353.0,22.0,23.0,0.420347
lcamap,2,9,7,15,353.0,22.0,23.0,0.062893
segdup,2,9,7,20,463,22,23,163.167721
insider,2,9,7,20,463.0,22.0,23.0,1.427783
fastmultrec_greedy,2,9,7,20,463.0,22.0,23.0,0.424437
lcamap,2,9,7,20,463.0,22.0,23.0,0.063377
segdup,2,9,7,25,573,22,23,109.359266
insider,2,9,7,25,573.0,20.0,73.0,8.141240
fastmultrec_greedy,2,9,7,25,573.0,22.0,23.0,0.420587
lcamap,2,9,7,25,573.0,22.0,23.0,0.063824
segdup,2,9,7,5,133,22,23,173.532380
insider,2,9,7,5,133.0,22.0,23.0,0.122233
fastmultrec_greedy,2,9,7,5,133.0,22.0,23.0,0.420078
lcamap,2,9,7,5,133.0,22.0,23.0,0.063261
segdup,1,10,80,10,43,4,3,176.634528
insider,1,10,80,10,43.0,4.0,3.0,0.085568
fastmultrec_greedy,1,10,80,10,43.0,4.0,3.0,0.299028
lcamap,1,10,80,10,43.0,4.0,3.0,0.048243
segdup,1,10,80,15,63,4,3,179.125932
insider,1,10,80,15,63.0,4.0,3.0,0.141679
fastmultrec_greedy,1,10,80,15,63.0,4.0,3.0,0.355609
lcamap,1,10,80,15,63.0,4.0,3.0,0.055115
segdup,1,10,80,20,83,4,3,98.661045
insider,1,10,80,20,83.0,4.0,3.0,0.099710
fastmultrec_greedy,1,10,80,20,83.0,4.0,3.0,0.324238
lcamap,1,10,80,20,83.0,4.0,3.0,0.056386
segdup,1,10,80,25,103,4,3,100.270458
insider,1,10,80,25,103.0,4.0,3.0,0.094975
fastmultrec_greedy,1,10,80,25,103.0,4.0,3.0,0.282455
lcamap,1,10,80,25,103.0,4.0,3.0,0.051300
segdup,1,10,80,5,23,4,3,181.336553
insider,1,10,80,5,23.0,4.0,3.0,0.083538
fastmultrec_greedy,1,10,80,5,23.0,4.0,3.0,0.300444
lcamap,1,10,80,5,23.0,4.0,3.0,0.052610
segdup,1,11,80,10,20,2,0,160.293629
insider,1,11,80,10,20.0,2.0,0.0,0.075684
fastmultrec_greedy,1,11,80,10,20.0,2.0,0.0,0.311830
lcamap,1,11,80,10,20.0,2.0,0.0,0.049781
segdup,1,11,80,15,30,2,0,128.915405
insider,1,11,80,15,30.0,2.0,0.0,0.081569
fastmultrec_greedy,1,11,80,15,30.0,2.0,0.0,0.315158
lcamap,1,11,80,15,30.0,2.0,0.0,0.048710
segdup,1,11,80,20,40,2,0,89.517191
insider,1,11,80,20,40.0,2.0,0.0,0.073335
fastmultrec_greedy,1,11,80,20,40.0,2.0,0.0,0.286268
lcamap,1,11,80,20,40.0,2.0,0.0,0.045295
segdup,1,11,80,25,50,2,0,86.943533
insider,1,11,80,25,50.0,2.0,0.0,0.094985
fastmultrec_greedy,1,11,80,25,50.0,2.0,0.0,0.292923
lcamap,1,11,80,25,50.0,2.0,0.0,0.045608
segdup,1,11,80,5,10,2,0,165.818739
insider,1,11,80,5,10.0,2.0,0.0,0.072131
fastmultrec_greedy,1,11,80,5,10.0,2.0,0.0,0.309700
lcamap,1,11,80,5,10.0,2.0,0.0,0.049032
segdup,1,15,80,10,10,1,0,77.541405
insider,1,15,80,10,10.0,1.0,0.0,0.038546
fastmultrec_greedy,1,15,80,10,10.0,1.0,0.0,0.134429
lcamap,1,15,80,10,10.0,1.0,0.0,0.023544
segdup,1,15,80,15,15,1,0,72.636267
insider,1,15,80,15,15.0,1.0,0.0,0.037817
fastmultrec_greedy,1,15,80,15,15.0,1.0,0.0,0.141906
lcamap,1,15,80,15,15.0,1.0,0.0,0.021842
segdup,1,15,80,20,20,1,0,51.234817
insider,1,15,80,20,20.0,1.0,0.0,0.043751
fastmultrec_greedy,1,15,80,20,20.0,1.0,0.0,0.151809
lcamap,1,15,80,20,20.0,1.0,0.0,0.023851
segdup,1,15,80,25,25,1,0,49.711532
insider,1,15,80,25,25.0,1.0,0.0,0.042477
fastmultrec_greedy,1,15,80,25,25.0,1.0,0.0,0.149610
lcamap,1,15,80,25,25.0,1.0,0.0,0.029935
segdup,1,15,80,5,5,1,0,74.289697
insider,1,15,80,5,5.0,1.0,0.0,0.038344
fastmultrec_greedy,1,15,80,5,5.0,1.0,0.0,0.133426
lcamap,1,15,80,5,5.0,1.0,0.0,0.021860
segdup,1,8,80,10,583,48,103,82.831604
insider,1,8,80,10,583.0,48.0,103.0,0.127327
fastmultrec_greedy,1,8,80,10,583.0,48.0,103.0,0.214576
lcamap,1,8,80,10,583.0,48.0,103.0,0.031653
segdup,1,8,80,15,823,48,103,77.944998
insider,1,8,80,15,820.0,46.0,130.0,0.288226
fastmultrec_greedy,1,8,80,15,823.0,48.0,103.0,0.224348
lcamap,1,8,80,15,823.0,48.0,103.0,0.035483
segdup,1,8,80,20,1063,48,103,78.502775
insider,1,8,80,20,1044.0,44.0,164.0,0.879001
fastmultrec_greedy,1,8,80,20,1063.0,48.0,103.0,0.213122
lcamap,1,8,80,20,1063.0,48.0,103.0,0.033982
segdup,1,8,80,25,1303,48,103,85.031586
insider,1,8,80,25,1263.0,43.0,188.0,5.816776
fastmultrec_greedy,1,8,80,25,1303.0,48.0,103.0,0.239452
lcamap,1,8,80,25,1303.0,48.0,103.0,0.039041
segdup,1,8,80,5,343,48,103,85.534353
insider,1,8,80,5,343.0,48.0,103.0,0.089988
fastmultrec_greedy,1,8,80,5,343.0,48.0,103.0,0.207756
lcamap,1,8,80,5,343.0,48.0,103.0,0.032374
segdup,1,9,80,10,121,10,21,96.677107
insider,1,9,80,10,121.0,10.0,21.0,0.062888
fastmultrec_greedy,1,9,80,10,121.0,10.0,21.0,0.200945
lcamap,1,9,80,10,121.0,10.0,21.0,0.032073
segdup,1,9,80,15,171,10,21,90.512911
insider,1,9,80,15,171.0,10.0,21.0,0.069721
fastmultrec_greedy,1,9,80,15,171.0,10.0,21.0,0.203743
lcamap,1,9,80,15,171.0,10.0,21.0,0.031549
segdup,1,9,80,20,221,10,21,80.974955
insider,1,9,80,20,221.0,10.0,21.0,0.079048
fastmultrec_greedy,1,9,80,20,221.0,10.0,21.0,0.207313
lcamap,1,9,80,20,221.0,10.0,21.0,0.031897
segdup,1,9,80,25,271,10,21,84.946317
insider,1,9,80,25,271.0,10.0,21.0,0.098779
fastmultrec_greedy,1,9,80,25,271.0,10.0,21.0,0.191890
lcamap,1,9,80,25,271.0,10.0,21.0,0.030135
segdup,1,9,80,5,71,10,21,100.211529
insider,1,9,80,5,71.0,10.0,21.0,0.057993
fastmultrec_greedy,1,9,80,5,71.0,10.0,21.0,0.200632
lcamap,1,9,80,5,71.0,10.0,21.0,0.029691
segdup,2,10,80,10,21,2,1,296.766847
insider,2,10,80,10,21.0,2.0,1.0,0.121849
fastmultrec_greedy,2,10,80,10,21.0,2.0,1.0,0.502050
lcamap,2,10,80,10,21.0,2.0,1.0,0.082980
segdup,2,10,80,15,31,2,1,236.394549
insider,2,10,80,15,31.0,2.0,1.0,0.127328
fastmultrec_greedy,2,10,80,15,31.0,2.0,1.0,0.532973
lcamap,2,10,80,15,31.0,2.0,1.0,0.085627
segdup,2,10,80,20,41,2,1,157.062354
insider,2,10,80,20,41.0,2.0,1.0,0.128340
fastmultrec_greedy,2,10,80,20,41.0,2.0,1.0,0.502532
lcamap,2,10,80,20,41.0,2.0,1.0,0.076604
segdup,2,10,80,25,51,2,1,154.370261
insider,2,10,80,25,51.0,2.0,1.0,0.144533
fastmultrec_greedy,2,10,80,25,51.0,2.0,1.0,0.568302
lcamap,2,10,80,25,51.0,2.0,1.0,0.081409
segdup,2,10,80,5,11,2,1,322.614321
insider,2,10,80,5,11.0,2.0,1.0,0.145935
fastmultrec_greedy,2,10,80,5,11.0,2.0,1.0,0.541699
lcamap,2,10,80,5,11.0,2.0,1.0,0.077934
segdup,2,11,80,10,30,3,0,301.690455
insider,2,11,80,10,30.0,3.0,0.0,0.160657
fastmultrec_greedy,2,11,80,10,30.0,3.0,0.0,0.618854
lcamap,2,11,80,10,30.0,3.0,0.0,0.105433
segdup,2,11,80,15,45,3,0,288.932754
insider,2,11,80,15,45.0,3.0,0.0,0.184486
fastmultrec_greedy,2,11,80,15,45.0,3.0,0.0,0.685330
lcamap,2,11,80,15,45.0,3.0,0.0,0.098816
segdup,2,11,80,20,60,3,0,147.424739
insider,2,11,80,20,60.0,3.0,0.0,0.168044
fastmultrec_greedy,2,11,80,20,60.0,3.0,0.0,0.657953
lcamap,2,11,80,20,60.0,3.0,0.0,0.101094
segdup,2,11,80,25,75,3,0,156.476780
insider,2,11,80,25,75.0,3.0,0.0,0.153625
fastmultrec_greedy,2,11,80,25,75.0,3.0,0.0,0.674996
lcamap,2,11,80,25,75.0,3.0,0.0,0.107604
segdup,2,11,80,5,15,3,0,311.853055
insider,2,11,80,5,15.0,3.0,0.0,0.167289
fastmultrec_greedy,2,11,80,5,15.0,3.0,0.0,0.640600
lcamap,2,11,80,5,15.0,3.0,0.0,0.120480
segdup,2,8,80,10,993,81,183,238.344721
insider,2,8,80,10,979.0,76.0,219.0,0.478094
fastmultrec_greedy,2,8,80,10,992.0,80.0,192.0,1.078881
lcamap,2,8,80,10,993.0,81.0,183.0,0.102664
segdup,2,8,80,15,1397,80,197,247.536727
insider,2,8,80,15,1356.0,75.0,231.0,1.288332
fastmultrec_greedy,2,8,80,15,1392.0,80.0,192.0,1.261297
lcamap,2,8,80,15,1398.0,81.0,183.0,0.190757
segdup,2,8,80,20,1780,79,200,235.145320
insider,2,8,80,20,1724.0,73.0,264.0,8.725894
fastmultrec_greedy,2,8,80,20,1792.0,80.0,192.0,1.317749
lcamap,2,8,80,20,1803.0,81.0,183.0,0.132861
segdup,2,8,80,25,2208,81,183,239.367829
insider,2,8,80,25,2077.0,69.0,352.0,72.302094
fastmultrec_greedy,2,8,80,25,2192.0,80.0,192.0,1.429918
lcamap,2,8,80,25,2208.0,81.0,183.0,0.126836
segdup,2,8,80,5,588,81,183,247.826166
insider,2,8,80,5,588.0,81.0,183.0,0.257581
fastmultrec_greedy,2,8,80,5,588.0,81.0,183.0,0.630222
lcamap,2,8,80,5,588.0,81.0,183.0,0.110261
segdup,2,9,80,10,80,7,10,62.674684
insider,2,9,80,10,80.0,7.0,10.0,0.058415
fastmultrec_greedy,2,9,80,10,80.0,7.0,10.0,0.233537
lcamap,2,9,80,10,80.0,7.0,10.0,0.036197
segdup,2,9,80,15,115,7,10,50.772006
insider,2,9,80,15,115.0,7.0,10.0,0.063642
fastmultrec_greedy,2,9,80,15,115.0,7.0,10.0,0.224647
lcamap,2,9,80,15,115.0,7.0,10.0,0.028489
segdup,2,9,80,20,150,7,10,36.418789
insider,2,9,80,20,150.0,7.0,10.0,0.066453
fastmultrec_greedy,2,9,80,20,150.0,7.0,10.0,0.227016
lcamap,2,9,80,20,150.0,7.0,10.0,0.029307
segdup,2,9,80,25,185,7,10,39.997492
insider,2,9,80,25,185.0,7.0,10.0,0.072577
fastmultrec_greedy,2,9,80,25,185.0,7.0,10.0,0.231942
lcamap,2,9,80,25,185.0,7.0,10.0,0.029518
segdup,2,9,80,5,45,7,10,68.249804
insider,2,9,80,5,45.0,7.0,10.0,0.067704
fastmultrec_greedy,2,9,80,5,45.0,7.0,10.0,0.269398
lcamap,2,9,80,5,45.0,7.0,10.0,0.030357
segdup,1,10,81,10,21,2,1,72.157141
insider,1,10,81,10,21.0,2.0,1.0,0.045752
fastmultrec_greedy,1,10,81,10,21.0,2.0,1.0,0.134442
lcamap,1,10,81,10,21.0,2.0,1.0,0.028335
segdup,1,10,81,15,31,2,1,54.536218
insider,1,10,81,15,31.0,2.0,1.0,0.047739
fastmultrec_greedy,1,10,81,15,31.0,2.0,1.0,0.150404
lcamap,1,10,81,15,31.0,2.0,1.0,0.023598
segdup,1,10,81,20,41,2,1,46.443048
insider,1,10,81,20,41.0,2.0,1.0,0.043820
fastmultrec_greedy,1,10,81,20,41.0,2.0,1.0,0.150398
lcamap,1,10,81,20,41.0,2.0,1.0,0.023924
segdup,1,10,81,25,51,2,1,41.932508
insider,1,10,81,25,51.0,2.0,1.0,0.045297
fastmultrec_greedy,1,10,81,25,51.0,2.0,1.0,0.151334
lcamap,1,10,81,25,51.0,2.0,1.0,0.025499
segdup,1,10,81,5,11,2,1,70.128262
insider,1,10,81,5,11.0,2.0,1.0,0.046753
fastmultrec_greedy,1,10,81,5,11.0,2.0,1.0,0.145809
lcamap,1,10,81,5,11.0,2.0,1.0,0.024306
segdup,1,11,81,10,10,1,0,90.912721
insider,1,11,81,10,10.0,1.0,0.0,0.056569
fastmultrec_greedy,1,11,81,10,10.0,1.0,0.0,0.221638
lcamap,1,11,81,10,10.0,1.0,0.0,0.033603
segdup,1,11,81,15,15,1,0,85.665497
insider,1,11,81,15,15.0,1.0,0.0,0.059898
fastmultrec_greedy,1,11,81,15,15.0,1.0,0.0,0.215283
lcamap,1,11,81,15,15.0,1.0,0.0,0.032296
segdup,1,11,81,20,20,1,0,58.703471
insider,1,11,81,20,20.0,1.0,0.0,0.062314
fastmultrec_greedy,1,11,81,20,20.0,1.0,0.0,0.230216
lcamap,1,11,81,20,20.0,1.0,0.0,0.034098
segdup,1,11,81,25,25,1,0,57.487341
insider,1,11,81,25,25.0,1.0,0.0,0.061108
fastmultrec_greedy,1,11,81,25,25.0,1.0,0.0,0.208837
lcamap,1,11,81,25,25.0,1.0,0.0,0.037977
segdup,1,11,81,5,5,1,0,92.001377
insider,1,11,81,5,5.0,1.0,0.0,0.055595
fastmultrec_greedy,1,11,81,5,5.0,1.0,0.0,0.214358
lcamap,1,11,81,5,5.0,1.0,0.0,0.033728
segdup,1,15,81,10,10,1,0,98.769144
insider,1,15,81,10,10.0,1.0,0.0,0.048685
fastmultrec_greedy,1,15,81,10,10.0,1.0,0.0,0.190167
lcamap,1,15,81,10,10.0,1.0,0.0,0.034677
segdup,1,15,81,15,15,1,0,60.001672
insider,1,15,81,15,15.0,1.0,0.0,0.057856
fastmultrec_greedy,1,15,81,15,15.0,1.0,0.0,0.209220
lcamap,1,15,81,15,15.0,1.0,0.0,0.030368
segdup,1,15,81,20,20,1,0,76.701992
insider,1,15,81,20,20.0,1.0,0.0,0.054793
fastmultrec_greedy,1,15,81,20,20.0,1.0,0.0,0.196246
lcamap,1,15,81,20,20.0,1.0,0.0,0.029120
segdup,1,15,81,25,25,1,0,56.215397
insider,1,15,81,25,25.0,1.0,0.0,0.051772
fastmultrec_greedy,1,15,81,25,25.0,1.0,0.0,0.204221
lcamap,1,15,81,25,25.0,1.0,0.0,0.030387
segdup,1,15,81,5,5,1,0,100.946378
insider,1,15,81,5,5.0,1.0,0.0,0.051132
fastmultrec_greedy,1,15,81,5,5.0,1.0,0.0,0.202618
lcamap,1,15,81,5,5.0,1.0,0.0,0.035218
segdup,1,8,81,10,578,50,78,86.086347
insider,1,8,81,10,567.0,48.0,87.0,0.174483
fastmultrec_greedy,1,8,81,10,571.0,49.0,81.0,0.423854
lcamap,1,8,81,10,578.0,50.0,78.0,0.036175
segdup,1,8,81,15,828,50,78,80.726877
insider,1,8,81,15,806.0,47.0,101.0,0.483602
fastmultrec_greedy,1,8,81,15,816.0,49.0,81.0,0.425542
lcamap,1,8,81,15,828.0,50.0,78.0,0.037352
segdup,1,8,81,20,1078,50,78,100.939300
insider,1,8,81,20,1041.0,47.0,101.0,3.658315
fastmultrec_greedy,1,8,81,20,1061.0,49.0,81.0,0.420655
lcamap,1,8,81,20,1078.0,50.0,78.0,0.036516
segdup,1,8,81,25,1328,50,78,72.828849
insider,1,8,81,25,-1,-1,-1,616.290063
fastmultrec_greedy,1,8,81,25,1306.0,49.0,81.0,0.761810
lcamap,1,8,81,25,1328.0,50.0,78.0,0.074304
segdup,1,8,81,5,328,50,78,85.835915
insider,1,8,81,5,326.0,49.0,81.0,0.107099
fastmultrec_greedy,1,8,81,5,326.0,49.0,81.0,0.427245
lcamap,1,8,81,5,328.0,50.0,78.0,0.035776
segdup,1,9,81,10,56,5,6,179.389698
insider,1,9,81,10,56.0,5.0,6.0,0.101119
fastmultrec_greedy,1,9,81,10,56.0,5.0,6.0,0.404226
lcamap,1,9,81,10,56.0,5.0,6.0,0.065589
segdup,1,9,81,15,81,5,6,123.311149
insider,1,9,81,15,81.0,5.0,6.0,0.113748
fastmultrec_greedy,1,9,81,15,81.0,5.0,6.0,0.417758
lcamap,1,9,81,15,81.0,5.0,6.0,0.066283
segdup,1,9,81,20,106,5,6,119.948335
insider,1,9,81,20,106.0,5.0,6.0,0.112286
fastmultrec_greedy,1,9,81,20,106.0,5.0,6.0,0.417176
lcamap,1,9,81,20,106.0,5.0,6.0,0.070204
segdup,1,9,81,25,131,5,6,120.344603
insider,1,9,81,25,131.0,5.0,6.0,0.110969
fastmultrec_greedy,1,9,81,25,131.0,5.0,6.0,0.413119
lcamap,1,9,81,25,131.0,5.0,6.0,0.066032
segdup,1,9,81,5,31,5,6,192.427897
insider,1,9,81,5,31.0,5.0,6.0,0.100452
fastmultrec_greedy,1,9,81,5,31.0,5.0,6.0,0.389070
lcamap,1,9,81,5,31.0,5.0,6.0,0.063554
segdup,2,10,81,10,40,4,0,168.293618
insider,2,10,81,10,40.0,4.0,0.0,0.085742
fastmultrec_greedy,2,10,81,10,40.0,4.0,0.0,0.317915
lcamap,2,10,81,10,40.0,4.0,0.0,0.045840
segdup,2,10,81,15,60,4,0,87.899344
insider,2,10,81,15,60.0,4.0,0.0,0.095260
fastmultrec_greedy,2,10,81,15,60.0,4.0,0.0,0.332046
lcamap,2,10,81,15,60.0,4.0,0.0,0.048019
segdup,2,10,81,20,80,4,0,89.323176
insider,2,10,81,20,80.0,4.0,0.0,0.092765
fastmultrec_greedy,2,10,81,20,80.0,4.0,0.0,0.325454
lcamap,2,10,81,20,80.0,4.0,0.0,0.052202
segdup,2,10,81,25,100,4,0,86.807276
insider,2,10,81,25,100.0,4.0,0.0,0.101550
fastmultrec_greedy,2,10,81,25,100.0,4.0,0.0,0.335704
lcamap,2,10,81,25,100.0,4.0,0.0,0.047205
segdup,2,10,81,5,20,4,0,185.000690
insider,2,10,81,5,20.0,4.0,0.0,0.088419
fastmultrec_greedy,2,10,81,5,20.0,4.0,0.0,0.332519
lcamap,2,10,81,5,20.0,4.0,0.0,0.047461
segdup,2,11,81,10,20,2,0,199.313412
insider,2,11,81,10,20.0,2.0,0.0,0.110694
fastmultrec_greedy,2,11,81,10,20.0,2.0,0.0,0.424715
lcamap,2,11,81,10,20.0,2.0,0.0,0.070862
segdup,2,11,81,15,30,2,0,92.830174
insider,2,11,81,15,30.0,2.0,0.0,0.109772
fastmultrec_greedy,2,11,81,15,30.0,2.0,0.0,0.427552
lcamap,2,11,81,15,30.0,2.0,0.0,0.068178
segdup,2,11,81,20,40,2,0,96.551365
insider,2,11,81,20,40.0,2.0,0.0,0.108780
fastmultrec_greedy,2,11,81,20,40.0,2.0,0.0,0.412690
lcamap,2,11,81,20,40.0,2.0,0.0,0.066326
segdup,2,11,81,25,50,2,0,92.249874
insider,2,11,81,25,50.0,2.0,0.0,0.103529
fastmultrec_greedy,2,11,81,25,50.0,2.0,0.0,0.403166
lcamap,2,11,81,25,50.0,2.0,0.0,0.065536
segdup,2,11,81,5,10,2,0,209.023652
insider,2,11,81,5,10.0,2.0,0.0,0.108115
fastmultrec_greedy,2,11,81,5,10.0,2.0,0.0,0.426524
lcamap,2,11,81,5,10.0,2.0,0.0,0.065926
segdup,2,15,81,10,20,2,0,143.394517
insider,2,15,81,10,20.0,2.0,0.0,0.097301
fastmultrec_greedy,2,15,81,10,20.0,2.0,0.0,0.384692
lcamap,2,15,81,10,20.0,2.0,0.0,0.059080
segdup,2,15,81,15,30,2,0,85.204924
insider,2,15,81,15,30.0,2.0,0.0,0.104159
fastmultrec_greedy,2,15,81,15,30.0,2.0,0.0,0.413591
lcamap,2,15,81,15,30.0,2.0,0.0,0.063446
segdup,2,15,81,20,40,2,0,78.982063
insider,2,15,81,20,40.0,2.0,0.0,0.100472
fastmultrec_greedy,2,15,81,20,40.0,2.0,0.0,0.408467
lcamap,2,15,81,20,40.0,2.0,0.0,0.062401
segdup,2,15,81,25,50,2,0,76.163495
insider,2,15,81,25,50.0,2.0,0.0,0.101167
fastmultrec_greedy,2,15,81,25,50.0,2.0,0.0,0.387299
lcamap,2,15,81,25,50.0,2.0,0.0,0.060140
segdup,2,15,81,5,10,2,0,166.974781
insider,2,15,81,5,10.0,2.0,0.0,0.098174
fastmultrec_greedy,2,15,81,5,10.0,2.0,0.0,0.400690
lcamap,2,15,81,5,10.0,2.0,0.0,0.060218
segdup,2,8,81,10,1145,86,285,256.236248
insider,2,8,81,10,1126.0,79.0,336.0,0.577166
fastmultrec_greedy,2,8,81,10,1145.0,86.0,285.0,0.821652
lcamap,2,8,81,10,1145.0,86.0,285.0,0.107549
segdup,2,8,81,15,1575,86,285,236.547595
insider,2,8,81,15,1516.0,74.0,406.0,1.088204
fastmultrec_greedy,2,8,81,15,1575.0,86.0,285.0,0.776381
lcamap,2,8,81,15,1575.0,86.0,285.0,0.100915
segdup,2,8,81,20,2005,86,285,228.978434
insider,2,8,81,20,1883.0,72.0,443.0,2.500263
fastmultrec_greedy,2,8,81,20,2005.0,86.0,285.0,0.831876
lcamap,2,8,81,20,2005.0,86.0,285.0,0.106071
segdup,2,8,81,25,2435,86,285,228.659945
insider,2,8,81,25,2238.0,70.0,488.0,7.562789
fastmultrec_greedy,2,8,81,25,2435.0,86.0,285.0,0.775709
lcamap,2,8,81,25,2435.0,86.0,285.0,0.103750
segdup,2,8,81,5,715,86,285,261.672369
insider,2,8,81,5,715.0,86.0,285.0,0.310317
fastmultrec_greedy,2,8,81,5,715.0,86.0,285.0,0.835067
lcamap,2,8,81,5,715.0,86.0,285.0,0.103780
segdup,2,9,81,10,75,7,5,322.273871
insider,2,9,81,10,75.0,7.0,5.0,0.172286
fastmultrec_greedy,2,9,81,10,75.0,7.0,5.0,0.786486
lcamap,2,9,81,10,75.0,7.0,5.0,0.100246
segdup,2,9,81,15,110,7,5,313.112485
insider,2,9,81,15,110.0,7.0,5.0,0.177503
fastmultrec_greedy,2,9,81,15,110.0,7.0,5.0,0.786363
lcamap,2,9,81,15,110.0,7.0,5.0,0.099857
segdup,2,9,81,20,145,7,5,192.695482
insider,2,9,81,20,145.0,7.0,5.0,0.184721
fastmultrec_greedy,2,9,81,20,145.0,7.0,5.0,0.790767
lcamap,2,9,81,20,145.0,7.0,5.0,0.105163
segdup,2,9,81,25,180,7,5,197.629891
insider,2,9,81,25,180.0,7.0,5.0,0.180970
fastmultrec_greedy,2,9,81,25,180.0,7.0,5.0,0.757268
lcamap,2,9,81,25,180.0,7.0,5.0,0.098783
segdup,2,9,81,5,40,7,5,357.788492
insider,2,9,81,5,40.0,7.0,5.0,0.158118
fastmultrec_greedy,2,9,81,5,40.0,7.0,5.0,0.780042
lcamap,2,9,81,5,40.0,7.0,5.0,0.096342
segdup,1,10,82,10,10,1,0,145.264620
insider,1,10,82,10,10.0,1.0,0.0,0.071839
fastmultrec_greedy,1,10,82,10,10.0,1.0,0.0,0.242711
lcamap,1,10,82,10,10.0,1.0,0.0,0.041655
segdup,1,10,82,15,15,1,0,85.929926
insider,1,10,82,15,15.0,1.0,0.0,0.072446
fastmultrec_greedy,1,10,82,15,15.0,1.0,0.0,0.252651
lcamap,1,10,82,15,15.0,1.0,0.0,0.041440
segdup,1,10,82,20,20,1,0,81.299485
insider,1,10,82,20,20.0,1.0,0.0,0.068416
fastmultrec_greedy,1,10,82,20,20.0,1.0,0.0,0.251315
lcamap,1,10,82,20,20.0,1.0,0.0,0.041925
segdup,1,10,82,25,25,1,0,79.459904
insider,1,10,82,25,25.0,1.0,0.0,0.071300
fastmultrec_greedy,1,10,82,25,25.0,1.0,0.0,0.267964
lcamap,1,10,82,25,25.0,1.0,0.0,0.044272
segdup,1,10,82,5,5,1,0,149.598971
insider,1,10,82,5,5.0,1.0,0.0,0.072429
fastmultrec_greedy,1,10,82,5,5.0,1.0,0.0,0.255767
lcamap,1,10,82,5,5.0,1.0,0.0,0.040946
segdup,1,11,82,10,10,1,0,129.472280
insider,1,11,82,10,10.0,1.0,0.0,0.073384
fastmultrec_greedy,1,11,82,10,10.0,1.0,0.0,0.282003
lcamap,1,11,82,10,10.0,1.0,0.0,0.046219
segdup,1,11,82,15,15,1,0,113.198871
insider,1,11,82,15,15.0,1.0,0.0,0.073466
fastmultrec_greedy,1,11,82,15,15.0,1.0,0.0,0.294538
lcamap,1,11,82,15,15.0,1.0,0.0,0.044590
segdup,1,11,82,20,20,1,0,81.457238
insider,1,11,82,20,20.0,1.0,0.0,0.076001
fastmultrec_greedy,1,11,82,20,20.0,1.0,0.0,0.295585
lcamap,1,11,82,20,20.0,1.0,0.0,0.041260
segdup,1,11,82,25,25,1,0,79.328503
insider,1,11,82,25,25.0,1.0,0.0,0.065998
fastmultrec_greedy,1,11,82,25,25.0,1.0,0.0,0.284283
lcamap,1,11,82,25,25.0,1.0,0.0,0.038834
segdup,1,11,82,5,5,1,0,133.553767
insider,1,11,82,5,5.0,1.0,0.0,0.075041
fastmultrec_greedy,1,11,82,5,5.0,1.0,0.0,0.297927
lcamap,1,11,82,5,5.0,1.0,0.0,0.041127
segdup,1,15,82,10,10,1,0,70.273826
insider,1,15,82,10,10.0,1.0,0.0,0.040972
fastmultrec_greedy,1,15,82,10,10.0,1.0,0.0,0.118358
lcamap,1,15,82,10,10.0,1.0,0.0,0.020054
segdup,1,15,82,15,15,1,0,66.455755
insider,1,15,82,15,15.0,1.0,0.0,0.036213
fastmultrec_greedy,1,15,82,15,15.0,1.0,0.0,0.133263
lcamap,1,15,82,15,15.0,1.0,0.0,0.020524
segdup,1,15,82,20,20,1,0,41.040139
insider,1,15,82,20,20.0,1.0,0.0,0.035544
fastmultrec_greedy,1,15,82,20,20.0,1.0,0.0,0.120153
lcamap,1,15,82,20,20.0,1.0,0.0,0.025443
segdup,1,15,82,25,25,1,0,40.980970
insider,1,15,82,25,25.0,1.0,0.0,0.034555
fastmultrec_greedy,1,15,82,25,25.0,1.0,0.0,0.123792
lcamap,1,15,82,25,25.0,1.0,0.0,0.019379
segdup,1,15,82,5,5,1,0,76.916350
insider,1,15,82,5,5.0,1.0,0.0,0.035800
fastmultrec_greedy,1,15,82,5,5.0,1.0,0.0,0.124691
lcamap,1,15,82,5,5.0,1.0,0.0,0.019641
segdup,1,8,82,10,530,44,90,48.388524
insider,1,8,82,10,518.0,41.0,108.0,0.113677
fastmultrec_greedy,1,8,82,10,526.0,43.0,96.0,0.248085
lcamap,1,8,82,10,530.0,44.0,90.0,0.020936
segdup,1,8,82,15,750,44,90,43.404538
insider,1,8,82,15,723.0,40.0,123.0,0.342740
fastmultrec_greedy,1,8,82,15,741.0,43.0,96.0,0.237469
lcamap,1,8,82,15,750.0,44.0,90.0,0.019717
segdup,1,8,82,20,956,43,96,40.960232
insider,1,8,82,20,920.0,38.0,160.0,2.145096
fastmultrec_greedy,1,8,82,20,956.0,43.0,96.0,0.222504
lcamap,1,8,82,20,970.0,44.0,90.0,0.020169
segdup,1,8,82,25,1190,44,90,43.380273
insider,1,8,82,25,1110.0,38.0,160.0,68.460518
fastmultrec_greedy,1,8,82,25,1171.0,43.0,96.0,0.237895
lcamap,1,8,82,25,1190.0,44.0,90.0,0.020508
segdup,1,8,82,5,310,44,90,48.221781
insider,1,8,82,5,310.0,44.0,90.0,0.058576
fastmultrec_greedy,1,8,82,5,310.0,44.0,90.0,0.127491
lcamap,1,8,82,5,310.0,44.0,90.0,0.025783
segdup,1,9,82,10,212,19,22,62.428292
insider,1,9,82,10,212.0,19.0,22.0,0.067158
fastmultrec_greedy,1,9,82,10,212.0,19.0,22.0,0.147480
lcamap,1,9,82,10,212.0,19.0,22.0,0.024242
segdup,1,9,82,15,307,19,22,57.193502
insider,1,9,82,15,307.0,19.0,22.0,0.096812
fastmultrec_greedy,1,9,82,15,307.0,19.0,22.0,0.146948
lcamap,1,9,82,15,307.0,19.0,22.0,0.023070
segdup,1,9,82,20,402,19,22,50.099365
insider,1,9,82,20,402.0,19.0,22.0,0.220578
fastmultrec_greedy,1,9,82,20,402.0,19.0,22.0,0.144669
lcamap,1,9,82,20,402.0,19.0,22.0,0.030421
segdup,1,9,82,25,497,19,22,49.650059
insider,1,9,82,25,497.0,19.0,22.0,0.894524
fastmultrec_greedy,1,9,82,25,497.0,19.0,22.0,0.143751
lcamap,1,9,82,25,497.0,19.0,22.0,0.023615
segdup,1,9,82,5,117,19,22,68.913585
insider,1,9,82,5,117.0,19.0,22.0,0.053519
fastmultrec_greedy,1,9,82,5,117.0,19.0,22.0,0.143965
lcamap,1,9,82,5,117.0,19.0,22.0,0.029850
segdup,2,10,82,10,32,3,2,311.841677
insider,2,10,82,10,32.0,3.0,2.0,0.149796
fastmultrec_greedy,2,10,82,10,32.0,3.0,2.0,0.608741
lcamap,2,10,82,10,32.0,3.0,2.0,0.087599
segdup,2,10,82,15,47,3,2,242.881878
insider,2,10,82,15,47.0,3.0,2.0,0.148795
fastmultrec_greedy,2,10,82,15,47.0,3.0,2.0,0.606129
lcamap,2,10,82,15,47.0,3.0,2.0,0.090361
segdup,2,10,82,20,62,3,2,171.264479
insider,2,10,82,20,62.0,3.0,2.0,0.152385
fastmultrec_greedy,2,10,82,20,62.0,3.0,2.0,0.604283
lcamap,2,10,82,20,62.0,3.0,2.0,0.091996
segdup,2,10,82,25,77,3,2,176.642805
insider,2,10,82,25,77.0,3.0,2.0,0.156124
fastmultrec_greedy,2,10,82,25,77.0,3.0,2.0,0.606159
lcamap,2,10,82,25,77.0,3.0,2.0,0.091700
segdup,2,10,82,5,17,3,2,330.398771
insider,2,10,82,5,17.0,3.0,2.0,0.155778
fastmultrec_greedy,2,10,82,5,17.0,3.0,2.0,0.615051
lcamap,2,10,82,5,17.0,3.0,2.0,0.087422
segdup,2,15,82,10,20,2,0,161.296763
insider,2,15,82,10,20.0,2.0,0.0,0.110491
fastmultrec_greedy,2,15,82,10,20.0,2.0,0.0,0.418098
lcamap,2,15,82,10,20.0,2.0,0.0,0.070809
segdup,2,15,82,15,30,2,0,119.328066
insider,2,15,82,15,30.0,2.0,0.0,0.121225
fastmultrec_greedy,2,15,82,15,30.0,2.0,0.0,0.439807
lcamap,2,15,82,15,30.0,2.0,0.0,0.071980
segdup,2,15,82,20,40,2,0,97.754539
insider,2,15,82,20,40.0,2.0,0.0,0.124654
fastmultrec_greedy,2,15,82,20,40.0,2.0,0.0,0.436810
lcamap,2,15,82,20,40.0,2.0,0.0,0.074535
segdup,2,15,82,25,50,2,0,96.258772
insider,2,15,82,25,50.0,2.0,0.0,0.116763
fastmultrec_greedy,2,15,82,25,50.0,2.0,0.0,0.433499
lcamap,2,15,82,25,50.0,2.0,0.0,0.074926
segdup,2,15,82,5,10,2,0,188.406405
insider,2,15,82,5,10.0,2.0,0.0,0.116806
fastmultrec_greedy,2,15,82,5,10.0,2.0,0.0,0.428957
lcamap,2,15,82,5,10.0,2.0,0.0,0.083609
segdup,2,8,82,10,1624,112,504,188.936597
insider,2,8,82,10,1552.0,97.0,582.0,0.453803
fastmultrec_greedy,2,8,82,10,1571.0,104.0,531.0,3.625919
lcamap,2,8,82,10,1624.0,112.0,504.0,0.081087
segdup,2,8,82,15,2184,112,504,195.186183
insider,2,8,82,15,2031.0,94.0,621.0,1.054011
fastmultrec_greedy,2,8,82,15,2088.0,103.0,543.0,4.059191
lcamap,2,8,82,15,2184.0,112.0,504.0,0.080038
segdup,2,8,82,20,2744,112,504,188.230026
insider,2,8,82,20,2493.0,90.0,693.0,3.408025
fastmultrec_greedy,2,8,82,20,2603.0,103.0,543.0,4.043561
lcamap,2,8,82,20,2744.0,112.0,504.0,0.080180
segdup,2,8,82,25,3250,108,550,188.939398
insider,2,8,82,25,2931.0,86.0,781.0,12.134361
fastmultrec_greedy,2,8,82,25,3118.0,103.0,543.0,4.046131
lcamap,2,8,82,25,3304.0,112.0,504.0,0.074614
segdup,2,8,82,5,1064,112,504,198.524276
insider,2,8,82,5,1050.0,105.0,525.0,0.258349
fastmultrec_greedy,2,8,82,5,1050.0,105.0,525.0,3.248577
lcamap,2,8,82,5,1064.0,112.0,504.0,0.075191
segdup,2,9,82,10,84,8,4,201.537651
insider,2,9,82,10,83.0,7.0,13.0,0.116682
fastmultrec_greedy,2,9,82,10,84.0,8.0,4.0,0.423646
lcamap,2,9,82,10,84.0,8.0,4.0,0.068733
segdup,2,9,82,15,118,7,13,178.058954
insider,2,9,82,15,118.0,7.0,13.0,0.126817
fastmultrec_greedy,2,9,82,15,124.0,8.0,4.0,0.422276
lcamap,2,9,82,15,124.0,8.0,4.0,0.072421
segdup,2,9,82,20,153,7,13,174.730795
insider,2,9,82,20,153.0,7.0,13.0,0.128038
fastmultrec_greedy,2,9,82,20,164.0,8.0,4.0,0.421576
lcamap,2,9,82,20,164.0,8.0,4.0,0.067138
segdup,2,9,82,25,188,7,13,186.514021
insider,2,9,82,25,185.0,6.0,35.0,0.115836
fastmultrec_greedy,2,9,82,25,204.0,8.0,4.0,0.403915
lcamap,2,9,82,25,204.0,8.0,4.0,0.065256
segdup,2,9,82,5,44,8,4,221.371414
insider,2,9,82,5,44.0,8.0,4.0,0.120689
fastmultrec_greedy,2,9,82,5,44.0,8.0,4.0,0.425307
lcamap,2,9,82,5,44.0,8.0,4.0,0.074503
segdup,1,10,83,10,11,1,1,134.130319
insider,1,10,83,10,11.0,1.0,1.0,0.077645
fastmultrec_greedy,1,10,83,10,11.0,1.0,1.0,0.316125
lcamap,1,10,83,10,11.0,1.0,1.0,0.050032
segdup,1,10,83,15,16,1,1,111.255539
insider,1,10,83,15,16.0,1.0,1.0,0.080043
fastmultrec_greedy,1,10,83,15,16.0,1.0,1.0,0.298066
lcamap,1,10,83,15,16.0,1.0,1.0,0.049087
segdup,1,10,83,20,21,1,1,81.910864
insider,1,10,83,20,21.0,1.0,1.0,0.075201
fastmultrec_greedy,1,10,83,20,21.0,1.0,1.0,0.310024
lcamap,1,10,83,20,21.0,1.0,1.0,0.047829
segdup,1,10,83,25,26,1,1,84.206839
insider,1,10,83,25,26.0,1.0,1.0,0.073625
fastmultrec_greedy,1,10,83,25,26.0,1.0,1.0,0.307008
lcamap,1,10,83,25,26.0,1.0,1.0,0.049792
segdup,1,10,83,5,6,1,1,138.868577
insider,1,10,83,5,6.0,1.0,1.0,0.076624
fastmultrec_greedy,1,10,83,5,6.0,1.0,1.0,0.324314
lcamap,1,10,83,5,6.0,1.0,1.0,0.050199
segdup,1,11,83,10,30,3,0,182.924073
insider,1,11,83,10,30.0,3.0,0.0,0.097562
fastmultrec_greedy,1,11,83,10,30.0,3.0,0.0,0.380666
lcamap,1,11,83,10,30.0,3.0,0.0,0.060041
segdup,1,11,83,15,45,3,0,102.571309
insider,1,11,83,15,45.0,3.0,0.0,0.096257
fastmultrec_greedy,1,11,83,15,45.0,3.0,0.0,0.373815
lcamap,1,11,83,15,45.0,3.0,0.0,0.059540
segdup,1,11,83,20,60,3,0,102.893751
insider,1,11,83,20,60.0,3.0,0.0,0.091107
fastmultrec_greedy,1,11,83,20,60.0,3.0,0.0,0.355742
lcamap,1,11,83,20,60.0,3.0,0.0,0.057436
segdup,1,11,83,25,75,3,0,99.746949
insider,1,11,83,25,75.0,3.0,0.0,0.098663
fastmultrec_greedy,1,11,83,25,75.0,3.0,0.0,0.370106
lcamap,1,11,83,25,75.0,3.0,0.0,0.055193
segdup,1,11,83,5,15,3,0,185.384715
insider,1,11,83,5,15.0,3.0,0.0,0.096076
fastmultrec_greedy,1,11,83,5,15.0,3.0,0.0,0.372807
lcamap,1,11,83,5,15.0,3.0,0.0,0.063802
segdup,1,15,83,10,10,1,0,72.065200
insider,1,15,83,10,10.0,1.0,0.0,0.042135
fastmultrec_greedy,1,15,83,10,10.0,1.0,0.0,0.142892
lcamap,1,15,83,10,10.0,1.0,0.0,0.025213
segdup,1,15,83,15,15,1,0,74.556124
insider,1,15,83,15,15.0,1.0,0.0,0.039745
fastmultrec_greedy,1,15,83,15,15.0,1.0,0.0,0.133155
lcamap,1,15,83,15,15.0,1.0,0.0,0.023960
segdup,1,15,83,20,20,1,0,41.040841
insider,1,15,83,20,20.0,1.0,0.0,0.040116
fastmultrec_greedy,1,15,83,20,20.0,1.0,0.0,0.137842
lcamap,1,15,83,20,20.0,1.0,0.0,0.024886
segdup,1,15,83,25,25,1,0,42.645197
insider,1,15,83,25,25.0,1.0,0.0,0.040388
fastmultrec_greedy,1,15,83,25,25.0,1.0,0.0,0.137444
lcamap,1,15,83,25,25.0,1.0,0.0,0.030885
segdup,1,15,83,5,5,1,0,78.313202
insider,1,15,83,5,5.0,1.0,0.0,0.039987
fastmultrec_greedy,1,15,83,5,5.0,1.0,0.0,0.137542
lcamap,1,15,83,5,5.0,1.0,0.0,0.030812
segdup,1,8,83,10,1059,83,229,94.092508
insider,1,8,83,10,1039.0,78.0,259.0,0.220800
fastmultrec_greedy,1,8,83,10,1052.0,82.0,232.0,0.441064
lcamap,1,8,83,10,1059.0,83.0,229.0,0.042046
segdup,1,8,83,15,1474,83,229,95.725550
insider,1,8,83,15,1420.0,73.0,325.0,0.625690
fastmultrec_greedy,1,8,83,15,1462.0,82.0,232.0,0.427370
lcamap,1,8,83,15,1474.0,83.0,229.0,0.039912
segdup,1,8,83,20,1889,83,229,89.622864
insider,1,8,83,20,1774.0,68.0,414.0,5.590020
fastmultrec_greedy,1,8,83,20,1872.0,82.0,232.0,0.414699
lcamap,1,8,83,20,1889.0,83.0,229.0,0.041117
segdup,1,8,83,25,2285,82,235,90.696833
insider,1,8,83,25,2109.0,66.0,459.0,112.032781
fastmultrec_greedy,1,8,83,25,2282.0,82.0,232.0,0.435815
lcamap,1,8,83,25,2304.0,83.0,229.0,0.041719
segdup,1,8,83,5,644,83,229,99.578869
insider,1,8,83,5,642.0,82.0,232.0,0.125857
fastmultrec_greedy,1,8,83,5,642.0,82.0,232.0,0.443368
lcamap,1,8,83,5,644.0,83.0,229.0,0.049953
segdup,1,9,83,10,43,4,3,82.755551
insider,1,9,83,10,43.0,4.0,3.0,0.054964
fastmultrec_greedy,1,9,83,10,43.0,4.0,3.0,0.224895
lcamap,1,9,83,10,43.0,4.0,3.0,0.030193
segdup,1,9,83,15,63,4,3,54.098634
insider,1,9,83,15,63.0,4.0,3.0,0.059663
fastmultrec_greedy,1,9,83,15,63.0,4.0,3.0,0.232889
lcamap,1,9,83,15,63.0,4.0,3.0,0.032620
segdup,1,9,83,20,83,4,3,52.385989
insider,1,9,83,20,83.0,4.0,3.0,0.061331
fastmultrec_greedy,1,9,83,20,83.0,4.0,3.0,0.229996
lcamap,1,9,83,20,83.0,4.0,3.0,0.035887
segdup,1,9,83,25,103,4,3,56.214823
insider,1,9,83,25,103.0,4.0,3.0,0.072743
fastmultrec_greedy,1,9,83,25,103.0,4.0,3.0,0.234922
lcamap,1,9,83,25,103.0,4.0,3.0,0.038253
segdup,1,9,83,5,23,4,3,92.028406
insider,1,9,83,5,23.0,4.0,3.0,0.055009
fastmultrec_greedy,1,9,83,5,23.0,4.0,3.0,0.233042
lcamap,1,9,83,5,23.0,4.0,3.0,0.031957
segdup,2,10,83,10,21,2,1,231.767455
insider,2,10,83,10,21.0,2.0,1.0,0.139883
fastmultrec_greedy,2,10,83,10,21.0,2.0,1.0,0.495740
lcamap,2,10,83,10,21.0,2.0,1.0,0.088158
segdup,2,10,83,15,31,2,1,113.257324
insider,2,10,83,15,31.0,2.0,1.0,0.139655
fastmultrec_greedy,2,10,83,15,31.0,2.0,1.0,0.521026
lcamap,2,10,83,15,31.0,2.0,1.0,0.086056
segdup,2,10,83,20,41,2,1,106.992383
insider,2,10,83,20,41.0,2.0,1.0,0.136616
fastmultrec_greedy,2,10,83,20,41.0,2.0,1.0,0.510999
lcamap,2,10,83,20,41.0,2.0,1.0,0.092443
segdup,2,10,83,25,51,2,1,112.473845
insider,2,10,83,25,51.0,2.0,1.0,0.135628
fastmultrec_greedy,2,10,83,25,51.0,2.0,1.0,0.506577
lcamap,2,10,83,25,51.0,2.0,1.0,0.085078
segdup,2,10,83,5,11,2,1,243.276778
insider,2,10,83,5,11.0,2.0,1.0,0.136171
fastmultrec_greedy,2,10,83,5,11.0,2.0,1.0,0.513718
lcamap,2,10,83,5,11.0,2.0,1.0,0.085175
segdup,2,11,83,10,40,4,0,208.671778
insider,2,11,83,10,40.0,4.0,0.0,0.112222
fastmultrec_greedy,2,11,83,10,40.0,4.0,0.0,0.427372
lcamap,2,11,83,10,40.0,4.0,0.0,0.067957
segdup,2,11,83,15,60,4,0,170.297031
insider,2,11,83,15,60.0,4.0,0.0,0.118208
fastmultrec_greedy,2,11,83,15,60.0,4.0,0.0,0.458026
lcamap,2,11,83,15,60.0,4.0,0.0,0.070049
segdup,2,11,83,20,80,4,0,171.561649
insider,2,11,83,20,80.0,4.0,0.0,0.122839
fastmultrec_greedy,2,11,83,20,80.0,4.0,0.0,0.453176
lcamap,2,11,83,20,80.0,4.0,0.0,0.069810
segdup,2,11,83,25,100,4,0,161.526654
insider,2,11,83,25,100.0,4.0,0.0,0.111261
fastmultrec_greedy,2,11,83,25,100.0,4.0,0.0,0.455153
lcamap,2,11,83,25,100.0,4.0,0.0,0.066271
segdup,2,11,83,5,20,4,0,215.878297
insider,2,11,83,5,20.0,4.0,0.0,0.114058
fastmultrec_greedy,2,11,83,5,20.0,4.0,0.0,0.457897
lcamap,2,11,83,5,20.0,4.0,0.0,0.071429
segdup,2,15,83,10,20,2,0,181.119168
insider,2,15,83,10,20.0,2.0,0.0,0.094733
fastmultrec_greedy,2,15,83,10,20.0,2.0,0.0,0.343874
lcamap,2,15,83,10,20.0,2.0,0.0,0.056341
segdup,2,15,83,15,30,2,0,175.763166
insider,2,15,83,15,30.0,2.0,0.0,0.103799
fastmultrec_greedy,2,15,83,15,30.0,2.0,0.0,0.369553
lcamap,2,15,83,15,30.0,2.0,0.0,0.058127
segdup,2,15,83,20,40,2,0,84.124760
insider,2,15,83,20,40.0,2.0,0.0,0.094394
fastmultrec_greedy,2,15,83,20,40.0,2.0,0.0,0.352983
lcamap,2,15,83,20,40.0,2.0,0.0,0.062458
segdup,2,15,83,25,50,2,0,88.323945
insider,2,15,83,25,50.0,2.0,0.0,0.101403
fastmultrec_greedy,2,15,83,25,50.0,2.0,0.0,0.365770
lcamap,2,15,83,25,50.0,2.0,0.0,0.058062
segdup,2,15,83,5,10,2,0,190.670507
insider,2,15,83,5,10.0,2.0,0.0,0.099800
fastmultrec_greedy,2,15,83,5,10.0,2.0,0.0,0.344605
lcamap,2,15,83,5,10.0,2.0,0.0,0.057091
segdup,2,8,83,10,2037,127,767,255.218637
insider,2,8,83,10,2008.0,120.0,808.0,0.557980
fastmultrec_greedy,2,8,83,10,2019.0,124.0,779.0,1.962577
lcamap,2,8,83,10,2037.0,127.0,767.0,0.090242
segdup,2,8,83,15,2672,127,767,238.258645
insider,2,8,83,15,2587.0,111.0,922.0,1.795885
fastmultrec_greedy,2,8,83,15,2636.0,123.0,791.0,2.569296
lcamap,2,8,83,15,2672.0,127.0,767.0,0.090309
segdup,2,8,83,20,3307,127,767,240.550847
insider,2,8,83,20,3128.0,104.0,1048.0,5.155941
fastmultrec_greedy,2,8,83,20,3246.0,122.0,806.0,2.983149
lcamap,2,8,83,20,3307.0,127.0,767.0,0.091145
segdup,2,8,83,25,3942,127,767,245.099731
insider,2,8,83,25,3632.0,98.0,1182.0,23.727391
fastmultrec_greedy,2,8,83,25,3856.0,122.0,806.0,3.095802
lcamap,2,8,83,25,3942.0,127.0,767.0,0.096436
segdup,2,8,83,5,1402,127,767,267.321119
insider,2,8,83,5,1398.0,125.0,773.0,0.278133
fastmultrec_greedy,2,8,83,5,1398.0,125.0,773.0,1.533311
lcamap,2,8,83,5,1402.0,127.0,767.0,0.095474
segdup,2,9,83,10,43,4,3,307.826360
insider,2,9,83,10,43.0,4.0,3.0,0.159171
fastmultrec_greedy,2,9,83,10,43.0,4.0,3.0,0.609315
lcamap,2,9,83,10,43.0,4.0,3.0,0.090985
segdup,2,9,83,15,63,4,3,243.618670
insider,2,9,83,15,63.0,4.0,3.0,0.161059
fastmultrec_greedy,2,9,83,15,63.0,4.0,3.0,0.676620
lcamap,2,9,83,15,63.0,4.0,3.0,0.101966
segdup,2,9,83,20,83,4,3,249.645736
insider,2,9,83,20,83.0,4.0,3.0,0.148752
fastmultrec_greedy,2,9,83,20,83.0,4.0,3.0,0.561648
lcamap,2,9,83,20,83.0,4.0,3.0,0.085940
segdup,2,9,83,25,103,4,3,256.521907
insider,2,9,83,25,103.0,4.0,3.0,0.154011
fastmultrec_greedy,2,9,83,25,103.0,4.0,3.0,0.605012
lcamap,2,9,83,25,103.0,4.0,3.0,0.096519
segdup,2,9,83,5,23,4,3,294.472630
insider,2,9,83,5,23.0,4.0,3.0,0.153557
fastmultrec_greedy,2,9,83,5,23.0,4.0,3.0,0.607521
lcamap,2,9,83,5,23.0,4.0,3.0,0.097551
segdup,1,10,84,10,30,3,0,62.239196
insider,1,10,84,10,30.0,3.0,0.0,0.034566
fastmultrec_greedy,1,10,84,10,30.0,3.0,0.0,0.096143
lcamap,1,10,84,10,30.0,3.0,0.0,0.018963
segdup,1,10,84,15,45,3,0,50.212860
insider,1,10,84,15,45.0,3.0,0.0,0.036261
fastmultrec_greedy,1,10,84,15,45.0,3.0,0.0,0.104759
lcamap,1,10,84,15,45.0,3.0,0.0,0.019962
segdup,1,10,84,20,60,3,0,32.266070
insider,1,10,84,20,60.0,3.0,0.0,0.036204
fastmultrec_greedy,1,10,84,20,60.0,3.0,0.0,0.101522
lcamap,1,10,84,20,60.0,3.0,0.0,0.018269
segdup,1,10,84,25,75,3,0,34.048058
insider,1,10,84,25,75.0,3.0,0.0,0.035073
fastmultrec_greedy,1,10,84,25,75.0,3.0,0.0,0.096326
lcamap,1,10,84,25,75.0,3.0,0.0,0.018669
segdup,1,10,84,5,15,3,0,60.135369
insider,1,10,84,5,15.0,3.0,0.0,0.035415
fastmultrec_greedy,1,10,84,5,15.0,3.0,0.0,0.104480
lcamap,1,10,84,5,15.0,3.0,0.0,0.019912
segdup,1,11,84,10,20,2,0,75.110862
insider,1,11,84,10,20.0,2.0,0.0,0.045588
fastmultrec_greedy,1,11,84,10,20.0,2.0,0.0,0.153132
lcamap,1,11,84,10,20.0,2.0,0.0,0.024758
segdup,1,11,84,15,30,2,0,47.178363
insider,1,11,84,15,30.0,2.0,0.0,0.047664
fastmultrec_greedy,1,11,84,15,30.0,2.0,0.0,0.164581
lcamap,1,11,84,15,30.0,2.0,0.0,0.025844
segdup,1,11,84,20,40,2,0,42.230160
insider,1,11,84,20,40.0,2.0,0.0,0.045659
fastmultrec_greedy,1,11,84,20,40.0,2.0,0.0,0.157528
lcamap,1,11,84,20,40.0,2.0,0.0,0.025394
segdup,1,11,84,25,50,2,0,44.621353
insider,1,11,84,25,50.0,2.0,0.0,0.045077
fastmultrec_greedy,1,11,84,25,50.0,2.0,0.0,0.151650
lcamap,1,11,84,25,50.0,2.0,0.0,0.025067
segdup,1,11,84,5,10,2,0,80.822673
insider,1,11,84,5,10.0,2.0,0.0,0.046200
fastmultrec_greedy,1,11,84,5,10.0,2.0,0.0,0.170334
lcamap,1,11,84,5,10.0,2.0,0.0,0.025967
segdup,1,15,84,10,10,1,0,137.836813
insider,1,15,84,10,10.0,1.0,0.0,0.074838
fastmultrec_greedy,1,15,84,10,10.0,1.0,0.0,0.310656
lcamap,1,15,84,10,10.0,1.0,0.0,0.051925
segdup,1,15,84,15,15,1,0,129.425523
insider,1,15,84,15,15.0,1.0,0.0,0.077355
fastmultrec_greedy,1,15,84,15,15.0,1.0,0.0,0.319687
lcamap,1,15,84,15,15.0,1.0,0.0,0.051913
segdup,1,15,84,20,20,1,0,89.305525
insider,1,15,84,20,20.0,1.0,0.0,0.074777
fastmultrec_greedy,1,15,84,20,20.0,1.0,0.0,0.318335
lcamap,1,15,84,20,20.0,1.0,0.0,0.050025
segdup,1,15,84,25,25,1,0,88.014720
insider,1,15,84,25,25.0,1.0,0.0,0.081160
fastmultrec_greedy,1,15,84,25,25.0,1.0,0.0,0.337352
lcamap,1,15,84,25,25.0,1.0,0.0,0.053470
segdup,1,15,84,5,5,1,0,142.268392
insider,1,15,84,5,5.0,1.0,0.0,0.075012
fastmultrec_greedy,1,15,84,5,5.0,1.0,0.0,0.311172
lcamap,1,15,84,5,5.0,1.0,0.0,0.051295
segdup,1,8,84,10,850,68,170,87.381076
insider,1,8,84,10,836.0,63.0,206.0,0.199540
fastmultrec_greedy,1,8,84,10,850.0,68.0,170.0,0.497659
lcamap,1,8,84,10,857.0,69.0,167.0,0.040220
segdup,1,8,84,15,1192,68,172,88.360166
insider,1,8,84,15,1151.0,63.0,206.0,0.404530
fastmultrec_greedy,1,8,84,15,1190.0,68.0,170.0,0.491965
lcamap,1,8,84,15,1202.0,69.0,167.0,0.039164
segdup,1,8,84,20,1530,68,170,84.800648
insider,1,8,84,20,1459.0,61.0,239.0,1.557738
fastmultrec_greedy,1,8,84,20,1530.0,68.0,170.0,0.482654
lcamap,1,8,84,20,1547.0,69.0,167.0,0.039510
segdup,1,8,84,25,1892,69,167,82.612625
insider,1,8,84,25,1754.0,57.0,329.0,14.137398
fastmultrec_greedy,1,8,84,25,1870.0,68.0,170.0,0.477384
lcamap,1,8,84,25,1892.0,69.0,167.0,0.038797
segdup,1,8,84,5,512,69,167,96.119833
insider,1,8,84,5,510.0,68.0,170.0,0.107394
fastmultrec_greedy,1,8,84,5,510.0,68.0,170.0,0.465041
lcamap,1,8,84,5,512.0,69.0,167.0,0.037896
segdup,1,9,84,10,35,3,5,49.647022
insider,1,9,84,10,35.0,3.0,5.0,0.031155
fastmultrec_greedy,1,9,84,10,35.0,3.0,5.0,0.099437
lcamap,1,9,84,10,35.0,3.0,5.0,0.016351
segdup,1,9,84,15,50,3,5,33.304481
insider,1,9,84,15,50.0,3.0,5.0,0.031323
fastmultrec_greedy,1,9,84,15,50.0,3.0,5.0,0.098161
lcamap,1,9,84,15,50.0,3.0,5.0,0.016399
segdup,1,9,84,20,65,3,5,33.413022
insider,1,9,84,20,65.0,3.0,5.0,0.032376
fastmultrec_greedy,1,9,84,20,65.0,3.0,5.0,0.100700
lcamap,1,9,84,20,65.0,3.0,5.0,0.022977
segdup,1,9,84,25,80,3,5,33.420866
insider,1,9,84,25,80.0,3.0,5.0,0.031296
fastmultrec_greedy,1,9,84,25,80.0,3.0,5.0,0.095333
lcamap,1,9,84,25,80.0,3.0,5.0,0.016688
segdup,1,9,84,5,20,3,5,53.932476
insider,1,9,84,5,20.0,3.0,5.0,0.031930
fastmultrec_greedy,1,9,84,5,20.0,3.0,5.0,0.108309
lcamap,1,9,84,5,20.0,3.0,5.0,0.017078
segdup,2,10,84,10,21,2,1,286.355668
insider,2,10,84,10,21.0,2.0,1.0,0.148331
fastmultrec_greedy,2,10,84,10,21.0,2.0,1.0,0.620624
lcamap,2,10,84,10,21.0,2.0,1.0,0.093062
segdup,2,10,84,15,31,2,1,276.630805
insider,2,10,84,15,31.0,2.0,1.0,0.147133
fastmultrec_greedy,2,10,84,15,31.0,2.0,1.0,0.617932
lcamap,2,10,84,15,31.0,2.0,1.0,0.100076
segdup,2,10,84,20,41,2,1,167.092107
insider,2,10,84,20,41.0,2.0,1.0,0.150616
fastmultrec_greedy,2,10,84,20,41.0,2.0,1.0,0.618319
lcamap,2,10,84,20,41.0,2.0,1.0,0.093183
segdup,2,10,84,25,51,2,1,161.326787
insider,2,10,84,25,51.0,2.0,1.0,0.146993
fastmultrec_greedy,2,10,84,25,51.0,2.0,1.0,0.617145
lcamap,2,10,84,25,51.0,2.0,1.0,0.092797
segdup,2,10,84,5,11,2,1,306.321631
insider,2,10,84,5,11.0,2.0,1.0,0.140665
fastmultrec_greedy,2,10,84,5,11.0,2.0,1.0,0.591460
lcamap,2,10,84,5,11.0,2.0,1.0,0.091902
segdup,2,15,84,10,20,2,0,179.438157
insider,2,15,84,10,20.0,2.0,0.0,0.103181
fastmultrec_greedy,2,15,84,10,20.0,2.0,0.0,0.356075
lcamap,2,15,84,10,20.0,2.0,0.0,0.060773
segdup,2,15,84,15,30,2,0,154.789621
insider,2,15,84,15,30.0,2.0,0.0,0.097308
fastmultrec_greedy,2,15,84,15,30.0,2.0,0.0,0.344375
lcamap,2,15,84,15,30.0,2.0,0.0,0.061561
segdup,2,15,84,20,40,2,0,80.587222
insider,2,15,84,20,40.0,2.0,0.0,0.102034
fastmultrec_greedy,2,15,84,20,40.0,2.0,0.0,0.353587
lcamap,2,15,84,20,40.0,2.0,0.0,0.058763
segdup,2,15,84,25,50,2,0,85.140249
insider,2,15,84,25,50.0,2.0,0.0,0.107433
fastmultrec_greedy,2,15,84,25,50.0,2.0,0.0,0.364526
lcamap,2,15,84,25,50.0,2.0,0.0,0.063492
segdup,2,15,84,5,10,2,0,192.849334
insider,2,15,84,5,10.0,2.0,0.0,0.098247
fastmultrec_greedy,2,15,84,5,10.0,2.0,0.0,0.344543
lcamap,2,15,84,5,10.0,2.0,0.0,0.060170
segdup,2,8,84,10,601,51,91,127.017721
insider,2,8,84,10,594.0,47.0,124.0,0.280402
fastmultrec_greedy,2,8,84,10,601.0,51.0,91.0,0.398755
lcamap,2,8,84,10,601.0,51.0,91.0,0.063161
segdup,2,8,84,15,850,50,100,120.633485
insider,2,8,84,15,826.0,45.0,151.0,0.576268
fastmultrec_greedy,2,8,84,15,856.0,51.0,91.0,0.426904
lcamap,2,8,84,15,856.0,51.0,91.0,0.064529
segdup,2,8,84,20,1097,50,97,113.859194
insider,2,8,84,20,1051.0,45.0,151.0,1.448010
fastmultrec_greedy,2,8,84,20,1111.0,51.0,91.0,0.416546
lcamap,2,8,84,20,1111.0,51.0,91.0,0.063260
segdup,2,8,84,25,1366,51,91,111.468572
insider,2,8,84,25,1268.0,43.0,193.0,3.893125
fastmultrec_greedy,2,8,84,25,1366.0,51.0,91.0,0.389049
lcamap,2,8,84,25,1366.0,51.0,91.0,0.059902
segdup,2,8,84,5,346,51,91,131.487967
insider,2,8,84,5,346.0,51.0,91.0,0.176146
fastmultrec_greedy,2,8,84,5,346.0,51.0,91.0,0.388414
lcamap,2,8,84,5,346.0,51.0,91.0,0.061415
segdup,2,9,84,10,68,6,8,58.757473
insider,2,9,84,10,68.0,6.0,8.0,0.081926
fastmultrec_greedy,2,9,84,10,68.0,6.0,8.0,0.251001
lcamap,2,9,84,10,68.0,6.0,8.0,0.041520
segdup,2,9,84,15,98,6,8,62.714966
insider,2,9,84,15,98.0,6.0,8.0,0.082108
fastmultrec_greedy,2,9,84,15,98.0,6.0,8.0,0.227681
lcamap,2,9,84,15,98.0,6.0,8.0,0.038076
segdup,2,9,84,20,128,6,8,60.759528
insider,2,9,84,20,128.0,6.0,8.0,0.088214
fastmultrec_greedy,2,9,84,20,128.0,6.0,8.0,0.242544
lcamap,2,9,84,20,128.0,6.0,8.0,0.039659
segdup,2,9,84,25,158,6,8,58.744031
insider,2,9,84,25,158.0,6.0,8.0,0.089769
fastmultrec_greedy,2,9,84,25,158.0,6.0,8.0,0.233761
lcamap,2,9,84,25,158.0,6.0,8.0,0.039113
segdup,2,9,84,5,38,6,8,110.246436
insider,2,9,84,5,38.0,6.0,8.0,0.074265
fastmultrec_greedy,2,9,84,5,38.0,6.0,8.0,0.233724
lcamap,2,9,84,5,38.0,6.0,8.0,0.038376
segdup,1,10,85,10,40,4,0,136.130136
insider,1,10,85,10,40.0,4.0,0.0,0.072638
fastmultrec_greedy,1,10,85,10,40.0,4.0,0.0,0.234926
lcamap,1,10,85,10,40.0,4.0,0.0,0.044811
segdup,1,10,85,15,60,4,0,111.762122
insider,1,10,85,15,60.0,4.0,0.0,0.075277
fastmultrec_greedy,1,10,85,15,60.0,4.0,0.0,0.236452
lcamap,1,10,85,15,60.0,4.0,0.0,0.043397
segdup,1,10,85,20,80,4,0,82.021587
insider,1,10,85,20,80.0,4.0,0.0,0.071159
fastmultrec_greedy,1,10,85,20,80.0,4.0,0.0,0.221280
lcamap,1,10,85,20,80.0,4.0,0.0,0.041323
segdup,1,10,85,25,100,4,0,80.215686
insider,1,10,85,25,100.0,4.0,0.0,0.074089
fastmultrec_greedy,1,10,85,25,100.0,4.0,0.0,0.224875
lcamap,1,10,85,25,100.0,4.0,0.0,0.042207
segdup,1,10,85,5,20,4,0,146.281289
insider,1,10,85,5,20.0,4.0,0.0,0.065772
fastmultrec_greedy,1,10,85,5,20.0,4.0,0.0,0.226416
lcamap,1,10,85,5,20.0,4.0,0.0,0.041636
segdup,1,11,85,10,10,1,0,87.134428
insider,1,11,85,10,10.0,1.0,0.0,0.053219
fastmultrec_greedy,1,11,85,10,10.0,1.0,0.0,0.231979
lcamap,1,11,85,10,10.0,1.0,0.0,0.033505
segdup,1,11,85,15,15,1,0,73.511389
insider,1,11,85,15,15.0,1.0,0.0,0.052227
fastmultrec_greedy,1,11,85,15,15.0,1.0,0.0,0.214881
lcamap,1,11,85,15,15.0,1.0,0.0,0.032363
segdup,1,11,85,20,20,1,0,57.897470
insider,1,11,85,20,20.0,1.0,0.0,0.050724
fastmultrec_greedy,1,11,85,20,20.0,1.0,0.0,0.216700
lcamap,1,11,85,20,20.0,1.0,0.0,0.034381
segdup,1,11,85,25,25,1,0,56.943178
insider,1,11,85,25,25.0,1.0,0.0,0.053968
fastmultrec_greedy,1,11,85,25,25.0,1.0,0.0,0.226568
lcamap,1,11,85,25,25.0,1.0,0.0,0.033647
segdup,1,11,85,5,5,1,0,92.357481
insider,1,11,85,5,5.0,1.0,0.0,0.059604
fastmultrec_greedy,1,11,85,5,5.0,1.0,0.0,0.227360
lcamap,1,11,85,5,5.0,1.0,0.0,0.034184
segdup,1,15,85,10,10,1,0,89.553730
insider,1,15,85,10,10.0,1.0,0.0,0.053897
fastmultrec_greedy,1,15,85,10,10.0,1.0,0.0,0.203429
lcamap,1,15,85,10,10.0,1.0,0.0,0.033716
segdup,1,15,85,15,15,1,0,83.277596
insider,1,15,85,15,15.0,1.0,0.0,0.054897
fastmultrec_greedy,1,15,85,15,15.0,1.0,0.0,0.203888
lcamap,1,15,85,15,15.0,1.0,0.0,0.033971
segdup,1,15,85,20,20,1,0,61.787900
insider,1,15,85,20,20.0,1.0,0.0,0.054929
fastmultrec_greedy,1,15,85,20,20.0,1.0,0.0,0.201591
lcamap,1,15,85,20,20.0,1.0,0.0,0.033908
segdup,1,15,85,25,25,1,0,87.368917
insider,1,15,85,25,25.0,1.0,0.0,0.053383
fastmultrec_greedy,1,15,85,25,25.0,1.0,0.0,0.206883
lcamap,1,15,85,25,25.0,1.0,0.0,0.033488
segdup,1,15,85,5,5,1,0,96.493287
insider,1,15,85,5,5.0,1.0,0.0,0.054460
fastmultrec_greedy,1,15,85,5,5.0,1.0,0.0,0.206594
lcamap,1,15,85,5,5.0,1.0,0.0,0.033523
segdup,1,8,85,10,612,48,132,79.717453
insider,1,8,85,10,604.0,47.0,134.0,0.175693
fastmultrec_greedy,1,8,85,10,608.0,48.0,128.0,0.497030
lcamap,1,8,85,10,619.0,50.0,119.0,0.034732
segdup,1,8,85,15,857,49,122,77.042188
insider,1,8,85,15,830.0,44.0,170.0,0.509363
fastmultrec_greedy,1,8,85,15,848.0,48.0,128.0,0.527613
lcamap,1,8,85,15,869.0,50.0,119.0,0.030390
segdup,1,8,85,20,1103,49,123,80.926664
insider,1,8,85,20,1044.0,42.0,204.0,1.213276
fastmultrec_greedy,1,8,85,20,1088.0,48.0,128.0,0.546350
lcamap,1,8,85,20,1119.0,50.0,119.0,0.029346
segdup,1,8,85,25,1347,49,122,76.814392
insider,1,8,85,25,1252.0,41.0,227.0,5.362137
fastmultrec_greedy,1,8,85,25,1328.0,48.0,128.0,0.524149
lcamap,1,8,85,25,1369.0,50.0,119.0,0.030923
segdup,1,8,85,5,369,50,119,81.083842
insider,1,8,85,5,367.0,49.0,122.0,0.085256
fastmultrec_greedy,1,8,85,5,367.0,49.0,122.0,0.333704
lcamap,1,8,85,5,369.0,50.0,119.0,0.029239
segdup,1,9,85,10,125,12,5,61.464565
insider,1,9,85,10,125.0,12.0,5.0,0.040461
fastmultrec_greedy,1,9,85,10,125.0,12.0,5.0,0.094716
lcamap,1,9,85,10,125.0,12.0,5.0,0.017840
segdup,1,9,85,15,185,12,5,61.583075
insider,1,9,85,15,185.0,12.0,5.0,0.046433
fastmultrec_greedy,1,9,85,15,185.0,12.0,5.0,0.090596
lcamap,1,9,85,15,185.0,12.0,5.0,0.017218
segdup,1,9,85,20,245,12,5,58.994054
insider,1,9,85,20,245.0,12.0,5.0,0.066831
fastmultrec_greedy,1,9,85,20,245.0,12.0,5.0,0.096106
lcamap,1,9,85,20,245.0,12.0,5.0,0.018136
segdup,1,9,85,25,305,12,5,46.452478
insider,1,9,85,25,305.0,12.0,5.0,0.166496
fastmultrec_greedy,1,9,85,25,305.0,12.0,5.0,0.096014
lcamap,1,9,85,25,305.0,12.0,5.0,0.016705
segdup,1,9,85,5,65,12,5,67.522446
insider,1,9,85,5,65.0,12.0,5.0,0.036012
fastmultrec_greedy,1,9,85,5,65.0,12.0,5.0,0.093189
lcamap,1,9,85,5,65.0,12.0,5.0,0.018416
segdup,2,10,85,10,22,2,2,194.218571
insider,2,10,85,10,22.0,2.0,2.0,0.156725
fastmultrec_greedy,2,10,85,10,22.0,2.0,2.0,0.735596
lcamap,2,10,85,10,22.0,2.0,2.0,0.099269
segdup,2,10,85,15,32,2,2,137.006910
insider,2,10,85,15,32.0,2.0,2.0,0.153980
fastmultrec_greedy,2,10,85,15,32.0,2.0,2.0,0.733797
lcamap,2,10,85,15,32.0,2.0,2.0,0.100118
segdup,2,10,85,20,42,2,2,133.222233
insider,2,10,85,20,42.0,2.0,2.0,0.156593
fastmultrec_greedy,2,10,85,20,42.0,2.0,2.0,0.736968
lcamap,2,10,85,20,42.0,2.0,2.0,0.099640
segdup,2,10,85,25,52,2,2,130.864822
insider,2,10,85,25,52.0,2.0,2.0,0.155557
fastmultrec_greedy,2,10,85,25,52.0,2.0,2.0,0.741444
lcamap,2,10,85,25,52.0,2.0,2.0,0.100018
segdup,2,10,85,5,12,2,2,234.168831
insider,2,10,85,5,12.0,2.0,2.0,0.144018
fastmultrec_greedy,2,10,85,5,12.0,2.0,2.0,0.734656
lcamap,2,10,85,5,12.0,2.0,2.0,0.096114
segdup,2,11,85,10,30,3,0,156.812112
insider,2,11,85,10,30.0,3.0,0.0,0.104093
fastmultrec_greedy,2,11,85,10,30.0,3.0,0.0,0.380977
lcamap,2,11,85,10,30.0,3.0,0.0,0.055822
segdup,2,11,85,15,45,3,0,174.511119
insider,2,11,85,15,45.0,3.0,0.0,0.104733
fastmultrec_greedy,2,11,85,15,45.0,3.0,0.0,0.386017
lcamap,2,11,85,15,45.0,3.0,0.0,0.057498
segdup,2,11,85,20,60,3,0,83.706366
insider,2,11,85,20,60.0,3.0,0.0,0.100490
fastmultrec_greedy,2,11,85,20,60.0,3.0,0.0,0.367943
lcamap,2,11,85,20,60.0,3.0,0.0,0.056057
segdup,2,11,85,25,75,3,0,87.163586
insider,2,11,85,25,75.0,3.0,0.0,0.108175
fastmultrec_greedy,2,11,85,25,75.0,3.0,0.0,0.387846
lcamap,2,11,85,25,75.0,3.0,0.0,0.056332
segdup,2,11,85,5,15,3,0,195.057930
insider,2,11,85,5,15.0,3.0,0.0,0.096736
fastmultrec_greedy,2,11,85,5,15.0,3.0,0.0,0.355142
lcamap,2,11,85,5,15.0,3.0,0.0,0.054031
segdup,2,15,85,10,20,2,0,109.747219
insider,2,15,85,10,20.0,2.0,0.0,0.136825
fastmultrec_greedy,2,15,85,10,20.0,2.0,0.0,0.558443
lcamap,2,15,85,10,20.0,2.0,0.0,0.082101
segdup,2,15,85,15,30,2,0,107.186199
insider,2,15,85,15,30.0,2.0,0.0,0.140289
fastmultrec_greedy,2,15,85,15,30.0,2.0,0.0,0.554141
lcamap,2,15,85,15,30.0,2.0,0.0,0.080434
segdup,2,15,85,20,40,2,0,103.355547
insider,2,15,85,20,40.0,2.0,0.0,0.128153
fastmultrec_greedy,2,15,85,20,40.0,2.0,0.0,0.529913
lcamap,2,15,85,20,40.0,2.0,0.0,0.079530
segdup,2,15,85,25,50,2,0,103.785116
insider,2,15,85,25,50.0,2.0,0.0,0.138288
fastmultrec_greedy,2,15,85,25,50.0,2.0,0.0,0.554819
lcamap,2,15,85,25,50.0,2.0,0.0,0.081433
segdup,2,15,85,5,10,2,0,247.680745
insider,2,15,85,5,10.0,2.0,0.0,0.127481
fastmultrec_greedy,2,15,85,5,10.0,2.0,0.0,0.542725
lcamap,2,15,85,5,10.0,2.0,0.0,0.077398
segdup,2,8,85,10,612,48,132,94.331821
insider,2,8,85,10,605.0,44.0,165.0,0.244825
fastmultrec_greedy,2,8,85,10,612.0,48.0,132.0,0.278411
lcamap,2,8,85,10,612.0,48.0,132.0,0.037511
segdup,2,8,85,15,852,48,132,83.806250
insider,2,8,85,15,825.0,44.0,165.0,0.414252
fastmultrec_greedy,2,8,85,15,852.0,48.0,132.0,0.252810
lcamap,2,8,85,15,852.0,48.0,132.0,0.036548
segdup,2,8,85,20,1092,48,132,83.215383
insider,2,8,85,20,1045.0,44.0,165.0,1.216749
fastmultrec_greedy,2,8,85,20,1092.0,48.0,132.0,0.267950
lcamap,2,8,85,20,1092.0,48.0,132.0,0.036568
segdup,2,8,85,25,1332,48,132,84.020550
insider,2,8,85,25,1261.0,43.0,186.0,3.341553
fastmultrec_greedy,2,8,85,25,1332.0,48.0,132.0,0.264728
lcamap,2,8,85,25,1332.0,48.0,132.0,0.034827
segdup,2,8,85,5,372,48,132,91.316310
insider,2,8,85,5,372.0,48.0,132.0,0.123807
fastmultrec_greedy,2,8,85,5,372.0,48.0,132.0,0.257944
lcamap,2,8,85,5,372.0,48.0,132.0,0.035531
segdup,2,9,85,10,93,8,13,132.482024
insider,2,9,85,10,93.0,8.0,13.0,0.112144
fastmultrec_greedy,2,9,85,10,93.0,8.0,13.0,0.397796
lcamap,2,9,85,10,93.0,8.0,13.0,0.058371
segdup,2,9,85,15,133,8,13,129.634971
insider,2,9,85,15,133.0,8.0,13.0,0.117508
fastmultrec_greedy,2,9,85,15,133.0,8.0,13.0,0.384110
lcamap,2,9,85,15,133.0,8.0,13.0,0.056249
segdup,2,9,85,20,173,8,13,113.963967
insider,2,9,85,20,173.0,8.0,13.0,0.126912
fastmultrec_greedy,2,9,85,20,173.0,8.0,13.0,0.415686
lcamap,2,9,85,20,173.0,8.0,13.0,0.059771
segdup,2,9,85,25,213,8,13,87.778867
insider,2,9,85,25,213.0,8.0,13.0,0.135167
fastmultrec_greedy,2,9,85,25,213.0,8.0,13.0,0.408437
lcamap,2,9,85,25,213.0,8.0,13.0,0.059033
segdup,2,9,85,5,53,8,13,151.859282
insider,2,9,85,5,53.0,8.0,13.0,0.112001
fastmultrec_greedy,2,9,85,5,53.0,8.0,13.0,0.411553
lcamap,2,9,85,5,53.0,8.0,13.0,0.059184
segdup,1,10,86,10,20,2,0,92.535295
insider,1,10,86,10,20.0,2.0,0.0,0.047547
fastmultrec_greedy,1,10,86,10,20.0,2.0,0.0,0.167847
lcamap,1,10,86,10,20.0,2.0,0.0,0.027884
segdup,1,10,86,15,30,2,0,85.238239
insider,1,10,86,15,30.0,2.0,0.0,0.047497
fastmultrec_greedy,1,10,86,15,30.0,2.0,0.0,0.166458
lcamap,1,10,86,15,30.0,2.0,0.0,0.027719
segdup,1,10,86,20,40,2,0,51.379395
insider,1,10,86,20,40.0,2.0,0.0,0.047885
fastmultrec_greedy,1,10,86,20,40.0,2.0,0.0,0.171255
lcamap,1,10,86,20,40.0,2.0,0.0,0.027489
segdup,1,10,86,25,50,2,0,51.589096
insider,1,10,86,25,50.0,2.0,0.0,0.050249
fastmultrec_greedy,1,10,86,25,50.0,2.0,0.0,0.171292
lcamap,1,10,86,25,50.0,2.0,0.0,0.028262
segdup,1,10,86,5,10,2,0,95.299167
insider,1,10,86,5,10.0,2.0,0.0,0.046073
fastmultrec_greedy,1,10,86,5,10.0,2.0,0.0,0.166450
lcamap,1,10,86,5,10.0,2.0,0.0,0.027702
segdup,1,11,86,10,10,1,0,130.407311
insider,1,11,86,10,10.0,1.0,0.0,0.070688
fastmultrec_greedy,1,11,86,10,10.0,1.0,0.0,0.242908
lcamap,1,11,86,10,10.0,1.0,0.0,0.044820
segdup,1,11,86,15,15,1,0,74.228454
insider,1,11,86,15,15.0,1.0,0.0,0.067691
fastmultrec_greedy,1,11,86,15,15.0,1.0,0.0,0.243332
lcamap,1,11,86,15,15.0,1.0,0.0,0.045959
segdup,1,11,86,20,20,1,0,73.393122
insider,1,11,86,20,20.0,1.0,0.0,0.068988
fastmultrec_greedy,1,11,86,20,20.0,1.0,0.0,0.246536
lcamap,1,11,86,20,20.0,1.0,0.0,0.044237
segdup,1,11,86,25,25,1,0,80.549589
insider,1,11,86,25,25.0,1.0,0.0,0.068345
fastmultrec_greedy,1,11,86,25,25.0,1.0,0.0,0.251412
lcamap,1,11,86,25,25.0,1.0,0.0,0.044287
segdup,1,11,86,5,5,1,0,137.378698
insider,1,11,86,5,5.0,1.0,0.0,0.068365
fastmultrec_greedy,1,11,86,5,5.0,1.0,0.0,0.245231
lcamap,1,11,86,5,5.0,1.0,0.0,0.046285
segdup,1,15,86,10,10,1,0,152.521630
insider,1,15,86,10,10.0,1.0,0.0,0.078779
fastmultrec_greedy,1,15,86,10,10.0,1.0,0.0,0.304197
lcamap,1,15,86,10,10.0,1.0,0.0,0.052010
segdup,1,15,86,15,15,1,0,145.776945
insider,1,15,86,15,15.0,1.0,0.0,0.078001
fastmultrec_greedy,1,15,86,15,15.0,1.0,0.0,0.309648
lcamap,1,15,86,15,15.0,1.0,0.0,0.052218
segdup,1,15,86,20,20,1,0,84.354902
insider,1,15,86,20,20.0,1.0,0.0,0.078650
fastmultrec_greedy,1,15,86,20,20.0,1.0,0.0,0.303281
lcamap,1,15,86,20,20.0,1.0,0.0,0.052884
segdup,1,15,86,25,25,1,0,86.384172
insider,1,15,86,25,25.0,1.0,0.0,0.081233
fastmultrec_greedy,1,15,86,25,25.0,1.0,0.0,0.307593
lcamap,1,15,86,25,25.0,1.0,0.0,0.053196
segdup,1,15,86,5,5,1,0,163.126171
insider,1,15,86,5,5.0,1.0,0.0,0.078886
fastmultrec_greedy,1,15,86,5,5.0,1.0,0.0,0.304796
lcamap,1,15,86,5,5.0,1.0,0.0,0.051555
segdup,1,8,86,10,850,64,210,68.559870
insider,1,8,86,10,839.0,60.0,239.0,0.149630
fastmultrec_greedy,1,8,86,10,844.0,62.0,224.0,0.435212
lcamap,1,8,86,10,850.0,64.0,210.0,0.028241
segdup,1,8,86,15,1170,64,210,67.823496
insider,1,8,86,15,1133.0,58.0,263.0,0.329865
fastmultrec_greedy,1,8,86,15,1154.0,62.0,224.0,0.422123
lcamap,1,8,86,15,1170.0,64.0,210.0,0.028401
segdup,1,8,86,20,1490,64,210,65.418497
insider,1,8,86,20,1423.0,58.0,263.0,0.770557
fastmultrec_greedy,1,8,86,20,1464.0,62.0,224.0,0.436348
lcamap,1,8,86,20,1490.0,64.0,210.0,0.029808
segdup,1,8,86,25,1791,63,216,64.463675
insider,1,8,86,25,1702.0,54.0,352.0,2.589458
fastmultrec_greedy,1,8,86,25,1774.0,62.0,224.0,0.424317
lcamap,1,8,86,25,1810.0,64.0,210.0,0.028911
segdup,1,8,86,5,530,64,210,71.703683
insider,1,8,86,5,530.0,64.0,210.0,0.085250
fastmultrec_greedy,1,8,86,5,530.0,63.0,215.0,0.294956
lcamap,1,8,86,5,530.0,64.0,210.0,0.028736
segdup,1,9,86,10,280,26,20,126.858802
insider,1,9,86,10,280.0,26.0,20.0,0.118259
fastmultrec_greedy,1,9,86,10,280.0,26.0,20.0,0.310247
lcamap,1,9,86,10,280.0,26.0,20.0,0.051424
segdup,1,9,86,15,410,26,20,129.627918
insider,1,9,86,15,410.0,26.0,20.0,0.185403
fastmultrec_greedy,1,9,86,15,410.0,26.0,20.0,0.317395
lcamap,1,9,86,15,410.0,26.0,20.0,0.050379
segdup,1,9,86,20,540,26,20,108.409589
insider,1,9,86,20,540.0,26.0,20.0,0.523119
fastmultrec_greedy,1,9,86,20,540.0,26.0,20.0,0.315754
lcamap,1,9,86,20,540.0,26.0,20.0,0.053075
segdup,1,9,86,25,670,26,20,106.811647
insider,1,9,86,25,670.0,26.0,20.0,9.574716
fastmultrec_greedy,1,9,86,25,670.0,26.0,20.0,0.316743
lcamap,1,9,86,25,670.0,26.0,20.0,0.053648
segdup,1,9,86,5,150,26,20,122.588317
insider,1,9,86,5,150.0,26.0,20.0,0.095778
fastmultrec_greedy,1,9,86,5,150.0,26.0,20.0,0.316470
lcamap,1,9,86,5,150.0,26.0,20.0,0.050895
segdup,2,10,86,10,30,3,0,194.698599
insider,2,10,86,10,30.0,3.0,0.0,0.119455
fastmultrec_greedy,2,10,86,10,30.0,3.0,0.0,0.486739
lcamap,2,10,86,10,30.0,3.0,0.0,0.071048
segdup,2,10,86,15,45,3,0,103.920399
insider,2,10,86,15,45.0,3.0,0.0,0.127015
fastmultrec_greedy,2,10,86,15,45.0,3.0,0.0,0.433190
lcamap,2,10,86,15,45.0,3.0,0.0,0.070624
segdup,2,10,86,20,60,3,0,99.926819
insider,2,10,86,20,60.0,3.0,0.0,0.126840
fastmultrec_greedy,2,10,86,20,60.0,3.0,0.0,0.433541
lcamap,2,10,86,20,60.0,3.0,0.0,0.071801
segdup,2,10,86,25,75,3,0,105.409774
insider,2,10,86,25,75.0,3.0,0.0,0.125325
fastmultrec_greedy,2,10,86,25,75.0,3.0,0.0,0.428873
lcamap,2,10,86,25,75.0,3.0,0.0,0.073457
segdup,2,10,86,5,15,3,0,229.650474
insider,2,10,86,5,15.0,3.0,0.0,0.120447
fastmultrec_greedy,2,10,86,5,15.0,3.0,0.0,0.437006
lcamap,2,10,86,5,15.0,3.0,0.0,0.072159
segdup,2,11,86,10,75113,17,74943,464.585793
insider,2,11,86,10,75113.0,17.0,74943.0,0.187505
fastmultrec_greedy,2,11,86,10,75113.0,17.0,74943.0,0.376534
lcamap,2,11,86,10,75113.0,17.0,74943.0,0.089279
segdup,2,11,86,15,75198,17,74943,468.733962
insider,2,11,86,15,75198.0,17.0,74943.0,0.186720
fastmultrec_greedy,2,11,86,15,75198.0,17.0,74943.0,0.374867
lcamap,2,11,86,15,75198.0,17.0,74943.0,0.089794
segdup,2,11,86,20,75283,17,74943,476.230660
insider,2,11,86,20,75283.0,17.0,74943.0,0.192874
fastmultrec_greedy,2,11,86,20,75283.0,17.0,74943.0,0.375594
lcamap,2,11,86,20,75283.0,17.0,74943.0,0.087407
segdup,2,11,86,25,75368,17,74943,470.701418
insider,2,11,86,25,75368.0,17.0,74943.0,0.185810
fastmultrec_greedy,2,11,86,25,75368.0,17.0,74943.0,0.376128
lcamap,2,11,86,25,75368.0,17.0,74943.0,0.087379
segdup,2,11,86,5,75028,17,74943,458.732989
insider,2,11,86,5,75028.0,17.0,74943.0,0.189984
fastmultrec_greedy,2,11,86,5,75028.0,17.0,74943.0,0.376755
lcamap,2,11,86,5,75028.0,17.0,74943.0,0.088484
segdup,2,15,86,10,20,2,0,112.128385
insider,2,15,86,10,20.0,2.0,0.0,0.055705
fastmultrec_greedy,2,15,86,10,20.0,2.0,0.0,0.202627
lcamap,2,15,86,10,20.0,2.0,0.0,0.029847
segdup,2,15,86,15,30,2,0,86.826265
insider,2,15,86,15,30.0,2.0,0.0,0.056607
fastmultrec_greedy,2,15,86,15,30.0,2.0,0.0,0.198168
lcamap,2,15,86,15,30.0,2.0,0.0,0.030572
segdup,2,15,86,20,40,2,0,79.708894
insider,2,15,86,20,40.0,2.0,0.0,0.056148
fastmultrec_greedy,2,15,86,20,40.0,2.0,0.0,0.200977
lcamap,2,15,86,20,40.0,2.0,0.0,0.029916
segdup,2,15,86,25,50,2,0,56.612039
insider,2,15,86,25,50.0,2.0,0.0,0.057821
fastmultrec_greedy,2,15,86,25,50.0,2.0,0.0,0.193926
lcamap,2,15,86,25,50.0,2.0,0.0,0.029858
segdup,2,15,86,5,10,2,0,115.364364
insider,2,15,86,5,10.0,2.0,0.0,0.056798
fastmultrec_greedy,2,15,86,5,10.0,2.0,0.0,0.202214
lcamap,2,15,86,5,10.0,2.0,0.0,0.031781
segdup,2,8,86,10,1200,88,320,178.956505
insider,2,8,86,10,1189.0,83.0,359.0,0.467068
fastmultrec_greedy,2,8,86,10,1200.0,88.0,320.0,0.471246
lcamap,2,8,86,10,1200.0,88.0,320.0,0.079663
segdup,2,8,86,15,1640,88,320,183.381640
insider,2,8,86,15,1598.0,81.0,383.0,1.046871
fastmultrec_greedy,2,8,86,15,1640.0,88.0,320.0,0.483170
lcamap,2,8,86,15,1640.0,88.0,320.0,0.078982
segdup,2,8,86,20,2080,88,320,174.389069
insider,2,8,86,20,1993.0,78.0,433.0,2.831750
fastmultrec_greedy,2,8,86,20,2080.0,88.0,320.0,0.481382
lcamap,2,8,86,20,2080.0,88.0,320.0,0.078266
segdup,2,8,86,25,2520,88,320,169.802619
insider,2,8,86,25,2365.0,69.0,640.0,6.798792
fastmultrec_greedy,2,8,86,25,2520.0,88.0,320.0,0.477652
lcamap,2,8,86,25,2520.0,88.0,320.0,0.074001
segdup,2,8,86,5,760,88,320,176.142943
insider,2,8,86,5,760.0,88.0,320.0,0.225347
fastmultrec_greedy,2,8,86,5,760.0,88.0,320.0,0.482022
lcamap,2,8,86,5,760.0,88.0,320.0,0.077944
segdup,2,9,86,10,64,6,4,294.962083
insider,2,9,86,10,64.0,6.0,4.0,0.138166
fastmultrec_greedy,2,9,86,10,64.0,6.0,4.0,0.609743
lcamap,2,9,86,10,64.0,6.0,4.0,0.081449
segdup,2,9,86,15,94,6,4,235.548689
insider,2,9,86,15,94.0,6.0,4.0,0.146197
fastmultrec_greedy,2,9,86,15,94.0,6.0,4.0,0.620146
lcamap,2,9,86,15,94.0,6.0,4.0,0.082926
segdup,2,9,86,20,124,6,4,156.053403
insider,2,9,86,20,124.0,6.0,4.0,0.164794
fastmultrec_greedy,2,9,86,20,124.0,6.0,4.0,0.637940
lcamap,2,9,86,20,124.0,6.0,4.0,0.086770
segdup,2,9,86,25,154,6,4,159.718569
insider,2,9,86,25,154.0,6.0,4.0,0.168056
fastmultrec_greedy,2,9,86,25,154.0,6.0,4.0,0.613896
lcamap,2,9,86,25,154.0,6.0,4.0,0.081705
segdup,2,9,86,5,34,6,4,310.553571
insider,2,9,86,5,34.0,6.0,4.0,0.133044
fastmultrec_greedy,2,9,86,5,34.0,6.0,4.0,0.610578
lcamap,2,9,86,5,34.0,6.0,4.0,0.081026
segdup,1,10,87,10,33,3,3,172.059858
insider,1,10,87,10,33.0,3.0,3.0,0.091290
fastmultrec_greedy,1,10,87,10,33.0,3.0,3.0,0.352428
lcamap,1,10,87,10,33.0,3.0,3.0,0.054875
segdup,1,10,87,15,48,3,3,137.797387
insider,1,10,87,15,48.0,3.0,3.0,0.091090
fastmultrec_greedy,1,10,87,15,48.0,3.0,3.0,0.349130
lcamap,1,10,87,15,48.0,3.0,3.0,0.053222
segdup,1,10,87,20,63,3,3,100.077951
insider,1,10,87,20,63.0,3.0,3.0,0.091420
fastmultrec_greedy,1,10,87,20,63.0,3.0,3.0,0.345535
lcamap,1,10,87,20,63.0,3.0,3.0,0.053424
segdup,1,10,87,25,78,3,3,97.844821
insider,1,10,87,25,78.0,3.0,3.0,0.096568
fastmultrec_greedy,1,10,87,25,78.0,3.0,3.0,0.349985
lcamap,1,10,87,25,78.0,3.0,3.0,0.055930
segdup,1,10,87,5,18,3,3,179.213266
insider,1,10,87,5,18.0,3.0,3.0,0.088594
fastmultrec_greedy,1,10,87,5,18.0,3.0,3.0,0.349344
lcamap,1,10,87,5,18.0,3.0,3.0,0.053759
segdup,1,11,87,10,11,1,1,93.414015
insider,1,11,87,10,11.0,1.0,1.0,0.061548
fastmultrec_greedy,1,11,87,10,11.0,1.0,1.0,0.239383
lcamap,1,11,87,10,11.0,1.0,1.0,0.039648
segdup,1,11,87,15,16,1,1,93.438425
insider,1,11,87,15,16.0,1.0,1.0,0.060354
fastmultrec_greedy,1,11,87,15,16.0,1.0,1.0,0.237498
lcamap,1,11,87,15,16.0,1.0,1.0,0.038726
segdup,1,11,87,20,21,1,1,61.324566
insider,1,11,87,20,21.0,1.0,1.0,0.062778
fastmultrec_greedy,1,11,87,20,21.0,1.0,1.0,0.236899
lcamap,1,11,87,20,21.0,1.0,1.0,0.040136
segdup,1,11,87,25,26,1,1,62.308204
insider,1,11,87,25,26.0,1.0,1.0,0.062694
fastmultrec_greedy,1,11,87,25,26.0,1.0,1.0,0.238577
lcamap,1,11,87,25,26.0,1.0,1.0,0.039819
segdup,1,11,87,5,6,1,1,95.771754
insider,1,11,87,5,6.0,1.0,1.0,0.062688
fastmultrec_greedy,1,11,87,5,6.0,1.0,1.0,0.236901
lcamap,1,11,87,5,6.0,1.0,1.0,0.038685
segdup,1,15,87,10,10,1,0,112.954283
insider,1,15,87,10,10.0,1.0,0.0,0.062871
fastmultrec_greedy,1,15,87,10,10.0,1.0,0.0,0.250070
lcamap,1,15,87,10,10.0,1.0,0.0,0.036571
segdup,1,15,87,15,15,1,0,87.793528
insider,1,15,87,15,15.0,1.0,0.0,0.062666
fastmultrec_greedy,1,15,87,15,15.0,1.0,0.0,0.250732
lcamap,1,15,87,15,15.0,1.0,0.0,0.037272
segdup,1,15,87,20,20,1,0,65.395218
insider,1,15,87,20,20.0,1.0,0.0,0.062040
fastmultrec_greedy,1,15,87,20,20.0,1.0,0.0,0.246707
lcamap,1,15,87,20,20.0,1.0,0.0,0.036712
segdup,1,15,87,25,25,1,0,66.195170
insider,1,15,87,25,25.0,1.0,0.0,0.063904
fastmultrec_greedy,1,15,87,25,25.0,1.0,0.0,0.250189
lcamap,1,15,87,25,25.0,1.0,0.0,0.038069
segdup,1,15,87,5,5,1,0,122.545149
insider,1,15,87,5,5.0,1.0,0.0,0.062636
fastmultrec_greedy,1,15,87,5,5.0,1.0,0.0,0.250230
lcamap,1,15,87,5,5.0,1.0,0.0,0.037187
segdup,1,8,87,10,555,45,105,47.875318
insider,1,8,87,10,549.0,42.0,129.0,0.100811
fastmultrec_greedy,1,8,87,10,555.0,45.0,105.0,0.104800
lcamap,1,8,87,10,555.0,45.0,105.0,0.018757
segdup,1,8,87,15,776,44,116,43.890855
insider,1,8,87,15,753.0,40.0,153.0,0.174022
fastmultrec_greedy,1,8,87,15,780.0,45.0,105.0,0.105281
lcamap,1,8,87,15,780.0,45.0,105.0,0.018827
segdup,1,8,87,20,1005,45,105,43.862989
insider,1,8,87,20,951.0,38.0,191.0,0.336662
fastmultrec_greedy,1,8,87,20,1005.0,45.0,105.0,0.106152
lcamap,1,8,87,20,1005.0,45.0,105.0,0.019047
segdup,1,8,87,25,1230,45,105,47.107477
insider,1,8,87,25,1137.0,37.0,212.0,0.893376
fastmultrec_greedy,1,8,87,25,1230.0,45.0,105.0,0.105076
lcamap,1,8,87,25,1230.0,45.0,105.0,0.018648
segdup,1,8,87,5,330,45,105,57.652354
insider,1,8,87,5,330.0,45.0,105.0,0.061392
fastmultrec_greedy,1,8,87,5,330.0,45.0,105.0,0.106186
lcamap,1,8,87,5,330.0,45.0,105.0,0.019357
segdup,1,9,87,10,74,7,4,67.164872
insider,1,9,87,10,74.0,7.0,4.0,0.048777
fastmultrec_greedy,1,9,87,10,74.0,7.0,4.0,0.174400
lcamap,1,9,87,10,74.0,7.0,4.0,0.026439
segdup,1,9,87,15,109,7,4,44.146965
insider,1,9,87,15,109.0,7.0,4.0,0.052476
fastmultrec_greedy,1,9,87,15,109.0,7.0,4.0,0.171273
lcamap,1,9,87,15,109.0,7.0,4.0,0.026868
segdup,1,9,87,20,144,7,4,44.598991
insider,1,9,87,20,144.0,7.0,4.0,0.056150
fastmultrec_greedy,1,9,87,20,144.0,7.0,4.0,0.171418
lcamap,1,9,87,20,144.0,7.0,4.0,0.026315
segdup,1,9,87,25,179,7,4,44.900917
insider,1,9,87,25,179.0,7.0,4.0,0.058945
fastmultrec_greedy,1,9,87,25,179.0,7.0,4.0,0.172261
lcamap,1,9,87,25,179.0,7.0,4.0,0.026476
segdup,1,9,87,5,39,7,4,73.185964
insider,1,9,87,5,39.0,7.0,4.0,0.048504
fastmultrec_greedy,1,9,87,5,39.0,7.0,4.0,0.172247
lcamap,1,9,87,5,39.0,7.0,4.0,0.026336
segdup,2,10,87,10,20,2,0,170.541281
insider,2,10,87,10,20.0,2.0,0.0,0.103257
fastmultrec_greedy,2,10,87,10,20.0,2.0,0.0,0.380025
lcamap,2,10,87,10,20.0,2.0,0.0,0.065339
segdup,2,10,87,15,30,2,0,83.868358
insider,2,10,87,15,30.0,2.0,0.0,0.102223
fastmultrec_greedy,2,10,87,15,30.0,2.0,0.0,0.388953
lcamap,2,10,87,15,30.0,2.0,0.0,0.064738
segdup,2,10,87,20,40,2,0,82.674394
insider,2,10,87,20,40.0,2.0,0.0,0.109877
fastmultrec_greedy,2,10,87,20,40.0,2.0,0.0,0.409554
lcamap,2,10,87,20,40.0,2.0,0.0,0.066432
segdup,2,10,87,25,50,2,0,84.871713
insider,2,10,87,25,50.0,2.0,0.0,0.106265
fastmultrec_greedy,2,10,87,25,50.0,2.0,0.0,0.390988
lcamap,2,10,87,25,50.0,2.0,0.0,0.065456
segdup,2,10,87,5,10,2,0,196.240890
insider,2,10,87,5,10.0,2.0,0.0,0.108859
fastmultrec_greedy,2,10,87,5,10.0,2.0,0.0,0.402607
lcamap,2,10,87,5,10.0,2.0,0.0,0.067780
segdup,2,11,87,10,20,2,0,151.897935
insider,2,11,87,10,20.0,2.0,0.0,0.093553
fastmultrec_greedy,2,11,87,10,20.0,2.0,0.0,0.331916
lcamap,2,11,87,10,20.0,2.0,0.0,0.054896
segdup,2,11,87,15,30,2,0,69.471532
insider,2,11,87,15,30.0,2.0,0.0,0.086657
fastmultrec_greedy,2,11,87,15,30.0,2.0,0.0,0.297080
lcamap,2,11,87,15,30.0,2.0,0.0,0.050813
segdup,2,11,87,20,40,2,0,66.706813
insider,2,11,87,20,40.0,2.0,0.0,0.093996
fastmultrec_greedy,2,11,87,20,40.0,2.0,0.0,0.329164
lcamap,2,11,87,20,40.0,2.0,0.0,0.054073
segdup,2,11,87,25,50,2,0,67.611853
insider,2,11,87,25,50.0,2.0,0.0,0.087107
fastmultrec_greedy,2,11,87,25,50.0,2.0,0.0,0.303626
lcamap,2,11,87,25,50.0,2.0,0.0,0.052147
segdup,2,11,87,5,10,2,0,160.920950
insider,2,11,87,5,10.0,2.0,0.0,0.088670
fastmultrec_greedy,2,11,87,5,10.0,2.0,0.0,0.307864
lcamap,2,11,87,5,10.0,2.0,0.0,0.058165
segdup,2,15,87,10,20,2,0,190.354615
insider,2,15,87,10,20.0,2.0,0.0,0.090032
fastmultrec_greedy,2,15,87,10,20.0,2.0,0.0,0.332330
lcamap,2,15,87,10,20.0,2.0,0.0,0.052838
segdup,2,15,87,15,30,2,0,174.045578
insider,2,15,87,15,30.0,2.0,0.0,0.092404
fastmultrec_greedy,2,15,87,15,30.0,2.0,0.0,0.327960
lcamap,2,15,87,15,30.0,2.0,0.0,0.052296
segdup,2,15,87,20,40,2,0,124.958954
insider,2,15,87,20,40.0,2.0,0.0,0.090048
fastmultrec_greedy,2,15,87,20,40.0,2.0,0.0,0.329966
lcamap,2,15,87,20,40.0,2.0,0.0,0.052466
segdup,2,15,87,25,50,2,0,103.453074
insider,2,15,87,25,50.0,2.0,0.0,0.097304
fastmultrec_greedy,2,15,87,25,50.0,2.0,0.0,0.351700
lcamap,2,15,87,25,50.0,2.0,0.0,0.054336
segdup,2,15,87,5,-1,-1,-1,45.991202
insider,2,15,87,5,10.0,2.0,0.0,0.110951
segdup,2,8,87,10,1212,83,382,157.450595
insider,2,8,87,10,1186.0,79.0,396.0,0.322940
fastmultrec_greedy,2,8,87,10,1196.0,81.0,386.0,1.000305
lcamap,2,8,87,10,1212.0,83.0,382.0,0.062484
segdup,2,8,87,15,1619,81,404,151.943312
insider,2,8,87,15,1575.0,75.0,450.0,0.962948
fastmultrec_greedy,2,8,87,15,1601.0,81.0,386.0,0.935827
lcamap,2,8,87,15,1627.0,83.0,382.0,0.063792
segdup,2,8,87,20,2033,81,413,154.261178
insider,2,8,87,20,1939.0,72.0,499.0,4.913569
fastmultrec_greedy,2,8,87,20,1994.0,78.0,434.0,1.897119
lcamap,2,8,87,20,2042.0,83.0,382.0,0.061316
segdup,2,8,87,25,2449,82,399,150.399836
insider,2,8,87,25,2284.0,66.0,634.0,26.814341
fastmultrec_greedy,2,8,87,25,2384.0,78.0,434.0,1.869226
lcamap,2,8,87,25,2457.0,83.0,382.0,0.059727
segdup,2,8,87,5,797,83,382,162.981459
insider,2,8,87,5,790.0,80.0,390.0,0.177170
fastmultrec_greedy,2,8,87,5,791.0,81.0,386.0,0.959020
lcamap,2,8,87,5,797.0,83.0,382.0,0.058885
segdup,2,9,87,10,237,22,17,176.664635
insider,2,9,87,10,237.0,22.0,17.0,0.170814
fastmultrec_greedy,2,9,87,10,237.0,22.0,17.0,0.466971
lcamap,2,9,87,10,237.0,22.0,17.0,0.072013
segdup,2,9,87,15,347,22,17,159.891678
insider,2,9,87,15,347.0,22.0,17.0,0.241534
fastmultrec_greedy,2,9,87,15,347.0,22.0,17.0,0.440099
lcamap,2,9,87,15,347.0,22.0,17.0,0.072561
segdup,2,9,87,20,457,22,17,153.124611
insider,2,9,87,20,455.0,21.0,35.0,0.669472
fastmultrec_greedy,2,9,87,20,457.0,22.0,17.0,0.444650
lcamap,2,9,87,20,457.0,22.0,17.0,0.073879
segdup,2,9,87,25,567,22,17,143.850763
insider,2,9,87,25,560.0,21.0,35.0,5.187420
fastmultrec_greedy,2,9,87,25,567.0,22.0,17.0,0.440718
lcamap,2,9,87,25,567.0,22.0,17.0,0.073750
segdup,2,9,87,5,127,22,17,187.986845
insider,2,9,87,5,127.0,22.0,17.0,0.141973
fastmultrec_greedy,2,9,87,5,127.0,22.0,17.0,0.462049
lcamap,2,9,87,5,127.0,22.0,17.0,0.078794
segdup,1,10,88,10,22,2,2,92.023162
insider,1,10,88,10,22.0,2.0,2.0,0.053945
fastmultrec_greedy,1,10,88,10,22.0,2.0,2.0,0.199341
lcamap,1,10,88,10,22.0,2.0,2.0,0.032325
segdup,1,10,88,15,32,2,2,58.841115
insider,1,10,88,15,32.0,2.0,2.0,0.053950
fastmultrec_greedy,1,10,88,15,32.0,2.0,2.0,0.197893
lcamap,1,10,88,15,32.0,2.0,2.0,0.032022
segdup,1,10,88,20,42,2,2,58.073928
insider,1,10,88,20,42.0,2.0,2.0,0.054393
fastmultrec_greedy,1,10,88,20,42.0,2.0,2.0,0.197926
lcamap,1,10,88,20,42.0,2.0,2.0,0.033761
segdup,1,10,88,25,52,2,2,59.043298
insider,1,10,88,25,52.0,2.0,2.0,0.054897
fastmultrec_greedy,1,10,88,25,52.0,2.0,2.0,0.196605
lcamap,1,10,88,25,52.0,2.0,2.0,0.031639
segdup,1,10,88,5,12,2,2,95.589378
insider,1,10,88,5,12.0,2.0,2.0,0.052396
fastmultrec_greedy,1,10,88,5,12.0,2.0,2.0,0.196337
lcamap,1,10,88,5,12.0,2.0,2.0,0.031806
segdup,1,11,88,10,10,1,0,148.945744
insider,1,11,88,10,10.0,1.0,0.0,0.091398
fastmultrec_greedy,1,11,88,10,10.0,1.0,0.0,0.386797
lcamap,1,11,88,10,10.0,1.0,0.0,0.060017
segdup,1,11,88,15,15,1,0,136.506263
insider,1,11,88,15,15.0,1.0,0.0,0.093043
fastmultrec_greedy,1,11,88,15,15.0,1.0,0.0,0.389546
lcamap,1,11,88,15,15.0,1.0,0.0,0.060630
segdup,1,11,88,20,20,1,0,136.635827
insider,1,11,88,20,20.0,1.0,0.0,0.091721
fastmultrec_greedy,1,11,88,20,20.0,1.0,0.0,0.394530
lcamap,1,11,88,20,20.0,1.0,0.0,0.059720
segdup,1,11,88,25,25,1,0,98.044870
insider,1,11,88,25,25.0,1.0,0.0,0.090491
fastmultrec_greedy,1,11,88,25,25.0,1.0,0.0,0.389091
lcamap,1,11,88,25,25.0,1.0,0.0,0.058830
segdup,1,11,88,5,5,1,0,153.571777
insider,1,11,88,5,5.0,1.0,0.0,0.090450
fastmultrec_greedy,1,11,88,5,5.0,1.0,0.0,0.394539
lcamap,1,11,88,5,5.0,1.0,0.0,0.061122
segdup,1,15,88,10,10,1,0,165.299844
insider,1,15,88,10,10.0,1.0,0.0,0.082161
fastmultrec_greedy,1,15,88,10,10.0,1.0,0.0,0.337154
lcamap,1,15,88,10,10.0,1.0,0.0,0.052542
segdup,1,15,88,15,15,1,0,142.510203
insider,1,15,88,15,15.0,1.0,0.0,0.082246
fastmultrec_greedy,1,15,88,15,15.0,1.0,0.0,0.339367
lcamap,1,15,88,15,15.0,1.0,0.0,0.052844
segdup,1,15,88,20,20,1,0,101.838892
insider,1,15,88,20,20.0,1.0,0.0,0.082351
fastmultrec_greedy,1,15,88,20,20.0,1.0,0.0,0.341650
lcamap,1,15,88,20,20.0,1.0,0.0,0.051558
segdup,1,15,88,25,25,1,0,101.271364
insider,1,15,88,25,25.0,1.0,0.0,0.082323
fastmultrec_greedy,1,15,88,25,25.0,1.0,0.0,0.340977
lcamap,1,15,88,25,25.0,1.0,0.0,0.052756
segdup,1,15,88,5,5,1,0,173.199845
insider,1,15,88,5,5.0,1.0,0.0,0.082234
fastmultrec_greedy,1,15,88,5,5.0,1.0,0.0,0.341094
lcamap,1,15,88,5,5.0,1.0,0.0,0.052687
segdup,1,8,88,10,648,56,88,76.584551
insider,1,8,88,10,645.0,53.0,115.0,0.158586
fastmultrec_greedy,1,8,88,10,648.0,56.0,88.0,0.382019
lcamap,1,8,88,10,655.0,57.0,85.0,0.033973
segdup,1,8,88,15,928,56,88,71.335213
insider,1,8,88,15,903.0,51.0,138.0,0.354075
fastmultrec_greedy,1,8,88,15,928.0,56.0,88.0,0.390216
lcamap,1,8,88,15,940.0,57.0,85.0,0.033949
segdup,1,8,88,20,1208,56,88,67.608224
insider,1,8,88,20,1158.0,51.0,138.0,1.979720
fastmultrec_greedy,1,8,88,20,1208.0,56.0,88.0,0.373692
lcamap,1,8,88,20,1225.0,57.0,85.0,0.033402
segdup,1,8,88,25,1488,56,88,66.494452
insider,1,8,88,25,1413.0,51.0,138.0,21.718842
fastmultrec_greedy,1,8,88,25,1488.0,56.0,88.0,0.373767
lcamap,1,8,88,25,1510.0,57.0,85.0,0.034795
segdup,1,8,88,5,368,56,88,77.604217
insider,1,8,88,5,368.0,56.0,88.0,0.094679
fastmultrec_greedy,1,8,88,5,368.0,56.0,88.0,0.386886
lcamap,1,8,88,5,370.0,57.0,85.0,0.033825
segdup,1,9,88,10,175,16,15,99.536504
insider,1,9,88,10,175.0,16.0,15.0,0.090540
fastmultrec_greedy,1,9,88,10,175.0,16.0,15.0,0.251623
lcamap,1,9,88,10,175.0,16.0,15.0,0.039703
segdup,1,9,88,15,255,16,15,98.768576
insider,1,9,88,15,255.0,16.0,15.0,0.121290
fastmultrec_greedy,1,9,88,15,255.0,16.0,15.0,0.251952
lcamap,1,9,88,15,255.0,16.0,15.0,0.039335
segdup,1,9,88,20,335,16,15,76.776166
insider,1,9,88,20,335.0,16.0,15.0,0.161655
fastmultrec_greedy,1,9,88,20,335.0,16.0,15.0,0.252444
lcamap,1,9,88,20,335.0,16.0,15.0,0.041327
segdup,1,9,88,25,415,16,15,75.509702
insider,1,9,88,25,415.0,16.0,15.0,0.342033
fastmultrec_greedy,1,9,88,25,415.0,16.0,15.0,0.248944
lcamap,1,9,88,25,415.0,16.0,15.0,0.039546
segdup,1,9,88,5,95,16,15,102.911758
insider,1,9,88,5,95.0,16.0,15.0,0.078030
fastmultrec_greedy,1,9,88,5,95.0,16.0,15.0,0.250498
lcamap,1,9,88,5,95.0,16.0,15.0,0.039548
segdup,2,10,88,10,30,3,0,150.743741
insider,2,10,88,10,30.0,3.0,0.0,0.079787
fastmultrec_greedy,2,10,88,10,30.0,3.0,0.0,0.272006
lcamap,2,10,88,10,30.0,3.0,0.0,0.044444
segdup,2,10,88,15,45,3,0,140.258600
insider,2,10,88,15,45.0,3.0,0.0,0.079973
fastmultrec_greedy,2,10,88,15,45.0,3.0,0.0,0.276247
lcamap,2,10,88,15,45.0,3.0,0.0,0.044591
segdup,2,10,88,20,60,3,0,128.481744
insider,2,10,88,20,60.0,3.0,0.0,0.081586
fastmultrec_greedy,2,10,88,20,60.0,3.0,0.0,0.270028
lcamap,2,10,88,20,60.0,3.0,0.0,0.043010
segdup,2,10,88,25,75,3,0,82.360827
insider,2,10,88,25,75.0,3.0,0.0,0.082666
fastmultrec_greedy,2,10,88,25,75.0,3.0,0.0,0.273509
lcamap,2,10,88,25,75.0,3.0,0.0,0.043987
segdup,2,10,88,5,15,3,0,175.551455
insider,2,10,88,5,15.0,3.0,0.0,0.077307
fastmultrec_greedy,2,10,88,5,15.0,3.0,0.0,0.268333
lcamap,2,10,88,5,15.0,3.0,0.0,0.042560
segdup,2,11,88,10,21,2,1,247.907663
insider,2,11,88,10,21.0,2.0,1.0,0.145441
fastmultrec_greedy,2,11,88,10,21.0,2.0,1.0,0.606241
lcamap,2,11,88,10,21.0,2.0,1.0,0.082210
segdup,2,11,88,15,31,2,1,124.921941
insider,2,11,88,15,31.0,2.0,1.0,0.146106
fastmultrec_greedy,2,11,88,15,31.0,2.0,1.0,0.606667
lcamap,2,11,88,15,31.0,2.0,1.0,0.083702
segdup,2,11,88,20,41,2,1,119.298326
insider,2,11,88,20,41.0,2.0,1.0,0.150685
fastmultrec_greedy,2,11,88,20,41.0,2.0,1.0,0.598996
lcamap,2,11,88,20,41.0,2.0,1.0,0.083150
segdup,2,11,88,25,51,2,1,119.058826
insider,2,11,88,25,51.0,2.0,1.0,0.146558
fastmultrec_greedy,2,11,88,25,51.0,2.0,1.0,0.616116
lcamap,2,11,88,25,51.0,2.0,1.0,0.086307
segdup,2,11,88,5,11,2,1,276.161297
insider,2,11,88,5,11.0,2.0,1.0,0.151913
fastmultrec_greedy,2,11,88,5,11.0,2.0,1.0,0.605733
lcamap,2,11,88,5,11.0,2.0,1.0,0.083092
segdup,2,15,88,10,20,2,0,218.429858
insider,2,15,88,10,20.0,2.0,0.0,0.148141
fastmultrec_greedy,2,15,88,10,20.0,2.0,0.0,0.546585
lcamap,2,15,88,10,20.0,2.0,0.0,0.092305
segdup,2,15,88,15,30,2,0,125.063517
insider,2,15,88,15,30.0,2.0,0.0,0.145594
fastmultrec_greedy,2,15,88,15,30.0,2.0,0.0,0.541827
lcamap,2,15,88,15,30.0,2.0,0.0,0.092053
segdup,2,15,88,20,40,2,0,124.319732
insider,2,15,88,20,40.0,2.0,0.0,0.145871
fastmultrec_greedy,2,15,88,20,40.0,2.0,0.0,0.550095
lcamap,2,15,88,20,40.0,2.0,0.0,0.090803
segdup,2,15,88,25,50,2,0,124.708234
insider,2,15,88,25,50.0,2.0,0.0,0.147231
fastmultrec_greedy,2,15,88,25,50.0,2.0,0.0,0.540332
lcamap,2,15,88,25,50.0,2.0,0.0,0.089696
segdup,2,15,88,5,10,2,0,273.305918
insider,2,15,88,5,10.0,2.0,0.0,0.146631
fastmultrec_greedy,2,15,88,5,10.0,2.0,0.0,0.542621
lcamap,2,15,88,5,10.0,2.0,0.0,0.092124
segdup,2,8,88,10,519,43,89,111.314144
insider,2,8,88,10,510.0,40.0,110.0,0.263380
fastmultrec_greedy,2,8,88,10,523.0,44.0,83.0,0.697469
lcamap,2,8,88,10,530.0,45.0,80.0,0.052685
segdup,2,8,88,15,743,44,83,103.607693
insider,2,8,88,15,710.0,40.0,110.0,0.710361
fastmultrec_greedy,2,8,88,15,743.0,44.0,83.0,0.693741
lcamap,2,8,88,15,755.0,45.0,80.0,0.054327
segdup,2,8,88,20,965,44,85,95.351750
insider,2,8,88,20,906.0,38.0,146.0,1.952247
fastmultrec_greedy,2,8,88,20,963.0,44.0,83.0,0.687887
lcamap,2,8,88,20,980.0,45.0,80.0,0.052484
segdup,2,8,88,25,1185,44,85,94.549473
insider,2,8,88,25,1096.0,38.0,146.0,10.017288
fastmultrec_greedy,2,8,88,25,1183.0,44.0,83.0,0.691106
lcamap,2,8,88,25,1205.0,45.0,80.0,0.054413
segdup,2,8,88,5,305,45,80,115.420643
insider,2,8,88,5,303.0,44.0,83.0,0.171539
fastmultrec_greedy,2,8,88,5,303.0,44.0,83.0,0.704855
lcamap,2,8,88,5,305.0,45.0,80.0,0.054179
segdup,2,9,88,10,298,26,38,180.972715
insider,2,9,88,10,294.0,25.0,44.0,0.229768
fastmultrec_greedy,2,9,88,10,298.0,26.0,38.0,0.592367
lcamap,2,9,88,10,298.0,26.0,38.0,0.087105
segdup,2,9,88,15,428,26,38,133.129899
insider,2,9,88,15,419.0,25.0,44.0,0.383920
fastmultrec_greedy,2,9,88,15,428.0,26.0,38.0,0.593201
lcamap,2,9,88,15,428.0,26.0,38.0,0.089179
segdup,2,9,88,20,558,26,38,134.902873
insider,2,9,88,20,544.0,25.0,44.0,0.592553
fastmultrec_greedy,2,9,88,20,558.0,26.0,38.0,0.592848
lcamap,2,9,88,20,558.0,26.0,38.0,0.086243
segdup,2,9,88,25,688,26,38,138.368392
insider,2,9,88,25,669.0,25.0,44.0,1.790759
fastmultrec_greedy,2,9,88,25,688.0,26.0,38.0,0.583477
lcamap,2,9,88,25,688.0,26.0,38.0,0.088192
segdup,2,9,88,5,168,26,38,192.834374
insider,2,9,88,5,168.0,26.0,38.0,0.192634
fastmultrec_greedy,2,9,88,5,168.0,26.0,38.0,0.592273
lcamap,2,9,88,5,168.0,26.0,38.0,0.088504
segdup,2,10,89,10,31,3,1,116.037129
insider,2,10,89,10,31.0,3.0,1.0,0.076146
fastmultrec_greedy,2,10,89,10,31.0,3.0,1.0,0.243908
lcamap,2,10,89,10,31.0,3.0,1.0,0.042249
segdup,2,10,89,15,46,3,1,54.832707
insider,2,10,89,15,46.0,3.0,1.0,0.074049
fastmultrec_greedy,2,10,89,15,46.0,3.0,1.0,0.243244
lcamap,2,10,89,15,46.0,3.0,1.0,0.042230
segdup,2,10,89,20,61,3,1,54.659165
insider,2,10,89,20,61.0,3.0,1.0,0.075441
fastmultrec_greedy,2,10,89,20,61.0,3.0,1.0,0.247067
lcamap,2,10,89,20,61.0,3.0,1.0,0.041306
segdup,2,10,89,25,76,3,1,54.592612
insider,2,10,89,25,76.0,3.0,1.0,0.074172
fastmultrec_greedy,2,10,89,25,76.0,3.0,1.0,0.241589
lcamap,2,10,89,25,76.0,3.0,1.0,0.041803
segdup,2,10,89,5,16,3,1,130.167065
insider,2,10,89,5,16.0,3.0,1.0,0.073486
fastmultrec_greedy,2,10,89,5,16.0,3.0,1.0,0.244042
lcamap,2,10,89,5,16.0,3.0,1.0,0.042674
segdup,2,11,89,10,20,2,0,309.146169
insider,2,11,89,10,20.0,2.0,0.0,0.160261
fastmultrec_greedy,2,11,89,10,20.0,2.0,0.0,0.646597
lcamap,2,11,89,10,20.0,2.0,0.0,0.098585
segdup,2,11,89,15,30,2,0,159.740115
insider,2,11,89,15,30.0,2.0,0.0,0.160202
fastmultrec_greedy,2,11,89,15,30.0,2.0,0.0,0.641452
lcamap,2,11,89,15,30.0,2.0,0.0,0.100628
segdup,2,11,89,20,40,2,0,144.702470
insider,2,11,89,20,40.0,2.0,0.0,0.167869
fastmultrec_greedy,2,11,89,20,40.0,2.0,0.0,0.652857
lcamap,2,11,89,20,40.0,2.0,0.0,0.105359
segdup,2,11,89,25,50,2,0,142.870676
insider,2,11,89,25,50.0,2.0,0.0,0.168987
fastmultrec_greedy,2,11,89,25,50.0,2.0,0.0,0.651008
lcamap,2,11,89,25,50.0,2.0,0.0,0.103992
segdup,2,11,89,5,10,2,0,314.118511
insider,2,11,89,5,10.0,2.0,0.0,0.161348
fastmultrec_greedy,2,11,89,5,10.0,2.0,0.0,0.639146
lcamap,2,11,89,5,10.0,2.0,0.0,0.099807
segdup,2,15,89,10,20,2,0,192.588137
insider,2,15,89,10,20.0,2.0,0.0,0.130043
fastmultrec_greedy,2,15,89,10,20.0,2.0,0.0,0.526521
lcamap,2,15,89,10,20.0,2.0,0.0,0.086364
segdup,2,15,89,15,30,2,0,163.472066
insider,2,15,89,15,30.0,2.0,0.0,0.089858
fastmultrec_greedy,2,15,89,15,30.0,2.0,0.0,0.357079
lcamap,2,15,89,15,30.0,2.0,0.0,0.056683
segdup,2,15,89,20,40,2,0,103.125017
insider,2,15,89,20,40.0,2.0,0.0,0.088483
fastmultrec_greedy,2,15,89,20,40.0,2.0,0.0,0.334999
lcamap,2,15,89,20,40.0,2.0,0.0,0.054376
segdup,2,15,89,25,50,2,0,99.854284
insider,2,15,89,25,50.0,2.0,0.0,0.109716
fastmultrec_greedy,2,15,89,25,50.0,2.0,0.0,0.361476
lcamap,2,15,89,25,50.0,2.0,0.0,0.057853
segdup,2,15,89,5,10,2,0,216.898474
insider,2,15,89,5,10.0,2.0,0.0,0.088657
fastmultrec_greedy,2,15,89,5,10.0,2.0,0.0,0.368907
lcamap,2,15,89,5,10.0,2.0,0.0,0.056418
segdup,2,8,89,10,557,47,87,262.011652
insider,2,8,89,10,556.0,46.0,96.0,0.356539
fastmultrec_greedy,2,8,89,10,557.0,47.0,87.0,0.777423
lcamap,2,8,89,10,557.0,47.0,87.0,0.109994
segdup,2,8,89,15,792,47,87,231.448039
insider,2,8,89,15,782.0,44.0,122.0,0.584839
fastmultrec_greedy,2,8,89,15,792.0,47.0,87.0,0.763811
lcamap,2,8,89,15,792.0,47.0,87.0,0.112079
segdup,2,8,89,20,1027,47,87,226.504164
insider,2,8,89,20,1000.0,43.0,140.0,1.645503
fastmultrec_greedy,2,8,89,20,1027.0,47.0,87.0,0.753049
lcamap,2,8,89,20,1027.0,47.0,87.0,0.111692
segdup,2,8,89,25,1262,47,87,240.640641
insider,2,8,89,25,1215.0,43.0,140.0,6.118830
fastmultrec_greedy,2,8,89,25,1262.0,47.0,87.0,0.756076
lcamap,2,8,89,25,1262.0,47.0,87.0,0.111143
segdup,2,8,89,5,322,47,87,266.466994
insider,2,8,89,5,322.0,47.0,87.0,0.255313
fastmultrec_greedy,2,8,89,5,322.0,47.0,87.0,0.772126
lcamap,2,8,89,5,322.0,47.0,87.0,0.112370
segdup,2,9,89,10,179,16,19,72.580528
insider,2,9,89,10,177.0,14.0,37.0,0.112463
fastmultrec_greedy,2,9,89,10,179.0,16.0,19.0,0.167776
lcamap,2,9,89,10,179.0,16.0,19.0,0.030691
segdup,2,9,89,15,259,16,19,61.223634
insider,2,9,89,15,247.0,14.0,37.0,0.238706
fastmultrec_greedy,2,9,89,15,259.0,16.0,19.0,0.171579
lcamap,2,9,89,15,259.0,16.0,19.0,0.031673
segdup,2,9,89,20,339,16,19,57.870834
insider,2,9,89,20,316.0,12.0,76.0,0.661116
fastmultrec_greedy,2,9,89,20,339.0,16.0,19.0,0.165206
lcamap,2,9,89,20,339.0,16.0,19.0,0.030567
segdup,2,9,89,25,419,16,19,51.172211
insider,2,9,89,25,373.0,11.0,98.0,2.304827
fastmultrec_greedy,2,9,89,25,419.0,16.0,19.0,0.164039
lcamap,2,9,89,25,419.0,16.0,19.0,0.030617
segdup,2,9,89,5,99,16,19,70.683232
insider,2,9,89,5,99.0,16.0,19.0,0.073655
fastmultrec_greedy,2,9,89,5,99.0,16.0,19.0,0.168080
lcamap,2,9,89,5,99.0,16.0,19.0,0.030380
segdup,1,10,8,10,10,1,0,52.942587
insider,1,10,8,10,10.0,1.0,0.0,0.031719
fastmultrec_greedy,1,10,8,10,10.0,1.0,0.0,0.093261
lcamap,1,10,8,10,10.0,1.0,0.0,0.018494
segdup,1,10,8,15,15,1,0,30.355141
insider,1,10,8,15,15.0,1.0,0.0,0.033251
fastmultrec_greedy,1,10,8,15,15.0,1.0,0.0,0.091233
lcamap,1,10,8,15,15.0,1.0,0.0,0.017928
segdup,1,10,8,20,20,1,0,30.430045
insider,1,10,8,20,20.0,1.0,0.0,0.032768
fastmultrec_greedy,1,10,8,20,20.0,1.0,0.0,0.093628
lcamap,1,10,8,20,20.0,1.0,0.0,0.018019
segdup,1,10,8,25,25,1,0,30.008699
insider,1,10,8,25,25.0,1.0,0.0,0.033536
fastmultrec_greedy,1,10,8,25,25.0,1.0,0.0,0.092801
lcamap,1,10,8,25,25.0,1.0,0.0,0.018647
segdup,1,10,8,5,5,1,0,56.530649
insider,1,10,8,5,5.0,1.0,0.0,0.032726
fastmultrec_greedy,1,10,8,5,5.0,1.0,0.0,0.092201
lcamap,1,10,8,5,5.0,1.0,0.0,0.017957
segdup,1,11,8,10,10,1,0,122.041641
insider,1,11,8,10,10.0,1.0,0.0,0.073314
fastmultrec_greedy,1,11,8,10,10.0,1.0,0.0,0.258976
lcamap,1,11,8,10,10.0,1.0,0.0,0.046722
segdup,1,11,8,15,15,1,0,105.612542
insider,1,11,8,15,15.0,1.0,0.0,0.075463
fastmultrec_greedy,1,11,8,15,15.0,1.0,0.0,0.264189
lcamap,1,11,8,15,15.0,1.0,0.0,0.046624
segdup,1,11,8,20,20,1,0,104.510428
insider,1,11,8,20,20.0,1.0,0.0,0.071346
fastmultrec_greedy,1,11,8,20,20.0,1.0,0.0,0.260607
lcamap,1,11,8,20,20.0,1.0,0.0,0.045433
segdup,1,11,8,25,25,1,0,71.235190
insider,1,11,8,25,25.0,1.0,0.0,0.069084
fastmultrec_greedy,1,11,8,25,25.0,1.0,0.0,0.261005
lcamap,1,11,8,25,25.0,1.0,0.0,0.045027
segdup,1,11,8,5,5,1,0,131.642639
insider,1,11,8,5,5.0,1.0,0.0,0.074208
fastmultrec_greedy,1,11,8,5,5.0,1.0,0.0,0.259527
lcamap,1,11,8,5,5.0,1.0,0.0,0.045460
segdup,1,15,8,10,10,1,0,63.418382
insider,1,15,8,10,10.0,1.0,0.0,0.038225
fastmultrec_greedy,1,15,8,10,10.0,1.0,0.0,0.120701
lcamap,1,15,8,10,10.0,1.0,0.0,0.021850
segdup,1,15,8,15,15,1,0,56.979981
insider,1,15,8,15,15.0,1.0,0.0,0.036770
fastmultrec_greedy,1,15,8,15,15.0,1.0,0.0,0.121901
lcamap,1,15,8,15,15.0,1.0,0.0,0.021360
segdup,1,15,8,20,20,1,0,39.167238
insider,1,15,8,20,20.0,1.0,0.0,0.038085
fastmultrec_greedy,1,15,8,20,20.0,1.0,0.0,0.120845
lcamap,1,15,8,20,20.0,1.0,0.0,0.021203
segdup,1,15,8,25,25,1,0,39.048611
insider,1,15,8,25,25.0,1.0,0.0,0.038443
fastmultrec_greedy,1,15,8,25,25.0,1.0,0.0,0.120368
lcamap,1,15,8,25,25.0,1.0,0.0,0.021513
segdup,1,15,8,5,5,1,0,65.701958
insider,1,15,8,5,5.0,1.0,0.0,0.038498
fastmultrec_greedy,1,15,8,5,5.0,1.0,0.0,0.119869
lcamap,1,15,8,5,5.0,1.0,0.0,0.021521
segdup,1,8,8,10,281,24,41,75.299054
insider,1,8,8,10,275.0,21.0,65.0,0.083074
fastmultrec_greedy,1,8,8,10,281.0,24.0,41.0,0.269849
lcamap,1,8,8,10,288.0,25.0,38.0,0.025889
segdup,1,8,8,15,401,24,41,69.171355
insider,1,8,8,15,376.0,20.0,76.0,0.153073
fastmultrec_greedy,1,8,8,15,401.0,24.0,41.0,0.268816
lcamap,1,8,8,15,413.0,25.0,38.0,0.027317
segdup,1,8,8,20,521,24,41,68.883655
insider,1,8,8,20,476.0,20.0,76.0,0.380678
fastmultrec_greedy,1,8,8,20,521.0,24.0,41.0,0.268708
lcamap,1,8,8,20,538.0,25.0,38.0,0.025457
segdup,1,8,8,25,641,24,41,70.130371
insider,1,8,8,25,576.0,20.0,76.0,0.967637
fastmultrec_greedy,1,8,8,25,641.0,24.0,41.0,0.270971
lcamap,1,8,8,25,663.0,25.0,38.0,0.026437
segdup,1,8,8,5,161,24,41,73.889839
insider,1,8,8,5,161.0,24.0,41.0,0.063128
fastmultrec_greedy,1,8,8,5,161.0,24.0,41.0,0.270480
lcamap,1,8,8,5,163.0,25.0,38.0,0.026281
segdup,1,9,8,10,85,8,5,132.937074
insider,1,9,8,10,85.0,8.0,5.0,0.095013
fastmultrec_greedy,1,9,8,10,85.0,8.0,5.0,0.412322
lcamap,1,9,8,10,85.0,8.0,5.0,0.057848
segdup,1,9,8,15,125,8,5,132.721632
insider,1,9,8,15,125.0,8.0,5.0,0.097660
fastmultrec_greedy,1,9,8,15,125.0,8.0,5.0,0.412948
lcamap,1,9,8,15,125.0,8.0,5.0,0.057618
segdup,1,9,8,20,165,8,5,92.950050
insider,1,9,8,20,165.0,8.0,5.0,0.105562
fastmultrec_greedy,1,9,8,20,165.0,8.0,5.0,0.418275
lcamap,1,9,8,20,165.0,8.0,5.0,0.057512
segdup,1,9,8,25,205,8,5,94.684343
insider,1,9,8,25,205.0,8.0,5.0,0.121083
fastmultrec_greedy,1,9,8,25,205.0,8.0,5.0,0.416190
lcamap,1,9,8,25,205.0,8.0,5.0,0.058858
segdup,1,9,8,5,45,8,5,138.286873
insider,1,9,8,5,45.0,8.0,5.0,0.091940
fastmultrec_greedy,1,9,8,5,45.0,8.0,5.0,0.419233
lcamap,1,9,8,5,45.0,8.0,5.0,0.057078
segdup,2,10,8,10,30,3,0,73.844866
insider,2,10,8,10,30.0,3.0,0.0,0.057206
fastmultrec_greedy,2,10,8,10,30.0,3.0,0.0,0.188901
lcamap,2,10,8,10,30.0,3.0,0.0,0.030856
segdup,2,10,8,15,45,3,0,69.285955
insider,2,10,8,15,45.0,3.0,0.0,0.055613
fastmultrec_greedy,2,10,8,15,45.0,3.0,0.0,0.191710
lcamap,2,10,8,15,45.0,3.0,0.0,0.030029
segdup,2,10,8,20,60,3,0,37.847785
insider,2,10,8,20,60.0,3.0,0.0,0.057215
fastmultrec_greedy,2,10,8,20,60.0,3.0,0.0,0.189912
lcamap,2,10,8,20,60.0,3.0,0.0,0.029154
segdup,2,10,8,25,75,3,0,37.202533
insider,2,10,8,25,75.0,3.0,0.0,0.061435
fastmultrec_greedy,2,10,8,25,75.0,3.0,0.0,0.192629
lcamap,2,10,8,25,75.0,3.0,0.0,0.031308
segdup,2,10,8,5,15,3,0,74.766051
insider,2,10,8,5,15.0,3.0,0.0,0.054534
fastmultrec_greedy,2,10,8,5,15.0,3.0,0.0,0.188199
lcamap,2,10,8,5,15.0,3.0,0.0,0.029539
segdup,2,11,8,10,20,2,0,244.597693
insider,2,11,8,10,20.0,2.0,0.0,0.155410
fastmultrec_greedy,2,11,8,10,20.0,2.0,0.0,0.630948
lcamap,2,11,8,10,20.0,2.0,0.0,0.096900
segdup,2,11,8,15,30,2,0,130.324925
insider,2,11,8,15,30.0,2.0,0.0,0.154963
fastmultrec_greedy,2,11,8,15,30.0,2.0,0.0,0.636339
lcamap,2,11,8,15,30.0,2.0,0.0,0.099092
segdup,2,11,8,20,40,2,0,129.347726
insider,2,11,8,20,40.0,2.0,0.0,0.155505
fastmultrec_greedy,2,11,8,20,40.0,2.0,0.0,0.617607
lcamap,2,11,8,20,40.0,2.0,0.0,0.098513
segdup,2,11,8,25,50,2,0,131.661378
insider,2,11,8,25,50.0,2.0,0.0,0.152296
fastmultrec_greedy,2,11,8,25,50.0,2.0,0.0,0.621305
lcamap,2,11,8,25,50.0,2.0,0.0,0.095130
segdup,2,11,8,5,10,2,0,293.319275
insider,2,11,8,5,10.0,2.0,0.0,0.155518
fastmultrec_greedy,2,11,8,5,10.0,2.0,0.0,0.636082
lcamap,2,11,8,5,10.0,2.0,0.0,0.099592
segdup,2,15,8,10,20,2,0,182.877355
insider,2,15,8,10,20.0,2.0,0.0,0.130452
fastmultrec_greedy,2,15,8,10,20.0,2.0,0.0,0.559150
lcamap,2,15,8,10,20.0,2.0,0.0,0.080642
segdup,2,15,8,15,30,2,0,100.450709
insider,2,15,8,15,30.0,2.0,0.0,0.127903
fastmultrec_greedy,2,15,8,15,30.0,2.0,0.0,0.549639
lcamap,2,15,8,15,30.0,2.0,0.0,0.078263
segdup,2,15,8,20,40,2,0,96.528641
insider,2,15,8,20,40.0,2.0,0.0,0.128272
fastmultrec_greedy,2,15,8,20,40.0,2.0,0.0,0.558555
lcamap,2,15,8,20,40.0,2.0,0.0,0.079019
segdup,2,15,8,25,50,2,0,96.132628
insider,2,15,8,25,50.0,2.0,0.0,0.127357
fastmultrec_greedy,2,15,8,25,50.0,2.0,0.0,0.551471
lcamap,2,15,8,25,50.0,2.0,0.0,0.078027
segdup,2,15,8,5,10,2,0,229.902030
insider,2,15,8,5,10.0,2.0,0.0,0.130482
fastmultrec_greedy,2,15,8,5,10.0,2.0,0.0,0.554894
lcamap,2,15,8,5,10.0,2.0,0.0,0.077879
segdup,2,8,8,10,708,58,128,103.023607
insider,2,8,8,10,697.0,54.0,157.0,0.222923
fastmultrec_greedy,2,8,8,10,703.0,57.0,133.0,0.683358
lcamap,2,8,8,10,714.0,59.0,124.0,0.044979
segdup,2,8,8,15,999,58,129,90.035163
insider,2,8,8,15,966.0,53.0,171.0,0.882670
fastmultrec_greedy,2,8,8,15,988.0,57.0,133.0,0.692635
lcamap,2,8,8,15,1009.0,59.0,124.0,0.047442
segdup,2,8,8,20,1287,58,127,90.864343
insider,2,8,8,20,1223.0,51.0,203.0,8.538710
fastmultrec_greedy,2,8,8,20,1273.0,57.0,133.0,0.693893
lcamap,2,8,8,20,1304.0,59.0,124.0,0.047028
segdup,2,8,8,25,1585,58,135,90.229889
insider,2,8,8,25,1451.0,43.0,376.0,72.609868
fastmultrec_greedy,2,8,8,25,1558.0,57.0,133.0,0.689709
lcamap,2,8,8,25,1599.0,59.0,124.0,0.047296
segdup,2,8,8,5,419,59,124,104.920803
insider,2,8,8,5,417.0,58.0,127.0,0.141810
fastmultrec_greedy,2,8,8,5,417.0,58.0,127.0,0.487552
lcamap,2,8,8,5,419.0,59.0,124.0,0.046904
segdup,2,9,8,10,265,24,25,81.056670
insider,2,9,8,10,261.0,23.0,31.0,0.142883
fastmultrec_greedy,2,9,8,10,265.0,24.0,25.0,0.250768
lcamap,2,9,8,10,265.0,24.0,25.0,0.040486
segdup,2,9,8,15,376,23,31,77.826642
insider,2,9,8,15,376.0,23.0,31.0,0.251975
fastmultrec_greedy,2,9,8,15,385.0,24.0,25.0,0.250389
lcamap,2,9,8,15,385.0,24.0,25.0,0.042549
segdup,2,9,8,20,491,23,31,73.704752
insider,2,9,8,20,491.0,23.0,31.0,0.402090
fastmultrec_greedy,2,9,8,20,505.0,24.0,25.0,0.246823
lcamap,2,9,8,20,505.0,24.0,25.0,0.038755
segdup,2,9,8,25,625,24,25,75.841978
insider,2,9,8,25,606.0,23.0,31.0,1.677759
fastmultrec_greedy,2,9,8,25,625.0,24.0,25.0,0.245964
lcamap,2,9,8,25,625.0,24.0,25.0,0.038852
segdup,2,9,8,5,145,24,25,87.166034
insider,2,9,8,5,145.0,24.0,25.0,0.105009
fastmultrec_greedy,2,9,8,5,145.0,24.0,25.0,0.247080
lcamap,2,9,8,5,145.0,24.0,25.0,0.038619
segdup,1,10,9,10,11,1,1,108.747212
insider,1,10,9,10,11.0,1.0,1.0,0.058150
fastmultrec_greedy,1,10,9,10,11.0,1.0,1.0,0.217112
lcamap,1,10,9,10,11.0,1.0,1.0,0.034332
segdup,1,10,9,15,16,1,1,103.825547
insider,1,10,9,15,16.0,1.0,1.0,0.062259
fastmultrec_greedy,1,10,9,15,16.0,1.0,1.0,0.225000
lcamap,1,10,9,15,16.0,1.0,1.0,0.033737
segdup,1,10,9,20,21,1,1,82.929620
insider,1,10,9,20,21.0,1.0,1.0,0.062995
fastmultrec_greedy,1,10,9,20,21.0,1.0,1.0,0.221576
lcamap,1,10,9,20,21.0,1.0,1.0,0.034993
segdup,1,10,9,25,26,1,1,62.357644
insider,1,10,9,25,26.0,1.0,1.0,0.057209
fastmultrec_greedy,1,10,9,25,26.0,1.0,1.0,0.216782
lcamap,1,10,9,25,26.0,1.0,1.0,0.037481
segdup,1,10,9,5,6,1,1,111.628645
insider,1,10,9,5,6.0,1.0,1.0,0.057106
fastmultrec_greedy,1,10,9,5,6.0,1.0,1.0,0.217052
lcamap,1,10,9,5,6.0,1.0,1.0,0.033738
segdup,1,11,9,10,10,1,0,124.729787
insider,1,11,9,10,10.0,1.0,0.0,0.075250
fastmultrec_greedy,1,11,9,10,10.0,1.0,0.0,0.302061
lcamap,1,11,9,10,10.0,1.0,0.0,0.049564
segdup,1,11,9,15,15,1,0,114.354979
insider,1,11,9,15,15.0,1.0,0.0,0.075082
fastmultrec_greedy,1,11,9,15,15.0,1.0,0.0,0.303941
lcamap,1,11,9,15,15.0,1.0,0.0,0.051176
segdup,1,11,9,20,20,1,0,79.976948
insider,1,11,9,20,20.0,1.0,0.0,0.075292
fastmultrec_greedy,1,11,9,20,20.0,1.0,0.0,0.306068
lcamap,1,11,9,20,20.0,1.0,0.0,0.049401
segdup,1,11,9,25,25,1,0,78.036784
insider,1,11,9,25,25.0,1.0,0.0,0.074748
fastmultrec_greedy,1,11,9,25,25.0,1.0,0.0,0.302349
lcamap,1,11,9,25,25.0,1.0,0.0,0.051339
segdup,1,11,9,5,5,1,0,125.312215
insider,1,11,9,5,5.0,1.0,0.0,0.074546
fastmultrec_greedy,1,11,9,5,5.0,1.0,0.0,0.307334
lcamap,1,11,9,5,5.0,1.0,0.0,0.049353
segdup,1,15,9,10,10,1,0,51.499728
insider,1,15,9,10,10.0,1.0,0.0,0.036653
fastmultrec_greedy,1,15,9,10,10.0,1.0,0.0,0.119161
lcamap,1,15,9,10,10.0,1.0,0.0,0.026411
segdup,1,15,9,15,15,1,0,46.165649
insider,1,15,9,15,15.0,1.0,0.0,0.036779
fastmultrec_greedy,1,15,9,15,15.0,1.0,0.0,0.118070
lcamap,1,15,9,15,15.0,1.0,0.0,0.021051
segdup,1,15,9,20,20,1,0,32.926111
insider,1,15,9,20,20.0,1.0,0.0,0.037203
fastmultrec_greedy,1,15,9,20,20.0,1.0,0.0,0.119366
lcamap,1,15,9,20,20.0,1.0,0.0,0.020098
segdup,1,15,9,25,25,1,0,33.438461
insider,1,15,9,25,25.0,1.0,0.0,0.036359
fastmultrec_greedy,1,15,9,25,25.0,1.0,0.0,0.116804
lcamap,1,15,9,25,25.0,1.0,0.0,0.020413
segdup,1,15,9,5,5,1,0,57.250900
insider,1,15,9,5,5.0,1.0,0.0,0.035904
fastmultrec_greedy,1,15,9,5,5.0,1.0,0.0,0.116709
lcamap,1,15,9,5,5.0,1.0,0.0,0.020714
segdup,1,8,9,10,966,80,166,114.795386
insider,1,8,9,10,955.0,75.0,205.0,0.267788
fastmultrec_greedy,1,8,9,10,965.0,79.0,175.0,0.581513
lcamap,1,8,9,10,966.0,80.0,166.0,0.056286
segdup,1,8,9,15,1366,80,166,116.649885
insider,1,8,9,15,1320.0,71.0,255.0,0.951868
fastmultrec_greedy,1,8,9,15,1360.0,79.0,175.0,0.578022
lcamap,1,8,9,15,1366.0,80.0,166.0,0.063073
segdup,1,8,9,20,1766,80,166,115.416614
insider,1,8,9,20,1674.0,69.0,294.0,9.198021
fastmultrec_greedy,1,8,9,20,1755.0,79.0,175.0,0.572971
lcamap,1,8,9,20,1766.0,80.0,166.0,0.063281
segdup,1,8,9,25,2166,80,166,108.575721
insider,1,8,9,25,-1,-1,-1,106.080048
fastmultrec_greedy,1,8,9,25,2150.0,79.0,175.0,0.594894
lcamap,1,8,9,25,2166.0,80.0,166.0,0.057382
segdup,1,8,9,5,566,80,166,115.582131
insider,1,8,9,5,566.0,80.0,166.0,0.146518
fastmultrec_greedy,1,8,9,5,566.0,80.0,166.0,0.325928
lcamap,1,8,9,5,566.0,80.0,166.0,0.055593
segdup,1,9,9,10,97,9,7,90.062947
insider,1,9,9,10,97.0,9.0,7.0,0.069711
fastmultrec_greedy,1,9,9,10,97.0,9.0,7.0,0.210211
lcamap,1,9,9,10,97.0,9.0,7.0,0.034147
segdup,1,9,9,15,142,9,7,60.642455
insider,1,9,9,15,142.0,9.0,7.0,0.073774
fastmultrec_greedy,1,9,9,15,142.0,9.0,7.0,0.217097
lcamap,1,9,9,15,142.0,9.0,7.0,0.034277
segdup,1,9,9,20,187,9,7,58.217886
insider,1,9,9,20,187.0,9.0,7.0,0.079386
fastmultrec_greedy,1,9,9,20,187.0,9.0,7.0,0.216526
lcamap,1,9,9,20,187.0,9.0,7.0,0.036059
segdup,1,9,9,25,232,9,7,59.263342
insider,1,9,9,25,232.0,9.0,7.0,0.091245
fastmultrec_greedy,1,9,9,25,232.0,9.0,7.0,0.210817
lcamap,1,9,9,25,232.0,9.0,7.0,0.034712
segdup,1,9,9,5,52,9,7,98.613290
insider,1,9,9,5,52.0,9.0,7.0,0.060684
fastmultrec_greedy,1,9,9,5,52.0,9.0,7.0,0.210875
lcamap,1,9,9,5,52.0,9.0,7.0,0.035003
segdup,2,10,9,10,30,3,0,171.475877
insider,2,10,9,10,30.0,3.0,0.0,0.085462
fastmultrec_greedy,2,10,9,10,30.0,3.0,0.0,0.338642
lcamap,2,10,9,10,30.0,3.0,0.0,0.047358
segdup,2,10,9,15,45,3,0,146.641590
insider,2,10,9,15,45.0,3.0,0.0,0.084092
fastmultrec_greedy,2,10,9,15,45.0,3.0,0.0,0.332558
lcamap,2,10,9,15,45.0,3.0,0.0,0.048446
segdup,2,10,9,20,60,3,0,123.097490
insider,2,10,9,20,60.0,3.0,0.0,0.084320
fastmultrec_greedy,2,10,9,20,60.0,3.0,0.0,0.345105
lcamap,2,10,9,20,60.0,3.0,0.0,0.047976
segdup,2,10,9,25,75,3,0,121.749457
insider,2,10,9,25,75.0,3.0,0.0,0.083094
fastmultrec_greedy,2,10,9,25,75.0,3.0,0.0,0.337544
lcamap,2,10,9,25,75.0,3.0,0.0,0.047469
segdup,2,10,9,5,15,3,0,177.492526
insider,2,10,9,5,15.0,3.0,0.0,0.081417
fastmultrec_greedy,2,10,9,5,15.0,3.0,0.0,0.337102
lcamap,2,10,9,5,15.0,3.0,0.0,0.048969
segdup,2,11,9,10,20,2,0,217.194338
insider,2,11,9,10,20.0,2.0,0.0,0.121410
fastmultrec_greedy,2,11,9,10,20.0,2.0,0.0,0.494421
lcamap,2,11,9,10,20.0,2.0,0.0,0.076104
segdup,2,11,9,15,30,2,0,191.328955
insider,2,11,9,15,30.0,2.0,0.0,0.118928
fastmultrec_greedy,2,11,9,15,30.0,2.0,0.0,0.485662
lcamap,2,11,9,15,30.0,2.0,0.0,0.076232
segdup,2,11,9,20,40,2,0,120.541431
insider,2,11,9,20,40.0,2.0,0.0,0.121497
fastmultrec_greedy,2,11,9,20,40.0,2.0,0.0,0.495173
lcamap,2,11,9,20,40.0,2.0,0.0,0.077166
segdup,2,11,9,25,50,2,0,119.433759
insider,2,11,9,25,50.0,2.0,0.0,0.121161
fastmultrec_greedy,2,11,9,25,50.0,2.0,0.0,0.486393
lcamap,2,11,9,25,50.0,2.0,0.0,0.075883
segdup,2,11,9,5,10,2,0,219.506336
insider,2,11,9,5,10.0,2.0,0.0,0.121323
fastmultrec_greedy,2,11,9,5,10.0,2.0,0.0,0.483591
lcamap,2,11,9,5,10.0,2.0,0.0,0.075846
segdup,2,15,9,10,20,2,0,203.076385
insider,2,15,9,10,20.0,2.0,0.0,0.102500
fastmultrec_greedy,2,15,9,10,20.0,2.0,0.0,0.402941
lcamap,2,15,9,10,20.0,2.0,0.0,0.059663
segdup,2,15,9,15,30,2,0,104.442630
insider,2,15,9,15,30.0,2.0,0.0,0.102790
fastmultrec_greedy,2,15,9,15,30.0,2.0,0.0,0.394734
lcamap,2,15,9,15,30.0,2.0,0.0,0.060073
segdup,2,15,9,20,40,2,0,102.343802
insider,2,15,9,20,40.0,2.0,0.0,0.102974
fastmultrec_greedy,2,15,9,20,40.0,2.0,0.0,0.399928
lcamap,2,15,9,20,40.0,2.0,0.0,0.059452
segdup,2,15,9,25,50,2,0,101.354600
insider,2,15,9,25,50.0,2.0,0.0,0.100963
fastmultrec_greedy,2,15,9,25,50.0,2.0,0.0,0.397060
lcamap,2,15,9,25,50.0,2.0,0.0,0.061238
segdup,2,15,9,5,10,2,0,211.724406
insider,2,15,9,5,10.0,2.0,0.0,0.100813
fastmultrec_greedy,2,15,9,5,10.0,2.0,0.0,0.398786
lcamap,2,15,9,5,10.0,2.0,0.0,0.060343
segdup,2,8,9,10,1087,86,227,169.457583
insider,2,8,9,10,1038.0,76.0,278.0,0.541360
fastmultrec_greedy,2,8,9,10,1051.0,80.0,251.0,2.641049
lcamap,2,8,9,10,1087.0,86.0,227.0,0.071329
segdup,2,8,9,15,1497,84,237,172.601858
insider,2,8,9,15,1403.0,70.0,353.0,2.099339
fastmultrec_greedy,2,8,9,15,1448.0,79.0,263.0,3.120954
lcamap,2,8,9,15,1517.0,86.0,227.0,0.071527
segdup,2,8,9,20,1944,85,244,161.834237
insider,2,8,9,20,1741.0,66.0,421.0,14.012737
fastmultrec_greedy,2,8,9,20,1843.0,79.0,263.0,3.032752
lcamap,2,8,9,20,1947.0,86.0,227.0,0.073116
segdup,2,8,9,25,2342,84,242,166.446981
insider,2,8,9,25,2057.0,59.0,582.0,74.971732
fastmultrec_greedy,2,8,9,25,2238.0,79.0,263.0,2.991227
lcamap,2,8,9,25,2377.0,86.0,227.0,0.072602
segdup,2,8,9,5,657,86,227,171.091353
insider,2,8,9,5,647.0,81.0,242.0,0.250299
fastmultrec_greedy,2,8,9,5,647.0,81.0,242.0,2.246925
lcamap,2,8,9,5,657.0,86.0,227.0,0.072989
segdup,2,9,9,10,125,11,15,166.036956
insider,2,9,9,10,125.0,11.0,15.0,0.133067
fastmultrec_greedy,2,9,9,10,125.0,11.0,15.0,0.420720
lcamap,2,9,9,10,125.0,11.0,15.0,0.074727
segdup,2,9,9,15,180,11,15,107.739608
insider,2,9,9,15,180.0,11.0,15.0,0.150048
fastmultrec_greedy,2,9,9,15,180.0,11.0,15.0,0.425327
lcamap,2,9,9,15,180.0,11.0,15.0,0.075869
segdup,2,9,9,20,235,11,15,91.920932
insider,2,9,9,20,235.0,11.0,15.0,0.156970
fastmultrec_greedy,2,9,9,20,235.0,11.0,15.0,0.418580
lcamap,2,9,9,20,235.0,11.0,15.0,0.074028
segdup,2,9,9,25,290,11,15,91.032740
insider,2,9,9,25,290.0,11.0,15.0,0.192464
fastmultrec_greedy,2,9,9,25,290.0,11.0,15.0,0.427826
lcamap,2,9,9,25,290.0,11.0,15.0,0.078764
segdup,2,9,9,5,70,11,15,182.370652
insider,2,9,9,5,70.0,11.0,15.0,0.130587
fastmultrec_greedy,2,9,9,5,70.0,11.0,15.0,0.420656
lcamap,2,9,9,5,70.0,11.0,15.0,0.074550
