method,planted_wgds,duprate,simid,dup_cost,solution_cost,solution_nbdups,solution_nblosses,time
segdup,1,7,1,5,3256,219,2161,324.734760
insider,1,7,1,5,3217.0,201.0,2212.0,0.382292
insider_relax,1,7,1,5,3217.0,201.0,2212.0,0.399883
fastmultrec_greedy,1,7,1,5,3218.0,202.0,2208.0,9.151532
lcamap,1,7,1,5,3256.0,219.0,2161.0,0.121961
segdup,1,7,1,10,4351,219,2161,320.035446
insider,1,7,1,10,4177.0,184.0,2337.0,0.587276
insider_relax,1,7,1,10,4177.0,184.0,2337.0,0.643659
fastmultrec_greedy,1,7,1,10,4203.0,194.0,2263.0,14.672224
lcamap,1,7,1,10,4351.0,219.0,2161.0,0.122274
segdup,1,7,1,15,5437,218,2167,327.100370
insider,1,7,1,15,5078.0,175.0,2453.0,1.063606
insider_relax,1,7,1,15,5078.0,173.0,2483.0,1.315500
fastmultrec_greedy,1,7,1,15,5159.0,190.0,2309.0,20.239219
lcamap,1,7,1,15,5446.0,219.0,2161.0,0.120989
segdup,1,7,1,20,6541,219,2161,327.175609
insider,1,7,1,20,5923.0,164.0,2643.0,2.371803
insider_relax,1,7,1,20,5923.0,164.0,2643.0,3.161363
fastmultrec_greedy,1,7,1,20,6098.0,188.0,2338.0,20.859155
lcamap,1,7,1,20,6541.0,219.0,2161.0,0.123758
segdup,1,8,1,5,264,40,64,45.005037
insider,1,8,1,5,264.0,40.0,64.0,0.079418
insider_relax,1,8,1,5,264.0,40.0,64.0,0.092367
fastmultrec_greedy,1,8,1,5,264.0,40.0,64.0,0.112787
lcamap,1,8,1,5,264.0,40.0,64.0,0.021818
segdup,1,8,1,10,464,40,64,46.927903
insider,1,8,1,10,448.0,33.0,118.0,0.211112
insider_relax,1,8,1,10,448.0,33.0,118.0,0.286549
fastmultrec_greedy,1,8,1,10,456.0,38.0,76.0,0.277950
lcamap,1,8,1,10,464.0,40.0,64.0,0.021984
segdup,1,8,1,15,649,38,79,44.004935
insider,1,8,1,15,610.0,32.0,130.0,0.580827
insider_relax,1,8,1,15,610.0,32.0,130.0,0.852409
fastmultrec_greedy,1,8,1,15,646.0,38.0,76.0,0.269853
lcamap,1,8,1,15,664.0,40.0,64.0,0.021895
segdup,1,8,1,20,853,39,73,43.658215
insider,1,8,1,20,764.0,28.0,204.0,3.145455
insider_relax,1,8,1,20,764.0,28.0,204.0,5.806585
fastmultrec_greedy,1,8,1,20,836.0,38.0,76.0,0.272077
lcamap,1,8,1,20,864.0,40.0,64.0,0.021879
segdup,1,9,1,5,64,11,9,64.854389
insider,1,9,1,5,64.0,11.0,9.0,0.060350
insider_relax,1,9,1,5,64.0,11.0,9.0,0.068027
fastmultrec_greedy,1,9,1,5,64.0,11.0,9.0,0.171724
lcamap,1,9,1,5,64.0,11.0,9.0,0.026895
segdup,1,9,1,10,119,11,9,63.604717
insider,1,9,1,10,119.0,11.0,9.0,0.071503
insider_relax,1,9,1,10,119.0,11.0,9.0,0.091759
fastmultrec_greedy,1,9,1,10,119.0,11.0,9.0,0.169922
lcamap,1,9,1,10,119.0,11.0,9.0,0.027234
segdup,1,9,1,15,174,11,9,50.557010
insider,1,9,1,15,174.0,11.0,9.0,0.092535
insider_relax,1,9,1,15,174.0,11.0,9.0,0.092117
fastmultrec_greedy,1,9,1,15,174.0,11.0,9.0,0.168958
lcamap,1,9,1,15,174.0,11.0,9.0,0.026762
segdup,1,9,1,20,229,11,9,44.751231
insider,1,9,1,20,229.0,11.0,9.0,0.150503
insider_relax,1,9,1,20,229.0,11.0,9.0,0.161140
fastmultrec_greedy,1,9,1,20,229.0,11.0,9.0,0.170921
lcamap,1,9,1,20,229.0,11.0,9.0,0.026802
segdup,1,10,1,5,15,3,0,114.652351
insider,1,10,1,5,15.0,3.0,0.0,0.075793
insider_relax,1,10,1,5,15.0,3.0,0.0,0.074637
fastmultrec_greedy,1,10,1,5,15.0,3.0,0.0,0.225594
lcamap,1,10,1,5,15.0,3.0,0.0,0.042156
segdup,1,10,1,10,30,3,0,113.502048
insider,1,10,1,10,30.0,3.0,0.0,0.073509
insider_relax,1,10,1,10,30.0,3.0,0.0,0.080655
fastmultrec_greedy,1,10,1,10,30.0,3.0,0.0,0.230481
lcamap,1,10,1,10,30.0,3.0,0.0,0.040792
segdup,1,10,1,15,45,3,0,92.942739
insider,1,10,1,15,45.0,3.0,0.0,0.073594
insider_relax,1,10,1,15,45.0,3.0,0.0,0.075776
fastmultrec_greedy,1,10,1,15,45.0,3.0,0.0,0.226086
lcamap,1,10,1,15,45.0,3.0,0.0,0.042645
segdup,1,10,1,20,60,3,0,93.170216
insider,1,10,1,20,60.0,3.0,0.0,0.078115
insider_relax,1,10,1,20,60.0,3.0,0.0,0.080582
fastmultrec_greedy,1,10,1,20,60.0,3.0,0.0,0.223222
lcamap,1,10,1,20,60.0,3.0,0.0,0.043467
segdup,1,11,1,5,6,1,1,132.883870
insider,1,11,1,5,6.0,1.0,1.0,0.096707
insider_relax,1,11,1,5,6.0,1.0,1.0,0.094735
fastmultrec_greedy,1,11,1,5,6.0,1.0,1.0,0.358989
lcamap,1,11,1,5,6.0,1.0,1.0,0.061831
segdup,1,11,1,10,11,1,1,122.621645
insider,1,11,1,10,11.0,1.0,1.0,0.094119
insider_relax,1,11,1,10,11.0,1.0,1.0,0.094921
fastmultrec_greedy,1,11,1,10,11.0,1.0,1.0,0.359458
lcamap,1,11,1,10,11.0,1.0,1.0,0.060464
segdup,1,11,1,15,16,1,1,80.161822
insider,1,11,1,15,16.0,1.0,1.0,0.094991
insider_relax,1,11,1,15,16.0,1.0,1.0,0.097395
fastmultrec_greedy,1,11,1,15,16.0,1.0,1.0,0.358161
lcamap,1,11,1,15,16.0,1.0,1.0,0.060055
segdup,1,11,1,20,21,1,1,79.202508
insider,1,11,1,20,21.0,1.0,1.0,0.096291
insider_relax,1,11,1,20,21.0,1.0,1.0,0.095096
fastmultrec_greedy,1,11,1,20,21.0,1.0,1.0,0.358480
lcamap,1,11,1,20,21.0,1.0,1.0,0.065199
segdup,2,7,1,5,1941,152,1181,200.450596
insider,2,7,1,5,1905.0,137.0,1220.0,0.259400
insider_relax,2,7,1,5,1905.0,137.0,1220.0,0.270090
fastmultrec_greedy,2,7,1,5,1905.0,137.0,1220.0,5.876422
lcamap,2,7,1,5,1941.0,152.0,1181.0,0.082281
segdup,2,7,1,10,2701,152,1181,194.967094
insider,2,7,1,10,2559.0,129.0,1269.0,0.358981
insider_relax,2,7,1,10,2559.0,129.0,1269.0,0.400433
fastmultrec_greedy,2,7,1,10,2578.0,134.0,1238.0,7.015747
lcamap,2,7,1,10,2701.0,152.0,1181.0,0.084479
segdup,2,7,1,15,3461,152,1181,193.733873
insider,2,7,1,15,3200.0,124.0,1340.0,0.577871
insider_relax,2,7,1,15,3200.0,124.0,1340.0,0.649389
fastmultrec_greedy,2,7,1,15,3243.0,132.0,1263.0,7.794027
lcamap,2,7,1,15,3461.0,152.0,1181.0,0.082114
segdup,2,7,1,20,4221,152,1181,192.387807
insider,2,7,1,20,3807.0,117.0,1467.0,1.188516
insider_relax,2,7,1,20,3807.0,117.0,1467.0,1.586004
fastmultrec_greedy,2,7,1,20,3900.0,131.0,1280.0,8.146465
lcamap,2,7,1,20,4221.0,152.0,1181.0,0.083837
segdup,2,8,1,5,463,59,168,148.260724
insider,2,8,1,5,463.0,59.0,168.0,0.239419
insider_relax,2,8,1,5,463.0,59.0,168.0,0.290316
fastmultrec_greedy,2,8,1,5,463.0,59.0,168.0,0.547710
lcamap,2,8,1,5,463.0,59.0,168.0,0.084287
segdup,2,8,1,10,758,59,168,150.066960
insider,2,8,1,10,750.0,57.0,180.0,0.402147
insider_relax,2,8,1,10,750.0,57.0,180.0,0.557803
fastmultrec_greedy,2,8,1,10,758.0,59.0,168.0,0.540583
lcamap,2,8,1,10,758.0,59.0,168.0,0.083978
segdup,2,8,1,15,1053,59,168,143.423678
insider,2,8,1,15,1035.0,57.0,180.0,1.073505
insider_relax,2,8,1,15,1035.0,57.0,180.0,1.275966
fastmultrec_greedy,2,8,1,15,1053.0,59.0,168.0,0.549524
lcamap,2,8,1,15,1053.0,59.0,168.0,0.084721
segdup,2,8,1,20,1348,59,168,137.437182
insider,2,8,1,20,1300.0,52.0,260.0,3.694440
insider_relax,2,8,1,20,1300.0,52.0,260.0,8.056340
fastmultrec_greedy,2,8,1,20,1348.0,59.0,168.0,0.557370
lcamap,2,8,1,20,1348.0,59.0,168.0,0.088782
segdup,2,9,1,5,62,10,12,128.693738
insider,2,9,1,5,62.0,10.0,12.0,0.104759
insider_relax,2,9,1,5,62.0,10.0,12.0,0.118237
fastmultrec_greedy,2,9,1,5,62.0,10.0,12.0,0.295450
lcamap,2,9,1,5,62.0,10.0,12.0,0.049187
segdup,2,9,1,10,112,10,12,113.873402
insider,2,9,1,10,112.0,10.0,12.0,0.118844
insider_relax,2,9,1,10,112.0,10.0,12.0,0.142857
fastmultrec_greedy,2,9,1,10,112.0,10.0,12.0,0.282899
lcamap,2,9,1,10,112.0,10.0,12.0,0.047204
segdup,2,9,1,15,162,10,12,105.371939
insider,2,9,1,15,162.0,10.0,12.0,0.138299
insider_relax,2,9,1,15,162.0,10.0,12.0,0.144470
fastmultrec_greedy,2,9,1,15,162.0,10.0,12.0,0.279594
lcamap,2,9,1,15,162.0,10.0,12.0,0.049238
segdup,2,9,1,20,212,10,12,109.254271
insider,2,9,1,20,212.0,10.0,12.0,0.214599
insider_relax,2,9,1,20,212.0,10.0,12.0,0.216989
fastmultrec_greedy,2,9,1,20,212.0,10.0,12.0,0.279845
lcamap,2,9,1,20,212.0,10.0,12.0,0.048231
segdup,2,11,1,5,10,2,0,214.023142
insider,2,11,1,5,10.0,2.0,0.0,0.163238
insider_relax,2,11,1,5,10.0,2.0,0.0,0.164892
fastmultrec_greedy,2,11,1,5,10.0,2.0,0.0,0.586922
lcamap,2,11,1,5,10.0,2.0,0.0,0.093558
segdup,2,11,1,10,20,2,0,180.276655
insider,2,11,1,10,20.0,2.0,0.0,0.162227
insider_relax,2,11,1,10,20.0,2.0,0.0,0.156927
fastmultrec_greedy,2,11,1,10,20.0,2.0,0.0,0.585463
lcamap,2,11,1,10,20.0,2.0,0.0,0.094219
segdup,2,11,1,15,30,2,0,137.004047
insider,2,11,1,15,30.0,2.0,0.0,0.162007
insider_relax,2,11,1,15,30.0,2.0,0.0,0.164124
fastmultrec_greedy,2,11,1,15,30.0,2.0,0.0,0.590628
lcamap,2,11,1,15,30.0,2.0,0.0,0.095117
segdup,2,11,1,20,40,2,0,102.729933
insider,2,11,1,20,40.0,2.0,0.0,0.165769
insider_relax,2,11,1,20,40.0,2.0,0.0,0.156934
fastmultrec_greedy,2,11,1,20,40.0,2.0,0.0,0.591082
lcamap,2,11,1,20,40.0,2.0,0.0,0.092399
segdup,1,7,2,5,1773,124,1153,115.893367
insider,1,7,2,5,1755.0,116.0,1175.0,0.159725
insider_relax,1,7,2,5,1755.0,116.0,1175.0,0.187519
fastmultrec_greedy,1,7,2,5,1755.0,116.0,1175.0,1.236875
lcamap,1,7,2,5,1773.0,124.0,1153.0,0.036116
segdup,1,7,2,10,2393,124,1153,116.999372
insider,1,7,2,10,2307.0,106.0,1247.0,0.308553
insider_relax,1,7,2,10,2307.0,106.0,1247.0,0.343624
fastmultrec_greedy,1,7,2,10,2323.0,113.0,1193.0,1.638740
lcamap,1,7,2,10,2393.0,124.0,1153.0,0.035448
segdup,1,7,2,15,3013,124,1153,111.678686
insider,1,7,2,15,2818.0,99.0,1333.0,0.700447
insider_relax,1,7,2,15,2818.0,99.0,1333.0,0.877753
fastmultrec_greedy,1,7,2,15,2875.0,108.0,1255.0,2.336820
lcamap,1,7,2,15,3013.0,124.0,1153.0,0.036181
segdup,1,7,2,20,3633,124,1153,112.147382
insider,1,7,2,20,3296.0,93.0,1436.0,1.867959
insider_relax,1,7,2,20,3296.0,92.0,1456.0,2.719758
fastmultrec_greedy,1,7,2,20,3415.0,108.0,1255.0,2.332822
lcamap,1,7,2,20,3633.0,124.0,1153.0,0.035679
segdup,1,8,2,5,325,51,70,104.605480
insider,1,8,2,5,325.0,51.0,70.0,0.136903
insider_relax,1,8,2,5,325.0,51.0,70.0,0.170284
fastmultrec_greedy,1,8,2,5,325.0,51.0,70.0,0.325434
lcamap,1,8,2,5,325.0,51.0,70.0,0.055436
segdup,1,8,2,10,580,51,70,103.938296
insider,1,8,2,10,578.0,49.0,88.0,0.226936
insider_relax,1,8,2,10,578.0,49.0,88.0,0.366480
fastmultrec_greedy,1,8,2,10,580.0,51.0,70.0,0.321584
lcamap,1,8,2,10,580.0,51.0,70.0,0.057094
segdup,1,8,2,15,835,51,70,101.698678
insider,1,8,2,15,823.0,48.0,103.0,0.622334
insider_relax,1,8,2,15,823.0,48.0,103.0,0.734796
fastmultrec_greedy,1,8,2,15,835.0,51.0,70.0,0.322723
lcamap,1,8,2,15,835.0,51.0,70.0,0.056076
segdup,1,8,2,20,1090,51,70,96.685697
insider,1,8,2,20,1063.0,48.0,103.0,2.690841
insider_relax,1,8,2,20,1063.0,48.0,103.0,5.349327
fastmultrec_greedy,1,8,2,20,1090.0,51.0,70.0,0.331293
lcamap,1,8,2,20,1090.0,51.0,70.0,0.058291
segdup,1,9,2,5,80,13,15,80.178717
insider,1,9,2,5,80.0,13.0,15.0,0.067049
insider_relax,1,9,2,5,80.0,13.0,15.0,0.078413
fastmultrec_greedy,1,9,2,5,80.0,13.0,15.0,0.175235
lcamap,1,9,2,5,80.0,13.0,15.0,0.035076
segdup,1,9,2,10,145,13,15,82.391183
insider,1,9,2,10,145.0,13.0,15.0,0.079647
insider_relax,1,9,2,10,145.0,13.0,15.0,0.099703
fastmultrec_greedy,1,9,2,10,145.0,13.0,15.0,0.174728
lcamap,1,9,2,10,145.0,13.0,15.0,0.032934
segdup,1,9,2,15,210,13,15,68.730430
insider,1,9,2,15,210.0,13.0,15.0,0.105824
insider_relax,1,9,2,15,210.0,13.0,15.0,0.109237
fastmultrec_greedy,1,9,2,15,210.0,13.0,15.0,0.179582
lcamap,1,9,2,15,210.0,13.0,15.0,0.034730
segdup,1,9,2,20,275,13,15,68.835312
insider,1,9,2,20,275.0,13.0,15.0,0.202196
insider_relax,1,9,2,20,275.0,13.0,15.0,0.204692
fastmultrec_greedy,1,9,2,20,275.0,13.0,15.0,0.180808
lcamap,1,9,2,20,275.0,13.0,15.0,0.032968
segdup,1,10,2,5,5,1,0,99.514089
insider,1,10,2,5,5.0,1.0,0.0,0.070625
insider_relax,1,10,2,5,5.0,1.0,0.0,0.076171
fastmultrec_greedy,1,10,2,5,5.0,1.0,0.0,0.254268
lcamap,1,10,2,5,5.0,1.0,0.0,0.045837
segdup,1,10,2,10,10,1,0,96.530143
insider,1,10,2,10,10.0,1.0,0.0,0.070743
insider_relax,1,10,2,10,10.0,1.0,0.0,0.072110
fastmultrec_greedy,1,10,2,10,10.0,1.0,0.0,0.247772
lcamap,1,10,2,10,10.0,1.0,0.0,0.044462
segdup,1,10,2,15,15,1,0,83.888018
insider,1,10,2,15,15.0,1.0,0.0,0.071575
insider_relax,1,10,2,15,15.0,1.0,0.0,0.076530
fastmultrec_greedy,1,10,2,15,15.0,1.0,0.0,0.256718
lcamap,1,10,2,15,15.0,1.0,0.0,0.044029
segdup,1,10,2,20,20,1,0,63.615065
insider,1,10,2,20,20.0,1.0,0.0,0.068245
insider_relax,1,10,2,20,20.0,1.0,0.0,0.074488
fastmultrec_greedy,1,10,2,20,20.0,1.0,0.0,0.252988
lcamap,1,10,2,20,20.0,1.0,0.0,0.047501
segdup,1,11,2,5,5,1,0,132.580448
insider,1,11,2,5,5.0,1.0,0.0,0.083717
insider_relax,1,11,2,5,5.0,1.0,0.0,0.083066
fastmultrec_greedy,1,11,2,5,5.0,1.0,0.0,0.270665
lcamap,1,11,2,5,5.0,1.0,0.0,0.051269
segdup,1,11,2,10,10,1,0,126.178707
insider,1,11,2,10,10.0,1.0,0.0,0.084007
insider_relax,1,11,2,10,10.0,1.0,0.0,0.087107
fastmultrec_greedy,1,11,2,10,10.0,1.0,0.0,0.279303
lcamap,1,11,2,10,10.0,1.0,0.0,0.051644
segdup,1,11,2,15,15,1,0,106.972499
insider,1,11,2,15,15.0,1.0,0.0,0.083157
insider_relax,1,11,2,15,15.0,1.0,0.0,0.085395
fastmultrec_greedy,1,11,2,15,15.0,1.0,0.0,0.273139
lcamap,1,11,2,15,15.0,1.0,0.0,0.050962
segdup,1,11,2,20,20,1,0,73.802807
insider,1,11,2,20,20.0,1.0,0.0,0.079578
insider_relax,1,11,2,20,20.0,1.0,0.0,0.086785
fastmultrec_greedy,1,11,2,20,20.0,1.0,0.0,0.270154
lcamap,1,11,2,20,20.0,1.0,0.0,0.050158
segdup,2,7,2,5,538,68,198,120.266474
insider,2,7,2,5,530.0,64.0,210.0,0.208764
insider_relax,2,7,2,5,530.0,64.0,210.0,0.250371
fastmultrec_greedy,2,7,2,5,530.0,64.0,210.0,1.800557
lcamap,2,7,2,5,538.0,68.0,198.0,0.059892
segdup,2,7,2,10,878,68,198,121.131920
insider,2,7,2,10,837.0,60.0,237.0,0.394381
insider_relax,2,7,2,10,837.0,60.0,237.0,0.494617
fastmultrec_greedy,2,7,2,10,846.0,63.0,216.0,2.156838
lcamap,2,7,2,10,878.0,68.0,198.0,0.057195
segdup,2,7,2,15,1214,67,209,114.209140
insider,2,7,2,15,1134.0,56.0,294.0,1.115037
insider_relax,2,7,2,15,1134.0,56.0,294.0,1.360462
fastmultrec_greedy,2,7,2,15,1161.0,63.0,216.0,2.170892
lcamap,2,7,2,15,1218.0,68.0,198.0,0.060800
segdup,2,7,2,20,1558,68,198,111.692462
insider,2,7,2,20,1405.0,53.0,345.0,3.074493
insider_relax,2,7,2,20,1405.0,53.0,345.0,4.792053
fastmultrec_greedy,2,7,2,20,1476.0,63.0,216.0,2.170442
lcamap,2,7,2,20,1558.0,68.0,198.0,0.060572
segdup,2,8,2,5,370,47,135,104.603828
insider,2,8,2,5,370.0,47.0,135.0,0.147404
insider_relax,2,8,2,5,370.0,47.0,135.0,0.162506
fastmultrec_greedy,2,8,2,5,370.0,47.0,135.0,0.282933
lcamap,2,8,2,5,370.0,47.0,135.0,0.057325
segdup,2,8,2,10,605,47,135,102.747325
insider,2,8,2,10,604.0,46.0,144.0,0.199207
insider_relax,2,8,2,10,604.0,46.0,144.0,0.251340
fastmultrec_greedy,2,8,2,10,604.0,46.0,144.0,0.489713
lcamap,2,8,2,10,605.0,47.0,135.0,0.056345
segdup,2,8,2,15,840,47,135,96.203821
insider,2,8,2,15,834.0,46.0,144.0,0.350612
insider_relax,2,8,2,15,834.0,46.0,144.0,0.444895
fastmultrec_greedy,2,8,2,15,834.0,46.0,144.0,0.486621
lcamap,2,8,2,15,840.0,47.0,135.0,0.059018
segdup,2,8,2,20,1075,47,135,96.456866
insider,2,8,2,20,1062.0,45.0,162.0,1.120237
insider_relax,2,8,2,20,1062.0,45.0,162.0,1.624890
fastmultrec_greedy,2,8,2,20,1064.0,46.0,144.0,0.484992
lcamap,2,8,2,20,1075.0,47.0,135.0,0.055770
segdup,2,9,2,5,115,18,25,60.842753
insider,2,9,2,5,115.0,18.0,25.0,0.087099
insider_relax,2,9,2,5,115.0,18.0,25.0,0.101220
fastmultrec_greedy,2,9,2,5,115.0,18.0,25.0,0.167612
lcamap,2,9,2,5,115.0,18.0,25.0,0.032391
segdup,2,9,2,10,205,18,25,59.511754
insider,2,9,2,10,205.0,18.0,25.0,0.101245
insider_relax,2,9,2,10,205.0,18.0,25.0,0.124358
fastmultrec_greedy,2,9,2,10,205.0,18.0,25.0,0.163720
lcamap,2,9,2,10,205.0,18.0,25.0,0.033630
segdup,2,9,2,15,295,18,25,53.100126
insider,2,9,2,15,295.0,18.0,25.0,0.127786
insider_relax,2,9,2,15,295.0,18.0,25.0,0.134247
fastmultrec_greedy,2,9,2,15,295.0,18.0,25.0,0.161840
lcamap,2,9,2,15,295.0,18.0,25.0,0.032948
segdup,2,9,2,20,385,18,25,41.374050
insider,2,9,2,20,385.0,18.0,25.0,0.149546
insider_relax,2,9,2,20,385.0,18.0,25.0,0.210646
fastmultrec_greedy,2,9,2,20,385.0,18.0,25.0,0.165658
lcamap,2,9,2,20,385.0,18.0,25.0,0.033484
segdup,2,10,2,5,22,4,2,89.844203
insider,2,10,2,5,22.0,4.0,2.0,0.078713
insider_relax,2,10,2,5,22.0,4.0,2.0,0.084245
fastmultrec_greedy,2,10,2,5,22.0,4.0,2.0,0.241326
lcamap,2,10,2,5,22.0,4.0,2.0,0.041349
segdup,2,10,2,10,42,4,2,76.060219
insider,2,10,2,10,42.0,4.0,2.0,0.080695
insider_relax,2,10,2,10,42.0,4.0,2.0,0.085626
fastmultrec_greedy,2,10,2,10,42.0,4.0,2.0,0.243684
lcamap,2,10,2,10,42.0,4.0,2.0,0.042433
segdup,2,10,2,15,62,4,2,73.801055
insider,2,10,2,15,62.0,4.0,2.0,0.085487
insider_relax,2,10,2,15,62.0,4.0,2.0,0.085343
fastmultrec_greedy,2,10,2,15,62.0,4.0,2.0,0.239370
lcamap,2,10,2,15,62.0,4.0,2.0,0.043729
segdup,2,10,2,20,82,4,2,43.160878
insider,2,10,2,20,82.0,4.0,2.0,0.085190
insider_relax,2,10,2,20,82.0,4.0,2.0,0.086581
fastmultrec_greedy,2,10,2,20,82.0,4.0,2.0,0.241678
lcamap,2,10,2,20,82.0,4.0,2.0,0.041767
segdup,2,11,2,5,10,2,0,192.301428
insider,2,11,2,5,10.0,2.0,0.0,0.133338
insider_relax,2,11,2,5,10.0,2.0,0.0,0.127355
fastmultrec_greedy,2,11,2,5,10.0,2.0,0.0,0.395372
lcamap,2,11,2,5,10.0,2.0,0.0,0.075296
segdup,2,11,2,10,20,2,0,133.493590
insider,2,11,2,10,20.0,2.0,0.0,0.129550
insider_relax,2,11,2,10,20.0,2.0,0.0,0.124188
fastmultrec_greedy,2,11,2,10,20.0,2.0,0.0,0.398104
lcamap,2,11,2,10,20.0,2.0,0.0,0.079760
segdup,2,11,2,15,30,2,0,169.840613
insider,2,11,2,15,30.0,2.0,0.0,0.131090
insider_relax,2,11,2,15,30.0,2.0,0.0,0.129838
fastmultrec_greedy,2,11,2,15,30.0,2.0,0.0,0.396760
lcamap,2,11,2,15,30.0,2.0,0.0,0.071135
segdup,2,11,2,20,40,2,0,81.478619
insider,2,11,2,20,40.0,2.0,0.0,0.130211
insider_relax,2,11,2,20,40.0,2.0,0.0,0.130002
fastmultrec_greedy,2,11,2,20,40.0,2.0,0.0,0.396026
lcamap,2,11,2,20,40.0,2.0,0.0,0.075785
segdup,1,7,3,5,34398,110,33848,176.302000
insider,1,7,3,5,34357.0,93.0,33892.0,0.333985
insider_relax,1,7,3,5,34357.0,93.0,33892.0,0.371550
fastmultrec_greedy,1,7,3,5,34359.0,93.0,33894.0,1.555201
lcamap,1,7,3,5,34398.0,110.0,33848.0,0.046131
segdup,1,7,3,10,34948,110,33848,176.991562
insider,1,7,3,10,34779.0,77.0,34009.0,0.536957
insider_relax,1,7,3,10,34779.0,77.0,34009.0,0.597570
fastmultrec_greedy,1,7,3,10,34793.0,83.0,33963.0,2.752181
lcamap,1,7,3,10,34948.0,110.0,33848.0,0.047851
segdup,1,7,3,15,35466,85,34191,179.321491
insider,1,7,3,15,35150.0,72.0,34070.0,0.642015
insider_relax,1,7,3,15,35150.0,72.0,34070.0,0.699807
fastmultrec_greedy,1,7,3,15,35191.0,77.0,34036.0,3.319392
lcamap,1,7,3,15,35498.0,110.0,33848.0,0.046955
segdup,1,7,3,20,36002,89,34222,188.578428
insider,1,7,3,20,35501.0,69.0,34121.0,0.835538
insider_relax,1,7,3,20,35501.0,68.0,34141.0,0.918436
fastmultrec_greedy,1,7,3,20,35543.0,69.0,34163.0,5.107382
lcamap,1,7,3,20,36048.0,110.0,33848.0,0.046091
segdup,1,8,3,5,470,66,140,108.900199
insider,1,8,3,5,470.0,66.0,140.0,0.153445
insider_relax,1,8,3,5,470.0,66.0,140.0,0.189254
fastmultrec_greedy,1,8,3,5,470.0,66.0,140.0,0.311294
lcamap,1,8,3,5,470.0,66.0,140.0,0.059836
segdup,1,8,3,10,798,65,148,104.805270
insider,1,8,3,10,783.0,61.0,173.0,0.227274
insider_relax,1,8,3,10,783.0,61.0,173.0,0.287315
fastmultrec_greedy,1,8,3,10,800.0,66.0,140.0,0.307708
lcamap,1,8,3,10,800.0,66.0,140.0,0.059202
segdup,1,8,3,15,1123,65,148,102.732369
insider,1,8,3,15,1085.0,60.0,185.0,0.431666
insider_relax,1,8,3,15,1085.0,60.0,185.0,0.555785
fastmultrec_greedy,1,8,3,15,1130.0,66.0,140.0,0.306826
lcamap,1,8,3,15,1130.0,66.0,140.0,0.062256
segdup,1,8,3,20,1446,65,146,100.917982
insider,1,8,3,20,1385.0,60.0,185.0,1.157778
insider_relax,1,8,3,20,1385.0,60.0,185.0,1.583935
fastmultrec_greedy,1,8,3,20,1460.0,66.0,140.0,0.313361
lcamap,1,8,3,20,1460.0,66.0,140.0,0.060493
segdup,1,9,3,5,58,11,3,126.526302
insider,1,9,3,5,58.0,11.0,3.0,0.086631
insider_relax,1,9,3,5,58.0,11.0,3.0,0.093011
fastmultrec_greedy,1,9,3,5,58.0,11.0,3.0,0.250149
lcamap,1,9,3,5,58.0,11.0,3.0,0.051670
segdup,1,9,3,10,113,11,3,128.685540
insider,1,9,3,10,113.0,11.0,3.0,0.094616
insider_relax,1,9,3,10,113.0,11.0,3.0,0.104580
fastmultrec_greedy,1,9,3,10,113.0,11.0,3.0,0.254145
lcamap,1,9,3,10,113.0,11.0,3.0,0.049599
segdup,1,9,3,15,168,11,3,117.944174
insider,1,9,3,15,168.0,11.0,3.0,0.101844
insider_relax,1,9,3,15,168.0,11.0,3.0,0.097728
fastmultrec_greedy,1,9,3,15,168.0,11.0,3.0,0.248702
lcamap,1,9,3,15,168.0,11.0,3.0,0.049539
segdup,1,9,3,20,223,11,3,71.442362
insider,1,9,3,20,223.0,11.0,3.0,0.112671
insider_relax,1,9,3,20,223.0,11.0,3.0,0.116016
fastmultrec_greedy,1,9,3,20,223.0,11.0,3.0,0.251758
lcamap,1,9,3,20,223.0,11.0,3.0,0.050207
segdup,1,10,3,5,5,1,0,95.292542
insider,1,10,3,5,5.0,1.0,0.0,0.067210
insider_relax,1,10,3,5,5.0,1.0,0.0,0.067928
fastmultrec_greedy,1,10,3,5,5.0,1.0,0.0,0.246662
lcamap,1,10,3,5,5.0,1.0,0.0,0.038654
segdup,1,10,3,10,10,1,0,93.934254
insider,1,10,3,10,10.0,1.0,0.0,0.064496
insider_relax,1,10,3,10,10.0,1.0,0.0,0.065770
fastmultrec_greedy,1,10,3,10,10.0,1.0,0.0,0.243322
lcamap,1,10,3,10,10.0,1.0,0.0,0.035826
segdup,1,10,3,15,15,1,0,74.685747
insider,1,10,3,15,15.0,1.0,0.0,0.063939
insider_relax,1,10,3,15,15.0,1.0,0.0,0.066422
fastmultrec_greedy,1,10,3,15,15.0,1.0,0.0,0.245323
lcamap,1,10,3,15,15.0,1.0,0.0,0.038070
segdup,1,10,3,20,20,1,0,74.545743
insider,1,10,3,20,20.0,1.0,0.0,0.062146
insider_relax,1,10,3,20,20.0,1.0,0.0,0.067275
fastmultrec_greedy,1,10,3,20,20.0,1.0,0.0,0.245483
lcamap,1,10,3,20,20.0,1.0,0.0,0.036648
segdup,1,11,3,5,5,1,0,153.809985
insider,1,11,3,5,5.0,1.0,0.0,0.086368
insider_relax,1,11,3,5,5.0,1.0,0.0,0.089971
fastmultrec_greedy,1,11,3,5,5.0,1.0,0.0,0.291817
lcamap,1,11,3,5,5.0,1.0,0.0,0.056608
segdup,1,11,3,10,10,1,0,142.692505
insider,1,11,3,10,10.0,1.0,0.0,0.088291
insider_relax,1,11,3,10,10.0,1.0,0.0,0.089526
fastmultrec_greedy,1,11,3,10,10.0,1.0,0.0,0.285387
lcamap,1,11,3,10,10.0,1.0,0.0,0.054930
segdup,1,11,3,15,15,1,0,88.671204
insider,1,11,3,15,15.0,1.0,0.0,0.088384
insider_relax,1,11,3,15,15.0,1.0,0.0,0.089634
fastmultrec_greedy,1,11,3,15,15.0,1.0,0.0,0.284785
lcamap,1,11,3,15,15.0,1.0,0.0,0.056037
segdup,1,11,3,20,20,1,0,85.485624
insider,1,11,3,20,20.0,1.0,0.0,0.090059
insider_relax,1,11,3,20,20.0,1.0,0.0,0.089149
fastmultrec_greedy,1,11,3,20,20.0,1.0,0.0,0.288035
lcamap,1,11,3,20,20.0,1.0,0.0,0.055350
segdup,2,8,3,5,597,87,162,211.087761
insider,2,8,3,5,594.0,85.0,169.0,0.300266
insider_relax,2,8,3,5,594.0,85.0,169.0,0.394947
fastmultrec_greedy,2,8,3,5,594.0,85.0,169.0,1.457153
lcamap,2,8,3,5,597.0,87.0,162.0,0.107730
segdup,2,8,3,10,1032,87,162,209.466516
insider,2,8,3,10,1002.0,80.0,202.0,0.693487
insider_relax,2,8,3,10,1002.0,80.0,202.0,1.152792
fastmultrec_greedy,2,8,3,10,1015.0,84.0,175.0,1.932184
lcamap,2,8,3,10,1032.0,87.0,162.0,0.109252
segdup,2,8,3,15,1459,86,169,204.785007
insider,2,8,3,15,1399.0,79.0,214.0,2.696293
insider_relax,2,8,3,15,1399.0,79.0,214.0,3.890382
fastmultrec_greedy,2,8,3,15,1435.0,84.0,175.0,1.953028
lcamap,2,8,3,15,1467.0,87.0,162.0,0.111120
segdup,2,8,3,20,1895,86,175,193.564958
insider,2,8,3,20,1780.0,73.0,320.0,20.207093
insider_relax,2,8,3,20,1780.0,73.0,320.0,41.872353
fastmultrec_greedy,2,8,3,20,1855.0,84.0,175.0,1.943034
lcamap,2,8,3,20,1902.0,87.0,162.0,0.107989
segdup,2,9,3,5,49,8,9,107.024792
insider,2,9,3,5,49.0,8.0,9.0,0.084344
insider_relax,2,9,3,5,49.0,8.0,9.0,0.090930
fastmultrec_greedy,2,9,3,5,49.0,8.0,9.0,0.217523
lcamap,2,9,3,5,49.0,8.0,9.0,0.042112
segdup,2,9,3,10,89,8,9,84.903358
insider,2,9,3,10,89.0,8.0,9.0,0.086132
insider_relax,2,9,3,10,89.0,8.0,9.0,0.100752
fastmultrec_greedy,2,9,3,10,89.0,8.0,9.0,0.221746
lcamap,2,9,3,10,89.0,8.0,9.0,0.039368
segdup,2,9,3,15,129,8,9,69.779356
insider,2,9,3,15,129.0,8.0,9.0,0.101291
insider_relax,2,9,3,15,129.0,8.0,9.0,0.097536
fastmultrec_greedy,2,9,3,15,129.0,8.0,9.0,0.218778
lcamap,2,9,3,15,129.0,8.0,9.0,0.038773
segdup,2,9,3,20,169,8,9,45.003048
insider,2,9,3,20,169.0,8.0,9.0,0.114795
insider_relax,2,9,3,20,169.0,8.0,9.0,0.115416
fastmultrec_greedy,2,9,3,20,169.0,8.0,9.0,0.222670
lcamap,2,9,3,20,169.0,8.0,9.0,0.039390
segdup,2,10,3,5,10,2,0,202.570433
insider,2,10,3,5,10.0,2.0,0.0,0.163114
insider_relax,2,10,3,5,10.0,2.0,0.0,0.161465
fastmultrec_greedy,2,10,3,5,10.0,2.0,0.0,0.607905
lcamap,2,10,3,5,10.0,2.0,0.0,0.095816
segdup,2,10,3,10,20,2,0,197.864046
insider,2,10,3,10,20.0,2.0,0.0,0.162648
insider_relax,2,10,3,10,20.0,2.0,0.0,0.160888
fastmultrec_greedy,2,10,3,10,20.0,2.0,0.0,0.628719
lcamap,2,10,3,10,20.0,2.0,0.0,0.098887
segdup,2,10,3,15,30,2,0,187.175179
insider,2,10,3,15,30.0,2.0,0.0,0.164270
insider_relax,2,10,3,15,30.0,2.0,0.0,0.152684
fastmultrec_greedy,2,10,3,15,30.0,2.0,0.0,0.602174
lcamap,2,10,3,15,30.0,2.0,0.0,0.096950
segdup,2,10,3,20,40,2,0,113.293557
insider,2,10,3,20,40.0,2.0,0.0,0.166054
insider_relax,2,10,3,20,40.0,2.0,0.0,0.155039
fastmultrec_greedy,2,10,3,20,40.0,2.0,0.0,0.610641
lcamap,2,10,3,20,40.0,2.0,0.0,0.098047
segdup,1,7,4,5,1933,173,1068,213.411423
insider,1,7,4,5,1907.0,158.0,1117.0,0.318161
insider_relax,1,7,4,5,1907.0,158.0,1117.0,0.337429
fastmultrec_greedy,1,7,4,5,1909.0,162.0,1099.0,6.142580
lcamap,1,7,4,5,1933.0,173.0,1068.0,0.093824
segdup,1,7,4,10,2798,173,1068,214.564517
insider,1,7,4,10,2658.0,143.0,1228.0,0.532937
insider_relax,1,7,4,10,2658.0,143.0,1228.0,0.651684
fastmultrec_greedy,1,7,4,10,2707.0,159.0,1117.0,9.247608
lcamap,1,7,4,10,2798.0,173.0,1068.0,0.094549
segdup,1,7,4,15,3663,173,1068,213.683389
insider,1,7,4,15,3347.0,132.0,1367.0,1.122065
insider_relax,1,7,4,15,3347.0,132.0,1367.0,1.350349
fastmultrec_greedy,1,7,4,15,3493.0,156.0,1153.0,11.370724
lcamap,1,7,4,15,3663.0,173.0,1068.0,0.093606
segdup,1,7,4,20,4528,173,1068,220.985573
insider,1,7,4,20,4003.0,131.0,1383.0,2.380454
insider_relax,1,7,4,20,4003.0,131.0,1383.0,4.218460
fastmultrec_greedy,1,7,4,20,4263.0,152.0,1223.0,13.535152
lcamap,1,7,4,20,4528.0,173.0,1068.0,0.093025
segdup,1,8,4,5,377,55,102,59.442339
insider,1,8,4,5,373.0,53.0,108.0,0.106329
insider_relax,1,8,4,5,373.0,53.0,108.0,0.137691
fastmultrec_greedy,1,8,4,5,373.0,53.0,108.0,0.369917
lcamap,1,8,4,5,377.0,55.0,102.0,0.028120
segdup,1,8,4,10,644,53,114,60.019765
insider,1,8,4,10,632.0,50.0,132.0,0.243592
insider_relax,1,8,4,10,632.0,50.0,132.0,0.413895
fastmultrec_greedy,1,8,4,10,638.0,53.0,108.0,0.372758
lcamap,1,8,4,10,652.0,55.0,102.0,0.028893
segdup,1,8,4,15,906,53,111,58.248250
insider,1,8,4,15,873.0,47.0,168.0,1.021598
insider_relax,1,8,4,15,873.0,47.0,168.0,1.466537
fastmultrec_greedy,1,8,4,15,903.0,53.0,108.0,0.376942
lcamap,1,8,4,15,927.0,55.0,102.0,0.027186
segdup,1,8,4,20,1187,54,107,55.340881
insider,1,8,4,20,1105.0,44.0,225.0,30.705588
insider_relax,1,8,4,20,1105.0,44.0,225.0,121.162876
fastmultrec_greedy,1,8,4,20,1168.0,53.0,108.0,0.387650
lcamap,1,8,4,20,1202.0,55.0,102.0,0.030236
segdup,1,9,4,5,44,8,4,93.961651
insider,1,9,4,5,44.0,8.0,4.0,0.063754
insider_relax,1,9,4,5,44.0,8.0,4.0,0.073920
fastmultrec_greedy,1,9,4,5,44.0,8.0,4.0,0.180116
lcamap,1,9,4,5,44.0,8.0,4.0,0.032682
segdup,1,9,4,10,84,8,4,92.572813
insider,1,9,4,10,84.0,8.0,4.0,0.067775
insider_relax,1,9,4,10,84.0,8.0,4.0,0.076670
fastmultrec_greedy,1,9,4,10,84.0,8.0,4.0,0.183494
lcamap,1,9,4,10,84.0,8.0,4.0,0.034222
segdup,1,9,4,15,124,8,4,74.633666
insider,1,9,4,15,124.0,8.0,4.0,0.071436
insider_relax,1,9,4,15,124.0,8.0,4.0,0.076630
fastmultrec_greedy,1,9,4,15,124.0,8.0,4.0,0.184930
lcamap,1,9,4,15,124.0,8.0,4.0,0.033642
segdup,1,9,4,20,164,8,4,54.358606
insider,1,9,4,20,164.0,8.0,4.0,0.085961
insider_relax,1,9,4,20,164.0,8.0,4.0,0.084409
fastmultrec_greedy,1,9,4,20,164.0,8.0,4.0,0.182678
lcamap,1,9,4,20,164.0,8.0,4.0,0.033635
segdup,1,10,4,5,11,2,1,103.375642
insider,1,10,4,5,11.0,2.0,1.0,0.079990
insider_relax,1,10,4,5,11.0,2.0,1.0,0.078917
fastmultrec_greedy,1,10,4,5,11.0,2.0,1.0,0.278281
lcamap,1,10,4,5,11.0,2.0,1.0,0.048919
segdup,1,10,4,10,21,2,1,101.376803
insider,1,10,4,10,21.0,2.0,1.0,0.078854
insider_relax,1,10,4,10,21.0,2.0,1.0,0.082325
fastmultrec_greedy,1,10,4,10,21.0,2.0,1.0,0.275927
lcamap,1,10,4,10,21.0,2.0,1.0,0.049771
segdup,1,10,4,15,31,2,1,96.123012
insider,1,10,4,15,31.0,2.0,1.0,0.079163
insider_relax,1,10,4,15,31.0,2.0,1.0,0.079615
fastmultrec_greedy,1,10,4,15,31.0,2.0,1.0,0.277260
lcamap,1,10,4,15,31.0,2.0,1.0,0.047116
segdup,1,10,4,20,41,2,1,67.578719
insider,1,10,4,20,41.0,2.0,1.0,0.084136
insider_relax,1,10,4,20,41.0,2.0,1.0,0.083477
fastmultrec_greedy,1,10,4,20,41.0,2.0,1.0,0.276997
lcamap,1,10,4,20,41.0,2.0,1.0,0.047698
segdup,1,11,4,5,6,1,1,129.366574
insider,1,11,4,5,6.0,1.0,1.0,0.104622
insider_relax,1,11,4,5,6.0,1.0,1.0,0.101069
fastmultrec_greedy,1,11,4,5,6.0,1.0,1.0,0.353250
lcamap,1,11,4,5,6.0,1.0,1.0,0.067149
segdup,1,11,4,10,11,1,1,125.706223
insider,1,11,4,10,11.0,1.0,1.0,0.102730
insider_relax,1,11,4,10,11.0,1.0,1.0,0.105454
fastmultrec_greedy,1,11,4,10,11.0,1.0,1.0,0.352660
lcamap,1,11,4,10,11.0,1.0,1.0,0.070887
segdup,1,11,4,15,16,1,1,110.302220
insider,1,11,4,15,16.0,1.0,1.0,0.105418
insider_relax,1,11,4,15,16.0,1.0,1.0,0.100838
fastmultrec_greedy,1,11,4,15,16.0,1.0,1.0,0.351500
lcamap,1,11,4,15,16.0,1.0,1.0,0.068258
segdup,1,11,4,20,21,1,1,84.515684
insider,1,11,4,20,21.0,1.0,1.0,0.103985
insider_relax,1,11,4,20,21.0,1.0,1.0,0.102443
fastmultrec_greedy,1,11,4,20,21.0,1.0,1.0,0.362864
lcamap,1,11,4,20,21.0,1.0,1.0,0.067353
segdup,2,7,4,5,2775,165,1950,452.737435
insider,2,7,4,5,2749.0,152.0,1989.0,0.456574
insider_relax,2,7,4,5,2749.0,152.0,1989.0,0.480062
fastmultrec_greedy,2,7,4,5,2749.0,152.0,1989.0,9.680194
lcamap,2,7,4,5,2775.0,165.0,1950.0,0.140861
segdup,2,7,4,10,3600,165,1950,447.210546
insider,2,7,4,10,3472.0,140.0,2072.0,0.683188
insider_relax,2,7,4,10,3472.0,140.0,2072.0,0.752981
fastmultrec_greedy,2,7,4,10,3486.0,145.0,2036.0,14.683925
lcamap,2,7,4,10,3600.0,165.0,1950.0,0.137964
segdup,2,7,4,15,4425,165,1950,432.948042
insider,2,7,4,15,4156.0,133.0,2161.0,1.077329
insider_relax,2,7,4,15,4156.0,133.0,2161.0,1.299619
fastmultrec_greedy,2,7,4,15,4205.0,143.0,2060.0,16.185982
lcamap,2,7,4,15,4425.0,165.0,1950.0,0.140979
segdup,2,7,4,20,5250,165,1950,446.449648
insider,2,7,4,20,4809.0,127.0,2269.0,2.184737
insider_relax,2,7,4,20,4809.0,127.0,2269.0,2.734060
fastmultrec_greedy,2,7,4,20,4906.0,142.0,2066.0,20.506842
lcamap,2,7,4,20,5250.0,165.0,1950.0,0.137758
segdup,2,8,4,5,243,36,63,84.510615
insider,2,8,4,5,241.0,35.0,66.0,0.135905
insider_relax,2,8,4,5,241.0,35.0,66.0,0.179555
fastmultrec_greedy,2,8,4,5,241.0,35.0,66.0,0.400770
lcamap,2,8,4,5,243.0,36.0,63.0,0.046976
segdup,2,8,4,10,423,36,63,87.626772
insider,2,8,4,10,411.0,33.0,81.0,0.277248
insider_relax,2,8,4,10,411.0,33.0,81.0,0.362347
fastmultrec_greedy,2,8,4,10,412.0,34.0,72.0,0.581504
lcamap,2,8,4,10,423.0,36.0,63.0,0.045997
segdup,2,8,4,15,603,36,63,90.215951
insider,2,8,4,15,575.0,32.0,95.0,0.852226
insider_relax,2,8,4,15,575.0,32.0,95.0,1.314262
fastmultrec_greedy,2,8,4,15,582.0,34.0,72.0,0.577489
lcamap,2,8,4,15,603.0,36.0,63.0,0.046070
segdup,2,8,4,20,783,36,63,81.411586
insider,2,8,4,20,730.0,30.0,130.0,2.733287
insider_relax,2,8,4,20,730.0,30.0,130.0,6.275079
fastmultrec_greedy,2,8,4,20,752.0,34.0,72.0,0.576304
lcamap,2,8,4,20,783.0,36.0,63.0,0.043172
segdup,2,9,4,5,25,5,0,149.440573
insider,2,9,4,5,25.0,5.0,0.0,0.143015
insider_relax,2,9,4,5,25.0,5.0,0.0,0.143223
fastmultrec_greedy,2,9,4,5,25.0,5.0,0.0,0.583241
lcamap,2,9,4,5,25.0,5.0,0.0,0.083353
segdup,2,9,4,10,50,5,0,159.994246
insider,2,9,4,10,50.0,5.0,0.0,0.146266
insider_relax,2,9,4,10,50.0,5.0,0.0,0.147885
fastmultrec_greedy,2,9,4,10,50.0,5.0,0.0,0.586535
lcamap,2,9,4,10,50.0,5.0,0.0,0.085571
segdup,2,9,4,15,75,5,0,89.890486
insider,2,9,4,15,75.0,5.0,0.0,0.157669
insider_relax,2,9,4,15,75.0,5.0,0.0,0.153291
fastmultrec_greedy,2,9,4,15,75.0,5.0,0.0,0.585812
lcamap,2,9,4,15,75.0,5.0,0.0,0.084710
segdup,2,9,4,20,100,5,0,89.793672
insider,2,9,4,20,100.0,5.0,0.0,0.159251
insider_relax,2,9,4,20,100.0,5.0,0.0,0.160578
fastmultrec_greedy,2,9,4,20,100.0,5.0,0.0,0.594176
lcamap,2,9,4,20,100.0,5.0,0.0,0.083966
segdup,2,10,4,5,16,3,1,172.598682
insider,2,10,4,5,16.0,3.0,1.0,0.110536
insider_relax,2,10,4,5,16.0,3.0,1.0,0.115005
fastmultrec_greedy,2,10,4,5,16.0,3.0,1.0,0.346604
lcamap,2,10,4,5,16.0,3.0,1.0,0.066088
segdup,2,10,4,10,31,3,1,129.163837
insider,2,10,4,10,31.0,3.0,1.0,0.114350
insider_relax,2,10,4,10,31.0,3.0,1.0,0.109257
fastmultrec_greedy,2,10,4,10,31.0,3.0,1.0,0.349361
lcamap,2,10,4,10,31.0,3.0,1.0,0.063726
segdup,2,10,4,15,46,3,1,122.005453
insider,2,10,4,15,46.0,3.0,1.0,0.118264
insider_relax,2,10,4,15,46.0,3.0,1.0,0.118427
fastmultrec_greedy,2,10,4,15,46.0,3.0,1.0,0.345840
lcamap,2,10,4,15,46.0,3.0,1.0,0.063424
segdup,2,10,4,20,61,3,1,73.434869
insider,2,10,4,20,61.0,3.0,1.0,0.113343
insider_relax,2,10,4,20,61.0,3.0,1.0,0.115977
fastmultrec_greedy,2,10,4,20,61.0,3.0,1.0,0.342268
lcamap,2,10,4,20,61.0,3.0,1.0,0.065564
segdup,2,11,4,5,10,2,0,120.058075
insider,2,11,4,5,10.0,2.0,0.0,0.076581
insider_relax,2,11,4,5,10.0,2.0,0.0,0.075667
fastmultrec_greedy,2,11,4,5,10.0,2.0,0.0,0.222101
lcamap,2,11,4,5,10.0,2.0,0.0,0.042286
segdup,2,11,4,10,20,2,0,113.004806
insider,2,11,4,10,20.0,2.0,0.0,0.076996
insider_relax,2,11,4,10,20.0,2.0,0.0,0.076430
fastmultrec_greedy,2,11,4,10,20.0,2.0,0.0,0.220756
lcamap,2,11,4,10,20.0,2.0,0.0,0.039897
segdup,2,11,4,15,30,2,0,96.416176
insider,2,11,4,15,30.0,2.0,0.0,0.077093
insider_relax,2,11,4,15,30.0,2.0,0.0,0.076571
fastmultrec_greedy,2,11,4,15,30.0,2.0,0.0,0.220933
lcamap,2,11,4,15,30.0,2.0,0.0,0.039502
segdup,2,11,4,20,40,2,0,58.997523
insider,2,11,4,20,40.0,2.0,0.0,0.078466
insider_relax,2,11,4,20,40.0,2.0,0.0,0.081751
fastmultrec_greedy,2,11,4,20,40.0,2.0,0.0,0.224125
lcamap,2,11,4,20,40.0,2.0,0.0,0.041239
segdup,1,7,5,5,1768,120,1168,87.078200
insider,1,7,5,5,1747.0,110.0,1197.0,0.108625
insider_relax,1,7,5,5,1747.0,110.0,1197.0,0.133227
fastmultrec_greedy,1,7,5,5,1748.0,111.0,1193.0,0.961145
lcamap,1,7,5,5,1768.0,120.0,1168.0,0.025596
segdup,1,7,5,10,2368,120,1168,85.965698
insider,1,7,5,10,2267.0,100.0,1267.0,0.248201
insider_relax,1,7,5,10,2267.0,99.0,1277.0,0.320148
fastmultrec_greedy,1,7,5,10,2283.0,106.0,1223.0,1.415270
lcamap,1,7,5,10,2368.0,120.0,1168.0,0.025633
segdup,1,7,5,15,2968,120,1168,84.472067
insider,1,7,5,15,2751.0,94.0,1341.0,0.669336
insider_relax,1,7,5,15,2751.0,94.0,1341.0,0.784674
fastmultrec_greedy,1,7,5,15,2802.0,103.0,1257.0,2.106191
lcamap,1,7,5,15,2968.0,120.0,1168.0,0.025647
segdup,1,7,5,20,3568,120,1168,87.763022
insider,1,7,5,20,3197.0,88.0,1437.0,1.166112
insider_relax,1,7,5,20,3197.0,88.0,1437.0,1.644649
fastmultrec_greedy,1,7,5,20,3307.0,101.0,1287.0,2.265055
lcamap,1,7,5,20,3568.0,120.0,1168.0,0.025163
segdup,1,8,5,5,774,96,294,95.671698
insider,1,8,5,5,772.0,95.0,297.0,0.158253
insider_relax,1,8,5,5,772.0,95.0,297.0,0.189262
fastmultrec_greedy,1,8,5,5,772.0,95.0,297.0,0.445597
lcamap,1,8,5,5,774.0,96.0,294.0,0.051804
segdup,1,8,5,10,1254,96,294,92.402775
insider,1,8,5,10,1229.0,88.0,349.0,0.290003
insider_relax,1,8,5,10,1229.0,88.0,349.0,0.362574
fastmultrec_greedy,1,8,5,10,1243.0,93.0,313.0,0.860244
lcamap,1,8,5,10,1254.0,96.0,294.0,0.053329
segdup,1,8,5,15,1734,96,294,91.945008
insider,1,8,5,15,1649.0,81.0,434.0,0.594624
insider_relax,1,8,5,15,1649.0,81.0,434.0,0.730795
fastmultrec_greedy,1,8,5,15,1707.0,92.0,327.0,1.072777
lcamap,1,8,5,15,1734.0,96.0,294.0,0.052265
segdup,1,8,5,20,2212,95,312,90.638269
insider,1,8,5,20,2051.0,79.0,471.0,1.382518
insider_relax,1,8,5,20,2051.0,79.0,471.0,2.423475
fastmultrec_greedy,1,8,5,20,2167.0,92.0,327.0,1.086961
lcamap,1,8,5,20,2214.0,96.0,294.0,0.051790
segdup,1,9,5,5,95,15,20,72.235148
insider,1,9,5,5,95.0,15.0,20.0,0.069727
insider_relax,1,9,5,5,95.0,15.0,20.0,0.078731
fastmultrec_greedy,1,9,5,5,95.0,15.0,20.0,0.204671
lcamap,1,9,5,5,95.0,15.0,20.0,0.034212
segdup,1,9,5,10,170,15,20,70.258888
insider,1,9,5,10,170.0,15.0,20.0,0.081135
insider_relax,1,9,5,10,170.0,15.0,20.0,0.107432
fastmultrec_greedy,1,9,5,10,170.0,15.0,20.0,0.207029
lcamap,1,9,5,10,170.0,15.0,20.0,0.035085
segdup,1,9,5,15,245,15,20,66.468744
insider,1,9,5,15,245.0,15.0,20.0,0.118997
insider_relax,1,9,5,15,245.0,15.0,20.0,0.136336
fastmultrec_greedy,1,9,5,15,245.0,15.0,20.0,0.206257
lcamap,1,9,5,15,245.0,15.0,20.0,0.038456
segdup,1,9,5,20,320,15,20,60.692027
insider,1,9,5,20,320.0,15.0,20.0,0.215622
insider_relax,1,9,5,20,320.0,15.0,20.0,0.230021
fastmultrec_greedy,1,9,5,20,320.0,15.0,20.0,0.207460
lcamap,1,9,5,20,320.0,15.0,20.0,0.034388
segdup,1,10,5,5,10,2,0,95.077743
insider,1,10,5,5,10.0,2.0,0.0,0.066632
insider_relax,1,10,5,5,10.0,2.0,0.0,0.075405
fastmultrec_greedy,1,10,5,5,10.0,2.0,0.0,0.215124
lcamap,1,10,5,5,10.0,2.0,0.0,0.036714
segdup,1,10,5,10,20,2,0,94.427885
insider,1,10,5,10,20.0,2.0,0.0,0.065468
insider_relax,1,10,5,10,20.0,2.0,0.0,0.065368
fastmultrec_greedy,1,10,5,10,20.0,2.0,0.0,0.217754
lcamap,1,10,5,10,20.0,2.0,0.0,0.043190
segdup,1,10,5,15,30,2,0,55.080824
insider,1,10,5,15,30.0,2.0,0.0,0.066825
insider_relax,1,10,5,15,30.0,2.0,0.0,0.071994
fastmultrec_greedy,1,10,5,15,30.0,2.0,0.0,0.213532
lcamap,1,10,5,15,30.0,2.0,0.0,0.038577
segdup,1,10,5,20,40,2,0,74.375097
insider,1,10,5,20,40.0,2.0,0.0,0.066869
insider_relax,1,10,5,20,40.0,2.0,0.0,0.065749
fastmultrec_greedy,1,10,5,20,40.0,2.0,0.0,0.216918
lcamap,1,10,5,20,40.0,2.0,0.0,0.038487
segdup,1,11,5,5,5,1,0,68.770845
insider,1,11,5,5,5.0,1.0,0.0,0.047754
insider_relax,1,11,5,5,5.0,1.0,0.0,0.046195
fastmultrec_greedy,1,11,5,5,5.0,1.0,0.0,0.138161
lcamap,1,11,5,5,5.0,1.0,0.0,0.025221
segdup,1,11,5,10,10,1,0,59.477345
insider,1,11,5,10,10.0,1.0,0.0,0.047262
insider_relax,1,11,5,10,10.0,1.0,0.0,0.046189
fastmultrec_greedy,1,11,5,10,10.0,1.0,0.0,0.137934
lcamap,1,11,5,10,10.0,1.0,0.0,0.024756
segdup,1,11,5,15,15,1,0,39.974765
insider,1,11,5,15,15.0,1.0,0.0,0.046558
insider_relax,1,11,5,15,15.0,1.0,0.0,0.046058
fastmultrec_greedy,1,11,5,15,15.0,1.0,0.0,0.139012
lcamap,1,11,5,15,15.0,1.0,0.0,0.024933
segdup,1,11,5,20,20,1,0,39.340014
insider,1,11,5,20,20.0,1.0,0.0,0.046040
insider_relax,1,11,5,20,20.0,1.0,0.0,0.046850
fastmultrec_greedy,1,11,5,20,20.0,1.0,0.0,0.138530
lcamap,1,11,5,20,20.0,1.0,0.0,0.024514
segdup,2,8,5,5,101,18,11,78.438535
insider,2,8,5,5,101.0,18.0,11.0,0.100924
insider_relax,2,8,5,5,101.0,18.0,11.0,0.113995
fastmultrec_greedy,2,8,5,5,101.0,18.0,11.0,0.236749
lcamap,2,8,5,5,101.0,18.0,11.0,0.040828
segdup,2,8,5,10,191,18,11,76.488638
insider,2,8,5,10,191.0,18.0,11.0,0.123918
insider_relax,2,8,5,10,191.0,18.0,11.0,0.153862
fastmultrec_greedy,2,8,5,10,191.0,18.0,11.0,0.236417
lcamap,2,8,5,10,191.0,18.0,11.0,0.042742
segdup,2,8,5,15,281,18,11,50.607226
insider,2,8,5,15,281.0,18.0,11.0,0.183407
insider_relax,2,8,5,15,281.0,18.0,11.0,0.183563
fastmultrec_greedy,2,8,5,15,281.0,18.0,11.0,0.234355
lcamap,2,8,5,15,281.0,18.0,11.0,0.042321
segdup,2,8,5,20,371,18,11,51.352901
insider,2,8,5,20,371.0,18.0,11.0,0.267354
insider_relax,2,8,5,20,371.0,18.0,11.0,0.331097
fastmultrec_greedy,2,8,5,20,371.0,18.0,11.0,0.229890
lcamap,2,8,5,20,371.0,18.0,11.0,0.043877
segdup,2,9,5,5,107,19,12,201.081901
insider,2,9,5,5,107.0,19.0,12.0,0.165016
insider_relax,2,9,5,5,107.0,19.0,12.0,0.178959
fastmultrec_greedy,2,9,5,5,107.0,19.0,12.0,0.416781
lcamap,2,9,5,5,107.0,19.0,12.0,0.080911
segdup,2,9,5,10,202,19,12,170.559649
insider,2,9,5,10,202.0,19.0,12.0,0.208195
insider_relax,2,9,5,10,202.0,19.0,12.0,0.264196
fastmultrec_greedy,2,9,5,10,202.0,19.0,12.0,0.418162
lcamap,2,9,5,10,202.0,19.0,12.0,0.079275
segdup,2,9,5,15,297,19,12,94.778074
insider,2,9,5,15,297.0,19.0,12.0,0.302544
insider_relax,2,9,5,15,297.0,19.0,12.0,0.308579
fastmultrec_greedy,2,9,5,15,297.0,19.0,12.0,0.416786
lcamap,2,9,5,15,297.0,19.0,12.0,0.081580
segdup,2,9,5,20,392,19,12,93.660624
insider,2,9,5,20,392.0,19.0,12.0,1.401731
insider_relax,2,9,5,20,392.0,19.0,12.0,1.471108
fastmultrec_greedy,2,9,5,20,392.0,19.0,12.0,0.419452
lcamap,2,9,5,20,392.0,19.0,12.0,0.080451
segdup,2,10,5,5,31,6,1,149.016824
insider,2,10,5,5,31.0,6.0,1.0,0.127465
insider_relax,2,10,5,5,31.0,6.0,1.0,0.127515
fastmultrec_greedy,2,10,5,5,31.0,6.0,1.0,0.379483
lcamap,2,10,5,5,31.0,6.0,1.0,0.071302
segdup,2,10,5,10,61,6,1,139.814900
insider,2,10,5,10,61.0,6.0,1.0,0.130373
insider_relax,2,10,5,10,61.0,6.0,1.0,0.135497
fastmultrec_greedy,2,10,5,10,61.0,6.0,1.0,0.382856
lcamap,2,10,5,10,61.0,6.0,1.0,0.073089
segdup,2,10,5,15,91,6,1,76.904925
insider,2,10,5,15,91.0,6.0,1.0,0.133937
insider_relax,2,10,5,15,91.0,6.0,1.0,0.133859
fastmultrec_greedy,2,10,5,15,91.0,6.0,1.0,0.386919
lcamap,2,10,5,15,91.0,6.0,1.0,0.071655
segdup,2,10,5,20,121,6,1,77.262320
insider,2,10,5,20,121.0,6.0,1.0,0.137825
insider_relax,2,10,5,20,121.0,6.0,1.0,0.140103
fastmultrec_greedy,2,10,5,20,121.0,6.0,1.0,0.381760
lcamap,2,10,5,20,121.0,6.0,1.0,0.075795
segdup,2,11,5,5,10,2,0,197.506945
insider,2,11,5,5,10.0,2.0,0.0,0.134752
insider_relax,2,11,5,5,10.0,2.0,0.0,0.130400
fastmultrec_greedy,2,11,5,5,10.0,2.0,0.0,0.427493
lcamap,2,11,5,5,10.0,2.0,0.0,0.081281
segdup,2,11,5,10,20,2,0,180.598857
insider,2,11,5,10,20.0,2.0,0.0,0.135269
insider_relax,2,11,5,10,20.0,2.0,0.0,0.134231
fastmultrec_greedy,2,11,5,10,20.0,2.0,0.0,0.437972
lcamap,2,11,5,10,20.0,2.0,0.0,0.079326
segdup,2,11,5,15,30,2,0,157.147918
insider,2,11,5,15,30.0,2.0,0.0,0.140417
insider_relax,2,11,5,15,30.0,2.0,0.0,0.132602
fastmultrec_greedy,2,11,5,15,30.0,2.0,0.0,0.438843
lcamap,2,11,5,15,30.0,2.0,0.0,0.080302
segdup,2,11,5,20,40,2,0,91.406353
insider,2,11,5,20,40.0,2.0,0.0,0.136351
insider_relax,2,11,5,20,40.0,2.0,0.0,0.130551
fastmultrec_greedy,2,11,5,20,40.0,2.0,0.0,0.427045
lcamap,2,11,5,20,40.0,2.0,0.0,0.079040
segdup,1,7,6,5,1839,173,974,183.334647
insider,1,7,6,5,1817.0,164.0,997.0,0.260566
insider_relax,1,7,6,5,1817.0,164.0,997.0,0.302478
fastmultrec_greedy,1,7,6,5,1818.0,165.0,993.0,3.038412
lcamap,1,7,6,5,1839.0,173.0,974.0,0.083629
segdup,1,7,6,10,2704,173,974,185.627411
insider,1,7,6,10,2586.0,143.0,1156.0,0.551701
insider_relax,1,7,6,10,2586.0,142.0,1166.0,0.708935
fastmultrec_greedy,1,7,6,10,2604.0,153.0,1074.0,8.528628
lcamap,1,7,6,10,2704.0,173.0,974.0,0.082817
segdup,1,7,6,15,3569,173,974,180.988560
insider,1,7,6,15,3277.0,135.0,1252.0,1.362187
insider_relax,1,7,6,15,3277.0,135.0,1252.0,2.227839
fastmultrec_greedy,1,7,6,15,3366.0,152.0,1086.0,8.915250
lcamap,1,7,6,15,3569.0,173.0,974.0,0.080757
segdup,1,7,6,20,4434,173,974,179.734394
insider,1,7,6,20,3931.0,127.0,1391.0,7.275531
insider_relax,1,7,6,20,3931.0,126.0,1411.0,15.182079
fastmultrec_greedy,1,7,6,20,4126.0,152.0,1086.0,8.913921
lcamap,1,7,6,20,4434.0,173.0,974.0,0.080698
segdup,1,8,6,5,572,84,152,131.313372
insider,1,8,6,5,572.0,84.0,152.0,0.210748
insider_relax,1,8,6,5,572.0,84.0,152.0,0.277479
fastmultrec_greedy,1,8,6,5,572.0,84.0,152.0,0.367906
lcamap,1,8,6,5,572.0,84.0,152.0,0.070737
segdup,1,8,6,10,992,84,152,126.724964
insider,1,8,6,10,978.0,76.0,218.0,0.549066
insider_relax,1,8,6,10,978.0,76.0,218.0,0.945139
fastmultrec_greedy,1,8,6,10,992.0,84.0,152.0,0.373395
lcamap,1,8,6,10,992.0,84.0,152.0,0.070626
segdup,1,8,6,15,1412,84,152,122.574163
insider,1,8,6,15,1348.0,69.0,313.0,2.617560
insider_relax,1,8,6,15,1348.0,69.0,313.0,6.026653
fastmultrec_greedy,1,8,6,15,1412.0,84.0,152.0,0.373832
lcamap,1,8,6,15,1412.0,84.0,152.0,0.073025
segdup,1,8,6,20,1832,84,152,125.893345
insider,1,8,6,20,1684.0,66.0,364.0,39.922330
insider_relax,1,8,6,20,1684.0,66.0,364.0,113.521677
fastmultrec_greedy,1,8,6,20,1832.0,84.0,152.0,0.367225
lcamap,1,8,6,20,1832.0,84.0,152.0,0.071618
segdup,1,9,6,5,13,2,3,97.833020
insider,1,9,6,5,13.0,2.0,3.0,0.062800
insider_relax,1,9,6,5,13.0,2.0,3.0,0.063851
fastmultrec_greedy,1,9,6,5,13.0,2.0,3.0,0.179501
lcamap,1,9,6,5,13.0,2.0,3.0,0.035886
segdup,1,9,6,10,23,2,3,91.215971
insider,1,9,6,10,23.0,2.0,3.0,0.061415
insider_relax,1,9,6,10,23.0,2.0,3.0,0.063718
fastmultrec_greedy,1,9,6,10,23.0,2.0,3.0,0.181665
lcamap,1,9,6,10,23.0,2.0,3.0,0.035205
segdup,1,9,6,15,33,2,3,83.660209
insider,1,9,6,15,33.0,2.0,3.0,0.065405
insider_relax,1,9,6,15,33.0,2.0,3.0,0.067332
fastmultrec_greedy,1,9,6,15,33.0,2.0,3.0,0.176950
lcamap,1,9,6,15,33.0,2.0,3.0,0.036631
segdup,1,9,6,20,43,2,3,54.880682
insider,1,9,6,20,43.0,2.0,3.0,0.064874
insider_relax,1,9,6,20,43.0,2.0,3.0,0.067334
fastmultrec_greedy,1,9,6,20,43.0,2.0,3.0,0.179244
lcamap,1,9,6,20,43.0,2.0,3.0,0.038402
segdup,1,10,6,5,10,2,0,88.546773
insider,1,10,6,5,10.0,2.0,0.0,0.062571
insider_relax,1,10,6,5,10.0,2.0,0.0,0.063566
fastmultrec_greedy,1,10,6,5,10.0,2.0,0.0,0.187497
lcamap,1,10,6,5,10.0,2.0,0.0,0.036609
segdup,1,10,6,10,20,2,0,81.118624
insider,1,10,6,10,20.0,2.0,0.0,0.061540
insider_relax,1,10,6,10,20.0,2.0,0.0,0.065921
fastmultrec_greedy,1,10,6,10,20.0,2.0,0.0,0.188922
lcamap,1,10,6,10,20.0,2.0,0.0,0.035513
segdup,1,10,6,15,30,2,0,72.646894
insider,1,10,6,15,30.0,2.0,0.0,0.061151
insider_relax,1,10,6,15,30.0,2.0,0.0,0.068566
fastmultrec_greedy,1,10,6,15,30.0,2.0,0.0,0.187283
lcamap,1,10,6,15,30.0,2.0,0.0,0.035783
segdup,1,10,6,20,40,2,0,75.924225
insider,1,10,6,20,40.0,2.0,0.0,0.063075
insider_relax,1,10,6,20,40.0,2.0,0.0,0.064801
fastmultrec_greedy,1,10,6,20,40.0,2.0,0.0,0.187978
lcamap,1,10,6,20,40.0,2.0,0.0,0.036188
segdup,1,11,6,5,5,1,0,61.035946
insider,1,11,6,5,5.0,1.0,0.0,0.041547
insider_relax,1,11,6,5,5.0,1.0,0.0,0.045721
fastmultrec_greedy,1,11,6,5,5.0,1.0,0.0,0.126385
lcamap,1,11,6,5,5.0,1.0,0.0,0.022823
segdup,1,11,6,10,10,1,0,59.609048
insider,1,11,6,10,10.0,1.0,0.0,0.042399
insider_relax,1,11,6,10,10.0,1.0,0.0,0.044471
fastmultrec_greedy,1,11,6,10,10.0,1.0,0.0,0.125358
lcamap,1,11,6,10,10.0,1.0,0.0,0.025645
segdup,1,11,6,15,15,1,0,37.369559
insider,1,11,6,15,15.0,1.0,0.0,0.042283
insider_relax,1,11,6,15,15.0,1.0,0.0,0.044122
fastmultrec_greedy,1,11,6,15,15.0,1.0,0.0,0.126804
lcamap,1,11,6,15,15.0,1.0,0.0,0.021451
segdup,1,11,6,20,20,1,0,36.718417
insider,1,11,6,20,20.0,1.0,0.0,0.043298
insider_relax,1,11,6,20,20.0,1.0,0.0,0.041959
fastmultrec_greedy,1,11,6,20,20.0,1.0,0.0,0.126778
lcamap,1,11,6,20,20.0,1.0,0.0,0.022483
segdup,2,7,6,5,2481,180,1581,385.161645
insider,2,7,6,5,2446.0,164.0,1626.0,0.426969
insider_relax,2,7,6,5,2446.0,164.0,1626.0,0.478582
fastmultrec_greedy,2,7,6,5,2448.0,166.0,1618.0,11.460403
lcamap,2,7,6,5,2481.0,180.0,1581.0,0.147127
segdup,2,7,6,10,3381,180,1581,363.773901
insider,2,7,6,10,3236.0,152.0,1716.0,0.633927
insider_relax,2,7,6,10,3236.0,152.0,1716.0,0.728497
fastmultrec_greedy,2,7,6,10,3266.0,162.0,1646.0,14.573865
lcamap,2,7,6,10,3381.0,180.0,1581.0,0.147680
segdup,2,7,6,15,4277,178,1607,366.512380
insider,2,7,6,15,3970.0,141.0,1855.0,1.010668
insider_relax,2,7,6,15,3970.0,141.0,1855.0,1.113449
fastmultrec_greedy,2,7,6,15,4063.0,157.0,1708.0,18.662419
lcamap,2,7,6,15,4281.0,180.0,1581.0,0.148136
segdup,2,7,6,20,5174,179,1594,365.529835
insider,2,7,6,20,4668.0,135.0,1968.0,1.968452
insider_relax,2,7,6,20,4668.0,135.0,1968.0,2.421542
fastmultrec_greedy,2,7,6,20,4834.0,154.0,1754.0,20.677761
lcamap,2,7,6,20,5181.0,180.0,1581.0,0.150213
segdup,2,8,6,5,178,28,38,113.304108
insider,2,8,6,5,178.0,28.0,38.0,0.134706
insider_relax,2,8,6,5,178.0,28.0,38.0,0.168212
fastmultrec_greedy,2,8,6,5,178.0,28.0,38.0,0.290427
lcamap,2,8,6,5,178.0,28.0,38.0,0.050288
segdup,2,8,6,10,318,28,38,112.261546
insider,2,8,6,10,314.0,27.0,44.0,0.202484
insider_relax,2,8,6,10,314.0,27.0,44.0,0.286757
fastmultrec_greedy,2,8,6,10,318.0,28.0,38.0,0.286626
lcamap,2,8,6,10,318.0,28.0,38.0,0.047998
segdup,2,8,6,15,458,28,38,83.917226
insider,2,8,6,15,449.0,27.0,44.0,0.405189
insider_relax,2,8,6,15,449.0,27.0,44.0,0.561084
fastmultrec_greedy,2,8,6,15,458.0,28.0,38.0,0.285183
lcamap,2,8,6,15,458.0,28.0,38.0,0.047533
segdup,2,8,6,20,598,28,38,77.807953
insider,2,8,6,20,584.0,27.0,44.0,1.686431
insider_relax,2,8,6,20,584.0,27.0,44.0,2.420542
fastmultrec_greedy,2,8,6,20,598.0,28.0,38.0,0.285150
lcamap,2,8,6,20,598.0,28.0,38.0,0.048844
segdup,2,9,6,5,79,13,14,61.032785
insider,2,9,6,5,79.0,13.0,14.0,0.082767
insider_relax,2,9,6,5,79.0,13.0,14.0,0.092080
fastmultrec_greedy,2,9,6,5,79.0,13.0,14.0,0.171775
lcamap,2,9,6,5,79.0,13.0,14.0,0.035427
segdup,2,9,6,10,144,13,14,51.222674
insider,2,9,6,10,144.0,13.0,14.0,0.091801
insider_relax,2,9,6,10,144.0,13.0,14.0,0.122262
fastmultrec_greedy,2,9,6,10,144.0,13.0,14.0,0.175863
lcamap,2,9,6,10,144.0,13.0,14.0,0.035705
segdup,2,9,6,15,209,13,14,38.857041
insider,2,9,6,15,209.0,13.0,14.0,0.120555
insider_relax,2,9,6,15,209.0,13.0,14.0,0.126024
fastmultrec_greedy,2,9,6,15,209.0,13.0,14.0,0.175407
lcamap,2,9,6,15,209.0,13.0,14.0,0.037430
segdup,2,9,6,20,274,13,14,38.293867
insider,2,9,6,20,274.0,13.0,14.0,0.173654
insider_relax,2,9,6,20,274.0,13.0,14.0,0.229206
fastmultrec_greedy,2,9,6,20,274.0,13.0,14.0,0.179555
lcamap,2,9,6,20,274.0,13.0,14.0,0.036573
segdup,2,10,6,5,10,2,0,131.019234
insider,2,10,6,5,10.0,2.0,0.0,0.100936
insider_relax,2,10,6,5,10.0,2.0,0.0,0.099978
fastmultrec_greedy,2,10,6,5,10.0,2.0,0.0,0.319547
lcamap,2,10,6,5,10.0,2.0,0.0,0.059460
segdup,2,10,6,10,20,2,0,120.753178
insider,2,10,6,10,20.0,2.0,0.0,0.103535
insider_relax,2,10,6,10,20.0,2.0,0.0,0.099986
fastmultrec_greedy,2,10,6,10,20.0,2.0,0.0,0.320003
lcamap,2,10,6,10,20.0,2.0,0.0,0.058940
segdup,2,10,6,15,30,2,0,60.850119
insider,2,10,6,15,30.0,2.0,0.0,0.100320
insider_relax,2,10,6,15,30.0,2.0,0.0,0.099766
fastmultrec_greedy,2,10,6,15,30.0,2.0,0.0,0.326869
lcamap,2,10,6,15,30.0,2.0,0.0,0.059140
segdup,2,10,6,20,40,2,0,58.433564
insider,2,10,6,20,40.0,2.0,0.0,0.101805
insider_relax,2,10,6,20,40.0,2.0,0.0,0.100662
fastmultrec_greedy,2,10,6,20,40.0,2.0,0.0,0.321403
lcamap,2,10,6,20,40.0,2.0,0.0,0.057007
segdup,2,11,6,5,20,4,0,231.173228
insider,2,11,6,5,20.0,4.0,0.0,0.128757
insider_relax,2,11,6,5,20.0,4.0,0.0,0.128197
fastmultrec_greedy,2,11,6,5,20.0,4.0,0.0,0.409641
lcamap,2,11,6,5,20.0,4.0,0.0,0.071919
segdup,2,11,6,10,40,4,0,226.737536
insider,2,11,6,10,40.0,4.0,0.0,0.131175
insider_relax,2,11,6,10,40.0,4.0,0.0,0.130110
fastmultrec_greedy,2,11,6,10,40.0,4.0,0.0,0.405994
lcamap,2,11,6,10,40.0,4.0,0.0,0.074721
segdup,2,11,6,15,60,4,0,197.371668
insider,2,11,6,15,60.0,4.0,0.0,0.126757
insider_relax,2,11,6,15,60.0,4.0,0.0,0.132105
fastmultrec_greedy,2,11,6,15,60.0,4.0,0.0,0.408319
lcamap,2,11,6,15,60.0,4.0,0.0,0.074919
segdup,2,11,6,20,80,4,0,188.838530
insider,2,11,6,20,80.0,4.0,0.0,0.130333
insider_relax,2,11,6,20,80.0,4.0,0.0,0.131177
fastmultrec_greedy,2,11,6,20,80.0,4.0,0.0,0.406248
lcamap,2,11,6,20,80.0,4.0,0.0,0.073444
segdup,1,7,7,5,3386,245,2161,276.611777
insider,1,7,7,5,3326.0,220.0,2226.0,0.334963
insider_relax,1,7,7,5,3326.0,220.0,2226.0,0.401457
fastmultrec_greedy,1,7,7,5,3327.0,221.0,2222.0,11.148588
lcamap,1,7,7,5,3386.0,245.0,2161.0,0.099351
segdup,1,7,7,10,4611,245,2161,280.649042
insider,1,7,7,10,4370.0,202.0,2350.0,0.603221
insider_relax,1,7,7,10,4370.0,202.0,2350.0,0.716106
fastmultrec_greedy,1,7,7,10,4396.0,210.0,2296.0,17.281387
lcamap,1,7,7,10,4611.0,245.0,2161.0,0.100848
segdup,1,7,7,15,5836,245,2161,276.852384
insider,1,7,7,15,5336.0,186.0,2546.0,1.413776
insider_relax,1,7,7,15,5336.0,186.0,2546.0,1.891590
fastmultrec_greedy,1,7,7,15,5439.0,207.0,2334.0,18.774961
lcamap,1,7,7,15,5836.0,245.0,2161.0,0.099657
segdup,1,7,7,20,7061,245,2161,267.879702
insider,1,7,7,20,6246.0,177.0,2706.0,3.083231
insider_relax,1,7,7,20,6246.0,177.0,2706.0,3.978213
fastmultrec_greedy,1,7,7,20,6474.0,207.0,2334.0,18.960139
lcamap,1,7,7,20,7061.0,245.0,2161.0,0.099414
segdup,1,8,7,5,186,30,36,128.304897
insider,1,8,7,5,186.0,30.0,36.0,0.117996
insider_relax,1,8,7,5,186.0,30.0,36.0,0.142409
fastmultrec_greedy,1,8,7,5,186.0,30.0,36.0,0.323123
lcamap,1,8,7,5,186.0,30.0,36.0,0.057879
segdup,1,8,7,10,336,30,36,130.473134
insider,1,8,7,10,332.0,29.0,42.0,0.169795
insider_relax,1,8,7,10,332.0,29.0,42.0,0.241819
fastmultrec_greedy,1,8,7,10,336.0,30.0,36.0,0.314339
lcamap,1,8,7,10,336.0,30.0,36.0,0.058269
segdup,1,8,7,15,486,30,36,131.328139
insider,1,8,7,15,476.0,28.0,56.0,0.294732
insider_relax,1,8,7,15,476.0,28.0,56.0,0.317276
fastmultrec_greedy,1,8,7,15,486.0,30.0,36.0,0.316158
lcamap,1,8,7,15,486.0,30.0,36.0,0.058847
segdup,1,8,7,20,636,30,36,113.962337
insider,1,8,7,20,616.0,28.0,56.0,0.567676
insider_relax,1,8,7,20,616.0,28.0,56.0,0.724431
fastmultrec_greedy,1,8,7,20,636.0,30.0,36.0,0.317579
lcamap,1,8,7,20,636.0,30.0,36.0,0.065181
segdup,1,9,7,5,157,26,27,124.605017
insider,1,9,7,5,157.0,26.0,27.0,0.118876
insider_relax,1,9,7,5,157.0,26.0,27.0,0.138123
fastmultrec_greedy,1,9,7,5,157.0,26.0,27.0,0.359999
lcamap,1,9,7,5,157.0,26.0,27.0,0.064069
segdup,1,9,7,10,287,26,27,118.928378
insider,1,9,7,10,283.0,25.0,33.0,0.138408
insider_relax,1,9,7,10,283.0,25.0,33.0,0.166899
fastmultrec_greedy,1,9,7,10,287.0,26.0,27.0,0.360802
lcamap,1,9,7,10,287.0,26.0,27.0,0.065887
segdup,1,9,7,15,417,26,27,102.407798
insider,1,9,7,15,408.0,25.0,33.0,0.184076
insider_relax,1,9,7,15,408.0,25.0,33.0,0.183177
fastmultrec_greedy,1,9,7,15,417.0,26.0,27.0,0.362793
lcamap,1,9,7,15,417.0,26.0,27.0,0.066156
segdup,1,9,7,20,547,26,27,88.738223
insider,1,9,7,20,533.0,25.0,33.0,0.257599
insider_relax,1,9,7,20,533.0,25.0,33.0,0.313883
fastmultrec_greedy,1,9,7,20,547.0,26.0,27.0,0.357483
lcamap,1,9,7,20,547.0,26.0,27.0,0.064135
segdup,1,10,7,5,10,2,0,153.041335
insider,1,10,7,5,10.0,2.0,0.0,0.100906
insider_relax,1,10,7,5,10.0,2.0,0.0,0.100393
fastmultrec_greedy,1,10,7,5,10.0,2.0,0.0,0.341992
lcamap,1,10,7,5,10.0,2.0,0.0,0.058095
segdup,1,10,7,10,20,2,0,145.454491
insider,1,10,7,10,20.0,2.0,0.0,0.099382
insider_relax,1,10,7,10,20.0,2.0,0.0,0.095429
fastmultrec_greedy,1,10,7,10,20.0,2.0,0.0,0.346117
lcamap,1,10,7,10,20.0,2.0,0.0,0.058291
segdup,1,10,7,15,30,2,0,126.874529
insider,1,10,7,15,30.0,2.0,0.0,0.096528
insider_relax,1,10,7,15,30.0,2.0,0.0,0.098702
fastmultrec_greedy,1,10,7,15,30.0,2.0,0.0,0.348395
lcamap,1,10,7,15,30.0,2.0,0.0,0.058975
segdup,1,10,7,20,40,2,0,83.916482
insider,1,10,7,20,40.0,2.0,0.0,0.096721
insider_relax,1,10,7,20,40.0,2.0,0.0,0.099832
fastmultrec_greedy,1,10,7,20,40.0,2.0,0.0,0.345507
lcamap,1,10,7,20,40.0,2.0,0.0,0.063038
segdup,1,11,7,5,5,1,0,141.685271
insider,1,11,7,5,5.0,1.0,0.0,0.103559
insider_relax,1,11,7,5,5.0,1.0,0.0,0.105461
fastmultrec_greedy,1,11,7,5,5.0,1.0,0.0,0.356430
lcamap,1,11,7,5,5.0,1.0,0.0,0.066667
segdup,1,11,7,10,10,1,0,141.907193
insider,1,11,7,10,10.0,1.0,0.0,0.101052
insider_relax,1,11,7,10,10.0,1.0,0.0,0.101166
fastmultrec_greedy,1,11,7,10,10.0,1.0,0.0,0.351644
lcamap,1,11,7,10,10.0,1.0,0.0,0.070730
segdup,1,11,7,15,15,1,0,132.976543
insider,1,11,7,15,15.0,1.0,0.0,0.098790
insider_relax,1,11,7,15,15.0,1.0,0.0,0.098713
fastmultrec_greedy,1,11,7,15,15.0,1.0,0.0,0.359481
lcamap,1,11,7,15,15.0,1.0,0.0,0.068653
segdup,1,11,7,20,20,1,0,90.523631
insider,1,11,7,20,20.0,1.0,0.0,0.105869
insider_relax,1,11,7,20,20.0,1.0,0.0,0.103670
fastmultrec_greedy,1,11,7,20,20.0,1.0,0.0,0.350997
lcamap,1,11,7,20,20.0,1.0,0.0,0.065989
segdup,2,7,7,5,3222,181,2317,342.827861
insider,2,7,7,5,3182.0,164.0,2362.0,0.342583
insider_relax,2,7,7,5,3182.0,164.0,2362.0,0.368155
fastmultrec_greedy,2,7,7,5,3183.0,165.0,2358.0,9.299493
lcamap,2,7,7,5,3222.0,181.0,2317.0,0.099429
segdup,2,7,7,10,4127,181,2317,315.696591
insider,2,7,7,10,3973.0,150.0,2473.0,0.506456
insider_relax,2,7,7,10,3973.0,150.0,2473.0,0.587927
fastmultrec_greedy,2,7,7,10,3994.0,160.0,2394.0,11.758414
lcamap,2,7,7,10,4127.0,181.0,2317.0,0.104052
segdup,2,7,7,15,5032,181,2317,331.583910
insider,2,7,7,15,4704.0,140.0,2604.0,0.725041
insider_relax,2,7,7,15,4704.0,140.0,2604.0,0.866747
fastmultrec_greedy,2,7,7,15,4774.0,153.0,2479.0,15.639526
lcamap,2,7,7,15,5032.0,181.0,2317.0,0.100537
segdup,2,7,7,20,5937,181,2317,324.720815
insider,2,7,7,20,5400.0,137.0,2660.0,1.324401
insider_relax,2,7,7,20,5400.0,137.0,2660.0,1.629460
fastmultrec_greedy,2,7,7,20,5537.0,152.0,2497.0,16.136011
lcamap,2,7,7,20,5937.0,181.0,2317.0,0.098901
segdup,2,8,7,5,485,56,205,76.443792
insider,2,8,7,5,484.0,55.0,209.0,0.119794
insider_relax,2,8,7,5,484.0,55.0,209.0,0.137541
fastmultrec_greedy,2,8,7,5,485.0,56.0,205.0,0.199740
lcamap,2,8,7,5,485.0,56.0,205.0,0.041551
segdup,2,8,7,10,765,56,205,75.127137
insider,2,8,7,10,754.0,53.0,224.0,0.178278
insider_relax,2,8,7,10,754.0,53.0,224.0,0.205232
fastmultrec_greedy,2,8,7,10,765.0,56.0,205.0,0.200969
lcamap,2,8,7,10,765.0,56.0,205.0,0.039921
segdup,2,8,7,15,1038,55,213,74.310483
insider,2,8,7,15,1019.0,53.0,224.0,0.315599
insider_relax,2,8,7,15,1019.0,53.0,224.0,0.381338
fastmultrec_greedy,2,8,7,15,1045.0,56.0,205.0,0.194520
lcamap,2,8,7,15,1045.0,56.0,205.0,0.039578
segdup,2,8,7,20,1315,55,215,71.824442
insider,2,8,7,20,1275.0,50.0,275.0,0.724825
insider_relax,2,8,7,20,1275.0,50.0,275.0,1.096439
fastmultrec_greedy,2,8,7,20,1325.0,56.0,205.0,0.198283
lcamap,2,8,7,20,1325.0,56.0,205.0,0.038528
segdup,2,9,7,5,133,22,23,209.154657
insider,2,9,7,5,133.0,22.0,23.0,0.160237
insider_relax,2,9,7,5,133.0,22.0,23.0,0.179197
fastmultrec_greedy,2,9,7,5,133.0,22.0,23.0,0.452422
lcamap,2,9,7,5,133.0,22.0,23.0,0.076392
segdup,2,9,7,10,243,22,23,193.177763
insider,2,9,7,10,243.0,22.0,23.0,0.188497
insider_relax,2,9,7,10,243.0,22.0,23.0,0.263355
fastmultrec_greedy,2,9,7,10,243.0,22.0,23.0,0.452232
lcamap,2,9,7,10,243.0,22.0,23.0,0.075550
segdup,2,9,7,15,353,22,23,161.212678
insider,2,9,7,15,353.0,22.0,23.0,0.362581
insider_relax,2,9,7,15,353.0,22.0,23.0,0.421111
fastmultrec_greedy,2,9,7,15,353.0,22.0,23.0,0.458977
lcamap,2,9,7,15,353.0,22.0,23.0,0.080150
segdup,2,9,7,20,463,22,23,118.560905
insider,2,9,7,20,463.0,22.0,23.0,1.563691
insider_relax,2,9,7,20,463.0,22.0,23.0,1.851953
fastmultrec_greedy,2,9,7,20,463.0,22.0,23.0,0.459074
lcamap,2,9,7,20,463.0,22.0,23.0,0.077713
segdup,2,10,7,5,30,6,0,196.958691
insider,2,10,7,5,30.0,6.0,0.0,0.133500
insider_relax,2,10,7,5,30.0,6.0,0.0,0.134250
fastmultrec_greedy,2,10,7,5,30.0,6.0,0.0,0.403697
lcamap,2,10,7,5,30.0,6.0,0.0,0.074893
segdup,2,10,7,10,60,6,0,192.571390
insider,2,10,7,10,60.0,6.0,0.0,0.141394
insider_relax,2,10,7,10,60.0,6.0,0.0,0.136808
fastmultrec_greedy,2,10,7,10,60.0,6.0,0.0,0.408472
lcamap,2,10,7,10,60.0,6.0,0.0,0.075829
segdup,2,10,7,15,90,6,0,144.186540
insider,2,10,7,15,90.0,6.0,0.0,0.134545
insider_relax,2,10,7,15,90.0,6.0,0.0,0.140232
fastmultrec_greedy,2,10,7,15,90.0,6.0,0.0,0.410472
lcamap,2,10,7,15,90.0,6.0,0.0,0.072830
segdup,2,10,7,20,120,6,0,155.553757
insider,2,10,7,20,120.0,6.0,0.0,0.145741
insider_relax,2,10,7,20,120.0,6.0,0.0,0.142122
fastmultrec_greedy,2,10,7,20,120.0,6.0,0.0,0.407966
lcamap,2,10,7,20,120.0,6.0,0.0,0.072078
segdup,2,11,7,5,10,2,0,115.148067
insider,2,11,7,5,10.0,2.0,0.0,0.085892
insider_relax,2,11,7,5,10.0,2.0,0.0,0.083497
fastmultrec_greedy,2,11,7,5,10.0,2.0,0.0,0.263553
lcamap,2,11,7,5,10.0,2.0,0.0,0.044780
segdup,2,11,7,10,20,2,0,103.623227
insider,2,11,7,10,20.0,2.0,0.0,0.083991
insider_relax,2,11,7,10,20.0,2.0,0.0,0.084219
fastmultrec_greedy,2,11,7,10,20.0,2.0,0.0,0.261056
lcamap,2,11,7,10,20.0,2.0,0.0,0.045909
segdup,2,11,7,15,30,2,0,50.412437
insider,2,11,7,15,30.0,2.0,0.0,0.085448
insider_relax,2,11,7,15,30.0,2.0,0.0,0.082413
fastmultrec_greedy,2,11,7,15,30.0,2.0,0.0,0.261062
lcamap,2,11,7,15,30.0,2.0,0.0,0.044826
segdup,2,11,7,20,40,2,0,49.775599
insider,2,11,7,20,40.0,2.0,0.0,0.082092
insider_relax,2,11,7,20,40.0,2.0,0.0,0.085271
fastmultrec_greedy,2,11,7,20,40.0,2.0,0.0,0.270591
lcamap,2,11,7,20,40.0,2.0,0.0,0.041488
segdup,1,7,8,5,839,80,439,71.055223
insider,1,7,8,5,830.0,76.0,450.0,0.101063
insider_relax,1,7,8,5,830.0,76.0,450.0,0.112352
fastmultrec_greedy,1,7,8,5,831.0,77.0,446.0,0.462826
lcamap,1,7,8,5,839.0,80.0,439.0,0.029038
segdup,1,7,8,10,1239,80,439,70.558579
insider,1,7,8,10,1206.0,73.0,476.0,0.170488
insider_relax,1,7,8,10,1206.0,73.0,476.0,0.210417
fastmultrec_greedy,1,7,8,10,1214.0,76.0,454.0,0.569428
lcamap,1,7,8,10,1239.0,80.0,439.0,0.029559
segdup,1,7,8,15,1639,80,439,67.941158
insider,1,7,8,15,1556.0,67.0,551.0,0.369868
insider_relax,1,7,8,15,1556.0,67.0,551.0,0.443571
fastmultrec_greedy,1,7,8,15,1588.0,74.0,478.0,0.785813
lcamap,1,7,8,15,1639.0,80.0,439.0,0.030138
segdup,1,7,8,20,2039,80,439,67.513308
insider,1,7,8,20,1877.0,62.0,637.0,0.636693
insider_relax,1,7,8,20,1877.0,62.0,637.0,0.889733
fastmultrec_greedy,1,7,8,20,1958.0,74.0,478.0,0.781659
lcamap,1,7,8,20,2039.0,80.0,439.0,0.029399
segdup,1,8,8,5,163,25,38,81.931678
insider,1,8,8,5,161.0,24.0,41.0,0.081998
insider_relax,1,8,8,5,161.0,24.0,41.0,0.091996
fastmultrec_greedy,1,8,8,5,161.0,24.0,41.0,0.304911
lcamap,1,8,8,5,163.0,25.0,38.0,0.035849
segdup,1,8,8,10,281,24,41,83.634139
insider,1,8,8,10,275.0,21.0,65.0,0.104812
insider_relax,1,8,8,10,275.0,21.0,65.0,0.132164
fastmultrec_greedy,1,8,8,10,281.0,24.0,41.0,0.303611
lcamap,1,8,8,10,288.0,25.0,38.0,0.032151
segdup,1,8,8,15,401,24,41,84.189795
insider,1,8,8,15,376.0,20.0,76.0,0.190140
insider_relax,1,8,8,15,376.0,20.0,76.0,0.216038
fastmultrec_greedy,1,8,8,15,401.0,24.0,41.0,0.305579
lcamap,1,8,8,15,413.0,25.0,38.0,0.034335
segdup,1,8,8,20,521,24,41,75.458328
insider,1,8,8,20,476.0,20.0,76.0,0.430610
insider_relax,1,8,8,20,476.0,20.0,76.0,0.541806
fastmultrec_greedy,1,8,8,20,521.0,24.0,41.0,0.301181
lcamap,1,8,8,20,538.0,25.0,38.0,0.035849
segdup,1,9,8,5,45,8,5,145.168939
insider,1,9,8,5,45.0,8.0,5.0,0.115277
insider_relax,1,9,8,5,45.0,8.0,5.0,0.113565
fastmultrec_greedy,1,9,8,5,45.0,8.0,5.0,0.462988
lcamap,1,9,8,5,45.0,8.0,5.0,0.071539
segdup,1,9,8,10,85,8,5,158.883868
insider,1,9,8,10,85.0,8.0,5.0,0.117400
insider_relax,1,9,8,10,85.0,8.0,5.0,0.122379
fastmultrec_greedy,1,9,8,10,85.0,8.0,5.0,0.458767
lcamap,1,9,8,10,85.0,8.0,5.0,0.075517
segdup,1,9,8,15,125,8,5,136.391300
insider,1,9,8,15,125.0,8.0,5.0,0.131330
insider_relax,1,9,8,15,125.0,8.0,5.0,0.126659
fastmultrec_greedy,1,9,8,15,125.0,8.0,5.0,0.452009
lcamap,1,9,8,15,125.0,8.0,5.0,0.071513
segdup,1,9,8,20,165,8,5,103.536255
insider,1,9,8,20,165.0,8.0,5.0,0.137096
insider_relax,1,9,8,20,165.0,8.0,5.0,0.135224
fastmultrec_greedy,1,9,8,20,165.0,8.0,5.0,0.454187
lcamap,1,9,8,20,165.0,8.0,5.0,0.073489
segdup,1,10,8,5,5,1,0,62.235611
insider,1,10,8,5,5.0,1.0,0.0,0.038935
insider_relax,1,10,8,5,5.0,1.0,0.0,0.044327
fastmultrec_greedy,1,10,8,5,5.0,1.0,0.0,0.108484
lcamap,1,10,8,5,5.0,1.0,0.0,0.023051
segdup,1,10,8,10,10,1,0,57.361100
insider,1,10,8,10,10.0,1.0,0.0,0.039910
insider_relax,1,10,8,10,10.0,1.0,0.0,0.046785
fastmultrec_greedy,1,10,8,10,10.0,1.0,0.0,0.111139
lcamap,1,10,8,10,10.0,1.0,0.0,0.022811
segdup,1,10,8,15,15,1,0,35.415165
insider,1,10,8,15,15.0,1.0,0.0,0.041977
insider_relax,1,10,8,15,15.0,1.0,0.0,0.042694
fastmultrec_greedy,1,10,8,15,15.0,1.0,0.0,0.114705
lcamap,1,10,8,15,15.0,1.0,0.0,0.022589
segdup,1,10,8,20,20,1,0,33.511100
insider,1,10,8,20,20.0,1.0,0.0,0.042504
insider_relax,1,10,8,20,20.0,1.0,0.0,0.043068
fastmultrec_greedy,1,10,8,20,20.0,1.0,0.0,0.109182
lcamap,1,10,8,20,20.0,1.0,0.0,0.022256
segdup,1,11,8,5,5,1,0,144.046682
insider,1,11,8,5,5.0,1.0,0.0,0.091916
insider_relax,1,11,8,5,5.0,1.0,0.0,0.094201
fastmultrec_greedy,1,11,8,5,5.0,1.0,0.0,0.293372
lcamap,1,11,8,5,5.0,1.0,0.0,0.056021
segdup,1,11,8,10,10,1,0,140.268030
insider,1,11,8,10,10.0,1.0,0.0,0.089046
insider_relax,1,11,8,10,10.0,1.0,0.0,0.095979
fastmultrec_greedy,1,11,8,10,10.0,1.0,0.0,0.306637
lcamap,1,11,8,10,10.0,1.0,0.0,0.056503
segdup,1,11,8,15,15,1,0,117.377780
insider,1,11,8,15,15.0,1.0,0.0,0.091425
insider_relax,1,11,8,15,15.0,1.0,0.0,0.097414
fastmultrec_greedy,1,11,8,15,15.0,1.0,0.0,0.296475
lcamap,1,11,8,15,15.0,1.0,0.0,0.058862
segdup,1,11,8,20,20,1,0,78.178076
insider,1,11,8,20,20.0,1.0,0.0,0.092463
insider_relax,1,11,8,20,20.0,1.0,0.0,0.094289
fastmultrec_greedy,1,11,8,20,20.0,1.0,0.0,0.293339
lcamap,1,11,8,20,20.0,1.0,0.0,0.055532
segdup,2,8,8,5,419,59,124,107.035583
insider,2,8,8,5,417.0,58.0,127.0,0.174737
insider_relax,2,8,8,5,417.0,58.0,127.0,0.203373
fastmultrec_greedy,2,8,8,5,417.0,58.0,127.0,0.522019
lcamap,2,8,8,5,419.0,59.0,124.0,0.061538
segdup,2,8,8,10,714,59,124,105.115419
insider,2,8,8,10,697.0,54.0,157.0,0.285703
insider_relax,2,8,8,10,697.0,54.0,157.0,0.408848
fastmultrec_greedy,2,8,8,10,703.0,57.0,133.0,0.766734
lcamap,2,8,8,10,714.0,59.0,124.0,0.064793
segdup,2,8,8,15,993,57,138,106.995757
insider,2,8,8,15,966.0,53.0,171.0,1.038604
insider_relax,2,8,8,15,966.0,53.0,171.0,1.756500
fastmultrec_greedy,2,8,8,15,988.0,57.0,133.0,0.763796
lcamap,2,8,8,15,1009.0,59.0,124.0,0.059873
segdup,2,8,8,20,1287,58,127,98.553260
insider,2,8,8,20,1223.0,51.0,203.0,9.474253
insider_relax,2,8,8,20,1223.0,51.0,203.0,16.378506
fastmultrec_greedy,2,8,8,20,1273.0,57.0,133.0,0.763710
lcamap,2,8,8,20,1304.0,59.0,124.0,0.062684
segdup,2,9,8,5,145,24,25,95.714401
insider,2,9,8,5,145.0,24.0,25.0,0.133654
insider_relax,2,9,8,5,145.0,24.0,25.0,0.169406
fastmultrec_greedy,2,9,8,5,145.0,24.0,25.0,0.283281
lcamap,2,9,8,5,145.0,24.0,25.0,0.049052
segdup,2,9,8,10,265,24,25,90.196754
insider,2,9,8,10,261.0,23.0,31.0,0.187584
insider_relax,2,9,8,10,261.0,23.0,31.0,0.282365
fastmultrec_greedy,2,9,8,10,265.0,24.0,25.0,0.277180
lcamap,2,9,8,10,265.0,24.0,25.0,0.049696
segdup,2,9,8,15,376,23,31,80.562157
insider,2,9,8,15,376.0,23.0,31.0,0.313446
insider_relax,2,9,8,15,376.0,23.0,31.0,0.329474
fastmultrec_greedy,2,9,8,15,385.0,24.0,25.0,0.277683
lcamap,2,9,8,15,385.0,24.0,25.0,0.051805
segdup,2,9,8,20,505,24,25,82.986068
insider,2,9,8,20,491.0,23.0,31.0,0.501000
insider_relax,2,9,8,20,491.0,23.0,31.0,0.632867
fastmultrec_greedy,2,9,8,20,505.0,24.0,25.0,0.280508
lcamap,2,9,8,20,505.0,24.0,25.0,0.051534
segdup,2,10,8,5,15,3,0,81.568364
insider,2,10,8,5,15.0,3.0,0.0,0.071283
insider_relax,2,10,8,5,15.0,3.0,0.0,0.073225
fastmultrec_greedy,2,10,8,5,15.0,3.0,0.0,0.213632
lcamap,2,10,8,5,15.0,3.0,0.0,0.040164
segdup,2,10,8,10,30,3,0,71.614527
insider,2,10,8,10,30.0,3.0,0.0,0.076988
insider_relax,2,10,8,10,30.0,3.0,0.0,0.075740
fastmultrec_greedy,2,10,8,10,30.0,3.0,0.0,0.215561
lcamap,2,10,8,10,30.0,3.0,0.0,0.036781
segdup,2,10,8,15,45,3,0,41.178967
insider,2,10,8,15,45.0,3.0,0.0,0.075500
insider_relax,2,10,8,15,45.0,3.0,0.0,0.077045
fastmultrec_greedy,2,10,8,15,45.0,3.0,0.0,0.218716
lcamap,2,10,8,15,45.0,3.0,0.0,0.036723
segdup,2,10,8,20,60,3,0,39.875495
insider,2,10,8,20,60.0,3.0,0.0,0.076942
insider_relax,2,10,8,20,60.0,3.0,0.0,0.077405
fastmultrec_greedy,2,10,8,20,60.0,3.0,0.0,0.217200
lcamap,2,10,8,20,60.0,3.0,0.0,0.039885
segdup,2,11,8,5,10,2,0,311.328703
insider,2,11,8,5,10.0,2.0,0.0,0.188704
insider_relax,2,11,8,5,10.0,2.0,0.0,0.191112
fastmultrec_greedy,2,11,8,5,10.0,2.0,0.0,0.686758
lcamap,2,11,8,5,10.0,2.0,0.0,0.113985
segdup,2,11,8,10,20,2,0,292.589997
insider,2,11,8,10,20.0,2.0,0.0,0.191149
insider_relax,2,11,8,10,20.0,2.0,0.0,0.189571
fastmultrec_greedy,2,11,8,10,20.0,2.0,0.0,0.686781
lcamap,2,11,8,10,20.0,2.0,0.0,0.115297
segdup,2,11,8,15,30,2,0,249.846937
insider,2,11,8,15,30.0,2.0,0.0,0.189221
insider_relax,2,11,8,15,30.0,2.0,0.0,0.191695
fastmultrec_greedy,2,11,8,15,30.0,2.0,0.0,0.690303
lcamap,2,11,8,15,30.0,2.0,0.0,0.113261
segdup,2,11,8,20,40,2,0,149.446127
insider,2,11,8,20,40.0,2.0,0.0,0.189360
insider_relax,2,11,8,20,40.0,2.0,0.0,0.190450
fastmultrec_greedy,2,11,8,20,40.0,2.0,0.0,0.695988
lcamap,2,11,8,20,40.0,2.0,0.0,0.111583
segdup,1,7,9,5,1743,135,1068,118.528089
insider,1,7,9,5,1714.0,121.0,1109.0,0.158947
insider_relax,1,7,9,5,1714.0,121.0,1109.0,0.173624
fastmultrec_greedy,1,7,9,5,1715.0,122.0,1105.0,2.169046
lcamap,1,7,9,5,1743.0,135.0,1068.0,0.040308
segdup,1,7,9,10,2418,135,1068,114.757796
insider,1,7,9,10,2288.0,109.0,1198.0,0.248893
insider_relax,1,7,9,10,2288.0,109.0,1198.0,0.292399
fastmultrec_greedy,1,7,9,10,2311.0,119.0,1121.0,2.982510
lcamap,1,7,9,10,2418.0,135.0,1068.0,0.039222
segdup,1,7,9,15,3093,135,1068,114.721457
insider,1,7,9,15,2814.0,102.0,1284.0,0.418205
insider_relax,1,7,9,15,2814.0,102.0,1284.0,0.516288
fastmultrec_greedy,1,7,9,15,2901.0,117.0,1146.0,3.617298
lcamap,1,7,9,15,3093.0,135.0,1068.0,0.042812
segdup,1,7,9,20,3768,135,1068,117.508576
insider,1,7,9,20,3316.0,97.0,1376.0,1.055937
insider_relax,1,7,9,20,3316.0,96.0,1396.0,1.421061
fastmultrec_greedy,1,7,9,20,3486.0,117.0,1146.0,3.623500
lcamap,1,7,9,20,3768.0,135.0,1068.0,0.043267
segdup,1,8,9,5,566,80,166,131.010640
insider,1,8,9,5,566.0,80.0,166.0,0.186169
insider_relax,1,8,9,5,566.0,80.0,166.0,0.220601
fastmultrec_greedy,1,8,9,5,566.0,80.0,166.0,0.355125
lcamap,1,8,9,5,566.0,80.0,166.0,0.070051
segdup,1,8,9,10,966,80,166,126.311061
insider,1,8,9,10,955.0,75.0,205.0,0.322360
insider_relax,1,8,9,10,955.0,75.0,205.0,0.454853
fastmultrec_greedy,1,8,9,10,965.0,79.0,175.0,0.620990
lcamap,1,8,9,10,966.0,80.0,166.0,0.068516
segdup,1,8,9,15,1366,80,166,126.980911
insider,1,8,9,15,1320.0,71.0,255.0,1.059794
insider_relax,1,8,9,15,1320.0,71.0,255.0,1.672105
fastmultrec_greedy,1,8,9,15,1360.0,79.0,175.0,0.627891
lcamap,1,8,9,15,1366.0,80.0,166.0,0.074716
segdup,1,8,9,20,1766,80,166,122.893098
insider,1,8,9,20,1674.0,69.0,294.0,9.838008
insider_relax,1,8,9,20,1674.0,69.0,294.0,25.693329
fastmultrec_greedy,1,8,9,20,1755.0,79.0,175.0,0.621058
lcamap,1,8,9,20,1766.0,80.0,166.0,0.071506
segdup,1,9,9,5,52,9,7,100.064692
insider,1,9,9,5,52.0,9.0,7.0,0.079155
insider_relax,1,9,9,5,52.0,9.0,7.0,0.079638
fastmultrec_greedy,1,9,9,5,52.0,9.0,7.0,0.235031
lcamap,1,9,9,5,52.0,9.0,7.0,0.043175
segdup,1,9,9,10,97,9,7,100.921941
insider,1,9,9,10,97.0,9.0,7.0,0.083294
insider_relax,1,9,9,10,97.0,9.0,7.0,0.091054
fastmultrec_greedy,1,9,9,10,97.0,9.0,7.0,0.231697
lcamap,1,9,9,10,97.0,9.0,7.0,0.041330
segdup,1,9,9,15,142,9,7,83.184098
insider,1,9,9,15,142.0,9.0,7.0,0.093574
insider_relax,1,9,9,15,142.0,9.0,7.0,0.091221
fastmultrec_greedy,1,9,9,15,142.0,9.0,7.0,0.235683
lcamap,1,9,9,15,142.0,9.0,7.0,0.043793
segdup,1,9,9,20,187,9,7,62.873115
insider,1,9,9,20,187.0,9.0,7.0,0.096231
insider_relax,1,9,9,20,187.0,9.0,7.0,0.100282
fastmultrec_greedy,1,9,9,20,187.0,9.0,7.0,0.234373
lcamap,1,9,9,20,187.0,9.0,7.0,0.042727
segdup,1,10,9,5,6,1,1,122.534924
insider,1,10,9,5,6.0,1.0,1.0,0.074388
insider_relax,1,10,9,5,6.0,1.0,1.0,0.074198
fastmultrec_greedy,1,10,9,5,6.0,1.0,1.0,0.243645
lcamap,1,10,9,5,6.0,1.0,1.0,0.044259
segdup,1,10,9,10,11,1,1,119.638147
insider,1,10,9,10,11.0,1.0,1.0,0.076378
insider_relax,1,10,9,10,11.0,1.0,1.0,0.071955
fastmultrec_greedy,1,10,9,10,11.0,1.0,1.0,0.246852
lcamap,1,10,9,10,11.0,1.0,1.0,0.040574
segdup,1,10,9,15,16,1,1,110.692484
insider,1,10,9,15,16.0,1.0,1.0,0.074137
insider_relax,1,10,9,15,16.0,1.0,1.0,0.074739
fastmultrec_greedy,1,10,9,15,16.0,1.0,1.0,0.245319
lcamap,1,10,9,15,16.0,1.0,1.0,0.042700
segdup,1,10,9,20,21,1,1,71.141569
insider,1,10,9,20,21.0,1.0,1.0,0.073384
insider_relax,1,10,9,20,21.0,1.0,1.0,0.072962
fastmultrec_greedy,1,10,9,20,21.0,1.0,1.0,0.248165
lcamap,1,10,9,20,21.0,1.0,1.0,0.043713
segdup,1,11,9,5,5,1,0,142.060742
insider,1,11,9,5,5.0,1.0,0.0,0.097970
insider_relax,1,11,9,5,5.0,1.0,0.0,0.098651
fastmultrec_greedy,1,11,9,5,5.0,1.0,0.0,0.346801
lcamap,1,11,9,5,5.0,1.0,0.0,0.063125
segdup,1,11,9,10,10,1,0,140.798525
insider,1,11,9,10,10.0,1.0,0.0,0.095170
insider_relax,1,11,9,10,10.0,1.0,0.0,0.096570
fastmultrec_greedy,1,11,9,10,10.0,1.0,0.0,0.341507
lcamap,1,11,9,10,10.0,1.0,0.0,0.061851
segdup,1,11,9,15,15,1,0,100.685091
insider,1,11,9,15,15.0,1.0,0.0,0.095099
insider_relax,1,11,9,15,15.0,1.0,0.0,0.095127
fastmultrec_greedy,1,11,9,15,15.0,1.0,0.0,0.343089
lcamap,1,11,9,15,15.0,1.0,0.0,0.062008
segdup,1,11,9,20,20,1,0,87.286986
insider,1,11,9,20,20.0,1.0,0.0,0.097260
insider_relax,1,11,9,20,20.0,1.0,0.0,0.095213
fastmultrec_greedy,1,11,9,20,20.0,1.0,0.0,0.339538
lcamap,1,11,9,20,20.0,1.0,0.0,0.063077
segdup,2,7,9,5,1887,130,1237,183.848148
insider,2,7,9,5,1864.0,119.0,1269.0,0.238564
insider_relax,2,7,9,5,1864.0,119.0,1269.0,0.253369
fastmultrec_greedy,2,7,9,5,1864.0,119.0,1269.0,2.911138
lcamap,2,7,9,5,1887.0,130.0,1237.0,0.063684
segdup,2,7,9,10,2537,130,1237,174.271026
insider,2,7,9,10,2428.0,106.0,1368.0,0.408586
insider_relax,2,7,9,10,2428.0,106.0,1368.0,0.499181
fastmultrec_greedy,2,7,9,10,2441.0,114.0,1301.0,4.151694
lcamap,2,7,9,10,2537.0,130.0,1237.0,0.062510
segdup,2,7,9,15,3187,130,1237,176.612925
insider,2,7,9,15,2944.0,100.0,1444.0,0.776492
insider_relax,2,7,9,15,2944.0,100.0,1444.0,1.089390
fastmultrec_greedy,2,7,9,15,3005.0,112.0,1325.0,4.672706
lcamap,2,7,9,15,3187.0,130.0,1237.0,0.064645
segdup,2,7,9,20,3837,130,1237,169.997257
insider,2,7,9,20,3434.0,95.0,1534.0,1.787169
insider_relax,2,7,9,20,3434.0,95.0,1534.0,2.776672
fastmultrec_greedy,2,7,9,20,3561.0,110.0,1361.0,5.139598
lcamap,2,7,9,20,3837.0,130.0,1237.0,0.061082
segdup,2,8,9,5,657,86,227,183.551155
insider,2,8,9,5,647.0,81.0,242.0,0.317574
insider_relax,2,8,9,5,647.0,81.0,242.0,0.356217
fastmultrec_greedy,2,8,9,5,647.0,81.0,242.0,2.402545
lcamap,2,8,9,5,657.0,86.0,227.0,0.094533
segdup,2,8,9,10,1087,86,227,183.712664
insider,2,8,9,10,1038.0,76.0,278.0,0.655390
insider_relax,2,8,9,10,1038.0,75.0,288.0,0.930783
fastmultrec_greedy,2,8,9,10,1051.0,80.0,251.0,2.804608
lcamap,2,8,9,10,1087.0,86.0,227.0,0.089805
segdup,2,8,9,15,1516,85,241,173.175678
insider,2,8,9,15,1403.0,70.0,353.0,2.367061
insider_relax,2,8,9,15,1403.0,70.0,353.0,3.730723
fastmultrec_greedy,2,8,9,15,1448.0,79.0,263.0,3.211914
lcamap,2,8,9,15,1517.0,86.0,227.0,0.086823
segdup,2,8,9,20,1931,85,231,177.871869
insider,2,8,9,20,1741.0,66.0,421.0,15.232014
insider_relax,2,8,9,20,1741.0,66.0,421.0,25.638454
fastmultrec_greedy,2,8,9,20,1843.0,79.0,263.0,3.212768
lcamap,2,8,9,20,1947.0,86.0,227.0,0.089901
segdup,2,9,9,5,70,11,15,208.263756
insider,2,9,9,5,70.0,11.0,15.0,0.157822
insider_relax,2,9,9,5,70.0,11.0,15.0,0.166294
fastmultrec_greedy,2,9,9,5,70.0,11.0,15.0,0.463309
lcamap,2,9,9,5,70.0,11.0,15.0,0.087441
segdup,2,9,9,10,125,11,15,195.693308
insider,2,9,9,10,125.0,11.0,15.0,0.163697
insider_relax,2,9,9,10,125.0,11.0,15.0,0.177037
fastmultrec_greedy,2,9,9,10,125.0,11.0,15.0,0.462291
lcamap,2,9,9,10,125.0,11.0,15.0,0.085726
segdup,2,9,9,15,180,11,15,179.724486
insider,2,9,9,15,180.0,11.0,15.0,0.175239
insider_relax,2,9,9,15,180.0,11.0,15.0,0.172052
fastmultrec_greedy,2,9,9,15,180.0,11.0,15.0,0.462262
lcamap,2,9,9,15,180.0,11.0,15.0,0.088555
segdup,2,9,9,20,235,11,15,154.200464
insider,2,9,9,20,235.0,11.0,15.0,0.196278
insider_relax,2,9,9,20,235.0,11.0,15.0,0.201342
fastmultrec_greedy,2,9,9,20,235.0,11.0,15.0,0.466004
lcamap,2,9,9,20,235.0,11.0,15.0,0.092158
segdup,2,10,9,5,15,3,0,192.564086
insider,2,10,9,5,15.0,3.0,0.0,0.104322
insider_relax,2,10,9,5,15.0,3.0,0.0,0.103240
fastmultrec_greedy,2,10,9,5,15.0,3.0,0.0,0.376882
lcamap,2,10,9,5,15.0,3.0,0.0,0.064188
segdup,2,10,9,10,30,3,0,177.589392
insider,2,10,9,10,30.0,3.0,0.0,0.106661
insider_relax,2,10,9,10,30.0,3.0,0.0,0.102922
fastmultrec_greedy,2,10,9,10,30.0,3.0,0.0,0.378225
lcamap,2,10,9,10,30.0,3.0,0.0,0.064514
segdup,2,10,9,15,45,3,0,131.055089
insider,2,10,9,15,45.0,3.0,0.0,0.106190
insider_relax,2,10,9,15,45.0,3.0,0.0,0.103133
fastmultrec_greedy,2,10,9,15,45.0,3.0,0.0,0.374493
lcamap,2,10,9,15,45.0,3.0,0.0,0.060666
segdup,2,10,9,20,60,3,0,135.642658
insider,2,10,9,20,60.0,3.0,0.0,0.108486
insider_relax,2,10,9,20,60.0,3.0,0.0,0.108764
fastmultrec_greedy,2,10,9,20,60.0,3.0,0.0,0.374282
lcamap,2,10,9,20,60.0,3.0,0.0,0.061529
segdup,2,11,9,5,10,2,0,244.512683
insider,2,11,9,5,10.0,2.0,0.0,0.155637
insider_relax,2,11,9,5,10.0,2.0,0.0,0.153304
fastmultrec_greedy,2,11,9,5,10.0,2.0,0.0,0.528822
lcamap,2,11,9,5,10.0,2.0,0.0,0.099497
segdup,2,11,9,10,20,2,0,241.758240
insider,2,11,9,10,20.0,2.0,0.0,0.152971
insider_relax,2,11,9,10,20.0,2.0,0.0,0.151134
fastmultrec_greedy,2,11,9,10,20.0,2.0,0.0,0.541109
lcamap,2,11,9,10,20.0,2.0,0.0,0.093481
segdup,2,11,9,15,30,2,0,130.125237
insider,2,11,9,15,30.0,2.0,0.0,0.153813
insider_relax,2,11,9,15,30.0,2.0,0.0,0.150763
fastmultrec_greedy,2,11,9,15,30.0,2.0,0.0,0.534102
lcamap,2,11,9,15,30.0,2.0,0.0,0.095001
segdup,2,11,9,20,40,2,0,131.327630
insider,2,11,9,20,40.0,2.0,0.0,0.158389
insider_relax,2,11,9,20,40.0,2.0,0.0,0.153887
fastmultrec_greedy,2,11,9,20,40.0,2.0,0.0,0.525594
lcamap,2,11,9,20,40.0,2.0,0.0,0.090454
segdup,1,7,10,5,3491,232,2331,290.029752
insider,1,7,10,5,3433.0,207.0,2398.0,0.338721
insider_relax,1,7,10,5,3433.0,207.0,2398.0,0.377607
fastmultrec_greedy,1,7,10,5,3433.0,207.0,2398.0,15.394767
lcamap,1,7,10,5,3495.0,233.0,2330.0,0.099609
segdup,1,7,10,10,4660,233,2330,284.290796
insider,1,7,10,10,4423.0,195.0,2473.0,0.573503
insider_relax,1,7,10,10,4423.0,195.0,2473.0,0.725784
fastmultrec_greedy,1,7,10,10,4436.0,198.0,2456.0,21.010397
lcamap,1,7,10,10,4660.0,233.0,2330.0,0.100391
segdup,1,7,10,15,5823,232,2343,281.634889
insider,1,7,10,15,5375.0,185.0,2600.0,1.649030
insider_relax,1,7,10,15,5375.0,185.0,2600.0,2.171243
fastmultrec_greedy,1,7,10,15,5419.0,196.0,2479.0,22.119837
lcamap,1,7,10,15,5825.0,233.0,2330.0,0.103044
segdup,1,7,10,20,6990,233,2330,281.586358
insider,1,7,10,20,6275.0,176.0,2755.0,5.786579
insider_relax,1,7,10,20,6275.0,176.0,2755.0,10.004869
fastmultrec_greedy,1,7,10,20,6394.0,193.0,2534.0,23.832674
lcamap,1,7,10,20,6990.0,233.0,2330.0,0.101600
segdup,1,8,10,5,113,18,23,118.606592
insider,1,8,10,5,113.0,18.0,23.0,0.094492
insider_relax,1,8,10,5,113.0,18.0,23.0,0.104785
fastmultrec_greedy,1,8,10,5,113.0,18.0,23.0,0.316089
lcamap,1,8,10,5,113.0,18.0,23.0,0.051913
segdup,1,8,10,10,200,17,30,124.771037
insider,1,8,10,10,199.0,17.0,29.0,0.105726
insider_relax,1,8,10,10,199.0,17.0,29.0,0.123246
fastmultrec_greedy,1,8,10,10,203.0,18.0,23.0,0.303301
lcamap,1,8,10,10,203.0,18.0,23.0,0.050760
segdup,1,8,10,15,284,17,29,110.343159
insider,1,8,10,15,284.0,17.0,29.0,0.131244
insider_relax,1,8,10,15,284.0,17.0,29.0,0.138864
fastmultrec_greedy,1,8,10,15,293.0,18.0,23.0,0.307910
lcamap,1,8,10,15,293.0,18.0,23.0,0.051821
segdup,1,8,10,20,369,17,29,105.986013
insider,1,8,10,20,369.0,17.0,29.0,0.172612
insider_relax,1,8,10,20,369.0,17.0,29.0,0.186377
fastmultrec_greedy,1,8,10,20,383.0,18.0,23.0,0.305982
lcamap,1,8,10,20,383.0,18.0,23.0,0.052456
segdup,1,9,10,5,28,5,3,141.487690
insider,1,9,10,5,28.0,5.0,3.0,0.085608
insider_relax,1,9,10,5,28.0,5.0,3.0,0.088346
fastmultrec_greedy,1,9,10,5,28.0,5.0,3.0,0.243682
lcamap,1,9,10,5,28.0,5.0,3.0,0.048591
segdup,1,9,10,10,53,5,3,150.380860
insider,1,9,10,10,53.0,5.0,3.0,0.087988
insider_relax,1,9,10,10,53.0,5.0,3.0,0.095426
fastmultrec_greedy,1,9,10,10,53.0,5.0,3.0,0.244553
lcamap,1,9,10,10,53.0,5.0,3.0,0.052148
segdup,1,9,10,15,78,5,3,86.209594
insider,1,9,10,15,78.0,5.0,3.0,0.090713
insider_relax,1,9,10,15,78.0,5.0,3.0,0.092029
fastmultrec_greedy,1,9,10,15,78.0,5.0,3.0,0.245790
lcamap,1,9,10,15,78.0,5.0,3.0,0.054720
segdup,1,9,10,20,103,5,3,81.827140
insider,1,9,10,20,103.0,5.0,3.0,0.095063
insider_relax,1,9,10,20,103.0,5.0,3.0,0.095876
fastmultrec_greedy,1,9,10,20,103.0,5.0,3.0,0.248508
lcamap,1,9,10,20,103.0,5.0,3.0,0.049234
segdup,1,10,10,5,5,1,0,196.498564
insider,1,10,10,5,5.0,1.0,0.0,0.118981
insider_relax,1,10,10,5,5.0,1.0,0.0,0.118266
fastmultrec_greedy,1,10,10,5,5.0,1.0,0.0,0.441004
lcamap,1,10,10,5,5.0,1.0,0.0,0.076508
segdup,1,10,10,10,10,1,0,189.829242
insider,1,10,10,10,10.0,1.0,0.0,0.117676
insider_relax,1,10,10,10,10.0,1.0,0.0,0.119247
fastmultrec_greedy,1,10,10,10,10.0,1.0,0.0,0.436975
lcamap,1,10,10,10,10.0,1.0,0.0,0.077170
segdup,1,10,10,15,15,1,0,155.407213
insider,1,10,10,15,15.0,1.0,0.0,0.117550
insider_relax,1,10,10,15,15.0,1.0,0.0,0.118132
fastmultrec_greedy,1,10,10,15,15.0,1.0,0.0,0.443160
lcamap,1,10,10,15,15.0,1.0,0.0,0.075301
segdup,1,10,10,20,20,1,0,155.690453
insider,1,10,10,20,20.0,1.0,0.0,0.120703
insider_relax,1,10,10,20,20.0,1.0,0.0,0.119802
fastmultrec_greedy,1,10,10,20,20.0,1.0,0.0,0.446951
lcamap,1,10,10,20,20.0,1.0,0.0,0.076332
segdup,1,11,10,5,10,2,0,108.407698
insider,1,11,10,5,10.0,2.0,0.0,0.074273
insider_relax,1,11,10,5,10.0,2.0,0.0,0.075537
fastmultrec_greedy,1,11,10,5,10.0,2.0,0.0,0.221401
lcamap,1,11,10,5,10.0,2.0,0.0,0.045546
segdup,1,11,10,10,20,2,0,110.819936
insider,1,11,10,10,20.0,2.0,0.0,0.074895
insider_relax,1,11,10,10,20.0,2.0,0.0,0.075185
fastmultrec_greedy,1,11,10,10,20.0,2.0,0.0,0.222038
lcamap,1,11,10,10,20.0,2.0,0.0,0.039878
segdup,1,11,10,15,30,2,0,100.326424
insider,1,11,10,15,30.0,2.0,0.0,0.076898
insider_relax,1,11,10,15,30.0,2.0,0.0,0.080479
fastmultrec_greedy,1,11,10,15,30.0,2.0,0.0,0.222108
lcamap,1,11,10,15,30.0,2.0,0.0,0.042218
segdup,1,11,10,20,40,2,0,62.265737
insider,1,11,10,20,40.0,2.0,0.0,0.078406
insider_relax,1,11,10,20,40.0,2.0,0.0,0.080805
fastmultrec_greedy,1,11,10,20,40.0,2.0,0.0,0.219888
lcamap,1,11,10,20,40.0,2.0,0.0,0.043001
segdup,2,7,10,5,2503,162,1693,264.587653
insider,2,7,10,5,2479.0,152.0,1719.0,0.297882
insider_relax,2,7,10,5,2479.0,152.0,1719.0,0.322972
fastmultrec_greedy,2,7,10,5,2482.0,154.0,1712.0,3.928420
lcamap,2,7,10,5,2503.0,162.0,1693.0,0.088911
segdup,2,7,10,10,3313,162,1693,258.128586
insider,2,7,10,10,3197.0,137.0,1827.0,0.453352
insider_relax,2,7,10,10,3197.0,137.0,1827.0,0.482272
fastmultrec_greedy,2,7,10,10,3224.0,145.0,1774.0,7.567323
lcamap,2,7,10,10,3313.0,162.0,1693.0,0.087388
segdup,2,7,10,15,4123,162,1693,261.933917
insider,2,7,10,15,3862.0,129.0,1927.0,0.657694
insider_relax,2,7,10,15,3862.0,129.0,1927.0,0.756060
fastmultrec_greedy,2,7,10,15,3918.0,139.0,1833.0,13.143176
lcamap,2,7,10,15,4123.0,162.0,1693.0,0.091667
segdup,2,7,10,20,4921,161,1701,263.490831
insider,2,7,10,20,4485.0,123.0,2025.0,1.073410
insider_relax,2,7,10,20,4485.0,122.0,2045.0,1.408288
fastmultrec_greedy,2,7,10,20,4609.0,137.0,1869.0,13.576134
lcamap,2,7,10,20,4933.0,162.0,1693.0,0.089735
segdup,2,8,10,5,1030,111,475,213.114936
insider,2,8,10,5,1026.0,109.0,481.0,0.313826
insider_relax,2,8,10,5,1026.0,109.0,481.0,0.356602
fastmultrec_greedy,2,8,10,5,1026.0,109.0,481.0,1.270612
lcamap,2,8,10,5,1030.0,111.0,475.0,0.095416
segdup,2,8,10,10,1585,111,475,207.161168
insider,2,8,10,10,1548.0,101.0,538.0,0.592189
insider_relax,2,8,10,10,1548.0,101.0,538.0,0.732211
fastmultrec_greedy,2,8,10,10,1567.0,108.0,487.0,1.716145
lcamap,2,8,10,10,1585.0,111.0,475.0,0.096580
segdup,2,8,10,15,2140,111,475,203.139554
insider,2,8,10,15,2039.0,95.0,614.0,1.548451
insider_relax,2,8,10,15,2039.0,95.0,614.0,1.915680
fastmultrec_greedy,2,8,10,15,2104.0,107.0,499.0,2.126214
lcamap,2,8,10,15,2140.0,111.0,475.0,0.095244
segdup,2,8,10,20,2695,111,475,197.379433
insider,2,8,10,20,2500.0,89.0,720.0,5.105441
insider_relax,2,8,10,20,2500.0,89.0,720.0,7.797408
fastmultrec_greedy,2,8,10,20,2634.0,106.0,514.0,2.560573
lcamap,2,8,10,20,2695.0,111.0,475.0,0.095638
segdup,2,9,10,5,40,6,10,137.250548
insider,2,9,10,5,40.0,6.0,10.0,0.117091
insider_relax,2,9,10,5,40.0,6.0,10.0,0.114677
fastmultrec_greedy,2,9,10,5,40.0,6.0,10.0,0.352820
lcamap,2,9,10,5,40.0,6.0,10.0,0.063920
segdup,2,9,10,10,70,6,10,129.608814
insider,2,9,10,10,70.0,6.0,10.0,0.122539
insider_relax,2,9,10,10,70.0,6.0,10.0,0.127676
fastmultrec_greedy,2,9,10,10,70.0,6.0,10.0,0.346161
lcamap,2,9,10,10,70.0,6.0,10.0,0.062222
segdup,2,9,10,15,100,6,10,76.350542
insider,2,9,10,15,100.0,6.0,10.0,0.126257
insider_relax,2,9,10,15,100.0,6.0,10.0,0.128448
fastmultrec_greedy,2,9,10,15,100.0,6.0,10.0,0.349450
lcamap,2,9,10,15,100.0,6.0,10.0,0.066211
segdup,2,9,10,20,130,6,10,77.974758
insider,2,9,10,20,130.0,6.0,10.0,0.131743
insider_relax,2,9,10,20,130.0,6.0,10.0,0.131893
fastmultrec_greedy,2,9,10,20,130.0,6.0,10.0,0.351836
lcamap,2,9,10,20,130.0,6.0,10.0,0.063588
segdup,2,10,10,5,28,5,3,354.449271
insider,2,10,10,5,28.0,5.0,3.0,0.183772
insider_relax,2,10,10,5,28.0,5.0,3.0,0.188566
fastmultrec_greedy,2,10,10,5,28.0,5.0,3.0,0.643629
lcamap,2,10,10,5,28.0,5.0,3.0,0.102273
segdup,2,10,10,10,53,5,3,332.341482
insider,2,10,10,10,53.0,5.0,3.0,0.182781
insider_relax,2,10,10,10,53.0,5.0,3.0,0.189775
fastmultrec_greedy,2,10,10,10,53.0,5.0,3.0,0.643225
lcamap,2,10,10,10,53.0,5.0,3.0,0.107654
segdup,2,10,10,15,78,5,3,311.792543
insider,2,10,10,15,78.0,5.0,3.0,0.184070
insider_relax,2,10,10,15,78.0,5.0,3.0,0.189139
fastmultrec_greedy,2,10,10,15,78.0,5.0,3.0,0.650159
lcamap,2,10,10,15,78.0,5.0,3.0,0.105913
segdup,2,10,10,20,103,5,3,172.009814
insider,2,10,10,20,103.0,5.0,3.0,0.184371
insider_relax,2,10,10,20,103.0,5.0,3.0,0.193765
fastmultrec_greedy,2,10,10,20,103.0,5.0,3.0,0.642818
lcamap,2,10,10,20,103.0,5.0,3.0,0.104703
segdup,2,11,10,5,10,2,0,255.656476
insider,2,11,10,5,10.0,2.0,0.0,0.162197
insider_relax,2,11,10,5,10.0,2.0,0.0,0.165711
fastmultrec_greedy,2,11,10,5,10.0,2.0,0.0,0.565387
lcamap,2,11,10,5,10.0,2.0,0.0,0.097497
segdup,2,11,10,10,20,2,0,248.841411
insider,2,11,10,10,20.0,2.0,0.0,0.163082
insider_relax,2,11,10,10,20.0,2.0,0.0,0.160259
fastmultrec_greedy,2,11,10,10,20.0,2.0,0.0,0.562947
lcamap,2,11,10,10,20.0,2.0,0.0,0.100042
segdup,2,11,10,15,30,2,0,116.434352
insider,2,11,10,15,30.0,2.0,0.0,0.166140
insider_relax,2,11,10,15,30.0,2.0,0.0,0.158687
fastmultrec_greedy,2,11,10,15,30.0,2.0,0.0,0.565026
lcamap,2,11,10,15,30.0,2.0,0.0,0.095846
segdup,2,11,10,20,40,2,0,196.745448
insider,2,11,10,20,40.0,2.0,0.0,0.161673
insider_relax,2,11,10,20,40.0,2.0,0.0,0.155382
fastmultrec_greedy,2,11,10,20,40.0,2.0,0.0,0.571350
lcamap,2,11,10,20,40.0,2.0,0.0,0.097184
segdup,1,7,11,5,1407,129,762,134.669109
insider,1,7,11,5,1397.0,124.0,777.0,0.200876
insider_relax,1,7,11,5,1397.0,124.0,777.0,0.226696
fastmultrec_greedy,1,7,11,5,1397.0,124.0,777.0,1.768515
lcamap,1,7,11,5,1407.0,129.0,762.0,0.063910
segdup,1,7,11,10,2052,129,762,126.842871
insider,1,7,11,10,1999.0,118.0,819.0,0.357231
insider_relax,1,7,11,10,1999.0,118.0,819.0,0.432328
fastmultrec_greedy,1,7,11,10,2016.0,123.0,786.0,2.073717
lcamap,1,7,11,10,2052.0,129.0,762.0,0.063440
segdup,1,7,11,15,2697,129,762,122.169960
insider,1,7,11,15,2580.0,115.0,855.0,0.860564
insider_relax,1,7,11,15,2580.0,114.0,870.0,1.168554
fastmultrec_greedy,1,7,11,15,2631.0,123.0,786.0,2.073904
lcamap,1,7,11,15,2697.0,129.0,762.0,0.063710
segdup,1,7,11,20,3342,129,762,121.349792
insider,1,7,11,20,3142.0,111.0,922.0,2.701320
insider_relax,1,7,11,20,3142.0,111.0,922.0,4.667914
fastmultrec_greedy,1,7,11,20,3242.0,122.0,802.0,2.373880
lcamap,1,7,11,20,3342.0,129.0,762.0,0.062309
segdup,1,8,11,5,353,54,83,56.009497
insider,1,8,11,5,348.0,51.0,93.0,0.099831
insider_relax,1,8,11,5,348.0,51.0,93.0,0.134169
fastmultrec_greedy,1,8,11,5,349.0,52.0,89.0,0.333362
lcamap,1,8,11,5,353.0,54.0,83.0,0.026779
segdup,1,8,11,10,603,51,93,51.298495
insider,1,8,11,10,592.0,46.0,132.0,0.220411
insider_relax,1,8,11,10,592.0,46.0,132.0,0.341930
fastmultrec_greedy,1,8,11,10,606.0,49.0,116.0,0.630309
lcamap,1,8,11,10,623.0,54.0,83.0,0.028159
segdup,1,8,11,15,858,51,93,49.430035
insider,1,8,11,15,814.0,44.0,154.0,1.059912
insider_relax,1,8,11,15,814.0,44.0,154.0,1.999852
fastmultrec_greedy,1,8,11,15,851.0,49.0,116.0,0.627122
lcamap,1,8,11,15,893.0,54.0,83.0,0.026395
segdup,1,8,11,20,1130,52,90,50.555405
insider,1,8,11,20,1028.0,38.0,268.0,8.098730
insider_relax,1,8,11,20,1028.0,38.0,268.0,16.073574
fastmultrec_greedy,1,8,11,20,1096.0,49.0,116.0,0.637302
lcamap,1,8,11,20,1163.0,54.0,83.0,0.027469
segdup,1,9,11,5,100,18,10,71.815926
insider,1,9,11,5,100.0,18.0,10.0,0.066119
insider_relax,1,9,11,5,100.0,18.0,10.0,0.079143
fastmultrec_greedy,1,9,11,5,100.0,18.0,10.0,0.170162
lcamap,1,9,11,5,100.0,18.0,10.0,0.032028
segdup,1,9,11,10,190,18,10,67.243351
insider,1,9,11,10,190.0,18.0,10.0,0.086113
insider_relax,1,9,11,10,190.0,18.0,10.0,0.116513
fastmultrec_greedy,1,9,11,10,190.0,18.0,10.0,0.169909
lcamap,1,9,11,10,190.0,18.0,10.0,0.030389
segdup,1,9,11,15,280,18,10,69.705924
insider,1,9,11,15,280.0,18.0,10.0,0.129677
insider_relax,1,9,11,15,280.0,18.0,10.0,0.136621
fastmultrec_greedy,1,9,11,15,280.0,18.0,10.0,0.172748
lcamap,1,9,11,15,280.0,18.0,10.0,0.030923
segdup,1,9,11,20,370,18,10,45.537040
insider,1,9,11,20,370.0,18.0,10.0,0.212724
insider_relax,1,9,11,20,370.0,18.0,10.0,0.239553
fastmultrec_greedy,1,9,11,20,370.0,18.0,10.0,0.172068
lcamap,1,9,11,20,370.0,18.0,10.0,0.030557
segdup,1,10,11,5,5,1,0,59.419314
insider,1,10,11,5,5.0,1.0,0.0,0.035652
insider_relax,1,10,11,5,5.0,1.0,0.0,0.037686
fastmultrec_greedy,1,10,11,5,5.0,1.0,0.0,0.099572
lcamap,1,10,11,5,5.0,1.0,0.0,0.019485
segdup,1,10,11,10,10,1,0,56.519983
insider,1,10,11,10,10.0,1.0,0.0,0.037610
insider_relax,1,10,11,10,10.0,1.0,0.0,0.041941
fastmultrec_greedy,1,10,11,10,10.0,1.0,0.0,0.100771
lcamap,1,10,11,10,10.0,1.0,0.0,0.020040
segdup,1,10,11,15,15,1,0,35.097387
insider,1,10,11,15,15.0,1.0,0.0,0.038053
insider_relax,1,10,11,15,15.0,1.0,0.0,0.039291
fastmultrec_greedy,1,10,11,15,15.0,1.0,0.0,0.099870
lcamap,1,10,11,15,15.0,1.0,0.0,0.019938
segdup,1,10,11,20,20,1,0,32.483241
insider,1,10,11,20,20.0,1.0,0.0,0.038112
insider_relax,1,10,11,20,20.0,1.0,0.0,0.039997
fastmultrec_greedy,1,10,11,20,20.0,1.0,0.0,0.101511
lcamap,1,10,11,20,20.0,1.0,0.0,0.020682
segdup,1,11,11,5,6,1,1,95.616148
insider,1,11,11,5,6.0,1.0,1.0,0.061031
insider_relax,1,11,11,5,6.0,1.0,1.0,0.063031
fastmultrec_greedy,1,11,11,5,6.0,1.0,1.0,0.185294
lcamap,1,11,11,5,6.0,1.0,1.0,0.035312
segdup,1,11,11,10,11,1,1,90.601991
insider,1,11,11,10,11.0,1.0,1.0,0.058674
insider_relax,1,11,11,10,11.0,1.0,1.0,0.061100
fastmultrec_greedy,1,11,11,10,11.0,1.0,1.0,0.186669
lcamap,1,11,11,10,11.0,1.0,1.0,0.034509
segdup,1,11,11,15,16,1,1,53.906251
insider,1,11,11,15,16.0,1.0,1.0,0.059095
insider_relax,1,11,11,15,16.0,1.0,1.0,0.061261
fastmultrec_greedy,1,11,11,15,16.0,1.0,1.0,0.185013
lcamap,1,11,11,15,16.0,1.0,1.0,0.034368
segdup,1,11,11,20,21,1,1,50.080834
insider,1,11,11,20,21.0,1.0,1.0,0.057850
insider_relax,1,11,11,20,21.0,1.0,1.0,0.060974
fastmultrec_greedy,1,11,11,20,21.0,1.0,1.0,0.178000
lcamap,1,11,11,20,21.0,1.0,1.0,0.036423
segdup,2,7,11,5,1324,125,699,241.784114
insider,2,7,11,5,1320.0,123.0,705.0,0.325084
insider_relax,2,7,11,5,1320.0,123.0,705.0,0.378137
fastmultrec_greedy,2,7,11,5,1320.0,123.0,705.0,1.469016
lcamap,2,7,11,5,1324.0,125.0,699.0,0.097719
segdup,2,7,11,10,1949,125,699,237.882641
insider,2,7,11,10,1904.0,109.0,814.0,0.704339
insider_relax,2,7,11,10,1904.0,109.0,814.0,0.849670
fastmultrec_greedy,2,7,11,10,1926.0,120.0,726.0,2.913432
lcamap,2,7,11,10,1949.0,125.0,699.0,0.095811
segdup,2,7,11,15,2574,125,699,226.964606
insider,2,7,11,15,2441.0,103.0,896.0,1.827459
insider_relax,2,7,11,15,2441.0,103.0,896.0,2.333976
fastmultrec_greedy,2,7,11,15,2526.0,120.0,726.0,2.934587
lcamap,2,7,11,15,2574.0,125.0,699.0,0.098087
segdup,2,7,11,20,3199,125,699,229.610438
insider,2,7,11,20,2933.0,97.0,993.0,5.861168
insider_relax,2,7,11,20,2933.0,97.0,993.0,9.738539
fastmultrec_greedy,2,7,11,20,3121.0,119.0,741.0,3.417174
lcamap,2,7,11,20,3199.0,125.0,699.0,0.095798
segdup,2,8,11,5,505,72,145,208.466831
insider,2,8,11,5,505.0,72.0,145.0,0.301829
insider_relax,2,8,11,5,505.0,72.0,145.0,0.365599
fastmultrec_greedy,2,8,11,5,505.0,72.0,145.0,0.641061
lcamap,2,8,11,5,505.0,72.0,145.0,0.116709
segdup,2,8,11,10,864,71,154,207.879874
insider,2,8,11,10,854.0,67.0,184.0,0.637911
insider_relax,2,8,11,10,854.0,67.0,184.0,1.226315
fastmultrec_greedy,2,8,11,10,865.0,72.0,145.0,0.630861
lcamap,2,8,11,10,865.0,72.0,145.0,0.119021
segdup,2,8,11,15,1225,72,145,197.035865
insider,2,8,11,15,1182.0,64.0,222.0,3.862044
insider_relax,2,8,11,15,1182.0,64.0,222.0,5.708932
fastmultrec_greedy,2,8,11,15,1225.0,72.0,145.0,0.639397
lcamap,2,8,11,15,1225.0,72.0,145.0,0.121291
segdup,2,8,11,20,1585,72,145,184.615659
insider,2,8,11,20,1498.0,62.0,258.0,11.903777
insider_relax,2,8,11,20,1498.0,62.0,258.0,16.820292
fastmultrec_greedy,2,8,11,20,1585.0,72.0,145.0,0.629466
lcamap,2,8,11,20,1585.0,72.0,145.0,0.116521
segdup,2,9,11,5,81,15,6,172.319669
insider,2,9,11,5,81.0,15.0,6.0,0.167870
insider_relax,2,9,11,5,81.0,15.0,6.0,0.170240
fastmultrec_greedy,2,9,11,5,81.0,15.0,6.0,0.496432
lcamap,2,9,11,5,81.0,15.0,6.0,0.085830
segdup,2,9,11,10,156,15,6,160.423657
insider,2,9,11,10,156.0,15.0,6.0,0.178744
insider_relax,2,9,11,10,156.0,15.0,6.0,0.213624
fastmultrec_greedy,2,9,11,10,156.0,15.0,6.0,0.493821
lcamap,2,9,11,10,156.0,15.0,6.0,0.084702
segdup,2,9,11,15,231,15,6,131.892506
insider,2,9,11,15,231.0,15.0,6.0,0.253932
insider_relax,2,9,11,15,231.0,15.0,6.0,0.253505
fastmultrec_greedy,2,9,11,15,231.0,15.0,6.0,0.503033
lcamap,2,9,11,15,231.0,15.0,6.0,0.085640
segdup,2,9,11,20,306,15,6,101.986902
insider,2,9,11,20,306.0,15.0,6.0,0.438890
insider_relax,2,9,11,20,306.0,15.0,6.0,0.532244
fastmultrec_greedy,2,9,11,20,306.0,15.0,6.0,0.499847
lcamap,2,9,11,20,306.0,15.0,6.0,0.085740
segdup,2,10,11,5,21,4,1,301.659377
insider,2,10,11,5,21.0,4.0,1.0,0.181420
insider_relax,2,10,11,5,21.0,4.0,1.0,0.182853
fastmultrec_greedy,2,10,11,5,21.0,4.0,1.0,0.569201
lcamap,2,10,11,5,21.0,4.0,1.0,0.109428
segdup,2,10,11,10,41,4,1,275.700090
insider,2,10,11,10,41.0,4.0,1.0,0.180778
insider_relax,2,10,11,10,41.0,4.0,1.0,0.193217
fastmultrec_greedy,2,10,11,10,41.0,4.0,1.0,0.567852
lcamap,2,10,11,10,41.0,4.0,1.0,0.105815
segdup,2,10,11,15,61,4,1,213.286206
insider,2,10,11,15,61.0,4.0,1.0,0.184650
insider_relax,2,10,11,15,61.0,4.0,1.0,0.192817
fastmultrec_greedy,2,10,11,15,61.0,4.0,1.0,0.561418
lcamap,2,10,11,15,61.0,4.0,1.0,0.107773
segdup,2,10,11,20,81,4,1,133.810826
insider,2,10,11,20,81.0,4.0,1.0,0.188452
insider_relax,2,10,11,20,81.0,4.0,1.0,0.188827
fastmultrec_greedy,2,10,11,20,81.0,4.0,1.0,0.566513
lcamap,2,10,11,20,81.0,4.0,1.0,0.104674
segdup,2,11,11,5,10,2,0,167.744201
insider,2,11,11,5,10.0,2.0,0.0,0.117797
insider_relax,2,11,11,5,10.0,2.0,0.0,0.119804
fastmultrec_greedy,2,11,11,5,10.0,2.0,0.0,0.361217
lcamap,2,11,11,5,10.0,2.0,0.0,0.067059
segdup,2,11,11,10,20,2,0,154.307535
insider,2,11,11,10,20.0,2.0,0.0,0.117448
insider_relax,2,11,11,10,20.0,2.0,0.0,0.116064
fastmultrec_greedy,2,11,11,10,20.0,2.0,0.0,0.371019
lcamap,2,11,11,10,20.0,2.0,0.0,0.065104
segdup,2,11,11,15,30,2,0,71.412083
insider,2,11,11,15,30.0,2.0,0.0,0.121062
insider_relax,2,11,11,15,30.0,2.0,0.0,0.120072
fastmultrec_greedy,2,11,11,15,30.0,2.0,0.0,0.363462
lcamap,2,11,11,15,30.0,2.0,0.0,0.062958
segdup,2,11,11,20,40,2,0,109.411007
insider,2,11,11,20,40.0,2.0,0.0,0.118262
insider_relax,2,11,11,20,40.0,2.0,0.0,0.119176
fastmultrec_greedy,2,11,11,20,40.0,2.0,0.0,0.360333
lcamap,2,11,11,20,40.0,2.0,0.0,0.064213
segdup,1,7,12,5,342,48,102,117.563013
insider,1,7,12,5,340.0,47.0,105.0,0.154302
insider_relax,1,7,12,5,340.0,47.0,105.0,0.176869
fastmultrec_greedy,1,7,12,5,340.0,47.0,105.0,0.486314
lcamap,1,7,12,5,342.0,48.0,102.0,0.055000
segdup,1,7,12,10,582,48,102,115.228750
insider,1,7,12,10,562.0,42.0,142.0,0.249730
insider_relax,1,7,12,10,562.0,42.0,142.0,0.352142
fastmultrec_greedy,1,7,12,10,568.0,45.0,118.0,0.944363
lcamap,1,7,12,10,582.0,48.0,102.0,0.052745
segdup,1,7,12,15,810,47,105,116.652031
insider,1,7,12,15,769.0,41.0,154.0,0.578903
insider_relax,1,7,12,15,769.0,41.0,154.0,0.744084
fastmultrec_greedy,1,7,12,15,788.0,44.0,128.0,1.393147
lcamap,1,7,12,15,822.0,48.0,102.0,0.054395
segdup,1,7,12,20,1045,47,105,110.492735
insider,1,7,12,20,972.0,39.0,192.0,1.972096
insider_relax,1,7,12,20,972.0,39.0,192.0,5.420712
fastmultrec_greedy,1,7,12,20,1004.0,43.0,144.0,1.651460
lcamap,1,7,12,20,1062.0,48.0,102.0,0.053807
segdup,1,8,12,5,675,95,200,140.675342
insider,1,8,12,5,675.0,95.0,200.0,0.212159
insider_relax,1,8,12,5,675.0,95.0,200.0,0.257702
fastmultrec_greedy,1,8,12,5,675.0,95.0,200.0,0.414409
lcamap,1,8,12,5,675.0,95.0,200.0,0.081456
segdup,1,8,12,10,1150,95,200,135.226428
insider,1,8,12,10,1136.0,90.0,236.0,0.435774
insider_relax,1,8,12,10,1136.0,90.0,236.0,0.609494
fastmultrec_greedy,1,8,12,10,1150.0,95.0,200.0,0.414455
lcamap,1,8,12,10,1150.0,95.0,200.0,0.079402
segdup,1,8,12,15,1625,95,200,128.610564
insider,1,8,12,15,1571.0,82.0,341.0,1.595636
insider_relax,1,8,12,15,1571.0,82.0,341.0,2.800649
fastmultrec_greedy,1,8,12,15,1625.0,95.0,200.0,0.420471
lcamap,1,8,12,15,1625.0,95.0,200.0,0.080051
segdup,1,8,12,20,2100,95,200,129.257716
insider,1,8,12,20,1970.0,78.0,410.0,8.597899
insider_relax,1,8,12,20,1970.0,78.0,410.0,14.638821
fastmultrec_greedy,1,8,12,20,2095.0,94.0,215.0,0.747248
lcamap,1,8,12,20,2100.0,95.0,200.0,0.080243
segdup,1,9,12,5,18,3,3,93.401414
insider,1,9,12,5,18.0,3.0,3.0,0.069234
insider_relax,1,9,12,5,18.0,3.0,3.0,0.074583
fastmultrec_greedy,1,9,12,5,18.0,3.0,3.0,0.225107
lcamap,1,9,12,5,18.0,3.0,3.0,0.038994
segdup,1,9,12,10,33,3,3,94.525701
insider,1,9,12,10,33.0,3.0,3.0,0.069112
insider_relax,1,9,12,10,33.0,3.0,3.0,0.071081
fastmultrec_greedy,1,9,12,10,33.0,3.0,3.0,0.223578
lcamap,1,9,12,10,33.0,3.0,3.0,0.039973
segdup,1,9,12,15,48,3,3,77.063242
insider,1,9,12,15,48.0,3.0,3.0,0.071014
insider_relax,1,9,12,15,48.0,3.0,3.0,0.069178
fastmultrec_greedy,1,9,12,15,48.0,3.0,3.0,0.225994
lcamap,1,9,12,15,48.0,3.0,3.0,0.037853
segdup,1,9,12,20,63,3,3,74.041103
insider,1,9,12,20,63.0,3.0,3.0,0.072086
insider_relax,1,9,12,20,63.0,3.0,3.0,0.068668
fastmultrec_greedy,1,9,12,20,63.0,3.0,3.0,0.229271
lcamap,1,9,12,20,63.0,3.0,3.0,0.039608
segdup,1,10,12,5,11,2,1,72.778625
insider,1,10,12,5,11.0,2.0,1.0,0.052584
insider_relax,1,10,12,5,11.0,2.0,1.0,0.055929
fastmultrec_greedy,1,10,12,5,11.0,2.0,1.0,0.153166
lcamap,1,10,12,5,11.0,2.0,1.0,0.028332
segdup,1,10,12,10,21,2,1,76.423882
insider,1,10,12,10,21.0,2.0,1.0,0.051027
insider_relax,1,10,12,10,21.0,2.0,1.0,0.056571
fastmultrec_greedy,1,10,12,10,21.0,2.0,1.0,0.151295
lcamap,1,10,12,10,21.0,2.0,1.0,0.028702
segdup,1,10,12,15,31,2,1,43.042477
insider,1,10,12,15,31.0,2.0,1.0,0.052867
insider_relax,1,10,12,15,31.0,2.0,1.0,0.052634
fastmultrec_greedy,1,10,12,15,31.0,2.0,1.0,0.155621
lcamap,1,10,12,15,31.0,2.0,1.0,0.026646
segdup,1,10,12,20,41,2,1,42.214441
insider,1,10,12,20,41.0,2.0,1.0,0.050646
insider_relax,1,10,12,20,41.0,2.0,1.0,0.055679
fastmultrec_greedy,1,10,12,20,41.0,2.0,1.0,0.150751
lcamap,1,10,12,20,41.0,2.0,1.0,0.028331
segdup,1,11,12,5,5,1,0,100.347794
insider,1,11,12,5,5.0,1.0,0.0,0.061313
insider_relax,1,11,12,5,5.0,1.0,0.0,0.064343
fastmultrec_greedy,1,11,12,5,5.0,1.0,0.0,0.184902
lcamap,1,11,12,5,5.0,1.0,0.0,0.037421
segdup,1,11,12,10,10,1,0,92.392406
insider,1,11,12,10,10.0,1.0,0.0,0.062946
insider_relax,1,11,12,10,10.0,1.0,0.0,0.060086
fastmultrec_greedy,1,11,12,10,10.0,1.0,0.0,0.184728
lcamap,1,11,12,10,10.0,1.0,0.0,0.037146
segdup,1,11,12,15,15,1,0,57.958252
insider,1,11,12,15,15.0,1.0,0.0,0.061195
insider_relax,1,11,12,15,15.0,1.0,0.0,0.065401
fastmultrec_greedy,1,11,12,15,15.0,1.0,0.0,0.184401
lcamap,1,11,12,15,15.0,1.0,0.0,0.038503
segdup,1,11,12,20,20,1,0,55.208155
insider,1,11,12,20,20.0,1.0,0.0,0.062294
insider_relax,1,11,12,20,20.0,1.0,0.0,0.065818
fastmultrec_greedy,1,11,12,20,20.0,1.0,0.0,0.185055
lcamap,1,11,12,20,20.0,1.0,0.0,0.036550
segdup,2,7,12,5,6068,271,4713,395.784934
insider,2,7,12,5,5986.0,238.0,4796.0,0.389139
insider_relax,2,7,12,5,5986.0,238.0,4796.0,0.401551
fastmultrec_greedy,2,7,12,5,5988.0,239.0,4793.0,13.789126
lcamap,2,7,12,5,6068.0,271.0,4713.0,0.107280
segdup,2,7,12,10,7422,270,4722,392.436118
insider,2,7,12,10,7109.0,214.0,4969.0,0.612224
insider_relax,2,7,12,10,7109.0,212.0,4989.0,0.721410
fastmultrec_greedy,2,7,12,10,7132.0,223.0,4902.0,22.020216
lcamap,2,7,12,10,7423.0,271.0,4713.0,0.105439
segdup,2,7,12,15,8772,270,4722,402.887822
insider,2,7,12,15,8156.0,205.0,5081.0,1.041209
insider_relax,2,7,12,15,8156.0,206.0,5066.0,1.271645
fastmultrec_greedy,2,7,12,15,8222.0,218.0,4952.0,26.575403
lcamap,2,7,12,15,8778.0,271.0,4713.0,0.108126
segdup,2,7,12,20,10133,271,4713,398.798377
insider,2,7,12,20,9149.0,192.0,5309.0,2.203245
insider_relax,2,7,12,20,9149.0,192.0,5309.0,3.228407
fastmultrec_greedy,2,7,12,20,9295.0,212.0,5055.0,29.692292
lcamap,2,7,12,20,10133.0,271.0,4713.0,0.103781
segdup,2,8,12,5,865,93,400,183.197241
insider,2,8,12,5,862.0,91.0,407.0,0.280108
insider_relax,2,8,12,5,862.0,91.0,407.0,0.295083
fastmultrec_greedy,2,8,12,5,863.0,92.0,403.0,0.857927
lcamap,2,8,12,5,865.0,93.0,400.0,0.088556
segdup,2,8,12,10,1330,93,400,178.046038
insider,2,8,12,10,1311.0,88.0,431.0,0.442409
insider_relax,2,8,12,10,1311.0,88.0,431.0,0.522247
fastmultrec_greedy,2,8,12,10,1322.0,91.0,412.0,1.276885
lcamap,2,8,12,10,1330.0,93.0,400.0,0.089569
segdup,2,8,12,15,1795,93,400,175.870939
insider,2,8,12,15,1733.0,82.0,503.0,0.784776
insider_relax,2,8,12,15,1733.0,82.0,503.0,0.867138
fastmultrec_greedy,2,8,12,15,1771.0,89.0,436.0,2.116550
lcamap,2,8,12,15,1795.0,93.0,400.0,0.086734
segdup,2,8,12,20,2260,93,400,171.935267
insider,2,8,12,20,2133.0,77.0,593.0,1.479904
insider_relax,2,8,12,20,2133.0,77.0,593.0,2.067591
fastmultrec_greedy,2,8,12,20,2216.0,89.0,436.0,2.131501
lcamap,2,8,12,20,2260.0,93.0,400.0,0.083789
segdup,2,9,12,5,65,12,5,276.722378
insider,2,9,12,5,65.0,12.0,5.0,0.205614
insider_relax,2,9,12,5,65.0,12.0,5.0,0.213432
fastmultrec_greedy,2,9,12,5,65.0,12.0,5.0,0.759092
lcamap,2,9,12,5,65.0,12.0,5.0,0.112931
segdup,2,9,12,10,125,12,5,266.222009
insider,2,9,12,10,125.0,12.0,5.0,0.223641
insider_relax,2,9,12,10,125.0,12.0,5.0,0.232159
fastmultrec_greedy,2,9,12,10,125.0,12.0,5.0,0.762474
lcamap,2,9,12,10,125.0,12.0,5.0,0.109781
segdup,2,9,12,15,185,12,5,157.125470
insider,2,9,12,15,185.0,12.0,5.0,0.238291
insider_relax,2,9,12,15,185.0,12.0,5.0,0.229768
fastmultrec_greedy,2,9,12,15,185.0,12.0,5.0,0.763213
lcamap,2,9,12,15,185.0,12.0,5.0,0.110322
segdup,2,9,12,20,245,12,5,136.076260
insider,2,9,12,20,245.0,12.0,5.0,0.263849
insider_relax,2,9,12,20,245.0,12.0,5.0,0.245500
fastmultrec_greedy,2,9,12,20,245.0,12.0,5.0,0.755697
lcamap,2,9,12,20,245.0,12.0,5.0,0.108743
segdup,2,10,12,5,33,6,3,306.972295
insider,2,10,12,5,33.0,6.0,3.0,0.200003
insider_relax,2,10,12,5,33.0,6.0,3.0,0.203263
fastmultrec_greedy,2,10,12,5,33.0,6.0,3.0,0.734908
lcamap,2,10,12,5,33.0,6.0,3.0,0.114710
segdup,2,10,12,10,63,6,3,312.293738
insider,2,10,12,10,63.0,6.0,3.0,0.203639
insider_relax,2,10,12,10,63.0,6.0,3.0,0.205647
fastmultrec_greedy,2,10,12,10,63.0,6.0,3.0,0.724625
lcamap,2,10,12,10,63.0,6.0,3.0,0.119623
segdup,2,10,12,15,93,6,3,225.008390
insider,2,10,12,15,93.0,6.0,3.0,0.210524
insider_relax,2,10,12,15,93.0,6.0,3.0,0.200995
fastmultrec_greedy,2,10,12,15,93.0,6.0,3.0,0.732743
lcamap,2,10,12,15,93.0,6.0,3.0,0.120675
segdup,2,10,12,20,123,6,3,140.347777
insider,2,10,12,20,123.0,6.0,3.0,0.205600
insider_relax,2,10,12,20,123.0,6.0,3.0,0.206165
fastmultrec_greedy,2,10,12,20,123.0,6.0,3.0,0.723808
lcamap,2,10,12,20,123.0,6.0,3.0,0.119967
segdup,2,11,12,5,10,2,0,201.847827
insider,2,11,12,5,10.0,2.0,0.0,0.133941
insider_relax,2,11,12,5,10.0,2.0,0.0,0.134720
fastmultrec_greedy,2,11,12,5,10.0,2.0,0.0,0.459072
lcamap,2,11,12,5,10.0,2.0,0.0,0.078792
segdup,2,11,12,10,20,2,0,177.763736
insider,2,11,12,10,20.0,2.0,0.0,0.136325
insider_relax,2,11,12,10,20.0,2.0,0.0,0.132683
fastmultrec_greedy,2,11,12,10,20.0,2.0,0.0,0.456016
lcamap,2,11,12,10,20.0,2.0,0.0,0.077333
segdup,2,11,12,15,30,2,0,88.332872
insider,2,11,12,15,30.0,2.0,0.0,0.136873
insider_relax,2,11,12,15,30.0,2.0,0.0,0.134850
fastmultrec_greedy,2,11,12,15,30.0,2.0,0.0,0.453608
lcamap,2,11,12,15,30.0,2.0,0.0,0.075995
segdup,2,11,12,20,40,2,0,85.930857
insider,2,11,12,20,40.0,2.0,0.0,0.135049
insider_relax,2,11,12,20,40.0,2.0,0.0,0.132144
fastmultrec_greedy,2,11,12,20,40.0,2.0,0.0,0.455381
lcamap,2,11,12,20,40.0,2.0,0.0,0.078793
segdup,1,7,13,5,2926,170,2076,165.627694
insider,1,7,13,5,2890.0,155.0,2115.0,0.205024
insider_relax,1,7,13,5,2890.0,154.0,2120.0,0.231851
fastmultrec_greedy,1,7,13,5,2895.0,158.0,2105.0,2.877430
lcamap,1,7,13,5,2926.0,170.0,2076.0,0.045177
segdup,1,7,13,10,3776,170,2076,164.089965
insider,1,7,13,10,3598.0,133.0,2268.0,0.359253
insider_relax,1,7,13,10,3598.0,132.0,2278.0,0.427168
fastmultrec_greedy,1,7,13,10,3654.0,147.0,2184.0,5.381040
lcamap,1,7,13,10,3776.0,170.0,2076.0,0.042658
segdup,1,7,13,15,4626,170,2076,161.040760
insider,1,7,13,15,4248.0,125.0,2373.0,0.794517
insider_relax,1,7,13,15,4248.0,127.0,2343.0,1.096471
fastmultrec_greedy,1,7,13,15,4389.0,147.0,2184.0,5.377933
lcamap,1,7,13,15,4626.0,170.0,2076.0,0.045009
segdup,1,7,13,20,5476,170,2076,164.072854
insider,1,7,13,20,4860.0,117.0,2520.0,1.582964
insider_relax,1,7,13,20,4860.0,117.0,2520.0,2.436488
fastmultrec_greedy,1,7,13,20,5123.0,146.0,2203.0,5.582961
lcamap,1,7,13,20,5476.0,170.0,2076.0,0.045338
segdup,1,8,13,5,87,14,17,143.932365
insider,1,8,13,5,87.0,14.0,17.0,0.130415
insider_relax,1,8,13,5,87.0,14.0,17.0,0.141358
fastmultrec_greedy,1,8,13,5,87.0,14.0,17.0,0.478924
lcamap,1,8,13,5,87.0,14.0,17.0,0.079165
segdup,1,8,13,10,157,14,17,143.229925
insider,1,8,13,10,157.0,14.0,17.0,0.139651
insider_relax,1,8,13,10,157.0,14.0,17.0,0.147182
fastmultrec_greedy,1,8,13,10,157.0,14.0,17.0,0.475859
lcamap,1,8,13,10,157.0,14.0,17.0,0.077126
segdup,1,8,13,15,227,14,17,133.765091
insider,1,8,13,15,227.0,14.0,17.0,0.151936
insider_relax,1,8,13,15,227.0,14.0,17.0,0.155775
fastmultrec_greedy,1,8,13,15,227.0,14.0,17.0,0.476703
lcamap,1,8,13,15,227.0,14.0,17.0,0.078630
segdup,1,8,13,20,297,14,17,108.596067
insider,1,8,13,20,297.0,14.0,17.0,0.176959
insider_relax,1,8,13,20,297.0,14.0,17.0,0.175799
fastmultrec_greedy,1,8,13,20,297.0,14.0,17.0,0.475493
lcamap,1,8,13,20,297.0,14.0,17.0,0.079062
segdup,1,9,13,5,94,17,9,187.846255
insider,1,9,13,5,94.0,17.0,9.0,0.132646
insider_relax,1,9,13,5,94.0,17.0,9.0,0.138483
fastmultrec_greedy,1,9,13,5,94.0,17.0,9.0,0.397480
lcamap,1,9,13,5,94.0,17.0,9.0,0.075373
segdup,1,9,13,10,179,17,9,176.800547
insider,1,9,13,10,179.0,17.0,9.0,0.145856
insider_relax,1,9,13,10,179.0,17.0,9.0,0.158353
fastmultrec_greedy,1,9,13,10,179.0,17.0,9.0,0.392648
lcamap,1,9,13,10,179.0,17.0,9.0,0.079800
segdup,1,9,13,15,264,17,9,156.409009
insider,1,9,13,15,264.0,17.0,9.0,0.176187
insider_relax,1,9,13,15,264.0,17.0,9.0,0.173768
fastmultrec_greedy,1,9,13,15,264.0,17.0,9.0,0.394637
lcamap,1,9,13,15,264.0,17.0,9.0,0.076877
segdup,1,9,13,20,349,17,9,110.730160
insider,1,9,13,20,349.0,17.0,9.0,0.264541
insider_relax,1,9,13,20,349.0,17.0,9.0,0.280572
fastmultrec_greedy,1,9,13,20,349.0,17.0,9.0,0.391336
lcamap,1,9,13,20,349.0,17.0,9.0,0.078338
segdup,1,10,13,5,11,2,1,103.605497
insider,1,10,13,5,11.0,2.0,1.0,0.060826
insider_relax,1,10,13,5,11.0,2.0,1.0,0.066727
fastmultrec_greedy,1,10,13,5,11.0,2.0,1.0,0.192572
lcamap,1,10,13,5,11.0,2.0,1.0,0.039063
segdup,1,10,13,10,21,2,1,86.189299
insider,1,10,13,10,21.0,2.0,1.0,0.062894
insider_relax,1,10,13,10,21.0,2.0,1.0,0.063054
fastmultrec_greedy,1,10,13,10,21.0,2.0,1.0,0.192292
lcamap,1,10,13,10,21.0,2.0,1.0,0.036056
segdup,1,10,13,15,31,2,1,83.724219
insider,1,10,13,15,31.0,2.0,1.0,0.062783
insider_relax,1,10,13,15,31.0,2.0,1.0,0.064736
fastmultrec_greedy,1,10,13,15,31.0,2.0,1.0,0.193221
lcamap,1,10,13,15,31.0,2.0,1.0,0.038883
segdup,1,10,13,20,41,2,1,59.267085
insider,1,10,13,20,41.0,2.0,1.0,0.060785
insider_relax,1,10,13,20,41.0,2.0,1.0,0.068961
fastmultrec_greedy,1,10,13,20,41.0,2.0,1.0,0.191370
lcamap,1,10,13,20,41.0,2.0,1.0,0.038421
segdup,1,11,13,5,6,1,1,90.631978
insider,1,11,13,5,6.0,1.0,1.0,0.059013
insider_relax,1,11,13,5,6.0,1.0,1.0,0.060070
fastmultrec_greedy,1,11,13,5,6.0,1.0,1.0,0.172013
lcamap,1,11,13,5,6.0,1.0,1.0,0.034394
segdup,1,11,13,10,11,1,1,82.444459
insider,1,11,13,10,11.0,1.0,1.0,0.056934
insider_relax,1,11,13,10,11.0,1.0,1.0,0.057825
fastmultrec_greedy,1,11,13,10,11.0,1.0,1.0,0.172843
lcamap,1,11,13,10,11.0,1.0,1.0,0.032198
segdup,1,11,13,15,16,1,1,83.128335
insider,1,11,13,15,16.0,1.0,1.0,0.057606
insider_relax,1,11,13,15,16.0,1.0,1.0,0.059181
fastmultrec_greedy,1,11,13,15,16.0,1.0,1.0,0.176450
lcamap,1,11,13,15,16.0,1.0,1.0,0.035403
segdup,1,11,13,20,21,1,1,48.359627
insider,1,11,13,20,21.0,1.0,1.0,0.061282
insider_relax,1,11,13,20,21.0,1.0,1.0,0.061577
fastmultrec_greedy,1,11,13,20,21.0,1.0,1.0,0.179833
lcamap,1,11,13,20,21.0,1.0,1.0,0.034435
segdup,2,8,13,5,660,79,265,127.352915
insider,2,8,13,5,660.0,79.0,265.0,0.172073
insider_relax,2,8,13,5,660.0,79.0,265.0,0.197016
fastmultrec_greedy,2,8,13,5,660.0,79.0,265.0,0.369867
lcamap,2,8,13,5,660.0,79.0,265.0,0.058089
segdup,2,8,13,10,1055,79,265,127.178226
insider,2,8,13,10,1050.0,75.0,300.0,0.317706
insider_relax,2,8,13,10,1050.0,75.0,300.0,0.433067
fastmultrec_greedy,2,8,13,10,1055.0,79.0,265.0,0.372982
lcamap,2,8,13,10,1055.0,79.0,265.0,0.058377
segdup,2,8,13,15,1450,79,265,118.760645
insider,2,8,13,15,1413.0,69.0,378.0,0.788552
insider_relax,2,8,13,15,1413.0,69.0,378.0,0.962140
fastmultrec_greedy,2,8,13,15,1447.0,78.0,277.0,0.673799
lcamap,2,8,13,15,1450.0,79.0,265.0,0.059257
segdup,2,8,13,20,1845,79,265,119.993896
insider,2,8,13,20,1749.0,66.0,429.0,2.360954
insider_relax,2,8,13,20,1749.0,66.0,429.0,5.321613
fastmultrec_greedy,2,8,13,20,1837.0,78.0,277.0,0.677270
lcamap,2,8,13,20,1845.0,79.0,265.0,0.058407
segdup,2,9,13,5,59,10,9,185.803131
insider,2,9,13,5,59.0,10.0,9.0,0.153157
insider_relax,2,9,13,5,59.0,10.0,9.0,0.154202
fastmultrec_greedy,2,9,13,5,59.0,10.0,9.0,0.419976
lcamap,2,9,13,5,59.0,10.0,9.0,0.085545
segdup,2,9,13,10,109,10,9,175.709307
insider,2,9,13,10,109.0,10.0,9.0,0.158593
insider_relax,2,9,13,10,109.0,10.0,9.0,0.171350
fastmultrec_greedy,2,9,13,10,109.0,10.0,9.0,0.416809
lcamap,2,9,13,10,109.0,10.0,9.0,0.084109
segdup,2,9,13,15,159,10,9,163.494207
insider,2,9,13,15,159.0,10.0,9.0,0.174064
insider_relax,2,9,13,15,159.0,10.0,9.0,0.163101
fastmultrec_greedy,2,9,13,15,159.0,10.0,9.0,0.416151
lcamap,2,9,13,15,159.0,10.0,9.0,0.082228
segdup,2,9,13,20,209,10,9,145.164174
insider,2,9,13,20,209.0,10.0,9.0,0.185775
insider_relax,2,9,13,20,209.0,10.0,9.0,0.192546
fastmultrec_greedy,2,9,13,20,209.0,10.0,9.0,0.412818
lcamap,2,9,13,20,209.0,10.0,9.0,0.082270
segdup,2,10,13,5,15,3,0,395.842344
insider,2,10,13,5,15.0,3.0,0.0,0.204805
insider_relax,2,10,13,5,15.0,3.0,0.0,0.205321
fastmultrec_greedy,2,10,13,5,15.0,3.0,0.0,0.797660
lcamap,2,10,13,5,15.0,3.0,0.0,0.126740
segdup,2,10,13,10,30,3,0,371.116149
insider,2,10,13,10,30.0,3.0,0.0,0.206592
insider_relax,2,10,13,10,30.0,3.0,0.0,0.205906
fastmultrec_greedy,2,10,13,10,30.0,3.0,0.0,0.805261
lcamap,2,10,13,10,30.0,3.0,0.0,0.125947
segdup,2,10,13,15,45,3,0,205.426738
insider,2,10,13,15,45.0,3.0,0.0,0.210974
insider_relax,2,10,13,15,45.0,3.0,0.0,0.197856
fastmultrec_greedy,2,10,13,15,45.0,3.0,0.0,0.804044
lcamap,2,10,13,15,45.0,3.0,0.0,0.120859
segdup,2,10,13,20,60,3,0,206.252089
insider,2,10,13,20,60.0,3.0,0.0,0.209946
insider_relax,2,10,13,20,60.0,3.0,0.0,0.202121
fastmultrec_greedy,2,10,13,20,60.0,3.0,0.0,0.806415
lcamap,2,10,13,20,60.0,3.0,0.0,0.125317
segdup,2,11,13,5,11,2,1,188.262939
insider,2,11,13,5,11.0,2.0,1.0,0.129371
insider_relax,2,11,13,5,11.0,2.0,1.0,0.123983
fastmultrec_greedy,2,11,13,5,11.0,2.0,1.0,0.393153
lcamap,2,11,13,5,11.0,2.0,1.0,0.067977
segdup,2,11,13,10,21,2,1,170.051022
insider,2,11,13,10,21.0,2.0,1.0,0.123527
insider_relax,2,11,13,10,21.0,2.0,1.0,0.122483
fastmultrec_greedy,2,11,13,10,21.0,2.0,1.0,0.384661
lcamap,2,11,13,10,21.0,2.0,1.0,0.071664
segdup,2,11,13,15,31,2,1,158.709678
insider,2,11,13,15,31.0,2.0,1.0,0.122578
insider_relax,2,11,13,15,31.0,2.0,1.0,0.120669
fastmultrec_greedy,2,11,13,15,31.0,2.0,1.0,0.387397
lcamap,2,11,13,15,31.0,2.0,1.0,0.070256
segdup,2,11,13,20,41,2,1,79.333057
insider,2,11,13,20,41.0,2.0,1.0,0.118724
insider_relax,2,11,13,20,41.0,2.0,1.0,0.121286
fastmultrec_greedy,2,11,13,20,41.0,2.0,1.0,0.384702
lcamap,2,11,13,20,41.0,2.0,1.0,0.067710
segdup,1,7,14,5,673,80,273,120.431677
insider,1,7,14,5,657.0,74.0,287.0,0.189799
insider_relax,1,7,14,5,657.0,74.0,287.0,0.219286
fastmultrec_greedy,1,7,14,5,657.0,74.0,287.0,1.484013
lcamap,1,7,14,5,673.0,80.0,273.0,0.051680
segdup,1,7,14,10,1050,75,300,121.038631
insider,1,7,14,10,1016.0,70.0,316.0,0.417728
insider_relax,1,7,14,10,1016.0,70.0,316.0,0.584099
fastmultrec_greedy,1,7,14,10,1022.0,72.0,302.0,2.233461
lcamap,1,7,14,10,1073.0,80.0,273.0,0.053746
segdup,1,7,14,15,1462,76,322,122.695392
insider,1,7,14,15,1352.0,63.0,407.0,1.576172
insider_relax,1,7,14,15,1352.0,63.0,407.0,2.245135
fastmultrec_greedy,1,7,14,15,1385.0,71.0,320.0,3.980815
lcamap,1,7,14,15,1473.0,80.0,273.0,0.052590
segdup,1,7,14,20,1858,77,318,124.026313
insider,1,7,14,20,1658.0,59.0,478.0,4.238697
insider_relax,1,7,14,20,1658.0,59.0,478.0,6.635763
fastmultrec_greedy,1,7,14,20,1734.0,70.0,334.0,4.740595
lcamap,1,7,14,20,1873.0,80.0,273.0,0.052019
segdup,1,8,14,5,302,45,77,87.184318
insider,1,8,14,5,302.0,45.0,77.0,0.118049
insider_relax,1,8,14,5,302.0,45.0,77.0,0.140217
fastmultrec_greedy,1,8,14,5,302.0,45.0,77.0,0.210051
lcamap,1,8,14,5,302.0,45.0,77.0,0.041425
segdup,1,8,14,10,527,45,77,87.171326
insider,1,8,14,10,523.0,44.0,83.0,0.194217
insider_relax,1,8,14,10,523.0,44.0,83.0,0.304512
fastmultrec_greedy,1,8,14,10,527.0,45.0,77.0,0.211999
lcamap,1,8,14,10,527.0,45.0,77.0,0.040783
segdup,1,8,14,15,752,45,77,85.505396
insider,1,8,14,15,732.0,39.0,147.0,0.804621
insider_relax,1,8,14,15,732.0,39.0,147.0,1.309871
fastmultrec_greedy,1,8,14,15,752.0,45.0,77.0,0.211682
lcamap,1,8,14,15,752.0,45.0,77.0,0.041960
segdup,1,8,14,20,977,45,77,77.927770
insider,1,8,14,20,922.0,37.0,182.0,19.621656
insider_relax,1,8,14,20,922.0,37.0,182.0,63.952707
fastmultrec_greedy,1,8,14,20,977.0,45.0,77.0,0.209634
lcamap,1,8,14,20,977.0,45.0,77.0,0.041964
segdup,1,9,14,5,68,12,8,87.674564
insider,1,9,14,5,68.0,12.0,8.0,0.092093
insider_relax,1,9,14,5,68.0,12.0,8.0,0.097714
fastmultrec_greedy,1,9,14,5,68.0,12.0,8.0,0.327982
lcamap,1,9,14,5,68.0,12.0,8.0,0.047264
segdup,1,9,14,10,128,12,8,89.492025
insider,1,9,14,10,128.0,12.0,8.0,0.098194
insider_relax,1,9,14,10,128.0,12.0,8.0,0.107472
fastmultrec_greedy,1,9,14,10,128.0,12.0,8.0,0.336021
lcamap,1,9,14,10,128.0,12.0,8.0,0.048345
segdup,1,9,14,15,188,12,8,87.288760
insider,1,9,14,15,188.0,12.0,8.0,0.104774
insider_relax,1,9,14,15,188.0,12.0,8.0,0.112731
fastmultrec_greedy,1,9,14,15,188.0,12.0,8.0,0.336009
lcamap,1,9,14,15,188.0,12.0,8.0,0.047020
segdup,1,9,14,20,248,12,8,86.557738
insider,1,9,14,20,248.0,12.0,8.0,0.131336
insider_relax,1,9,14,20,248.0,12.0,8.0,0.129930
fastmultrec_greedy,1,9,14,20,248.0,12.0,8.0,0.326151
lcamap,1,9,14,20,248.0,12.0,8.0,0.046949
segdup,1,10,14,5,29,2,19,170.599106
insider,1,10,14,5,29.0,2.0,19.0,0.113662
insider_relax,1,10,14,5,29.0,2.0,19.0,0.106818
fastmultrec_greedy,1,10,14,5,29.0,2.0,19.0,0.413313
lcamap,1,10,14,5,29.0,2.0,19.0,0.073440
segdup,1,10,14,10,39,2,19,171.958147
insider,1,10,14,10,39.0,2.0,19.0,0.115356
insider_relax,1,10,14,10,39.0,2.0,19.0,0.111305
fastmultrec_greedy,1,10,14,10,39.0,2.0,19.0,0.410972
lcamap,1,10,14,10,39.0,2.0,19.0,0.073022
segdup,1,10,14,15,49,2,19,145.142347
insider,1,10,14,15,49.0,2.0,19.0,0.118034
insider_relax,1,10,14,15,49.0,2.0,19.0,0.113186
fastmultrec_greedy,1,10,14,15,49.0,2.0,19.0,0.405615
lcamap,1,10,14,15,49.0,2.0,19.0,0.071812
segdup,1,10,14,20,59,2,19,106.902068
insider,1,10,14,20,59.0,2.0,19.0,0.114756
insider_relax,1,10,14,20,59.0,2.0,19.0,0.112378
fastmultrec_greedy,1,10,14,20,59.0,2.0,19.0,0.406574
lcamap,1,10,14,20,59.0,2.0,19.0,0.070071
segdup,1,11,14,5,5,1,0,67.820974
insider,1,11,14,5,5.0,1.0,0.0,0.042211
insider_relax,1,11,14,5,5.0,1.0,0.0,0.043839
fastmultrec_greedy,1,11,14,5,5.0,1.0,0.0,0.133788
lcamap,1,11,14,5,5.0,1.0,0.0,0.023980
segdup,1,11,14,10,10,1,0,64.860249
insider,1,11,14,10,10.0,1.0,0.0,0.043343
insider_relax,1,11,14,10,10.0,1.0,0.0,0.043180
fastmultrec_greedy,1,11,14,10,10.0,1.0,0.0,0.124032
lcamap,1,11,14,10,10.0,1.0,0.0,0.024115
segdup,1,11,14,15,15,1,0,53.198884
insider,1,11,14,15,15.0,1.0,0.0,0.040521
insider_relax,1,11,14,15,15.0,1.0,0.0,0.045854
fastmultrec_greedy,1,11,14,15,15.0,1.0,0.0,0.124995
lcamap,1,11,14,15,15.0,1.0,0.0,0.023696
segdup,1,11,14,20,20,1,0,36.267387
insider,1,11,14,20,20.0,1.0,0.0,0.042059
insider_relax,1,11,14,20,20.0,1.0,0.0,0.043805
fastmultrec_greedy,1,11,14,20,20.0,1.0,0.0,0.123980
lcamap,1,11,14,20,20.0,1.0,0.0,0.024037
segdup,2,7,14,5,3678,172,2818,288.938867
insider,2,7,14,5,3623.0,149.0,2878.0,0.275497
insider_relax,2,7,14,5,3623.0,150.0,2873.0,0.304283
fastmultrec_greedy,2,7,14,5,3625.0,153.0,2860.0,6.857085
lcamap,2,7,14,5,3678.0,172.0,2818.0,0.072865
segdup,2,7,14,10,4538,172,2818,286.738910
insider,2,7,14,10,4327.0,134.0,2987.0,0.420362
insider_relax,2,7,14,10,4327.0,134.0,2987.0,0.437216
fastmultrec_greedy,2,7,14,10,4360.0,144.0,2920.0,10.545057
lcamap,2,7,14,10,4538.0,172.0,2818.0,0.071082
segdup,2,7,14,15,5398,172,2818,285.191003
insider,2,7,14,15,4982.0,128.0,3062.0,0.535799
insider_relax,2,7,14,15,4982.0,128.0,3062.0,0.616729
fastmultrec_greedy,2,7,14,15,5066.0,139.0,2981.0,11.980202
lcamap,2,7,14,15,5398.0,172.0,2818.0,0.071771
segdup,2,7,14,20,6258,172,2818,279.766304
insider,2,7,14,20,5612.0,123.0,3152.0,0.744052
insider_relax,2,7,14,20,5612.0,123.0,3152.0,0.876382
fastmultrec_greedy,2,7,14,20,5753.0,137.0,3013.0,12.835617
lcamap,2,7,14,20,6258.0,172.0,2818.0,0.072696
segdup,2,8,14,5,301,45,76,158.773189
insider,2,8,14,5,301.0,45.0,76.0,0.244905
insider_relax,2,8,14,5,301.0,45.0,76.0,0.304919
fastmultrec_greedy,2,8,14,5,301.0,45.0,76.0,0.624542
lcamap,2,8,14,5,301.0,45.0,76.0,0.096038
segdup,2,8,14,10,526,45,76,163.438263
insider,2,8,14,10,521.0,43.0,91.0,0.372185
insider_relax,2,8,14,10,521.0,43.0,91.0,0.563323
fastmultrec_greedy,2,8,14,10,526.0,45.0,76.0,0.618924
lcamap,2,8,14,10,526.0,45.0,76.0,0.096181
segdup,2,8,14,15,751,45,76,149.617401
insider,2,8,14,15,736.0,43.0,91.0,0.844990
insider_relax,2,8,14,15,736.0,43.0,91.0,1.037259
fastmultrec_greedy,2,8,14,15,751.0,45.0,76.0,0.621807
lcamap,2,8,14,15,751.0,45.0,76.0,0.098071
segdup,2,8,14,20,976,45,76,138.304346
insider,2,8,14,20,948.0,42.0,108.0,9.195198
insider_relax,2,8,14,20,948.0,42.0,108.0,11.522420
fastmultrec_greedy,2,8,14,20,976.0,45.0,76.0,0.624279
lcamap,2,8,14,20,976.0,45.0,76.0,0.094159
segdup,2,10,14,5,20,4,0,212.915782
insider,2,10,14,5,20.0,4.0,0.0,0.142520
insider_relax,2,10,14,5,20.0,4.0,0.0,0.140981
fastmultrec_greedy,2,10,14,5,20.0,4.0,0.0,0.456248
lcamap,2,10,14,5,20.0,4.0,0.0,0.084838
segdup,2,10,14,10,40,4,0,204.238881
insider,2,10,14,10,40.0,4.0,0.0,0.142834
insider_relax,2,10,14,10,40.0,4.0,0.0,0.139798
fastmultrec_greedy,2,10,14,10,40.0,4.0,0.0,0.454865
lcamap,2,10,14,10,40.0,4.0,0.0,0.084450
segdup,2,10,14,15,60,4,0,92.802452
insider,2,10,14,15,60.0,4.0,0.0,0.142686
insider_relax,2,10,14,15,60.0,4.0,0.0,0.138784
fastmultrec_greedy,2,10,14,15,60.0,4.0,0.0,0.450609
lcamap,2,10,14,15,60.0,4.0,0.0,0.082343
segdup,2,10,14,20,80,4,0,90.760955
insider,2,10,14,20,80.0,4.0,0.0,0.146413
insider_relax,2,10,14,20,80.0,4.0,0.0,0.146049
fastmultrec_greedy,2,10,14,20,80.0,4.0,0.0,0.452624
lcamap,2,10,14,20,80.0,4.0,0.0,0.084792
segdup,2,11,14,5,10,2,0,104.648104
insider,2,11,14,5,10.0,2.0,0.0,0.079241
insider_relax,2,11,14,5,10.0,2.0,0.0,0.077216
fastmultrec_greedy,2,11,14,5,10.0,2.0,0.0,0.210770
lcamap,2,11,14,5,10.0,2.0,0.0,0.040735
segdup,2,11,14,10,20,2,0,96.300608
insider,2,11,14,10,20.0,2.0,0.0,0.075374
insider_relax,2,11,14,10,20.0,2.0,0.0,0.076079
fastmultrec_greedy,2,11,14,10,20.0,2.0,0.0,0.209272
lcamap,2,11,14,10,20.0,2.0,0.0,0.040325
segdup,2,11,14,15,30,2,0,45.332468
insider,2,11,14,15,30.0,2.0,0.0,0.075203
insider_relax,2,11,14,15,30.0,2.0,0.0,0.075291
fastmultrec_greedy,2,11,14,15,30.0,2.0,0.0,0.212406
lcamap,2,11,14,15,30.0,2.0,0.0,0.039123
segdup,2,11,14,20,40,2,0,72.713348
insider,2,11,14,20,40.0,2.0,0.0,0.076940
insider_relax,2,11,14,20,40.0,2.0,0.0,0.075878
fastmultrec_greedy,2,11,14,20,40.0,2.0,0.0,0.213848
lcamap,2,11,14,20,40.0,2.0,0.0,0.040888
segdup,1,7,15,5,1687,146,957,238.297258
insider,1,7,15,5,1670.0,139.0,975.0,0.270615
insider_relax,1,7,15,5,1670.0,139.0,975.0,0.304983
fastmultrec_greedy,1,7,15,5,1670.0,139.0,975.0,2.972633
lcamap,1,7,15,5,1687.0,146.0,957.0,0.094613
segdup,1,7,15,10,2417,146,957,236.439708
insider,1,7,15,10,2345.0,133.0,1015.0,0.466875
insider_relax,1,7,15,10,2345.0,133.0,1015.0,0.563519
fastmultrec_greedy,1,7,15,10,2357.0,137.0,987.0,4.267113
lcamap,1,7,15,10,2417.0,146.0,957.0,0.095865
segdup,1,7,15,15,3147,146,957,231.486043
insider,1,7,15,15,2988.0,122.0,1158.0,0.915452
insider_relax,1,7,15,15,2988.0,122.0,1158.0,1.003188
fastmultrec_greedy,1,7,15,15,3038.0,136.0,998.0,5.134059
lcamap,1,7,15,15,3147.0,146.0,957.0,0.093980
segdup,1,7,15,20,3877,146,957,230.474570
insider,1,7,15,20,3578.0,114.0,1298.0,1.782849
insider_relax,1,7,15,20,3578.0,114.0,1298.0,2.230978
fastmultrec_greedy,1,7,15,20,3697.0,130.0,1097.0,7.721570
lcamap,1,7,15,20,3877.0,146.0,957.0,0.099356
segdup,1,8,15,5,572,82,162,152.483972
insider,1,8,15,5,566.0,79.0,171.0,0.202760
insider_relax,1,8,15,5,566.0,79.0,171.0,0.236570
fastmultrec_greedy,1,8,15,5,566.0,79.0,171.0,1.457795
lcamap,1,8,15,5,572.0,82.0,162.0,0.077874
segdup,1,8,15,10,976,81,166,146.897286
insider,1,8,15,10,955.0,76.0,195.0,0.395633
insider_relax,1,8,15,10,955.0,76.0,195.0,0.579316
fastmultrec_greedy,1,8,15,10,961.0,79.0,171.0,1.451085
lcamap,1,8,15,10,982.0,82.0,162.0,0.075697
segdup,1,8,15,15,1371,80,171,136.659028
insider,1,8,15,15,1332.0,75.0,207.0,1.248854
insider_relax,1,8,15,15,1332.0,75.0,207.0,1.714586
fastmultrec_greedy,1,8,15,15,1356.0,79.0,171.0,1.458709
lcamap,1,8,15,15,1392.0,82.0,162.0,0.076220
segdup,1,8,15,20,1775,80,175,142.714824
insider,1,8,15,20,1688.0,71.0,268.0,7.731210
insider_relax,1,8,15,20,1688.0,71.0,268.0,14.616313
fastmultrec_greedy,1,8,15,20,1751.0,79.0,171.0,1.469714
lcamap,1,8,15,20,1802.0,82.0,162.0,0.075561
segdup,1,9,15,5,94,16,14,126.023465
insider,1,9,15,5,94.0,16.0,14.0,0.103176
insider_relax,1,9,15,5,94.0,16.0,14.0,0.115019
fastmultrec_greedy,1,9,15,5,94.0,16.0,14.0,0.276279
lcamap,1,9,15,5,94.0,16.0,14.0,0.055868
segdup,1,9,15,10,174,16,14,121.880831
insider,1,9,15,10,174.0,16.0,14.0,0.117229
insider_relax,1,9,15,10,174.0,16.0,14.0,0.128836
fastmultrec_greedy,1,9,15,10,174.0,16.0,14.0,0.280222
lcamap,1,9,15,10,174.0,16.0,14.0,0.056000
segdup,1,9,15,15,254,16,14,83.197605
insider,1,9,15,15,254.0,16.0,14.0,0.135595
insider_relax,1,9,15,15,254.0,16.0,14.0,0.131611
fastmultrec_greedy,1,9,15,15,254.0,16.0,14.0,0.284477
lcamap,1,9,15,15,254.0,16.0,14.0,0.056110
segdup,1,9,15,20,334,16,14,101.948532
insider,1,9,15,20,334.0,16.0,14.0,0.165263
insider_relax,1,9,15,20,334.0,16.0,14.0,0.166508
fastmultrec_greedy,1,9,15,20,334.0,16.0,14.0,0.282135
lcamap,1,9,15,20,334.0,16.0,14.0,0.057459
segdup,1,10,15,5,17,3,2,90.125327
insider,1,10,15,5,17.0,3.0,2.0,0.064344
insider_relax,1,10,15,5,17.0,3.0,2.0,0.067714
fastmultrec_greedy,1,10,15,5,17.0,3.0,2.0,0.197468
lcamap,1,10,15,5,17.0,3.0,2.0,0.040425
segdup,1,10,15,10,32,3,2,88.541795
insider,1,10,15,10,32.0,3.0,2.0,0.062975
insider_relax,1,10,15,10,32.0,3.0,2.0,0.065980
fastmultrec_greedy,1,10,15,10,32.0,3.0,2.0,0.197639
lcamap,1,10,15,10,32.0,3.0,2.0,0.035544
segdup,1,10,15,15,47,3,2,74.238794
insider,1,10,15,15,47.0,3.0,2.0,0.063546
insider_relax,1,10,15,15,47.0,3.0,2.0,0.070046
fastmultrec_greedy,1,10,15,15,47.0,3.0,2.0,0.191275
lcamap,1,10,15,15,47.0,3.0,2.0,0.036684
segdup,1,10,15,20,62,3,2,50.696360
insider,1,10,15,20,62.0,3.0,2.0,0.064990
insider_relax,1,10,15,20,62.0,3.0,2.0,0.071309
fastmultrec_greedy,1,10,15,20,62.0,3.0,2.0,0.192505
lcamap,1,10,15,20,62.0,3.0,2.0,0.038234
segdup,1,11,15,5,6,1,1,105.787794
insider,1,11,15,5,6.0,1.0,1.0,0.080397
insider_relax,1,11,15,5,6.0,1.0,1.0,0.075697
fastmultrec_greedy,1,11,15,5,6.0,1.0,1.0,0.251259
lcamap,1,11,15,5,6.0,1.0,1.0,0.048057
segdup,1,11,15,10,11,1,1,103.114569
insider,1,11,15,10,11.0,1.0,1.0,0.074933
insider_relax,1,11,15,10,11.0,1.0,1.0,0.076031
fastmultrec_greedy,1,11,15,10,11.0,1.0,1.0,0.252091
lcamap,1,11,15,10,11.0,1.0,1.0,0.048358
segdup,1,11,15,15,16,1,1,96.971459
insider,1,11,15,15,16.0,1.0,1.0,0.078296
insider_relax,1,11,15,15,16.0,1.0,1.0,0.078237
fastmultrec_greedy,1,11,15,15,16.0,1.0,1.0,0.250061
lcamap,1,11,15,15,16.0,1.0,1.0,0.048577
segdup,1,11,15,20,21,1,1,65.131365
insider,1,11,15,20,21.0,1.0,1.0,0.081369
insider_relax,1,11,15,20,21.0,1.0,1.0,0.080423
fastmultrec_greedy,1,11,15,20,21.0,1.0,1.0,0.254260
lcamap,1,11,15,20,21.0,1.0,1.0,0.047199
segdup,2,7,15,5,1596,125,971,195.865617
insider,2,7,15,5,1586.0,120.0,986.0,0.268736
insider_relax,2,7,15,5,1586.0,120.0,986.0,0.297558
fastmultrec_greedy,2,7,15,5,1588.0,122.0,978.0,1.330542
lcamap,2,7,15,5,1596.0,125.0,971.0,0.072661
segdup,2,7,15,10,2221,125,971,192.224747
insider,2,7,15,10,2164.0,110.0,1064.0,0.533388
insider_relax,2,7,15,10,2164.0,110.0,1064.0,0.700712
fastmultrec_greedy,2,7,15,10,2189.0,119.0,999.0,2.338206
lcamap,2,7,15,10,2221.0,125.0,971.0,0.073015
segdup,2,7,15,15,2846,125,971,184.237175
insider,2,7,15,15,2690.0,102.0,1160.0,1.109661
insider_relax,2,7,15,15,2690.0,102.0,1160.0,1.541219
fastmultrec_greedy,2,7,15,15,2778.0,117.0,1023.0,3.009235
lcamap,2,7,15,15,2846.0,125.0,971.0,0.073919
segdup,2,7,15,20,3471,125,971,186.760218
insider,2,7,15,20,3193.0,99.0,1213.0,3.924000
insider_relax,2,7,15,20,3193.0,99.0,1213.0,7.937284
fastmultrec_greedy,2,7,15,20,3359.0,115.0,1059.0,3.663656
lcamap,2,7,15,20,3471.0,125.0,971.0,0.071910
segdup,2,8,15,5,235,35,60,100.081914
insider,2,8,15,5,235.0,35.0,60.0,0.163572
insider_relax,2,8,15,5,235.0,35.0,60.0,0.194634
fastmultrec_greedy,2,8,15,5,235.0,35.0,60.0,0.319239
lcamap,2,8,15,5,235.0,35.0,60.0,0.053650
segdup,2,8,15,10,410,35,60,89.722142
insider,2,8,15,10,410.0,35.0,60.0,0.244898
insider_relax,2,8,15,10,410.0,35.0,60.0,0.369214
fastmultrec_greedy,2,8,15,10,410.0,35.0,60.0,0.320260
lcamap,2,8,15,10,410.0,35.0,60.0,0.051989
segdup,2,8,15,15,585,35,60,88.433978
insider,2,8,15,15,585.0,34.0,75.0,0.585135
insider_relax,2,8,15,15,585.0,34.0,75.0,0.907862
fastmultrec_greedy,2,8,15,15,585.0,35.0,60.0,0.321538
lcamap,2,8,15,15,585.0,35.0,60.0,0.051956
segdup,2,8,15,20,760,35,60,78.388798
insider,2,8,15,20,753.0,32.0,113.0,2.083261
insider_relax,2,8,15,20,753.0,32.0,113.0,3.187875
fastmultrec_greedy,2,8,15,20,760.0,35.0,60.0,0.322314
lcamap,2,8,15,20,760.0,35.0,60.0,0.055579
segdup,2,9,15,5,94,13,29,268.378878
insider,2,9,15,5,94.0,13.0,29.0,0.209379
insider_relax,2,9,15,5,94.0,13.0,29.0,0.225438
fastmultrec_greedy,2,9,15,5,94.0,13.0,29.0,0.705290
lcamap,2,9,15,5,94.0,13.0,29.0,0.123407
segdup,2,9,15,10,159,13,29,162.890003
insider,2,9,15,10,159.0,13.0,29.0,0.233906
insider_relax,2,9,15,10,159.0,13.0,29.0,0.246006
fastmultrec_greedy,2,9,15,10,159.0,13.0,29.0,0.710053
lcamap,2,9,15,10,159.0,13.0,29.0,0.122756
segdup,2,9,15,15,224,13,29,220.622952
insider,2,9,15,15,224.0,13.0,29.0,0.270611
insider_relax,2,9,15,15,224.0,13.0,29.0,0.264179
fastmultrec_greedy,2,9,15,15,224.0,13.0,29.0,0.707333
lcamap,2,9,15,15,224.0,13.0,29.0,0.122212
segdup,2,9,15,20,289,13,29,141.133050
insider,2,9,15,20,289.0,13.0,29.0,0.345974
insider_relax,2,9,15,20,289.0,13.0,29.0,0.350291
fastmultrec_greedy,2,9,15,20,289.0,13.0,29.0,0.712998
lcamap,2,9,15,20,289.0,13.0,29.0,0.122274
segdup,2,10,15,5,35,6,5,103.355481
insider,2,10,15,5,35.0,6.0,5.0,0.089101
insider_relax,2,10,15,5,35.0,6.0,5.0,0.094198
fastmultrec_greedy,2,10,15,5,35.0,6.0,5.0,0.249417
lcamap,2,10,15,5,35.0,6.0,5.0,0.046353
segdup,2,10,15,10,65,6,5,89.197575
insider,2,10,15,10,65.0,6.0,5.0,0.092441
insider_relax,2,10,15,10,65.0,6.0,5.0,0.096452
fastmultrec_greedy,2,10,15,10,65.0,6.0,5.0,0.251755
lcamap,2,10,15,10,65.0,6.0,5.0,0.044300
segdup,2,10,15,15,95,6,5,56.317405
insider,2,10,15,15,95.0,6.0,5.0,0.099754
insider_relax,2,10,15,15,95.0,6.0,5.0,0.098291
fastmultrec_greedy,2,10,15,15,95.0,6.0,5.0,0.254055
lcamap,2,10,15,15,95.0,6.0,5.0,0.045299
segdup,2,10,15,20,125,6,5,47.118858
insider,2,10,15,20,125.0,6.0,5.0,0.107085
insider_relax,2,10,15,20,125.0,6.0,5.0,0.108116
fastmultrec_greedy,2,10,15,20,125.0,6.0,5.0,0.248541
lcamap,2,10,15,20,125.0,6.0,5.0,0.043684
segdup,2,11,15,5,10,2,0,278.771854
insider,2,11,15,5,10.0,2.0,0.0,0.171498
insider_relax,2,11,15,5,10.0,2.0,0.0,0.161598
fastmultrec_greedy,2,11,15,5,10.0,2.0,0.0,0.589412
lcamap,2,11,15,5,10.0,2.0,0.0,0.101726
segdup,2,11,15,10,20,2,0,261.611845
insider,2,11,15,10,20.0,2.0,0.0,0.170043
insider_relax,2,11,15,10,20.0,2.0,0.0,0.166168
fastmultrec_greedy,2,11,15,10,20.0,2.0,0.0,0.587891
lcamap,2,11,15,10,20.0,2.0,0.0,0.108954
segdup,2,11,15,15,30,2,0,236.543813
insider,2,11,15,15,30.0,2.0,0.0,0.177299
insider_relax,2,11,15,15,30.0,2.0,0.0,0.168222
fastmultrec_greedy,2,11,15,15,30.0,2.0,0.0,0.592938
lcamap,2,11,15,15,30.0,2.0,0.0,0.103258
segdup,2,11,15,20,40,2,0,122.462720
insider,2,11,15,20,40.0,2.0,0.0,0.168460
insider_relax,2,11,15,20,40.0,2.0,0.0,0.160860
fastmultrec_greedy,2,11,15,20,40.0,2.0,0.0,0.591421
lcamap,2,11,15,20,40.0,2.0,0.0,0.104143
segdup,1,7,16,5,3549,231,2394,201.182685
insider,1,7,16,5,3497.0,205.0,2472.0,0.254561
insider_relax,1,7,16,5,3497.0,205.0,2472.0,0.282257
fastmultrec_greedy,1,7,16,5,3501.0,209.0,2456.0,7.766645
lcamap,1,7,16,5,3549.0,231.0,2394.0,0.073111
segdup,1,7,16,10,4704,231,2394,202.813179
insider,1,7,16,10,4488.0,191.0,2578.0,0.494358
insider_relax,1,7,16,10,4488.0,191.0,2578.0,0.567274
fastmultrec_greedy,1,7,16,10,4507.0,198.0,2527.0,12.545832
lcamap,1,7,16,10,4704.0,231.0,2394.0,0.074830
segdup,1,7,16,15,5859,231,2394,198.115104
insider,1,7,16,15,5419.0,181.0,2704.0,1.055440
insider_relax,1,7,16,15,5419.0,181.0,2704.0,1.401118
fastmultrec_greedy,1,7,16,15,5491.0,196.0,2551.0,13.240301
lcamap,1,7,16,15,5859.0,231.0,2394.0,0.072203
segdup,1,7,16,20,7014,231,2394,197.383852
insider,1,7,16,20,6306.0,172.0,2866.0,2.974555
insider_relax,1,7,16,20,6306.0,172.0,2866.0,4.735354
fastmultrec_greedy,1,7,16,20,6463.0,193.0,2603.0,13.577138
lcamap,1,7,16,20,7014.0,231.0,2394.0,0.072935
segdup,1,8,16,5,163,25,38,48.775532
insider,1,8,16,5,163.0,25.0,38.0,0.062881
insider_relax,1,8,16,5,163.0,25.0,38.0,0.081621
fastmultrec_greedy,1,8,16,5,163.0,25.0,38.0,0.114663
lcamap,1,8,16,5,163.0,25.0,38.0,0.022271
segdup,1,8,16,10,288,25,38,46.966299
insider,1,8,16,10,287.0,24.0,47.0,0.138343
insider_relax,1,8,16,10,287.0,24.0,47.0,0.211441
fastmultrec_greedy,1,8,16,10,288.0,25.0,38.0,0.112345
lcamap,1,8,16,10,288.0,25.0,38.0,0.021654
segdup,1,8,16,15,413,25,38,45.124903
insider,1,8,16,15,404.0,22.0,74.0,0.548859
insider_relax,1,8,16,15,404.0,22.0,74.0,0.757377
fastmultrec_greedy,1,8,16,15,413.0,25.0,38.0,0.113909
lcamap,1,8,16,15,413.0,25.0,38.0,0.022906
segdup,1,8,16,20,538,25,38,43.258634
insider,1,8,16,20,514.0,21.0,94.0,1.485386
insider_relax,1,8,16,20,514.0,21.0,94.0,2.650461
fastmultrec_greedy,1,8,16,20,538.0,25.0,38.0,0.112209
lcamap,1,8,16,20,538.0,25.0,38.0,0.021936
segdup,1,9,16,5,85,14,15,150.936560
insider,1,9,16,5,85.0,14.0,15.0,0.108752
insider_relax,1,9,16,5,85.0,14.0,15.0,0.120333
fastmultrec_greedy,1,9,16,5,85.0,14.0,15.0,0.321492
lcamap,1,9,16,5,85.0,14.0,15.0,0.058387
segdup,1,9,16,10,155,14,15,143.503079
insider,1,9,16,10,155.0,14.0,15.0,0.119063
insider_relax,1,9,16,10,155.0,14.0,15.0,0.131754
fastmultrec_greedy,1,9,16,10,155.0,14.0,15.0,0.315257
lcamap,1,9,16,10,155.0,14.0,15.0,0.058491
segdup,1,9,16,15,225,14,15,121.137781
insider,1,9,16,15,225.0,14.0,15.0,0.134755
insider_relax,1,9,16,15,225.0,14.0,15.0,0.138418
fastmultrec_greedy,1,9,16,15,225.0,14.0,15.0,0.318258
lcamap,1,9,16,15,225.0,14.0,15.0,0.056628
segdup,1,9,16,20,295,14,15,85.602259
insider,1,9,16,20,295.0,14.0,15.0,0.183430
insider_relax,1,9,16,20,295.0,14.0,15.0,0.184311
fastmultrec_greedy,1,9,16,20,295.0,14.0,15.0,0.315214
lcamap,1,9,16,20,295.0,14.0,15.0,0.062733
segdup,1,10,16,5,6,1,1,79.494889
insider,1,10,16,5,6.0,1.0,1.0,0.048810
insider_relax,1,10,16,5,6.0,1.0,1.0,0.052708
fastmultrec_greedy,1,10,16,5,6.0,1.0,1.0,0.133639
lcamap,1,10,16,5,6.0,1.0,1.0,0.026286
segdup,1,10,16,10,11,1,1,74.571706
insider,1,10,16,10,11.0,1.0,1.0,0.044520
insider_relax,1,10,16,10,11.0,1.0,1.0,0.051545
fastmultrec_greedy,1,10,16,10,11.0,1.0,1.0,0.136559
lcamap,1,10,16,10,11.0,1.0,1.0,0.027596
segdup,1,10,16,15,16,1,1,70.392328
insider,1,10,16,15,16.0,1.0,1.0,0.047925
insider_relax,1,10,16,15,16.0,1.0,1.0,0.050292
fastmultrec_greedy,1,10,16,15,16.0,1.0,1.0,0.132905
lcamap,1,10,16,15,16.0,1.0,1.0,0.026499
segdup,1,10,16,20,21,1,1,56.815317
insider,1,10,16,20,21.0,1.0,1.0,0.046358
insider_relax,1,10,16,20,21.0,1.0,1.0,0.051108
fastmultrec_greedy,1,10,16,20,21.0,1.0,1.0,0.139151
lcamap,1,10,16,20,21.0,1.0,1.0,0.026009
segdup,1,11,16,5,5,1,0,152.174960
insider,1,11,16,5,5.0,1.0,0.0,0.093409
insider_relax,1,11,16,5,5.0,1.0,0.0,0.091514
fastmultrec_greedy,1,11,16,5,5.0,1.0,0.0,0.317311
lcamap,1,11,16,5,5.0,1.0,0.0,0.056669
segdup,1,11,16,10,10,1,0,143.654613
insider,1,11,16,10,10.0,1.0,0.0,0.092253
insider_relax,1,11,16,10,10.0,1.0,0.0,0.093512
fastmultrec_greedy,1,11,16,10,10.0,1.0,0.0,0.317649
lcamap,1,11,16,10,10.0,1.0,0.0,0.055524
segdup,1,11,16,15,15,1,0,85.120388
insider,1,11,16,15,15.0,1.0,0.0,0.092115
insider_relax,1,11,16,15,15.0,1.0,0.0,0.094550
fastmultrec_greedy,1,11,16,15,15.0,1.0,0.0,0.322197
lcamap,1,11,16,15,15.0,1.0,0.0,0.056036
segdup,1,11,16,20,20,1,0,81.798128
insider,1,11,16,20,20.0,1.0,0.0,0.097118
insider_relax,1,11,16,20,20.0,1.0,0.0,0.095499
fastmultrec_greedy,1,11,16,20,20.0,1.0,0.0,0.317676
lcamap,1,11,16,20,20.0,1.0,0.0,0.054760
segdup,2,7,16,5,2699,160,1899,275.638293
insider,2,7,16,5,2663.0,143.0,1948.0,0.329140
insider_relax,2,7,16,5,2663.0,143.0,1948.0,0.360447
fastmultrec_greedy,2,7,16,5,2664.0,146.0,1934.0,5.009480
lcamap,2,7,16,5,2699.0,160.0,1899.0,0.088607
segdup,2,7,16,10,3499,160,1899,274.260273
insider,2,7,16,10,3343.0,127.0,2073.0,0.500922
insider_relax,2,7,16,10,3343.0,127.0,2073.0,0.607253
fastmultrec_greedy,2,7,16,10,3371.0,140.0,1971.0,8.347325
lcamap,2,7,16,10,3499.0,160.0,1899.0,0.088020
segdup,2,7,16,15,4299,160,1899,286.300734
insider,2,7,16,15,3963.0,122.0,2133.0,0.862605
insider_relax,2,7,16,15,3963.0,122.0,2133.0,0.977908
fastmultrec_greedy,2,7,16,15,4046.0,136.0,2006.0,11.565974
lcamap,2,7,16,15,4299.0,160.0,1899.0,0.088657
segdup,2,7,16,20,5099,160,1899,277.196959
insider,2,7,16,20,4562.0,116.0,2242.0,1.495071
insider_relax,2,7,16,20,4562.0,116.0,2242.0,1.895567
fastmultrec_greedy,2,7,16,20,4713.0,131.0,2093.0,12.984279
lcamap,2,7,16,20,5099.0,160.0,1899.0,0.089299
segdup,2,8,16,5,181,28,41,144.942375
insider,2,8,16,5,181.0,28.0,41.0,0.160726
insider_relax,2,8,16,5,181.0,28.0,41.0,0.188462
fastmultrec_greedy,2,8,16,5,181.0,28.0,41.0,0.340771
lcamap,2,8,16,5,181.0,28.0,41.0,0.066211
segdup,2,8,16,10,321,28,41,142.932615
insider,2,8,16,10,317.0,27.0,47.0,0.208724
insider_relax,2,8,16,10,317.0,27.0,47.0,0.259072
fastmultrec_greedy,2,8,16,10,321.0,28.0,41.0,0.344111
lcamap,2,8,16,10,321.0,28.0,41.0,0.066711
segdup,2,8,16,15,461,28,41,131.628727
insider,2,8,16,15,452.0,27.0,47.0,0.305108
insider_relax,2,8,16,15,452.0,27.0,47.0,0.317335
fastmultrec_greedy,2,8,16,15,461.0,28.0,41.0,0.345280
lcamap,2,8,16,15,461.0,28.0,41.0,0.068766
segdup,2,8,16,20,601,28,41,116.472765
insider,2,8,16,20,587.0,27.0,47.0,0.495478
insider_relax,2,8,16,20,587.0,27.0,47.0,0.626194
fastmultrec_greedy,2,8,16,20,601.0,28.0,41.0,0.340262
lcamap,2,8,16,20,601.0,28.0,41.0,0.074006
segdup,2,9,16,5,249,40,49,221.972447
insider,2,9,16,5,249.0,40.0,49.0,0.266755
insider_relax,2,9,16,5,249.0,40.0,49.0,0.303323
fastmultrec_greedy,2,9,16,5,249.0,40.0,49.0,0.628037
lcamap,2,9,16,5,249.0,40.0,49.0,0.111141
segdup,2,9,16,10,445,39,55,208.657251
insider,2,9,16,10,444.0,38.0,64.0,0.339757
insider_relax,2,9,16,10,444.0,38.0,64.0,0.437645
fastmultrec_greedy,2,9,16,10,449.0,40.0,49.0,0.622956
lcamap,2,9,16,10,449.0,40.0,49.0,0.111718
segdup,2,9,16,15,649,40,49,195.441355
insider,2,9,16,15,634.0,38.0,64.0,0.490099
insider_relax,2,9,16,15,634.0,38.0,64.0,0.556030
fastmultrec_greedy,2,9,16,15,649.0,40.0,49.0,0.632022
lcamap,2,9,16,15,649.0,40.0,49.0,0.111559
segdup,2,9,16,20,849,40,49,203.134901
insider,2,9,16,20,824.0,38.0,64.0,1.421217
insider_relax,2,9,16,20,824.0,38.0,64.0,1.911906
fastmultrec_greedy,2,9,16,20,849.0,40.0,49.0,0.632279
lcamap,2,9,16,20,849.0,40.0,49.0,0.110941
segdup,2,11,16,5,11,2,1,304.970972
insider,2,11,16,5,11.0,2.0,1.0,0.184405
insider_relax,2,11,16,5,11.0,2.0,1.0,0.190610
fastmultrec_greedy,2,11,16,5,11.0,2.0,1.0,0.615400
lcamap,2,11,16,5,11.0,2.0,1.0,0.120004
segdup,2,11,16,10,21,2,1,289.960127
insider,2,11,16,10,21.0,2.0,1.0,0.190571
insider_relax,2,11,16,10,21.0,2.0,1.0,0.194550
fastmultrec_greedy,2,11,16,10,21.0,2.0,1.0,0.610826
lcamap,2,11,16,10,21.0,2.0,1.0,0.119387
segdup,2,11,16,15,31,2,1,149.026935
insider,2,11,16,15,31.0,2.0,1.0,0.187839
insider_relax,2,11,16,15,31.0,2.0,1.0,0.184191
fastmultrec_greedy,2,11,16,15,31.0,2.0,1.0,0.614688
lcamap,2,11,16,15,31.0,2.0,1.0,0.118747
segdup,2,11,16,20,41,2,1,202.642612
insider,2,11,16,20,41.0,2.0,1.0,0.188954
insider_relax,2,11,16,20,41.0,2.0,1.0,0.185619
fastmultrec_greedy,2,11,16,20,41.0,2.0,1.0,0.613989
lcamap,2,11,16,20,41.0,2.0,1.0,0.115524
segdup,1,7,17,5,3229,221,2124,316.817334
insider,1,7,17,5,3198.0,205.0,2173.0,0.401972
insider_relax,1,7,17,5,3198.0,205.0,2173.0,0.442039
fastmultrec_greedy,1,7,17,5,3201.0,209.0,2156.0,7.101715
lcamap,1,7,17,5,3229.0,221.0,2124.0,0.123896
segdup,1,7,17,10,4331,220,2131,315.512931
insider,1,7,17,10,4174.0,187.0,2304.0,0.621034
insider_relax,1,7,17,10,4174.0,187.0,2304.0,0.685797
fastmultrec_greedy,1,7,17,10,4221.0,201.0,2211.0,11.612305
lcamap,1,7,17,10,4334.0,221.0,2124.0,0.117342
segdup,1,7,17,15,5432,220,2132,314.847536
insider,1,7,17,15,5093.0,178.0,2423.0,1.166313
insider_relax,1,7,17,15,5093.0,178.0,2423.0,1.461292
fastmultrec_greedy,1,7,17,15,5226.0,201.0,2211.0,11.657275
lcamap,1,7,17,15,5439.0,221.0,2124.0,0.118612
segdup,1,7,17,20,6544,221,2124,323.483695
insider,1,7,17,20,5974.0,173.0,2514.0,2.837927
insider_relax,1,7,17,20,5974.0,172.0,2534.0,3.936684
fastmultrec_greedy,1,7,17,20,6219.0,198.0,2259.0,13.310399
lcamap,1,7,17,20,6544.0,221.0,2124.0,0.119326
segdup,1,8,17,5,170,26,40,152.972175
insider,1,8,17,5,170.0,26.0,40.0,0.115431
insider_relax,1,8,17,5,170.0,26.0,40.0,0.129213
fastmultrec_greedy,1,8,17,5,170.0,26.0,40.0,0.623562
lcamap,1,8,17,5,172.0,27.0,37.0,0.066111
segdup,1,8,17,10,307,27,37,156.715199
insider,1,8,17,10,300.0,26.0,40.0,0.140300
insider_relax,1,8,17,10,300.0,26.0,40.0,0.167530
fastmultrec_greedy,1,8,17,10,300.0,26.0,40.0,0.613700
lcamap,1,8,17,10,307.0,27.0,37.0,0.064852
segdup,1,8,17,15,430,26,40,130.991141
insider,1,8,17,15,430.0,26.0,40.0,0.190974
insider_relax,1,8,17,15,430.0,26.0,40.0,0.204173
fastmultrec_greedy,1,8,17,15,430.0,26.0,40.0,0.620101
lcamap,1,8,17,15,442.0,27.0,37.0,0.063134
segdup,1,8,17,20,573,26,53,145.731943
insider,1,8,17,20,560.0,26.0,40.0,0.384900
insider_relax,1,8,17,20,560.0,26.0,40.0,0.397600
fastmultrec_greedy,1,8,17,20,560.0,26.0,40.0,0.608836
lcamap,1,8,17,20,577.0,27.0,37.0,0.067412
segdup,1,9,17,5,20,3,5,147.402568
insider,1,9,17,5,20.0,3.0,5.0,0.092254
insider_relax,1,9,17,5,20.0,3.0,5.0,0.098309
fastmultrec_greedy,1,9,17,5,20.0,3.0,5.0,0.330477
lcamap,1,9,17,5,20.0,3.0,5.0,0.057753
segdup,1,9,17,10,35,3,5,139.521557
insider,1,9,17,10,35.0,3.0,5.0,0.094051
insider_relax,1,9,17,10,35.0,3.0,5.0,0.096017
fastmultrec_greedy,1,9,17,10,35.0,3.0,5.0,0.314275
lcamap,1,9,17,10,35.0,3.0,5.0,0.060765
segdup,1,9,17,15,50,3,5,117.127440
insider,1,9,17,15,50.0,3.0,5.0,0.095962
insider_relax,1,9,17,15,50.0,3.0,5.0,0.093232
fastmultrec_greedy,1,9,17,15,50.0,3.0,5.0,0.317627
lcamap,1,9,17,15,50.0,3.0,5.0,0.058896
segdup,1,9,17,20,65,3,5,111.958824
insider,1,9,17,20,65.0,3.0,5.0,0.095657
insider_relax,1,9,17,20,65.0,3.0,5.0,0.095462
fastmultrec_greedy,1,9,17,20,65.0,3.0,5.0,0.316482
lcamap,1,9,17,20,65.0,3.0,5.0,0.059675
segdup,1,10,17,5,11,2,1,79.998717
insider,1,10,17,5,11.0,2.0,1.0,0.063641
insider_relax,1,10,17,5,11.0,2.0,1.0,0.065755
fastmultrec_greedy,1,10,17,5,11.0,2.0,1.0,0.230424
lcamap,1,10,17,5,11.0,2.0,1.0,0.036578
segdup,1,10,17,10,21,2,1,73.998923
insider,1,10,17,10,21.0,2.0,1.0,0.061200
insider_relax,1,10,17,10,21.0,2.0,1.0,0.065512
fastmultrec_greedy,1,10,17,10,21.0,2.0,1.0,0.232107
lcamap,1,10,17,10,21.0,2.0,1.0,0.036889
segdup,1,10,17,15,31,2,1,73.410280
insider,1,10,17,15,31.0,2.0,1.0,0.060274
insider_relax,1,10,17,15,31.0,2.0,1.0,0.060773
fastmultrec_greedy,1,10,17,15,31.0,2.0,1.0,0.228881
lcamap,1,10,17,15,31.0,2.0,1.0,0.035827
segdup,1,10,17,20,41,2,1,50.852982
insider,1,10,17,20,41.0,2.0,1.0,0.059008
insider_relax,1,10,17,20,41.0,2.0,1.0,0.063129
fastmultrec_greedy,1,10,17,20,41.0,2.0,1.0,0.226248
lcamap,1,10,17,20,41.0,2.0,1.0,0.035580
segdup,1,11,17,5,5,1,0,117.742188
insider,1,11,17,5,5.0,1.0,0.0,0.070254
insider_relax,1,11,17,5,5.0,1.0,0.0,0.073323
fastmultrec_greedy,1,11,17,5,5.0,1.0,0.0,0.235070
lcamap,1,11,17,5,5.0,1.0,0.0,0.042537
segdup,1,11,17,10,10,1,0,113.707098
insider,1,11,17,10,10.0,1.0,0.0,0.070661
insider_relax,1,11,17,10,10.0,1.0,0.0,0.074152
fastmultrec_greedy,1,11,17,10,10.0,1.0,0.0,0.224535
lcamap,1,11,17,10,10.0,1.0,0.0,0.043777
segdup,1,11,17,15,15,1,0,63.885318
insider,1,11,17,15,15.0,1.0,0.0,0.073257
insider_relax,1,11,17,15,15.0,1.0,0.0,0.070226
fastmultrec_greedy,1,11,17,15,15.0,1.0,0.0,0.226509
lcamap,1,11,17,15,15.0,1.0,0.0,0.042432
segdup,1,11,17,20,20,1,0,90.606333
insider,1,11,17,20,20.0,1.0,0.0,0.070580
insider_relax,1,11,17,20,20.0,1.0,0.0,0.071680
fastmultrec_greedy,1,11,17,20,20.0,1.0,0.0,0.227712
lcamap,1,11,17,20,20.0,1.0,0.0,0.039800
segdup,2,7,17,5,1722,120,1122,205.863017
insider,2,7,17,5,1692.0,108.0,1152.0,0.245179
insider_relax,2,7,17,5,1692.0,108.0,1152.0,0.257749
fastmultrec_greedy,2,7,17,5,1692.0,108.0,1152.0,3.503783
lcamap,2,7,17,5,1722.0,120.0,1122.0,0.075944
segdup,2,7,17,10,2322,120,1122,198.015574
insider,2,7,17,10,2205.0,96.0,1245.0,0.381564
insider_relax,2,7,17,10,2205.0,96.0,1245.0,0.435445
fastmultrec_greedy,2,7,17,10,2219.0,104.0,1179.0,4.685726
lcamap,2,7,17,10,2322.0,120.0,1122.0,0.071866
segdup,2,7,17,15,2920,118,1150,202.697295
insider,2,7,17,15,2673.0,91.0,1308.0,0.635436
insider_relax,2,7,17,15,2673.0,91.0,1308.0,0.707284
fastmultrec_greedy,2,7,17,15,2738.0,103.0,1193.0,5.002025
lcamap,2,7,17,15,2922.0,120.0,1122.0,0.073429
segdup,2,7,17,20,3517,118,1157,196.511647
insider,2,7,17,20,3120.0,86.0,1400.0,1.194243
insider_relax,2,7,17,20,3120.0,87.0,1380.0,1.505910
fastmultrec_greedy,2,7,17,20,3250.0,102.0,1210.0,5.277122
lcamap,2,7,17,20,3522.0,120.0,1122.0,0.070814
segdup,2,8,17,5,583,83,168,191.498113
insider,2,8,17,5,579.0,82.0,169.0,0.329487
insider_relax,2,8,17,5,579.0,82.0,169.0,0.395239
fastmultrec_greedy,2,8,17,5,579.0,82.0,169.0,1.721348
lcamap,2,8,17,5,585.0,84.0,165.0,0.106568
segdup,2,8,17,10,1005,84,165,195.611901
insider,2,8,17,10,971.0,76.0,211.0,0.613416
insider_relax,2,8,17,10,971.0,76.0,211.0,0.841634
fastmultrec_greedy,2,8,17,10,989.0,82.0,169.0,1.714875
lcamap,2,8,17,10,1005.0,84.0,165.0,0.104270
segdup,2,8,17,15,1411,83,166,186.595612
insider,2,8,17,15,1342.0,73.0,247.0,1.840851
insider_relax,2,8,17,15,1342.0,73.0,247.0,2.364034
fastmultrec_greedy,2,8,17,15,1399.0,82.0,169.0,1.738234
lcamap,2,8,17,15,1425.0,84.0,165.0,0.107782
segdup,2,8,17,20,1828,83,168,187.073411
insider,2,8,17,20,1692.0,68.0,332.0,8.678558
insider_relax,2,8,17,20,1692.0,68.0,332.0,15.538669
fastmultrec_greedy,2,8,17,20,1809.0,82.0,169.0,1.745772
lcamap,2,8,17,20,1845.0,84.0,165.0,0.103479
segdup,2,10,17,5,37,7,2,181.877437
insider,2,10,17,5,37.0,7.0,2.0,0.140475
insider_relax,2,10,17,5,37.0,7.0,2.0,0.141762
fastmultrec_greedy,2,10,17,5,37.0,7.0,2.0,0.427809
lcamap,2,10,17,5,37.0,7.0,2.0,0.082621
segdup,2,10,17,10,72,7,2,178.981643
insider,2,10,17,10,72.0,7.0,2.0,0.146758
insider_relax,2,10,17,10,72.0,7.0,2.0,0.151670
fastmultrec_greedy,2,10,17,10,72.0,7.0,2.0,0.430246
lcamap,2,10,17,10,72.0,7.0,2.0,0.082238
segdup,2,10,17,15,107,7,2,115.862392
insider,2,10,17,15,107.0,7.0,2.0,0.155034
insider_relax,2,10,17,15,107.0,7.0,2.0,0.155636
fastmultrec_greedy,2,10,17,15,107.0,7.0,2.0,0.432188
lcamap,2,10,17,15,107.0,7.0,2.0,0.079773
segdup,2,10,17,20,142,7,2,83.197286
insider,2,10,17,20,142.0,7.0,2.0,0.170490
insider_relax,2,10,17,20,142.0,7.0,2.0,0.164814
fastmultrec_greedy,2,10,17,20,142.0,7.0,2.0,0.420923
lcamap,2,10,17,20,142.0,7.0,2.0,0.084186
segdup,2,11,17,5,10,2,0,141.652234
insider,2,11,17,5,10.0,2.0,0.0,0.083063
insider_relax,2,11,17,5,10.0,2.0,0.0,0.079344
fastmultrec_greedy,2,11,17,5,10.0,2.0,0.0,0.236193
lcamap,2,11,17,5,10.0,2.0,0.0,0.043339
segdup,2,11,17,10,20,2,0,130.372976
insider,2,11,17,10,20.0,2.0,0.0,0.081083
insider_relax,2,11,17,10,20.0,2.0,0.0,0.081800
fastmultrec_greedy,2,11,17,10,20.0,2.0,0.0,0.227851
lcamap,2,11,17,10,20.0,2.0,0.0,0.044876
segdup,2,11,17,15,30,2,0,105.263397
insider,2,11,17,15,30.0,2.0,0.0,0.081097
insider_relax,2,11,17,15,30.0,2.0,0.0,0.079297
fastmultrec_greedy,2,11,17,15,30.0,2.0,0.0,0.231039
lcamap,2,11,17,15,30.0,2.0,0.0,0.042694
segdup,2,11,17,20,40,2,0,69.005992
insider,2,11,17,20,40.0,2.0,0.0,0.081014
insider_relax,2,11,17,20,40.0,2.0,0.0,0.078682
fastmultrec_greedy,2,11,17,20,40.0,2.0,0.0,0.229584
lcamap,2,11,17,20,40.0,2.0,0.0,0.043816
segdup,1,7,18,5,1395,130,745,145.480763
insider,1,7,18,5,1364.0,118.0,774.0,0.185358
insider_relax,1,7,18,5,1364.0,118.0,774.0,0.219273
fastmultrec_greedy,1,7,18,5,1364.0,118.0,774.0,3.771278
lcamap,1,7,18,5,1395.0,130.0,745.0,0.065486
segdup,1,7,18,10,2045,130,745,140.359349
insider,1,7,18,10,1945.0,113.0,815.0,0.346713
insider_relax,1,7,18,10,1945.0,113.0,815.0,0.444179
fastmultrec_greedy,1,7,18,10,1954.0,118.0,774.0,3.777770
lcamap,1,7,18,10,2045.0,130.0,745.0,0.061305
segdup,1,7,18,15,2695,130,745,140.212091
insider,1,7,18,15,2497.0,108.0,877.0,0.936510
insider_relax,1,7,18,15,2497.0,108.0,877.0,1.211851
fastmultrec_greedy,1,7,18,15,2541.0,117.0,786.0,4.066463
lcamap,1,7,18,15,2695.0,130.0,745.0,0.067069
segdup,1,7,18,20,3300,123,840,136.031959
insider,1,7,18,20,3033.0,106.0,913.0,2.639468
insider_relax,1,7,18,20,3033.0,106.0,913.0,4.069985
fastmultrec_greedy,1,7,18,20,3121.0,116.0,801.0,4.353843
lcamap,1,7,18,20,3345.0,130.0,745.0,0.065172
segdup,1,8,18,5,221,31,66,62.127867
insider,1,8,18,5,221.0,31.0,66.0,0.078680
insider_relax,1,8,18,5,221.0,31.0,66.0,0.094905
fastmultrec_greedy,1,8,18,5,221.0,31.0,66.0,0.170654
lcamap,1,8,18,5,221.0,31.0,66.0,0.030748
segdup,1,8,18,10,376,31,66,61.935097
insider,1,8,18,10,374.0,29.0,84.0,0.098880
insider_relax,1,8,18,10,374.0,29.0,84.0,0.148373
fastmultrec_greedy,1,8,18,10,376.0,31.0,66.0,0.173426
lcamap,1,8,18,10,376.0,31.0,66.0,0.029701
segdup,1,8,18,15,531,31,66,57.397389
insider,1,8,18,15,519.0,28.0,99.0,0.179778
insider_relax,1,8,18,15,519.0,28.0,99.0,0.206256
fastmultrec_greedy,1,8,18,15,531.0,31.0,66.0,0.172092
lcamap,1,8,18,15,531.0,31.0,66.0,0.029290
segdup,1,8,18,20,686,31,66,58.652968
insider,1,8,18,20,659.0,28.0,99.0,0.597356
insider_relax,1,8,18,20,659.0,28.0,99.0,0.781785
fastmultrec_greedy,1,8,18,20,686.0,31.0,66.0,0.169850
lcamap,1,8,18,20,686.0,31.0,66.0,0.029338
segdup,1,9,18,5,6,1,1,98.308932
insider,1,9,18,5,6.0,1.0,1.0,0.061376
insider_relax,1,9,18,5,6.0,1.0,1.0,0.064279
fastmultrec_greedy,1,9,18,5,6.0,1.0,1.0,0.181813
lcamap,1,9,18,5,6.0,1.0,1.0,0.037116
segdup,1,9,18,10,11,1,1,93.337403
insider,1,9,18,10,11.0,1.0,1.0,0.061154
insider_relax,1,9,18,10,11.0,1.0,1.0,0.063976
fastmultrec_greedy,1,9,18,10,11.0,1.0,1.0,0.178964
lcamap,1,9,18,10,11.0,1.0,1.0,0.037564
segdup,1,9,18,15,16,1,1,87.221136
insider,1,9,18,15,16.0,1.0,1.0,0.066060
insider_relax,1,9,18,15,16.0,1.0,1.0,0.061326
fastmultrec_greedy,1,9,18,15,16.0,1.0,1.0,0.178576
lcamap,1,9,18,15,16.0,1.0,1.0,0.036822
segdup,1,9,18,20,21,1,1,52.610722
insider,1,9,18,20,21.0,1.0,1.0,0.064384
insider_relax,1,9,18,20,21.0,1.0,1.0,0.063114
fastmultrec_greedy,1,9,18,20,21.0,1.0,1.0,0.182524
lcamap,1,9,18,20,21.0,1.0,1.0,0.037041
segdup,1,10,18,5,16,3,1,113.299221
insider,1,10,18,5,16.0,3.0,1.0,0.088285
insider_relax,1,10,18,5,16.0,3.0,1.0,0.091118
fastmultrec_greedy,1,10,18,5,16.0,3.0,1.0,0.341989
lcamap,1,10,18,5,16.0,3.0,1.0,0.050297
segdup,1,10,18,10,31,3,1,112.672053
insider,1,10,18,10,31.0,3.0,1.0,0.089831
insider_relax,1,10,18,10,31.0,3.0,1.0,0.091294
fastmultrec_greedy,1,10,18,10,31.0,3.0,1.0,0.342284
lcamap,1,10,18,10,31.0,3.0,1.0,0.053321
segdup,1,10,18,15,46,3,1,87.880460
insider,1,10,18,15,46.0,3.0,1.0,0.089931
insider_relax,1,10,18,15,46.0,3.0,1.0,0.091391
fastmultrec_greedy,1,10,18,15,46.0,3.0,1.0,0.342959
lcamap,1,10,18,15,46.0,3.0,1.0,0.052243
segdup,1,10,18,20,61,3,1,71.821308
insider,1,10,18,20,61.0,3.0,1.0,0.093480
insider_relax,1,10,18,20,61.0,3.0,1.0,0.089432
fastmultrec_greedy,1,10,18,20,61.0,3.0,1.0,0.336440
lcamap,1,10,18,20,61.0,3.0,1.0,0.052258
segdup,1,11,18,5,5,1,0,84.839066
insider,1,11,18,5,5.0,1.0,0.0,0.060794
insider_relax,1,11,18,5,5.0,1.0,0.0,0.060046
fastmultrec_greedy,1,11,18,5,5.0,1.0,0.0,0.204281
lcamap,1,11,18,5,5.0,1.0,0.0,0.037408
segdup,1,11,18,10,10,1,0,82.574823
insider,1,11,18,10,10.0,1.0,0.0,0.058627
insider_relax,1,11,18,10,10.0,1.0,0.0,0.061535
fastmultrec_greedy,1,11,18,10,10.0,1.0,0.0,0.198767
lcamap,1,11,18,10,10.0,1.0,0.0,0.038846
segdup,1,11,18,15,15,1,0,77.957449
insider,1,11,18,15,15.0,1.0,0.0,0.061721
insider_relax,1,11,18,15,15.0,1.0,0.0,0.064453
fastmultrec_greedy,1,11,18,15,15.0,1.0,0.0,0.200088
lcamap,1,11,18,15,15.0,1.0,0.0,0.035986
segdup,1,11,18,20,20,1,0,51.829185
insider,1,11,18,20,20.0,1.0,0.0,0.062588
insider_relax,1,11,18,20,20.0,1.0,0.0,0.067042
fastmultrec_greedy,1,11,18,20,20.0,1.0,0.0,0.200571
lcamap,1,11,18,20,20.0,1.0,0.0,0.036009
segdup,2,7,18,5,2252,131,1597,275.781783
insider,2,7,18,5,2238.0,125.0,1613.0,0.269681
insider_relax,2,7,18,5,2238.0,125.0,1613.0,0.287191
fastmultrec_greedy,2,7,18,5,2238.0,125.0,1613.0,3.034723
lcamap,2,7,18,5,2252.0,131.0,1597.0,0.088740
segdup,2,7,18,10,2907,131,1597,268.355331
insider,2,7,18,10,2838.0,116.0,1678.0,0.419393
insider_relax,2,7,18,10,2838.0,116.0,1678.0,0.452338
fastmultrec_greedy,2,7,18,10,2844.0,117.0,1674.0,7.986771
lcamap,2,7,18,10,2907.0,131.0,1597.0,0.087653
segdup,2,7,18,15,3562,131,1597,278.379824
insider,2,7,18,15,3405.0,111.0,1740.0,0.710128
insider_relax,2,7,18,15,3405.0,111.0,1740.0,0.818425
fastmultrec_greedy,2,7,18,15,3424.0,115.0,1699.0,8.862896
lcamap,2,7,18,15,3562.0,131.0,1597.0,0.085490
segdup,2,7,18,20,4217,131,1597,265.449633
insider,2,7,18,20,3954.0,107.0,1814.0,1.757964
insider_relax,2,7,18,20,3954.0,107.0,1814.0,2.194375
fastmultrec_greedy,2,7,18,20,3999.0,115.0,1699.0,8.888419
lcamap,2,7,18,20,4217.0,131.0,1597.0,0.090823
segdup,2,8,18,5,395,50,145,84.997832
insider,2,8,18,5,395.0,50.0,145.0,0.130718
insider_relax,2,8,18,5,395.0,50.0,145.0,0.156832
fastmultrec_greedy,2,8,18,5,395.0,50.0,145.0,0.194979
lcamap,2,8,18,5,395.0,50.0,145.0,0.040961
segdup,2,8,18,10,645,50,145,82.821707
insider,2,8,18,10,630.0,44.0,190.0,0.261719
insider_relax,2,8,18,10,630.0,44.0,190.0,0.282699
fastmultrec_greedy,2,8,18,10,645.0,50.0,145.0,0.191723
lcamap,2,8,18,10,645.0,50.0,145.0,0.039374
segdup,2,8,18,15,889,49,154,81.238693
insider,2,8,18,15,846.0,42.0,216.0,0.489207
insider_relax,2,8,18,15,846.0,42.0,216.0,0.622895
fastmultrec_greedy,2,8,18,15,895.0,50.0,145.0,0.184835
lcamap,2,8,18,15,895.0,50.0,145.0,0.042496
segdup,2,8,18,20,1145,50,145,79.999475
insider,2,8,18,20,1050.0,39.0,270.0,1.094898
insider_relax,2,8,18,20,1050.0,39.0,270.0,1.313270
fastmultrec_greedy,2,8,18,20,1145.0,50.0,145.0,0.189354
lcamap,2,8,18,20,1145.0,50.0,145.0,0.038594
segdup,2,9,18,5,154,26,24,183.942866
insider,2,9,18,5,154.0,26.0,24.0,0.199393
insider_relax,2,9,18,5,154.0,26.0,24.0,0.220869
fastmultrec_greedy,2,9,18,5,154.0,26.0,24.0,0.523763
lcamap,2,9,18,5,154.0,26.0,24.0,0.095903
segdup,2,9,18,10,284,26,24,182.880562
insider,2,9,18,10,284.0,26.0,24.0,0.268250
insider_relax,2,9,18,10,284.0,26.0,24.0,0.361784
fastmultrec_greedy,2,9,18,10,284.0,26.0,24.0,0.523255
lcamap,2,9,18,10,284.0,26.0,24.0,0.093138
segdup,2,9,18,15,414,26,24,126.448839
insider,2,9,18,15,414.0,26.0,24.0,0.484501
insider_relax,2,9,18,15,414.0,26.0,24.0,0.507204
fastmultrec_greedy,2,9,18,15,414.0,26.0,24.0,0.520881
lcamap,2,9,18,15,414.0,26.0,24.0,0.095483
segdup,2,9,18,20,544,26,24,127.319022
insider,2,9,18,20,544.0,26.0,24.0,1.729799
insider_relax,2,9,18,20,544.0,26.0,24.0,3.349031
fastmultrec_greedy,2,9,18,20,544.0,26.0,24.0,0.512976
lcamap,2,9,18,20,544.0,26.0,24.0,0.089477
segdup,2,10,18,5,43,7,8,218.313380
insider,2,10,18,5,43.0,7.0,8.0,0.143017
insider_relax,2,10,18,5,43.0,7.0,8.0,0.151307
fastmultrec_greedy,2,10,18,5,43.0,7.0,8.0,0.410445
lcamap,2,10,18,5,43.0,7.0,8.0,0.082282
segdup,2,10,18,10,78,7,8,190.025322
insider,2,10,18,10,78.0,7.0,8.0,0.152986
insider_relax,2,10,18,10,78.0,7.0,8.0,0.156636
fastmultrec_greedy,2,10,18,10,78.0,7.0,8.0,0.410662
lcamap,2,10,18,10,78.0,7.0,8.0,0.081006
segdup,2,10,18,15,113,7,8,93.218663
insider,2,10,18,15,113.0,7.0,8.0,0.159729
insider_relax,2,10,18,15,113.0,7.0,8.0,0.159092
fastmultrec_greedy,2,10,18,15,113.0,7.0,8.0,0.401387
lcamap,2,10,18,15,113.0,7.0,8.0,0.082876
segdup,2,10,18,20,148,7,8,94.829815
insider,2,10,18,20,148.0,7.0,8.0,0.173217
insider_relax,2,10,18,20,148.0,7.0,8.0,0.165697
fastmultrec_greedy,2,10,18,20,148.0,7.0,8.0,0.406648
lcamap,2,10,18,20,148.0,7.0,8.0,0.080305
segdup,2,11,18,5,10,2,0,137.835469
insider,2,11,18,5,10.0,2.0,0.0,0.112138
insider_relax,2,11,18,5,10.0,2.0,0.0,0.111370
fastmultrec_greedy,2,11,18,5,10.0,2.0,0.0,0.383415
lcamap,2,11,18,5,10.0,2.0,0.0,0.071171
segdup,2,11,18,10,20,2,0,117.364684
insider,2,11,18,10,20.0,2.0,0.0,0.109716
insider_relax,2,11,18,10,20.0,2.0,0.0,0.111936
fastmultrec_greedy,2,11,18,10,20.0,2.0,0.0,0.390569
lcamap,2,11,18,10,20.0,2.0,0.0,0.069454
segdup,2,11,18,15,30,2,0,65.224331
insider,2,11,18,15,30.0,2.0,0.0,0.115003
insider_relax,2,11,18,15,30.0,2.0,0.0,0.106748
fastmultrec_greedy,2,11,18,15,30.0,2.0,0.0,0.385123
lcamap,2,11,18,15,30.0,2.0,0.0,0.068763
segdup,2,11,18,20,40,2,0,66.947846
insider,2,11,18,20,40.0,2.0,0.0,0.111400
insider_relax,2,11,18,20,40.0,2.0,0.0,0.110069
fastmultrec_greedy,2,11,18,20,40.0,2.0,0.0,0.385452
lcamap,2,11,18,20,40.0,2.0,0.0,0.066501
segdup,1,7,19,5,1156,124,536,124.572192
insider,1,7,19,5,1144.0,120.0,544.0,0.188086
insider_relax,1,7,19,5,1144.0,120.0,544.0,0.226782
fastmultrec_greedy,1,7,19,5,1144.0,120.0,544.0,1.160256
lcamap,1,7,19,5,1156.0,124.0,536.0,0.055940
segdup,1,7,19,10,1774,123,544,123.468442
insider,1,7,19,10,1711.0,107.0,641.0,0.451564
insider_relax,1,7,19,10,1711.0,107.0,641.0,0.570311
fastmultrec_greedy,1,7,19,10,1738.0,117.0,568.0,1.860266
lcamap,1,7,19,10,1776.0,124.0,536.0,0.053516
segdup,1,7,19,15,2396,124,536,119.620655
insider,1,7,19,15,2227.0,99.0,742.0,1.158052
insider_relax,1,7,19,15,2227.0,99.0,742.0,1.585138
fastmultrec_greedy,1,7,19,15,2322.0,116.0,582.0,2.089086
lcamap,1,7,19,15,2396.0,124.0,536.0,0.055985
segdup,1,7,19,20,3000,122,560,119.330980
insider,1,7,19,20,2722.0,99.0,742.0,2.598940
insider_relax,1,7,19,20,2722.0,99.0,742.0,5.176996
fastmultrec_greedy,1,7,19,20,2902.0,116.0,582.0,2.092146
lcamap,1,7,19,20,3016.0,124.0,536.0,0.054937
segdup,1,8,19,5,456,62,146,70.909986
insider,1,8,19,5,454.0,61.0,149.0,0.115669
insider_relax,1,8,19,5,454.0,61.0,149.0,0.154430
fastmultrec_greedy,1,8,19,5,454.0,61.0,149.0,0.338702
lcamap,1,8,19,5,456.0,62.0,146.0,0.036988
segdup,1,8,19,10,766,62,146,70.253875
insider,1,8,19,10,755.0,60.0,155.0,0.253796
insider_relax,1,8,19,10,755.0,60.0,155.0,0.388106
fastmultrec_greedy,1,8,19,10,759.0,61.0,149.0,0.330950
lcamap,1,8,19,10,766.0,62.0,146.0,0.038337
segdup,1,8,19,15,1076,62,146,67.816095
insider,1,8,19,15,1043.0,57.0,188.0,0.562812
insider_relax,1,8,19,15,1043.0,57.0,188.0,0.799539
fastmultrec_greedy,1,8,19,15,1064.0,61.0,149.0,0.331573
lcamap,1,8,19,15,1076.0,62.0,146.0,0.037239
segdup,1,8,19,20,1386,62,146,64.215593
insider,1,8,19,20,1320.0,52.0,280.0,2.752696
insider_relax,1,8,19,20,1320.0,52.0,280.0,5.485452
fastmultrec_greedy,1,8,19,20,1369.0,61.0,149.0,0.340709
lcamap,1,8,19,20,1386.0,62.0,146.0,0.038566
segdup,1,9,19,5,50,8,10,70.892841
insider,1,9,19,5,50.0,8.0,10.0,0.054243
insider_relax,1,9,19,5,50.0,8.0,10.0,0.060579
fastmultrec_greedy,1,9,19,5,50.0,8.0,10.0,0.134677
lcamap,1,9,19,5,50.0,8.0,10.0,0.026231
segdup,1,9,19,10,90,8,10,68.917608
insider,1,9,19,10,90.0,8.0,10.0,0.059527
insider_relax,1,9,19,10,90.0,8.0,10.0,0.067738
fastmultrec_greedy,1,9,19,10,90.0,8.0,10.0,0.132428
lcamap,1,9,19,10,90.0,8.0,10.0,0.026705
segdup,1,9,19,15,130,8,10,47.771558
insider,1,9,19,15,130.0,8.0,10.0,0.062540
insider_relax,1,9,19,15,130.0,8.0,10.0,0.069710
fastmultrec_greedy,1,9,19,15,130.0,8.0,10.0,0.138177
lcamap,1,9,19,15,130.0,8.0,10.0,0.026012
segdup,1,9,19,20,170,8,10,43.812860
insider,1,9,19,20,170.0,8.0,10.0,0.076904
insider_relax,1,9,19,20,170.0,8.0,10.0,0.079709
fastmultrec_greedy,1,9,19,20,170.0,8.0,10.0,0.136927
lcamap,1,9,19,20,170.0,8.0,10.0,0.026028
segdup,1,10,19,5,6,1,1,110.008006
insider,1,10,19,5,6.0,1.0,1.0,0.087448
insider_relax,1,10,19,5,6.0,1.0,1.0,0.086813
fastmultrec_greedy,1,10,19,5,6.0,1.0,1.0,0.333473
lcamap,1,10,19,5,6.0,1.0,1.0,0.050051
segdup,1,10,19,10,11,1,1,110.540352
insider,1,10,19,10,11.0,1.0,1.0,0.086192
insider_relax,1,10,19,10,11.0,1.0,1.0,0.081393
fastmultrec_greedy,1,10,19,10,11.0,1.0,1.0,0.334467
lcamap,1,10,19,10,11.0,1.0,1.0,0.048345
segdup,1,10,19,15,16,1,1,70.082569
insider,1,10,19,15,16.0,1.0,1.0,0.084209
insider_relax,1,10,19,15,16.0,1.0,1.0,0.085234
fastmultrec_greedy,1,10,19,15,16.0,1.0,1.0,0.333919
lcamap,1,10,19,15,16.0,1.0,1.0,0.050587
segdup,1,10,19,20,21,1,1,69.857508
insider,1,10,19,20,21.0,1.0,1.0,0.088811
insider_relax,1,10,19,20,21.0,1.0,1.0,0.087390
fastmultrec_greedy,1,10,19,20,21.0,1.0,1.0,0.335489
lcamap,1,10,19,20,21.0,1.0,1.0,0.053548
segdup,1,11,19,5,5,1,0,53.563052
insider,1,11,19,5,5.0,1.0,0.0,0.034236
insider_relax,1,11,19,5,5.0,1.0,0.0,0.037761
fastmultrec_greedy,1,11,19,5,5.0,1.0,0.0,0.100475
lcamap,1,11,19,5,5.0,1.0,0.0,0.018796
segdup,1,11,19,10,10,1,0,52.497705
insider,1,11,19,10,10.0,1.0,0.0,0.035776
insider_relax,1,11,19,10,10.0,1.0,0.0,0.036268
fastmultrec_greedy,1,11,19,10,10.0,1.0,0.0,0.105186
lcamap,1,11,19,10,10.0,1.0,0.0,0.019031
segdup,1,11,19,15,15,1,0,50.177876
insider,1,11,19,15,15.0,1.0,0.0,0.035089
insider_relax,1,11,19,15,15.0,1.0,0.0,0.036275
fastmultrec_greedy,1,11,19,15,15.0,1.0,0.0,0.100582
lcamap,1,11,19,15,15.0,1.0,0.0,0.019224
segdup,1,11,19,20,20,1,0,30.380193
insider,1,11,19,20,20.0,1.0,0.0,0.036653
insider_relax,1,11,19,20,20.0,1.0,0.0,0.036732
fastmultrec_greedy,1,11,19,20,20.0,1.0,0.0,0.099404
lcamap,1,11,19,20,20.0,1.0,0.0,0.019644
segdup,2,7,19,5,315,43,100,95.768033
insider,2,7,19,5,315.0,43.0,100.0,0.165291
insider_relax,2,7,19,5,315.0,43.0,100.0,0.198420
fastmultrec_greedy,2,7,19,5,315.0,43.0,100.0,0.300637
lcamap,2,7,19,5,315.0,43.0,100.0,0.048837
segdup,2,7,19,10,530,43,100,95.907388
insider,2,7,19,10,524.0,40.0,124.0,0.325266
insider_relax,2,7,19,10,524.0,40.0,124.0,0.450995
fastmultrec_greedy,2,7,19,10,530.0,43.0,100.0,0.307344
lcamap,2,7,19,10,530.0,43.0,100.0,0.049297
segdup,2,7,19,15,745,43,100,88.080016
insider,2,7,19,15,712.0,35.0,187.0,0.720160
insider_relax,2,7,19,15,712.0,35.0,187.0,0.937425
fastmultrec_greedy,2,7,19,15,745.0,43.0,100.0,0.302609
lcamap,2,7,19,15,745.0,43.0,100.0,0.047284
segdup,2,7,19,20,960,43,100,88.424706
insider,2,7,19,20,884.0,34.0,204.0,2.070231
insider_relax,2,7,19,20,884.0,34.0,204.0,3.199885
fastmultrec_greedy,2,7,19,20,960.0,43.0,100.0,0.308671
lcamap,2,7,19,20,960.0,43.0,100.0,0.048773
segdup,2,8,19,5,374,49,129,73.598889
insider,2,8,19,5,372.0,48.0,132.0,0.153187
insider_relax,2,8,19,5,372.0,48.0,132.0,0.185380
fastmultrec_greedy,2,8,19,5,372.0,48.0,132.0,0.335046
lcamap,2,8,19,5,374.0,49.0,129.0,0.039581
segdup,2,8,19,10,619,49,129,64.627908
insider,2,8,19,10,605.0,44.0,165.0,0.348026
insider_relax,2,8,19,10,605.0,44.0,165.0,0.534135
fastmultrec_greedy,2,8,19,10,612.0,48.0,132.0,0.327583
lcamap,2,8,19,10,619.0,49.0,129.0,0.039560
segdup,2,8,19,15,852,48,132,66.837075
insider,2,8,19,15,816.0,38.0,246.0,3.587552
insider_relax,2,8,19,15,816.0,38.0,246.0,5.168474
fastmultrec_greedy,2,8,19,15,849.0,47.0,144.0,0.490280
lcamap,2,8,19,15,864.0,49.0,129.0,0.038382
segdup,2,8,19,20,1094,48,134,66.228515
insider,2,8,19,20,1006.0,38.0,246.0,12.111082
insider_relax,2,8,19,20,1006.0,38.0,246.0,16.665565
fastmultrec_greedy,2,8,19,20,1084.0,47.0,144.0,0.481687
lcamap,2,8,19,20,1109.0,49.0,129.0,0.040818
segdup,2,9,19,5,88,15,13,139.862786
insider,2,9,19,5,88.0,15.0,13.0,0.122826
insider_relax,2,9,19,5,88.0,15.0,13.0,0.132675
fastmultrec_greedy,2,9,19,5,88.0,15.0,13.0,0.295868
lcamap,2,9,19,5,88.0,15.0,13.0,0.056389
segdup,2,9,19,10,163,15,13,138.170766
insider,2,9,19,10,163.0,15.0,13.0,0.135980
insider_relax,2,9,19,10,163.0,15.0,13.0,0.151756
fastmultrec_greedy,2,9,19,10,163.0,15.0,13.0,0.310863
lcamap,2,9,19,10,163.0,15.0,13.0,0.058968
segdup,2,9,19,15,238,15,13,111.409615
insider,2,9,19,15,238.0,15.0,13.0,0.159806
insider_relax,2,9,19,15,238.0,15.0,13.0,0.182778
fastmultrec_greedy,2,9,19,15,238.0,15.0,13.0,0.300661
lcamap,2,9,19,15,238.0,15.0,13.0,0.056714
segdup,2,9,19,20,313,15,13,106.477837
insider,2,9,19,20,313.0,15.0,13.0,0.235318
insider_relax,2,9,19,20,313.0,15.0,13.0,0.261783
fastmultrec_greedy,2,9,19,20,313.0,15.0,13.0,0.302575
lcamap,2,9,19,20,313.0,15.0,13.0,0.057404
segdup,2,10,19,5,11,2,1,140.327400
insider,2,10,19,5,11.0,2.0,1.0,0.099485
insider_relax,2,10,19,5,11.0,2.0,1.0,0.104247
fastmultrec_greedy,2,10,19,5,11.0,2.0,1.0,0.353165
lcamap,2,10,19,5,11.0,2.0,1.0,0.055985
segdup,2,10,19,10,21,2,1,136.599079
insider,2,10,19,10,21.0,2.0,1.0,0.099222
insider_relax,2,10,19,10,21.0,2.0,1.0,0.103382
fastmultrec_greedy,2,10,19,10,21.0,2.0,1.0,0.350419
lcamap,2,10,19,10,21.0,2.0,1.0,0.053976
segdup,2,10,19,15,31,2,1,127.978960
insider,2,10,19,15,31.0,2.0,1.0,0.098291
insider_relax,2,10,19,15,31.0,2.0,1.0,0.096863
fastmultrec_greedy,2,10,19,15,31.0,2.0,1.0,0.344219
lcamap,2,10,19,15,31.0,2.0,1.0,0.053664
segdup,2,10,19,20,41,2,1,76.670693
insider,2,10,19,20,41.0,2.0,1.0,0.098797
insider_relax,2,10,19,20,41.0,2.0,1.0,0.097628
fastmultrec_greedy,2,10,19,20,41.0,2.0,1.0,0.357376
lcamap,2,10,19,20,41.0,2.0,1.0,0.054680
segdup,2,11,19,5,15,3,0,243.780862
insider,2,11,19,5,15.0,3.0,0.0,0.173985
insider_relax,2,11,19,5,15.0,3.0,0.0,0.169662
fastmultrec_greedy,2,11,19,5,15.0,3.0,0.0,0.612187
lcamap,2,11,19,5,15.0,3.0,0.0,0.103407
segdup,2,11,19,10,30,3,0,233.574896
insider,2,11,19,10,30.0,3.0,0.0,0.173482
insider_relax,2,11,19,10,30.0,3.0,0.0,0.172516
fastmultrec_greedy,2,11,19,10,30.0,3.0,0.0,0.605579
lcamap,2,11,19,10,30.0,3.0,0.0,0.101879
segdup,2,11,19,15,45,3,0,196.478877
insider,2,11,19,15,45.0,3.0,0.0,0.168950
insider_relax,2,11,19,15,45.0,3.0,0.0,0.170792
fastmultrec_greedy,2,11,19,15,45.0,3.0,0.0,0.610011
lcamap,2,11,19,15,45.0,3.0,0.0,0.105723
segdup,2,11,19,20,60,3,0,126.366928
insider,2,11,19,20,60.0,3.0,0.0,0.178776
insider_relax,2,11,19,20,60.0,3.0,0.0,0.172089
fastmultrec_greedy,2,11,19,20,60.0,3.0,0.0,0.608732
lcamap,2,11,19,20,60.0,3.0,0.0,0.102970
segdup,1,7,20,5,2853,200,1853,175.659272
insider,1,7,20,5,2817.0,185.0,1892.0,0.214579
insider_relax,1,7,20,5,2817.0,185.0,1892.0,0.250314
fastmultrec_greedy,1,7,20,5,2819.0,187.0,1884.0,3.422253
lcamap,1,7,20,5,2853.0,200.0,1853.0,0.060433
segdup,1,7,20,10,3853,200,1853,174.208371
insider,1,7,20,10,3697.0,171.0,1987.0,0.447400
insider_relax,1,7,20,10,3697.0,170.0,1997.0,0.590460
fastmultrec_greedy,1,7,20,10,3721.0,176.0,1961.0,6.645296
lcamap,1,7,20,10,3853.0,200.0,1853.0,0.059768
segdup,1,7,20,15,4853,200,1853,175.891969
insider,1,7,20,15,4529.0,164.0,2069.0,1.372503
insider_relax,1,7,20,15,4529.0,164.0,2069.0,2.024618
fastmultrec_greedy,1,7,20,15,4594.0,173.0,1999.0,7.404439
lcamap,1,7,20,15,4853.0,200.0,1853.0,0.061122
segdup,1,7,20,20,5853,200,1853,177.941140
insider,1,7,20,20,5318.0,153.0,2258.0,6.383763
insider_relax,1,7,20,20,5318.0,153.0,2258.0,11.833451
fastmultrec_greedy,1,7,20,20,5455.0,172.0,2015.0,7.659780
lcamap,1,7,20,20,5853.0,200.0,1853.0,0.059009
segdup,1,8,20,5,312,45,87,135.900554
insider,1,8,20,5,312.0,45.0,87.0,0.160813
insider_relax,1,8,20,5,312.0,45.0,87.0,0.195726
fastmultrec_greedy,1,8,20,5,312.0,45.0,87.0,0.397958
lcamap,1,8,20,5,312.0,45.0,87.0,0.076615
segdup,1,8,20,10,537,45,87,135.660359
insider,1,8,20,10,533.0,44.0,93.0,0.217092
insider_relax,1,8,20,10,533.0,44.0,93.0,0.324677
fastmultrec_greedy,1,8,20,10,537.0,45.0,87.0,0.399434
lcamap,1,8,20,10,537.0,45.0,87.0,0.076411
segdup,1,8,20,15,762,45,87,127.020183
insider,1,8,20,15,751.0,43.0,106.0,0.411454
insider_relax,1,8,20,15,751.0,43.0,106.0,0.737781
fastmultrec_greedy,1,8,20,15,762.0,45.0,87.0,0.402806
lcamap,1,8,20,15,762.0,45.0,87.0,0.076400
segdup,1,8,20,20,987,45,87,124.320552
insider,1,8,20,20,966.0,43.0,106.0,1.763354
insider_relax,1,8,20,20,966.0,43.0,106.0,2.830382
fastmultrec_greedy,1,8,20,20,987.0,45.0,87.0,0.400397
lcamap,1,8,20,20,987.0,45.0,87.0,0.072631
segdup,1,9,20,5,58,10,8,91.623229
insider,1,9,20,5,58.0,10.0,8.0,0.067244
insider_relax,1,9,20,5,58.0,10.0,8.0,0.076855
fastmultrec_greedy,1,9,20,5,58.0,10.0,8.0,0.174364
lcamap,1,9,20,5,58.0,10.0,8.0,0.033663
segdup,1,9,20,10,108,10,8,88.373797
insider,1,9,20,10,108.0,10.0,8.0,0.074534
insider_relax,1,9,20,10,108.0,10.0,8.0,0.081959
fastmultrec_greedy,1,9,20,10,108.0,10.0,8.0,0.180303
lcamap,1,9,20,10,108.0,10.0,8.0,0.034009
segdup,1,9,20,15,158,10,8,81.429423
insider,1,9,20,15,158.0,10.0,8.0,0.084746
insider_relax,1,9,20,15,158.0,10.0,8.0,0.084032
fastmultrec_greedy,1,9,20,15,158.0,10.0,8.0,0.177847
lcamap,1,9,20,15,158.0,10.0,8.0,0.037511
segdup,1,9,20,20,208,10,8,58.422815
insider,1,9,20,20,208.0,10.0,8.0,0.088159
insider_relax,1,9,20,20,208.0,10.0,8.0,0.095994
fastmultrec_greedy,1,9,20,20,208.0,10.0,8.0,0.176934
lcamap,1,9,20,20,208.0,10.0,8.0,0.034057
segdup,1,10,20,5,23,4,3,93.157865
insider,1,10,20,5,23.0,4.0,3.0,0.055825
insider_relax,1,10,20,5,23.0,4.0,3.0,0.061122
fastmultrec_greedy,1,10,20,5,23.0,4.0,3.0,0.175663
lcamap,1,10,20,5,23.0,4.0,3.0,0.031030
segdup,1,10,20,10,43,4,3,87.250948
insider,1,10,20,10,43.0,4.0,3.0,0.060467
insider_relax,1,10,20,10,43.0,4.0,3.0,0.063224
fastmultrec_greedy,1,10,20,10,43.0,4.0,3.0,0.170275
lcamap,1,10,20,10,43.0,4.0,3.0,0.029464
segdup,1,10,20,15,63,4,3,85.168898
insider,1,10,20,15,63.0,4.0,3.0,0.061197
insider_relax,1,10,20,15,63.0,4.0,3.0,0.065592
fastmultrec_greedy,1,10,20,15,63.0,4.0,3.0,0.175777
lcamap,1,10,20,15,63.0,4.0,3.0,0.031081
segdup,1,10,20,20,83,4,3,48.465124
insider,1,10,20,20,83.0,4.0,3.0,0.061805
insider_relax,1,10,20,20,83.0,4.0,3.0,0.065815
fastmultrec_greedy,1,10,20,20,83.0,4.0,3.0,0.178515
lcamap,1,10,20,20,83.0,4.0,3.0,0.030435
segdup,1,11,20,5,10,2,0,177.446140
insider,1,11,20,5,10.0,2.0,0.0,0.102259
insider_relax,1,11,20,5,10.0,2.0,0.0,0.103169
fastmultrec_greedy,1,11,20,5,10.0,2.0,0.0,0.331529
lcamap,1,11,20,5,10.0,2.0,0.0,0.062141
segdup,1,11,20,10,20,2,0,168.573572
insider,1,11,20,10,20.0,2.0,0.0,0.103415
insider_relax,1,11,20,10,20.0,2.0,0.0,0.105670
fastmultrec_greedy,1,11,20,10,20.0,2.0,0.0,0.335706
lcamap,1,11,20,10,20.0,2.0,0.0,0.064390
segdup,1,11,20,15,30,2,0,167.814252
insider,1,11,20,15,30.0,2.0,0.0,0.102570
insider_relax,1,11,20,15,30.0,2.0,0.0,0.104816
fastmultrec_greedy,1,11,20,15,30.0,2.0,0.0,0.328742
lcamap,1,11,20,15,30.0,2.0,0.0,0.063735
segdup,1,11,20,20,40,2,0,133.119425
insider,1,11,20,20,40.0,2.0,0.0,0.107445
insider_relax,1,11,20,20,40.0,2.0,0.0,0.106317
fastmultrec_greedy,1,11,20,20,40.0,2.0,0.0,0.330484
lcamap,1,11,20,20,40.0,2.0,0.0,0.063810
segdup,2,7,20,5,2071,162,1261,324.903676
insider,2,7,20,5,2060.0,157.0,1275.0,0.393151
insider_relax,2,7,20,5,2060.0,157.0,1275.0,0.446300
fastmultrec_greedy,2,7,20,5,2061.0,158.0,1271.0,3.005715
lcamap,2,7,20,5,2071.0,162.0,1261.0,0.127481
segdup,2,7,20,10,2881,162,1261,315.145378
insider,2,7,20,10,2826.0,149.0,1336.0,0.744038
insider_relax,2,7,20,10,2826.0,149.0,1336.0,0.929016
fastmultrec_greedy,2,7,20,10,2842.0,155.0,1292.0,4.862968
lcamap,2,7,20,10,2881.0,162.0,1261.0,0.130026
segdup,2,7,20,15,3691,162,1261,308.870395
insider,2,7,20,15,3558.0,144.0,1398.0,1.434300
insider_relax,2,7,20,15,3558.0,144.0,1398.0,1.921046
fastmultrec_greedy,2,7,20,15,3617.0,155.0,1292.0,4.876508
lcamap,2,7,20,15,3691.0,162.0,1261.0,0.126104
segdup,2,7,20,20,4501,162,1261,311.028795
insider,2,7,20,20,4254.0,137.0,1514.0,3.240889
insider_relax,2,7,20,20,4254.0,137.0,1514.0,4.253810
fastmultrec_greedy,2,7,20,20,4390.0,154.0,1310.0,5.500017
lcamap,2,7,20,20,4501.0,162.0,1261.0,0.128268
segdup,2,8,20,5,148,25,23,64.249117
insider,2,8,20,5,148.0,25.0,23.0,0.116720
insider_relax,2,8,20,5,148.0,25.0,23.0,0.131053
fastmultrec_greedy,2,8,20,5,148.0,25.0,23.0,0.193693
lcamap,2,8,20,5,148.0,25.0,23.0,0.035576
segdup,2,8,20,10,273,25,23,58.605654
insider,2,8,20,10,272.0,24.0,32.0,0.161179
insider_relax,2,8,20,10,272.0,24.0,32.0,0.201787
fastmultrec_greedy,2,8,20,10,273.0,25.0,23.0,0.197920
lcamap,2,8,20,10,273.0,25.0,23.0,0.036151
segdup,2,8,20,15,398,25,23,58.182500
insider,2,8,20,15,389.0,23.0,44.0,0.243858
insider_relax,2,8,20,15,389.0,23.0,44.0,0.281690
fastmultrec_greedy,2,8,20,15,398.0,25.0,23.0,0.192472
lcamap,2,8,20,15,398.0,25.0,23.0,0.035276
segdup,2,8,20,20,523,25,23,54.727057
insider,2,8,20,20,504.0,23.0,44.0,0.491560
insider_relax,2,8,20,20,504.0,23.0,44.0,0.828954
fastmultrec_greedy,2,8,20,20,523.0,25.0,23.0,0.186441
lcamap,2,8,20,20,523.0,25.0,23.0,0.036162
segdup,2,9,20,5,28,5,3,111.218323
insider,2,9,20,5,28.0,5.0,3.0,0.078785
insider_relax,2,9,20,5,28.0,5.0,3.0,0.082355
fastmultrec_greedy,2,9,20,5,28.0,5.0,3.0,0.212167
lcamap,2,9,20,5,28.0,5.0,3.0,0.039824
segdup,2,9,20,10,53,5,3,102.393586
insider,2,9,20,10,53.0,5.0,3.0,0.082712
insider_relax,2,9,20,10,53.0,5.0,3.0,0.085088
fastmultrec_greedy,2,9,20,10,53.0,5.0,3.0,0.209483
lcamap,2,9,20,10,53.0,5.0,3.0,0.038237
segdup,2,9,20,15,78,5,3,45.603537
insider,2,9,20,15,78.0,5.0,3.0,0.081410
insider_relax,2,9,20,15,78.0,5.0,3.0,0.082992
fastmultrec_greedy,2,9,20,15,78.0,5.0,3.0,0.214447
lcamap,2,9,20,15,78.0,5.0,3.0,0.039847
segdup,2,9,20,20,103,5,3,45.442119
insider,2,9,20,20,103.0,5.0,3.0,0.085469
insider_relax,2,9,20,20,103.0,5.0,3.0,0.085117
fastmultrec_greedy,2,9,20,20,103.0,5.0,3.0,0.211844
lcamap,2,9,20,20,103.0,5.0,3.0,0.038285
segdup,2,10,20,5,12,2,2,159.320375
insider,2,10,20,5,12.0,2.0,2.0,0.095341
insider_relax,2,10,20,5,12.0,2.0,2.0,0.092134
fastmultrec_greedy,2,10,20,5,12.0,2.0,2.0,0.291069
lcamap,2,10,20,5,12.0,2.0,2.0,0.050429
segdup,2,10,20,10,22,2,2,146.965605
insider,2,10,20,10,22.0,2.0,2.0,0.092356
insider_relax,2,10,20,10,22.0,2.0,2.0,0.093049
fastmultrec_greedy,2,10,20,10,22.0,2.0,2.0,0.286251
lcamap,2,10,20,10,22.0,2.0,2.0,0.051836
segdup,2,10,20,15,32,2,2,123.579344
insider,2,10,20,15,32.0,2.0,2.0,0.095729
insider_relax,2,10,20,15,32.0,2.0,2.0,0.097624
fastmultrec_greedy,2,10,20,15,32.0,2.0,2.0,0.291723
lcamap,2,10,20,15,32.0,2.0,2.0,0.052524
segdup,2,10,20,20,42,2,2,73.694703
insider,2,10,20,20,42.0,2.0,2.0,0.092618
insider_relax,2,10,20,20,42.0,2.0,2.0,0.093537
fastmultrec_greedy,2,10,20,20,42.0,2.0,2.0,0.285367
lcamap,2,10,20,20,42.0,2.0,2.0,0.051535
segdup,2,11,20,5,10,2,0,172.506993
insider,2,11,20,5,10.0,2.0,0.0,0.116605
insider_relax,2,11,20,5,10.0,2.0,0.0,0.113877
fastmultrec_greedy,2,11,20,5,10.0,2.0,0.0,0.368024
lcamap,2,11,20,5,10.0,2.0,0.0,0.064823
segdup,2,11,20,10,20,2,0,142.185535
insider,2,11,20,10,20.0,2.0,0.0,0.116243
insider_relax,2,11,20,10,20.0,2.0,0.0,0.112090
fastmultrec_greedy,2,11,20,10,20.0,2.0,0.0,0.364751
lcamap,2,11,20,10,20.0,2.0,0.0,0.062668
segdup,2,11,20,15,30,2,0,143.055723
insider,2,11,20,15,30.0,2.0,0.0,0.109658
insider_relax,2,11,20,15,30.0,2.0,0.0,0.112043
fastmultrec_greedy,2,11,20,15,30.0,2.0,0.0,0.363372
lcamap,2,11,20,15,30.0,2.0,0.0,0.065777
segdup,2,11,20,20,40,2,0,114.973450
insider,2,11,20,20,40.0,2.0,0.0,0.116319
insider_relax,2,11,20,20,40.0,2.0,0.0,0.112024
fastmultrec_greedy,2,11,20,20,40.0,2.0,0.0,0.366581
lcamap,2,11,20,20,40.0,2.0,0.0,0.061679
segdup,1,7,21,5,1373,145,648,288.538141
insider,1,7,21,5,1358.0,138.0,668.0,0.354327
insider_relax,1,7,21,5,1358.0,138.0,668.0,0.435561
fastmultrec_greedy,1,7,21,5,1358.0,138.0,668.0,5.274037
lcamap,1,7,21,5,1373.0,145.0,648.0,0.118621
segdup,1,7,21,10,2098,145,648,285.688309
insider,1,7,21,10,2022.0,128.0,742.0,0.715541
insider_relax,1,7,21,10,2022.0,128.0,742.0,0.852813
fastmultrec_greedy,1,7,21,10,2029.0,132.0,709.0,8.260151
lcamap,1,7,21,10,2098.0,145.0,648.0,0.122243
segdup,1,7,21,15,2823,145,648,292.052146
insider,1,7,21,15,2639.0,118.0,869.0,1.626547
insider_relax,1,7,21,15,2639.0,118.0,869.0,2.772129
fastmultrec_greedy,1,7,21,15,2680.0,129.0,745.0,11.937663
lcamap,1,7,21,15,2823.0,145.0,648.0,0.125674
segdup,1,7,21,20,3520,140,720,281.957614
insider,1,7,21,20,3222.0,113.0,962.0,4.778705
insider_relax,1,7,21,20,3222.0,113.0,962.0,9.562706
fastmultrec_greedy,1,7,21,20,3314.0,126.0,794.0,15.468723
lcamap,1,7,21,20,3548.0,145.0,648.0,0.122088
segdup,1,8,21,5,443,52,183,45.355151
insider,1,8,21,5,439.0,51.0,184.0,0.077218
insider_relax,1,8,21,5,439.0,51.0,184.0,0.094523
fastmultrec_greedy,1,8,21,5,439.0,51.0,184.0,0.177263
lcamap,1,8,21,5,443.0,52.0,183.0,0.021559
segdup,1,8,21,10,696,51,186,44.192614
insider,1,8,21,10,692.0,49.0,202.0,0.133686
insider_relax,1,8,21,10,692.0,49.0,202.0,0.173007
fastmultrec_greedy,1,8,21,10,694.0,51.0,184.0,0.164638
lcamap,1,8,21,10,703.0,52.0,183.0,0.020866
segdup,1,8,21,15,963,52,183,42.595907
insider,1,8,21,15,931.0,47.0,226.0,0.308084
insider_relax,1,8,21,15,931.0,47.0,226.0,0.356134
fastmultrec_greedy,1,8,21,15,949.0,51.0,184.0,0.165160
lcamap,1,8,21,15,963.0,52.0,183.0,0.020289
segdup,1,8,21,20,1208,51,188,40.280753
insider,1,8,21,20,1164.0,46.0,244.0,1.235480
insider_relax,1,8,21,20,1164.0,46.0,244.0,2.197010
fastmultrec_greedy,1,8,21,20,1204.0,51.0,184.0,0.161857
lcamap,1,8,21,20,1223.0,52.0,183.0,0.020949
segdup,1,9,21,5,27,5,2,143.179698
insider,1,9,21,5,27.0,5.0,2.0,0.104059
insider_relax,1,9,21,5,27.0,5.0,2.0,0.101904
fastmultrec_greedy,1,9,21,5,27.0,5.0,2.0,0.364875
lcamap,1,9,21,5,27.0,5.0,2.0,0.062636
segdup,1,9,21,10,52,5,2,137.440617
insider,1,9,21,10,52.0,5.0,2.0,0.103010
insider_relax,1,9,21,10,52.0,5.0,2.0,0.108352
fastmultrec_greedy,1,9,21,10,52.0,5.0,2.0,0.367897
lcamap,1,9,21,10,52.0,5.0,2.0,0.056710
segdup,1,9,21,15,77,5,2,135.343819
insider,1,9,21,15,77.0,5.0,2.0,0.104166
insider_relax,1,9,21,15,77.0,5.0,2.0,0.106663
fastmultrec_greedy,1,9,21,15,77.0,5.0,2.0,0.368178
lcamap,1,9,21,15,77.0,5.0,2.0,0.060301
segdup,1,9,21,20,102,5,2,86.480923
insider,1,9,21,20,102.0,5.0,2.0,0.110884
insider_relax,1,9,21,20,102.0,5.0,2.0,0.108970
fastmultrec_greedy,1,9,21,20,102.0,5.0,2.0,0.366475
lcamap,1,9,21,20,102.0,5.0,2.0,0.059824
segdup,1,10,21,5,12,2,2,94.808943
insider,1,10,21,5,12.0,2.0,2.0,0.056431
insider_relax,1,10,21,5,12.0,2.0,2.0,0.063148
fastmultrec_greedy,1,10,21,5,12.0,2.0,2.0,0.178832
lcamap,1,10,21,5,12.0,2.0,2.0,0.032571
segdup,1,10,21,10,22,2,2,87.611777
insider,1,10,21,10,22.0,2.0,2.0,0.060178
insider_relax,1,10,21,10,22.0,2.0,2.0,0.062516
fastmultrec_greedy,1,10,21,10,22.0,2.0,2.0,0.179377
lcamap,1,10,21,10,22.0,2.0,2.0,0.033475
segdup,1,10,21,15,32,2,2,52.071691
insider,1,10,21,15,32.0,2.0,2.0,0.061312
insider_relax,1,10,21,15,32.0,2.0,2.0,0.065738
fastmultrec_greedy,1,10,21,15,32.0,2.0,2.0,0.184133
lcamap,1,10,21,15,32.0,2.0,2.0,0.033665
segdup,1,10,21,20,42,2,2,71.845202
insider,1,10,21,20,42.0,2.0,2.0,0.064580
insider_relax,1,10,21,20,42.0,2.0,2.0,0.064104
fastmultrec_greedy,1,10,21,20,42.0,2.0,2.0,0.185030
lcamap,1,10,21,20,42.0,2.0,2.0,0.034073
segdup,1,11,21,5,5,1,0,111.892086
insider,1,11,21,5,5.0,1.0,0.0,0.073712
insider_relax,1,11,21,5,5.0,1.0,0.0,0.077657
fastmultrec_greedy,1,11,21,5,5.0,1.0,0.0,0.224500
lcamap,1,11,21,5,5.0,1.0,0.0,0.045644
segdup,1,11,21,10,10,1,0,108.644595
insider,1,11,21,10,10.0,1.0,0.0,0.074617
insider_relax,1,11,21,10,10.0,1.0,0.0,0.077616
fastmultrec_greedy,1,11,21,10,10.0,1.0,0.0,0.226651
lcamap,1,11,21,10,10.0,1.0,0.0,0.048028
segdup,1,11,21,15,15,1,0,101.733606
insider,1,11,21,15,15.0,1.0,0.0,0.078449
insider_relax,1,11,21,15,15.0,1.0,0.0,0.077765
fastmultrec_greedy,1,11,21,15,15.0,1.0,0.0,0.225842
lcamap,1,11,21,15,15.0,1.0,0.0,0.046015
segdup,1,11,21,20,20,1,0,63.567636
insider,1,11,21,20,20.0,1.0,0.0,0.074503
insider_relax,1,11,21,20,20.0,1.0,0.0,0.078286
fastmultrec_greedy,1,11,21,20,20.0,1.0,0.0,0.221425
lcamap,1,11,21,20,20.0,1.0,0.0,0.042204
segdup,2,7,21,5,4585,210,3535,375.342904
insider,2,7,21,5,4536.0,189.0,3591.0,0.337411
insider_relax,2,7,21,5,4536.0,188.0,3596.0,0.371183
fastmultrec_greedy,2,7,21,5,4540.0,191.0,3585.0,9.193748
lcamap,2,7,21,5,4585.0,210.0,3535.0,0.102083
segdup,2,7,21,10,5635,210,3535,362.984836
insider,2,7,21,10,5424.0,171.0,3714.0,0.491701
insider_relax,2,7,21,10,5424.0,170.0,3724.0,0.558760
fastmultrec_greedy,2,7,21,10,5470.0,183.0,3640.0,13.327167
lcamap,2,7,21,10,5635.0,210.0,3535.0,0.104605
segdup,2,7,21,15,6676,209,3541,370.217523
insider,2,7,21,15,6260.0,161.0,3845.0,0.786319
insider_relax,2,7,21,15,6260.0,161.0,3845.0,0.971829
fastmultrec_greedy,2,7,21,15,6364.0,179.0,3679.0,16.616250
lcamap,2,7,21,15,6685.0,210.0,3535.0,0.100605
segdup,2,7,21,20,7735,210,3535,363.775965
insider,2,7,21,20,7053.0,154.0,3973.0,1.594242
insider_relax,2,7,21,20,7053.0,154.0,3973.0,2.163915
fastmultrec_greedy,2,7,21,20,7248.0,175.0,3748.0,20.480535
lcamap,2,7,21,20,7735.0,210.0,3535.0,0.103769
segdup,2,8,21,5,991,121,386,242.401509
insider,2,8,21,5,991.0,121.0,386.0,0.346303
insider_relax,2,8,21,5,991.0,121.0,386.0,0.403169
fastmultrec_greedy,2,8,21,5,991.0,121.0,386.0,0.626362
lcamap,2,8,21,5,991.0,121.0,386.0,0.122511
segdup,2,8,21,10,1596,121,386,243.581696
insider,2,8,21,10,1586.0,116.0,426.0,0.628814
insider_relax,2,8,21,10,1586.0,116.0,426.0,0.825250
fastmultrec_greedy,2,8,21,10,1596.0,121.0,386.0,0.627019
lcamap,2,8,21,10,1596.0,121.0,386.0,0.117062
segdup,2,8,21,15,2201,121,386,233.140988
insider,2,8,21,15,2151.0,109.0,516.0,1.809723
insider_relax,2,8,21,15,2151.0,109.0,516.0,2.336793
fastmultrec_greedy,2,8,21,15,2201.0,121.0,386.0,0.629491
lcamap,2,8,21,15,2201.0,121.0,386.0,0.117758
segdup,2,8,21,20,2806,121,386,237.614097
insider,2,8,21,20,2679.0,104.0,599.0,7.998400
insider_relax,2,8,21,20,2679.0,104.0,599.0,23.852101
fastmultrec_greedy,2,8,21,20,2806.0,121.0,386.0,0.634632
lcamap,2,8,21,20,2806.0,121.0,386.0,0.116501
segdup,2,9,21,5,57,10,7,70.747642
insider,2,9,21,5,57.0,10.0,7.0,0.074302
insider_relax,2,9,21,5,57.0,10.0,7.0,0.077800
fastmultrec_greedy,2,9,21,5,57.0,10.0,7.0,0.182918
lcamap,2,9,21,5,57.0,10.0,7.0,0.034579
segdup,2,9,21,10,107,10,7,74.228375
insider,2,9,21,10,107.0,10.0,7.0,0.083845
insider_relax,2,9,21,10,107.0,10.0,7.0,0.094923
fastmultrec_greedy,2,9,21,10,107.0,10.0,7.0,0.183272
lcamap,2,9,21,10,107.0,10.0,7.0,0.038433
segdup,2,9,21,15,157,10,7,39.708273
insider,2,9,21,15,157.0,10.0,7.0,0.107259
insider_relax,2,9,21,15,157.0,10.0,7.0,0.109187
fastmultrec_greedy,2,9,21,15,157.0,10.0,7.0,0.186552
lcamap,2,9,21,15,157.0,10.0,7.0,0.032604
segdup,2,9,21,20,207,10,7,40.592757
insider,2,9,21,20,207.0,10.0,7.0,0.191929
insider_relax,2,9,21,20,207.0,10.0,7.0,0.224351
fastmultrec_greedy,2,9,21,20,207.0,10.0,7.0,0.184639
lcamap,2,9,21,20,207.0,10.0,7.0,0.034099
segdup,2,10,21,5,10,2,0,117.215384
insider,2,10,21,5,10.0,2.0,0.0,0.082391
insider_relax,2,10,21,5,10.0,2.0,0.0,0.087453
fastmultrec_greedy,2,10,21,5,10.0,2.0,0.0,0.265788
lcamap,2,10,21,5,10.0,2.0,0.0,0.048589
segdup,2,10,21,10,20,2,0,113.431126
insider,2,10,21,10,20.0,2.0,0.0,0.083607
insider_relax,2,10,21,10,20.0,2.0,0.0,0.085659
fastmultrec_greedy,2,10,21,10,20.0,2.0,0.0,0.268613
lcamap,2,10,21,10,20.0,2.0,0.0,0.046708
segdup,2,10,21,15,30,2,0,51.855317
insider,2,10,21,15,30.0,2.0,0.0,0.085814
insider_relax,2,10,21,15,30.0,2.0,0.0,0.085985
fastmultrec_greedy,2,10,21,15,30.0,2.0,0.0,0.268920
lcamap,2,10,21,15,30.0,2.0,0.0,0.046652
segdup,2,10,21,20,40,2,0,49.496186
insider,2,10,21,20,40.0,2.0,0.0,0.086874
insider_relax,2,10,21,20,40.0,2.0,0.0,0.082176
fastmultrec_greedy,2,10,21,20,40.0,2.0,0.0,0.272645
lcamap,2,10,21,20,40.0,2.0,0.0,0.046323
segdup,2,11,21,5,10,2,0,121.118582
insider,2,11,21,5,10.0,2.0,0.0,0.084594
insider_relax,2,11,21,5,10.0,2.0,0.0,0.081604
fastmultrec_greedy,2,11,21,5,10.0,2.0,0.0,0.240624
lcamap,2,11,21,5,10.0,2.0,0.0,0.045842
segdup,2,11,21,10,20,2,0,91.162403
insider,2,11,21,10,20.0,2.0,0.0,0.085711
insider_relax,2,11,21,10,20.0,2.0,0.0,0.084568
fastmultrec_greedy,2,11,21,10,20.0,2.0,0.0,0.235529
lcamap,2,11,21,10,20.0,2.0,0.0,0.048994
segdup,2,11,21,15,30,2,0,70.314170
insider,2,11,21,15,30.0,2.0,0.0,0.083640
insider_relax,2,11,21,15,30.0,2.0,0.0,0.084297
fastmultrec_greedy,2,11,21,15,30.0,2.0,0.0,0.236612
lcamap,2,11,21,15,30.0,2.0,0.0,0.048097
segdup,2,11,21,20,40,2,0,52.785135
insider,2,11,21,20,40.0,2.0,0.0,0.082865
insider_relax,2,11,21,20,40.0,2.0,0.0,0.083453
fastmultrec_greedy,2,11,21,20,40.0,2.0,0.0,0.241659
lcamap,2,11,21,20,40.0,2.0,0.0,0.049444
segdup,1,7,22,5,3334,250,2084,198.662885
insider,1,7,22,5,3294.0,235.0,2119.0,0.257568
insider_relax,1,7,22,5,3294.0,235.0,2119.0,0.292368
fastmultrec_greedy,1,7,22,5,3295.0,236.0,2115.0,5.440055
lcamap,1,7,22,5,3334.0,250.0,2084.0,0.082198
segdup,1,7,22,10,4575,249,2085,186.017899
insider,1,7,22,10,4427.0,218.0,2247.0,0.526880
insider_relax,1,7,22,10,4427.0,218.0,2247.0,0.639923
fastmultrec_greedy,1,7,22,10,4449.0,226.0,2189.0,8.985335
lcamap,1,7,22,10,4584.0,250.0,2084.0,0.082026
segdup,1,7,22,15,5830,249,2095,194.735349
insider,1,7,22,15,5501.0,210.0,2351.0,2.034476
insider_relax,1,7,22,15,5501.0,210.0,2351.0,3.202114
fastmultrec_greedy,1,7,22,15,5576.0,225.0,2201.0,9.310477
lcamap,1,7,22,15,5834.0,250.0,2084.0,0.082752
segdup,1,7,22,20,7084,250,2084,195.020319
insider,1,7,22,20,6517.0,198.0,2557.0,8.556291
insider_relax,1,7,22,20,6517.0,198.0,2557.0,20.544641
fastmultrec_greedy,1,7,22,20,6697.0,224.0,2217.0,9.618241
lcamap,1,7,22,20,7084.0,250.0,2084.0,0.082354
segdup,1,8,22,5,354,55,79,101.398705
insider,1,8,22,5,350.0,53.0,85.0,0.138860
insider_relax,1,8,22,5,350.0,53.0,85.0,0.171205
fastmultrec_greedy,1,8,22,5,350.0,53.0,85.0,0.737931
lcamap,1,8,22,5,354.0,55.0,79.0,0.053396
segdup,1,8,22,10,629,55,79,103.059638
insider,1,8,22,10,606.0,50.0,106.0,0.225968
insider_relax,1,8,22,10,606.0,50.0,106.0,0.414487
fastmultrec_greedy,1,8,22,10,615.0,53.0,85.0,0.739968
lcamap,1,8,22,10,629.0,55.0,79.0,0.052538
segdup,1,8,22,15,898,54,88,96.884064
insider,1,8,22,15,853.0,49.0,118.0,0.875689
insider_relax,1,8,22,15,853.0,49.0,118.0,2.436992
fastmultrec_greedy,1,8,22,15,880.0,53.0,85.0,0.739946
lcamap,1,8,22,15,904.0,55.0,79.0,0.053445
segdup,1,8,22,20,1168,54,88,95.837677
insider,1,8,22,20,1097.0,48.0,137.0,11.806615
insider_relax,1,8,22,20,1097.0,48.0,137.0,18.678647
fastmultrec_greedy,1,8,22,20,1145.0,53.0,85.0,0.742953
lcamap,1,8,22,20,1179.0,55.0,79.0,0.052338
segdup,1,9,22,5,111,18,21,92.969785
insider,1,9,22,5,111.0,18.0,21.0,0.089103
insider_relax,1,9,22,5,111.0,18.0,21.0,0.098791
fastmultrec_greedy,1,9,22,5,111.0,18.0,21.0,0.258092
lcamap,1,9,22,5,111.0,18.0,21.0,0.046184
segdup,1,9,22,10,201,18,21,88.937701
insider,1,9,22,10,201.0,18.0,21.0,0.105358
insider_relax,1,9,22,10,201.0,18.0,21.0,0.120791
fastmultrec_greedy,1,9,22,10,201.0,18.0,21.0,0.261995
lcamap,1,9,22,10,201.0,18.0,21.0,0.044399
segdup,1,9,22,15,291,18,21,66.843658
insider,1,9,22,15,291.0,18.0,21.0,0.130416
insider_relax,1,9,22,15,291.0,18.0,21.0,0.132209
fastmultrec_greedy,1,9,22,15,291.0,18.0,21.0,0.260622
lcamap,1,9,22,15,291.0,18.0,21.0,0.045988
segdup,1,9,22,20,381,18,21,65.372926
insider,1,9,22,20,381.0,18.0,21.0,0.191374
insider_relax,1,9,22,20,381.0,18.0,21.0,0.211705
fastmultrec_greedy,1,9,22,20,381.0,18.0,21.0,0.258265
lcamap,1,9,22,20,381.0,18.0,21.0,0.045305
segdup,1,10,22,5,11,2,1,100.513864
insider,1,10,22,5,11.0,2.0,1.0,0.069380
insider_relax,1,10,22,5,11.0,2.0,1.0,0.069607
fastmultrec_greedy,1,10,22,5,11.0,2.0,1.0,0.204565
lcamap,1,10,22,5,11.0,2.0,1.0,0.041268
segdup,1,10,22,10,21,2,1,97.598779
insider,1,10,22,10,21.0,2.0,1.0,0.068675
insider_relax,1,10,22,10,21.0,2.0,1.0,0.066506
fastmultrec_greedy,1,10,22,10,21.0,2.0,1.0,0.204588
lcamap,1,10,22,10,21.0,2.0,1.0,0.042100
segdup,1,10,22,15,31,2,1,74.839126
insider,1,10,22,15,31.0,2.0,1.0,0.070568
insider_relax,1,10,22,15,31.0,2.0,1.0,0.071153
fastmultrec_greedy,1,10,22,15,31.0,2.0,1.0,0.200775
lcamap,1,10,22,15,31.0,2.0,1.0,0.039288
segdup,1,10,22,20,41,2,1,80.445963
insider,1,10,22,20,41.0,2.0,1.0,0.070608
insider_relax,1,10,22,20,41.0,2.0,1.0,0.068291
fastmultrec_greedy,1,10,22,20,41.0,2.0,1.0,0.200760
lcamap,1,10,22,20,41.0,2.0,1.0,0.038646
segdup,1,11,22,5,5,1,0,68.437055
insider,1,11,22,5,5.0,1.0,0.0,0.048485
insider_relax,1,11,22,5,5.0,1.0,0.0,0.047651
fastmultrec_greedy,1,11,22,5,5.0,1.0,0.0,0.138527
lcamap,1,11,22,5,5.0,1.0,0.0,0.024546
segdup,1,11,22,10,10,1,0,66.960713
insider,1,11,22,10,10.0,1.0,0.0,0.045888
insider_relax,1,11,22,10,10.0,1.0,0.0,0.049188
fastmultrec_greedy,1,11,22,10,10.0,1.0,0.0,0.140581
lcamap,1,11,22,10,10.0,1.0,0.0,0.024808
segdup,1,11,22,15,15,1,0,55.242997
insider,1,11,22,15,15.0,1.0,0.0,0.046675
insider_relax,1,11,22,15,15.0,1.0,0.0,0.048263
fastmultrec_greedy,1,11,22,15,15.0,1.0,0.0,0.138728
lcamap,1,11,22,15,15.0,1.0,0.0,0.023876
segdup,1,11,22,20,20,1,0,36.595123
insider,1,11,22,20,20.0,1.0,0.0,0.043938
insider_relax,1,11,22,20,20.0,1.0,0.0,0.050696
fastmultrec_greedy,1,11,22,20,20.0,1.0,0.0,0.137610
lcamap,1,11,22,20,20.0,1.0,0.0,0.024567
segdup,2,7,22,5,1584,108,1044,261.432562
insider,2,7,22,5,1566.0,101.0,1061.0,0.279004
insider_relax,2,7,22,5,1566.0,101.0,1061.0,0.297734
fastmultrec_greedy,2,7,22,5,1566.0,101.0,1061.0,3.217494
lcamap,2,7,22,5,1584.0,108.0,1044.0,0.085228
segdup,2,7,22,10,2124,108,1044,259.860863
insider,2,7,22,10,2050.0,93.0,1120.0,0.434526
insider_relax,2,7,22,10,2050.0,93.0,1120.0,0.495833
fastmultrec_greedy,2,7,22,10,2055.0,97.0,1085.0,4.931011
lcamap,2,7,22,10,2124.0,108.0,1044.0,0.085888
segdup,2,7,22,15,2658,107,1053,244.336350
insider,2,7,22,15,2502.0,89.0,1167.0,0.633135
insider_relax,2,7,22,15,2502.0,89.0,1167.0,0.714747
fastmultrec_greedy,2,7,22,15,2529.0,95.0,1104.0,6.571492
lcamap,2,7,22,15,2664.0,108.0,1044.0,0.088775
segdup,2,7,22,20,3204,108,1044,252.993349
insider,2,7,22,20,2940.0,86.0,1220.0,0.879044
insider_relax,2,7,22,20,2940.0,86.0,1220.0,1.069402
fastmultrec_greedy,2,7,22,20,3000.0,94.0,1120.0,6.956463
lcamap,2,7,22,20,3204.0,108.0,1044.0,0.092003
segdup,2,8,22,5,485,67,150,237.846114
insider,2,8,22,5,481.0,65.0,156.0,0.333606
insider_relax,2,8,22,5,481.0,65.0,156.0,0.398955
fastmultrec_greedy,2,8,22,5,481.0,65.0,156.0,1.720330
lcamap,2,8,22,5,485.0,67.0,150.0,0.111817
segdup,2,8,22,10,820,67,150,230.869842
insider,2,8,22,10,789.0,59.0,199.0,0.839526
insider_relax,2,8,22,10,789.0,59.0,199.0,1.652944
fastmultrec_greedy,2,8,22,10,801.0,63.0,171.0,2.902566
lcamap,2,8,22,10,820.0,67.0,150.0,0.111277
segdup,2,8,22,15,1155,67,150,220.383588
insider,2,8,22,15,1076.0,54.0,266.0,3.611962
insider_relax,2,8,22,15,1076.0,54.0,266.0,6.546714
fastmultrec_greedy,2,8,22,15,1116.0,63.0,171.0,2.907824
lcamap,2,8,22,15,1155.0,67.0,150.0,0.113182
segdup,2,8,22,20,1475,66,155,222.384697
insider,2,8,22,20,1336.0,51.0,316.0,14.035277
insider_relax,2,8,22,20,1336.0,51.0,316.0,24.783626
fastmultrec_greedy,2,8,22,20,1431.0,63.0,171.0,2.909837
lcamap,2,8,22,20,1490.0,67.0,150.0,0.111037
segdup,2,9,22,5,127,22,17,146.432118
insider,2,9,22,5,127.0,22.0,17.0,0.172315
insider_relax,2,9,22,5,127.0,22.0,17.0,0.187799
fastmultrec_greedy,2,9,22,5,127.0,22.0,17.0,0.433845
lcamap,2,9,22,5,127.0,22.0,17.0,0.075045
segdup,2,9,22,10,237,22,17,148.389130
insider,2,9,22,10,237.0,22.0,17.0,0.239229
insider_relax,2,9,22,10,237.0,22.0,17.0,0.357842
fastmultrec_greedy,2,9,22,10,237.0,22.0,17.0,0.436088
lcamap,2,9,22,10,237.0,22.0,17.0,0.076276
segdup,2,9,22,15,347,22,17,123.826546
insider,2,9,22,15,347.0,22.0,17.0,1.086550
insider_relax,2,9,22,15,347.0,22.0,17.0,1.402128
fastmultrec_greedy,2,9,22,15,347.0,22.0,17.0,0.443284
lcamap,2,9,22,15,347.0,22.0,17.0,0.077785
segdup,2,9,22,20,457,22,17,118.886821
insider,2,9,22,20,457.0,22.0,17.0,10.416079
insider_relax,2,9,22,20,457.0,22.0,17.0,13.905558
fastmultrec_greedy,2,9,22,20,457.0,22.0,17.0,0.432625
lcamap,2,9,22,20,457.0,22.0,17.0,0.077380
segdup,2,10,22,5,22,4,2,326.269919
insider,2,10,22,5,22.0,4.0,2.0,0.190993
insider_relax,2,10,22,5,22.0,4.0,2.0,0.189572
fastmultrec_greedy,2,10,22,5,22.0,4.0,2.0,0.612646
lcamap,2,10,22,5,22.0,4.0,2.0,0.120430
segdup,2,10,22,10,42,4,2,303.485462
insider,2,10,22,10,42.0,4.0,2.0,0.191417
insider_relax,2,10,22,10,42.0,4.0,2.0,0.194786
fastmultrec_greedy,2,10,22,10,42.0,4.0,2.0,0.637701
lcamap,2,10,22,10,42.0,4.0,2.0,0.116869
segdup,2,10,22,15,62,4,2,144.341875
insider,2,10,22,15,62.0,4.0,2.0,0.193765
insider_relax,2,10,22,15,62.0,4.0,2.0,0.193954
fastmultrec_greedy,2,10,22,15,62.0,4.0,2.0,0.614016
lcamap,2,10,22,15,62.0,4.0,2.0,0.121536
segdup,2,10,22,20,82,4,2,147.193421
insider,2,10,22,20,82.0,4.0,2.0,0.198057
insider_relax,2,10,22,20,82.0,4.0,2.0,0.189371
fastmultrec_greedy,2,10,22,20,82.0,4.0,2.0,0.612483
lcamap,2,10,22,20,82.0,4.0,2.0,0.117499
segdup,2,11,22,5,10,2,0,271.574615
insider,2,11,22,5,10.0,2.0,0.0,0.167988
insider_relax,2,11,22,5,10.0,2.0,0.0,0.167723
fastmultrec_greedy,2,11,22,5,10.0,2.0,0.0,0.549709
lcamap,2,11,22,5,10.0,2.0,0.0,0.105527
segdup,2,11,22,10,20,2,0,269.672454
insider,2,11,22,10,20.0,2.0,0.0,0.165883
insider_relax,2,11,22,10,20.0,2.0,0.0,0.165433
fastmultrec_greedy,2,11,22,10,20.0,2.0,0.0,0.549947
lcamap,2,11,22,10,20.0,2.0,0.0,0.107169
segdup,2,11,22,15,30,2,0,210.286262
insider,2,11,22,15,30.0,2.0,0.0,0.167238
insider_relax,2,11,22,15,30.0,2.0,0.0,0.165840
fastmultrec_greedy,2,11,22,15,30.0,2.0,0.0,0.546081
lcamap,2,11,22,15,30.0,2.0,0.0,0.105050
segdup,2,11,22,20,40,2,0,121.673971
insider,2,11,22,20,40.0,2.0,0.0,0.169018
insider_relax,2,11,22,20,40.0,2.0,0.0,0.163626
fastmultrec_greedy,2,11,22,20,40.0,2.0,0.0,0.552614
lcamap,2,11,22,20,40.0,2.0,0.0,0.104881
segdup,1,7,23,5,3706,246,2476,307.919279
insider,1,7,23,5,3653.0,220.0,2553.0,0.366889
insider_relax,1,7,23,5,3653.0,220.0,2553.0,0.381945
fastmultrec_greedy,1,7,23,5,3656.0,224.0,2536.0,14.085084
lcamap,1,7,23,5,3706.0,246.0,2476.0,0.110752
segdup,1,7,23,10,4936,246,2476,307.707874
insider,1,7,23,10,4695.0,198.0,2715.0,0.570569
insider_relax,1,7,23,10,4695.0,198.0,2715.0,0.728346
fastmultrec_greedy,1,7,23,10,4734.0,210.0,2634.0,24.499029
lcamap,1,7,23,10,4936.0,246.0,2476.0,0.111129
segdup,1,7,23,15,6166,246,2476,310.497604
insider,1,7,23,15,5666.0,191.0,2801.0,1.124433
insider_relax,1,7,23,15,5666.0,191.0,2801.0,1.354219
fastmultrec_greedy,1,7,23,15,5791.0,210.0,2641.0,23.931825
lcamap,1,7,23,15,6166.0,246.0,2476.0,0.108951
segdup,1,7,23,20,7387,243,2527,311.626093
insider,1,7,23,20,6590.0,180.0,2990.0,2.922068
insider_relax,1,7,23,20,6590.0,180.0,2990.0,6.534674
fastmultrec_greedy,1,7,23,20,6824.0,204.0,2744.0,29.281817
lcamap,1,7,23,20,7396.0,246.0,2476.0,0.107354
segdup,1,8,23,5,216,33,51,67.983593
insider,1,8,23,5,216.0,33.0,51.0,0.087328
insider_relax,1,8,23,5,216.0,33.0,51.0,0.107686
fastmultrec_greedy,1,8,23,5,216.0,33.0,51.0,0.180777
lcamap,1,8,23,5,216.0,33.0,51.0,0.035515
segdup,1,8,23,10,381,33,51,66.694738
insider,1,8,23,10,380.0,32.0,60.0,0.136869
insider_relax,1,8,23,10,380.0,32.0,60.0,0.195903
fastmultrec_greedy,1,8,23,10,381.0,33.0,51.0,0.183856
lcamap,1,8,23,10,381.0,33.0,51.0,0.035168
segdup,1,8,23,15,546,33,51,67.095918
insider,1,8,23,15,537.0,31.0,72.0,0.339286
insider_relax,1,8,23,15,537.0,31.0,72.0,0.444357
fastmultrec_greedy,1,8,23,15,546.0,33.0,51.0,0.181015
lcamap,1,8,23,15,546.0,33.0,51.0,0.036760
segdup,1,8,23,20,711,33,51,63.665778
insider,1,8,23,20,692.0,31.0,72.0,2.582776
insider_relax,1,8,23,20,692.0,31.0,72.0,6.126214
fastmultrec_greedy,1,8,23,20,711.0,33.0,51.0,0.185697
lcamap,1,8,23,20,711.0,33.0,51.0,0.034478
segdup,1,9,23,5,202,30,52,124.709727
insider,1,9,23,5,202.0,30.0,52.0,0.127488
insider_relax,1,9,23,5,202.0,30.0,52.0,0.144735
fastmultrec_greedy,1,9,23,5,202.0,30.0,52.0,0.340725
lcamap,1,9,23,5,202.0,30.0,52.0,0.063903
segdup,1,9,23,10,352,30,52,135.152373
insider,1,9,23,10,352.0,30.0,52.0,0.144163
insider_relax,1,9,23,10,352.0,30.0,52.0,0.178108
fastmultrec_greedy,1,9,23,10,352.0,30.0,52.0,0.333959
lcamap,1,9,23,10,352.0,30.0,52.0,0.063355
segdup,1,9,23,15,502,30,52,123.544395
insider,1,9,23,15,502.0,30.0,52.0,0.187659
insider_relax,1,9,23,15,502.0,30.0,52.0,0.197397
fastmultrec_greedy,1,9,23,15,502.0,30.0,52.0,0.335028
lcamap,1,9,23,15,502.0,30.0,52.0,0.065188
segdup,1,9,23,20,652,30,52,104.179267
insider,1,9,23,20,652.0,30.0,52.0,0.359324
insider_relax,1,9,23,20,652.0,30.0,52.0,0.363577
fastmultrec_greedy,1,9,23,20,652.0,30.0,52.0,0.335116
lcamap,1,9,23,20,652.0,30.0,52.0,0.064665
segdup,1,10,23,5,13,2,3,74.883066
insider,1,10,23,5,13.0,2.0,3.0,0.061885
insider_relax,1,10,23,5,13.0,2.0,3.0,0.061763
fastmultrec_greedy,1,10,23,5,13.0,2.0,3.0,0.221530
lcamap,1,10,23,5,13.0,2.0,3.0,0.034627
segdup,1,10,23,10,23,2,3,69.369536
insider,1,10,23,10,23.0,2.0,3.0,0.061863
insider_relax,1,10,23,10,23.0,2.0,3.0,0.063801
fastmultrec_greedy,1,10,23,10,23.0,2.0,3.0,0.221163
lcamap,1,10,23,10,23.0,2.0,3.0,0.034287
segdup,1,10,23,15,33,2,3,72.244146
insider,1,10,23,15,33.0,2.0,3.0,0.061327
insider_relax,1,10,23,15,33.0,2.0,3.0,0.062895
fastmultrec_greedy,1,10,23,15,33.0,2.0,3.0,0.218567
lcamap,1,10,23,15,33.0,2.0,3.0,0.036362
segdup,1,10,23,20,43,2,3,48.831788
insider,1,10,23,20,43.0,2.0,3.0,0.064387
insider_relax,1,10,23,20,43.0,2.0,3.0,0.065147
fastmultrec_greedy,1,10,23,20,43.0,2.0,3.0,0.220474
lcamap,1,10,23,20,43.0,2.0,3.0,0.032666
segdup,1,11,23,5,5,1,0,49.348805
insider,1,11,23,5,5.0,1.0,0.0,0.034073
insider_relax,1,11,23,5,5.0,1.0,0.0,0.037986
fastmultrec_greedy,1,11,23,5,5.0,1.0,0.0,0.106546
lcamap,1,11,23,5,5.0,1.0,0.0,0.019330
segdup,1,11,23,10,10,1,0,47.542682
insider,1,11,23,10,10.0,1.0,0.0,0.035628
insider_relax,1,11,23,10,10.0,1.0,0.0,0.037713
fastmultrec_greedy,1,11,23,10,10.0,1.0,0.0,0.103411
lcamap,1,11,23,10,10.0,1.0,0.0,0.019253
segdup,1,11,23,15,15,1,0,30.529787
insider,1,11,23,15,15.0,1.0,0.0,0.034890
insider_relax,1,11,23,15,15.0,1.0,0.0,0.037305
fastmultrec_greedy,1,11,23,15,15.0,1.0,0.0,0.104766
lcamap,1,11,23,15,15.0,1.0,0.0,0.019508
segdup,1,11,23,20,20,1,0,41.751794
insider,1,11,23,20,20.0,1.0,0.0,0.035662
insider_relax,1,11,23,20,20.0,1.0,0.0,0.035888
fastmultrec_greedy,1,11,23,20,20.0,1.0,0.0,0.106519
lcamap,1,11,23,20,20.0,1.0,0.0,0.018907
segdup,2,7,23,5,570,78,180,206.274078
insider,2,7,23,5,570.0,78.0,180.0,0.344390
insider_relax,2,7,23,5,570.0,78.0,180.0,0.401356
fastmultrec_greedy,2,7,23,5,570.0,78.0,180.0,0.862484
lcamap,2,7,23,5,570.0,78.0,180.0,0.134090
segdup,2,7,23,10,960,78,180,203.116344
insider,2,7,23,10,956.0,77.0,186.0,0.481844
insider_relax,2,7,23,10,956.0,77.0,186.0,0.606844
fastmultrec_greedy,2,7,23,10,960.0,78.0,180.0,0.863441
lcamap,2,7,23,10,960.0,78.0,180.0,0.138984
segdup,2,7,23,15,1350,78,180,197.769531
insider,2,7,23,15,1341.0,77.0,186.0,0.954902
insider_relax,2,7,23,15,1341.0,77.0,186.0,1.171396
fastmultrec_greedy,2,7,23,15,1350.0,78.0,180.0,0.866088
lcamap,2,7,23,15,1350.0,78.0,180.0,0.135548
segdup,2,7,23,20,1740,78,180,187.477726
insider,2,7,23,20,1719.0,74.0,239.0,2.576303
insider_relax,2,7,23,20,1719.0,74.0,239.0,3.637119
fastmultrec_greedy,2,7,23,20,1740.0,78.0,180.0,0.872861
lcamap,2,7,23,20,1740.0,78.0,180.0,0.137506
segdup,2,8,23,5,211,34,41,151.651263
insider,2,8,23,5,211.0,34.0,41.0,0.192197
insider_relax,2,8,23,5,211.0,34.0,41.0,0.217082
fastmultrec_greedy,2,8,23,5,211.0,34.0,41.0,0.887485
lcamap,2,8,23,5,213.0,35.0,38.0,0.085076
segdup,2,8,23,10,388,35,38,141.267418
insider,2,8,23,10,373.0,32.0,53.0,0.249730
insider_relax,2,8,23,10,373.0,32.0,53.0,0.309924
fastmultrec_greedy,2,8,23,10,381.0,34.0,41.0,0.884211
lcamap,2,8,23,10,388.0,35.0,38.0,0.085635
segdup,2,8,23,15,551,34,41,133.549880
insider,2,8,23,15,530.0,31.0,65.0,0.431674
insider_relax,2,8,23,15,530.0,31.0,65.0,0.624696
fastmultrec_greedy,2,8,23,15,551.0,34.0,41.0,0.892938
lcamap,2,8,23,15,563.0,35.0,38.0,0.079544
segdup,2,8,23,20,738,35,38,138.794790
insider,2,8,23,20,685.0,31.0,65.0,2.353774
insider_relax,2,8,23,20,685.0,31.0,65.0,3.601309
fastmultrec_greedy,2,8,23,20,721.0,34.0,41.0,0.887907
lcamap,2,8,23,20,738.0,35.0,38.0,0.079966
segdup,2,9,23,5,149,23,34,118.926711
insider,2,9,23,5,149.0,23.0,34.0,0.144123
insider_relax,2,9,23,5,149.0,23.0,34.0,0.164615
fastmultrec_greedy,2,9,23,5,149.0,23.0,34.0,0.373397
lcamap,2,9,23,5,149.0,23.0,34.0,0.065511
segdup,2,9,23,10,264,23,34,109.403211
insider,2,9,23,10,264.0,23.0,34.0,0.186530
insider_relax,2,9,23,10,264.0,23.0,34.0,0.271791
fastmultrec_greedy,2,9,23,10,264.0,23.0,34.0,0.366827
lcamap,2,9,23,10,264.0,23.0,34.0,0.063861
segdup,2,9,23,15,379,23,34,110.887273
insider,2,9,23,15,379.0,23.0,34.0,0.462082
insider_relax,2,9,23,15,379.0,23.0,34.0,0.613356
fastmultrec_greedy,2,9,23,15,379.0,23.0,34.0,0.366220
lcamap,2,9,23,15,379.0,23.0,34.0,0.064887
segdup,2,9,23,20,494,23,34,94.605294
insider,2,9,23,20,494.0,23.0,34.0,2.122604
insider_relax,2,9,23,20,494.0,23.0,34.0,2.565357
fastmultrec_greedy,2,9,23,20,494.0,23.0,34.0,0.372647
lcamap,2,9,23,20,494.0,23.0,34.0,0.067233
segdup,2,10,23,5,26,5,1,245.214948
insider,2,10,23,5,26.0,5.0,1.0,0.170311
insider_relax,2,10,23,5,26.0,5.0,1.0,0.168703
fastmultrec_greedy,2,10,23,5,26.0,5.0,1.0,0.599358
lcamap,2,10,23,5,26.0,5.0,1.0,0.100004
segdup,2,10,23,10,51,5,1,223.157761
insider,2,10,23,10,51.0,5.0,1.0,0.171582
insider_relax,2,10,23,10,51.0,5.0,1.0,0.169436
fastmultrec_greedy,2,10,23,10,51.0,5.0,1.0,0.601536
lcamap,2,10,23,10,51.0,5.0,1.0,0.101982
segdup,2,10,23,15,76,5,1,200.024747
insider,2,10,23,15,76.0,5.0,1.0,0.164845
insider_relax,2,10,23,15,76.0,5.0,1.0,0.162158
fastmultrec_greedy,2,10,23,15,76.0,5.0,1.0,0.609706
lcamap,2,10,23,15,76.0,5.0,1.0,0.098742
segdup,2,10,23,20,101,5,1,116.528720
insider,2,10,23,20,101.0,5.0,1.0,0.175608
insider_relax,2,10,23,20,101.0,5.0,1.0,0.168895
fastmultrec_greedy,2,10,23,20,101.0,5.0,1.0,0.603925
lcamap,2,10,23,20,101.0,5.0,1.0,0.100739
segdup,2,11,23,5,10,2,0,250.637000
insider,2,11,23,5,10.0,2.0,0.0,0.162812
insider_relax,2,11,23,5,10.0,2.0,0.0,0.163858
fastmultrec_greedy,2,11,23,5,10.0,2.0,0.0,0.618478
lcamap,2,11,23,5,10.0,2.0,0.0,0.097336
segdup,2,11,23,10,20,2,0,197.779811
insider,2,11,23,10,20.0,2.0,0.0,0.171298
insider_relax,2,11,23,10,20.0,2.0,0.0,0.162741
fastmultrec_greedy,2,11,23,10,20.0,2.0,0.0,0.615364
lcamap,2,11,23,10,20.0,2.0,0.0,0.095203
segdup,2,11,23,15,30,2,0,125.816950
insider,2,11,23,15,30.0,2.0,0.0,0.173531
insider_relax,2,11,23,15,30.0,2.0,0.0,0.162065
fastmultrec_greedy,2,11,23,15,30.0,2.0,0.0,0.619831
lcamap,2,11,23,15,30.0,2.0,0.0,0.095990
segdup,2,11,23,20,40,2,0,124.558003
insider,2,11,23,20,40.0,2.0,0.0,0.171463
insider_relax,2,11,23,20,40.0,2.0,0.0,0.160602
fastmultrec_greedy,2,11,23,20,40.0,2.0,0.0,0.615759
lcamap,2,11,23,20,40.0,2.0,0.0,0.095289
segdup,1,7,24,5,1655,158,865,178.195874
insider,1,7,24,5,1632.0,149.0,887.0,0.248871
insider_relax,1,7,24,5,1632.0,149.0,887.0,0.275304
fastmultrec_greedy,1,7,24,5,1633.0,150.0,883.0,3.650454
lcamap,1,7,24,5,1655.0,158.0,865.0,0.084501
segdup,1,7,24,10,2445,158,865,180.923978
insider,1,7,24,10,2352.0,139.0,962.0,0.456199
insider_relax,1,7,24,10,2352.0,139.0,962.0,0.613959
fastmultrec_greedy,1,7,24,10,2371.0,146.0,911.0,5.748658
lcamap,1,7,24,10,2445.0,158.0,865.0,0.085026
segdup,1,7,24,15,3235,158,865,174.792908
insider,1,7,24,15,3030.0,133.0,1035.0,0.945455
insider_relax,1,7,24,15,3030.0,133.0,1035.0,1.213050
fastmultrec_greedy,1,7,24,15,3098.0,145.0,923.0,6.196223
lcamap,1,7,24,15,3235.0,158.0,865.0,0.084317
segdup,1,7,24,20,4011,157,871,178.355517
insider,1,7,24,20,3681.0,127.0,1141.0,1.943758
insider_relax,1,7,24,20,3681.0,127.0,1141.0,2.704010
fastmultrec_greedy,1,7,24,20,3821.0,144.0,941.0,6.624879
lcamap,1,7,24,20,4025.0,158.0,865.0,0.086434
segdup,1,8,24,5,204,30,54,37.868393
insider,1,8,24,5,204.0,30.0,54.0,0.062405
insider_relax,1,8,24,5,204.0,30.0,54.0,0.070422
fastmultrec_greedy,1,8,24,5,204.0,30.0,54.0,0.098411
lcamap,1,8,24,5,204.0,30.0,54.0,0.019301
segdup,1,8,24,10,354,30,54,37.258075
insider,1,8,24,10,349.0,28.0,69.0,0.103692
insider_relax,1,8,24,10,349.0,28.0,69.0,0.135807
fastmultrec_greedy,1,8,24,10,350.0,29.0,60.0,0.150729
lcamap,1,8,24,10,354.0,30.0,54.0,0.018258
segdup,1,8,24,15,504,30,54,34.549897
insider,1,8,24,15,486.0,26.0,96.0,0.237639
insider_relax,1,8,24,15,486.0,26.0,96.0,0.314462
fastmultrec_greedy,1,8,24,15,495.0,29.0,60.0,0.148778
lcamap,1,8,24,15,504.0,30.0,54.0,0.017822
segdup,1,8,24,20,654,30,54,32.791477
insider,1,8,24,20,616.0,26.0,96.0,0.660998
insider_relax,1,8,24,20,616.0,26.0,96.0,0.940867
fastmultrec_greedy,1,8,24,20,640.0,29.0,60.0,0.152683
lcamap,1,8,24,20,654.0,30.0,54.0,0.021353
segdup,1,9,24,5,44,7,9,71.787718
insider,1,9,24,5,44.0,7.0,9.0,0.064459
insider_relax,1,9,24,5,44.0,7.0,9.0,0.070317
fastmultrec_greedy,1,9,24,5,44.0,7.0,9.0,0.192905
lcamap,1,9,24,5,44.0,7.0,9.0,0.032535
segdup,1,9,24,10,79,7,9,69.123109
insider,1,9,24,10,79.0,7.0,9.0,0.064015
insider_relax,1,9,24,10,79.0,7.0,9.0,0.073378
fastmultrec_greedy,1,9,24,10,79.0,7.0,9.0,0.195940
lcamap,1,9,24,10,79.0,7.0,9.0,0.032312
segdup,1,9,24,15,114,7,9,59.756384
insider,1,9,24,15,114.0,7.0,9.0,0.069706
insider_relax,1,9,24,15,114.0,7.0,9.0,0.073150
fastmultrec_greedy,1,9,24,15,114.0,7.0,9.0,0.193037
lcamap,1,9,24,15,114.0,7.0,9.0,0.033548
segdup,1,9,24,20,149,7,9,47.008801
insider,1,9,24,20,149.0,7.0,9.0,0.079738
insider_relax,1,9,24,20,149.0,7.0,9.0,0.077236
fastmultrec_greedy,1,9,24,20,149.0,7.0,9.0,0.196273
lcamap,1,9,24,20,149.0,7.0,9.0,0.031752
segdup,1,10,24,5,5,1,0,159.950877
insider,1,10,24,5,5.0,1.0,0.0,0.100857
insider_relax,1,10,24,5,5.0,1.0,0.0,0.100133
fastmultrec_greedy,1,10,24,5,5.0,1.0,0.0,0.340584
lcamap,1,10,24,5,5.0,1.0,0.0,0.062232
segdup,1,10,24,10,10,1,0,158.931923
insider,1,10,24,10,10.0,1.0,0.0,0.100880
insider_relax,1,10,24,10,10.0,1.0,0.0,0.104020
fastmultrec_greedy,1,10,24,10,10.0,1.0,0.0,0.333205
lcamap,1,10,24,10,10.0,1.0,0.0,0.061109
segdup,1,10,24,15,15,1,0,92.047938
insider,1,10,24,15,15.0,1.0,0.0,0.099432
insider_relax,1,10,24,15,15.0,1.0,0.0,0.099821
fastmultrec_greedy,1,10,24,15,15.0,1.0,0.0,0.337603
lcamap,1,10,24,15,15.0,1.0,0.0,0.064020
segdup,1,10,24,20,20,1,0,88.225009
insider,1,10,24,20,20.0,1.0,0.0,0.099236
insider_relax,1,10,24,20,20.0,1.0,0.0,0.097251
fastmultrec_greedy,1,10,24,20,20.0,1.0,0.0,0.335134
lcamap,1,10,24,20,20.0,1.0,0.0,0.059739
segdup,1,11,24,5,5,1,0,63.724924
insider,1,11,24,5,5.0,1.0,0.0,0.049589
insider_relax,1,11,24,5,5.0,1.0,0.0,0.052251
fastmultrec_greedy,1,11,24,5,5.0,1.0,0.0,0.187014
lcamap,1,11,24,5,5.0,1.0,0.0,0.029082
segdup,1,11,24,10,10,1,0,61.495569
insider,1,11,24,10,10.0,1.0,0.0,0.052376
insider_relax,1,11,24,10,10.0,1.0,0.0,0.052355
fastmultrec_greedy,1,11,24,10,10.0,1.0,0.0,0.187862
lcamap,1,11,24,10,10.0,1.0,0.0,0.028779
segdup,1,11,24,15,15,1,0,62.073224
insider,1,11,24,15,15.0,1.0,0.0,0.049873
insider_relax,1,11,24,15,15.0,1.0,0.0,0.055493
fastmultrec_greedy,1,11,24,15,15.0,1.0,0.0,0.189650
lcamap,1,11,24,15,15.0,1.0,0.0,0.031344
segdup,1,11,24,20,20,1,0,43.414696
insider,1,11,24,20,20.0,1.0,0.0,0.051965
insider_relax,1,11,24,20,20.0,1.0,0.0,0.052568
fastmultrec_greedy,1,11,24,20,20.0,1.0,0.0,0.184080
lcamap,1,11,24,20,20.0,1.0,0.0,0.029830
segdup,2,7,24,5,4140,206,3110,478.752935
insider,2,7,24,5,4103.0,184.0,3183.0,0.440212
insider_relax,2,7,24,5,4103.0,183.0,3188.0,0.465864
fastmultrec_greedy,2,7,24,5,4105.0,188.0,3165.0,12.499997
lcamap,2,7,24,5,4140.0,206.0,3110.0,0.126449
segdup,2,7,24,10,5170,206,3110,467.751589
insider,2,7,24,10,4993.0,173.0,3263.0,0.696854
insider_relax,2,7,24,10,4993.0,172.0,3273.0,0.799227
fastmultrec_greedy,2,7,24,10,5006.0,178.0,3226.0,18.036128
lcamap,2,7,24,10,5170.0,206.0,3110.0,0.125608
segdup,2,7,24,15,6200,206,3110,457.622739
insider,2,7,24,15,5824.0,163.0,3379.0,1.159002
insider_relax,2,7,24,15,5824.0,163.0,3379.0,1.381350
fastmultrec_greedy,2,7,24,15,5881.0,173.0,3286.0,20.466043
lcamap,2,7,24,15,6200.0,206.0,3110.0,0.125048
segdup,2,7,24,20,7230,206,3110,467.794985
insider,2,7,24,20,6611.0,152.0,3571.0,2.232569
insider_relax,2,7,24,20,6611.0,152.0,3571.0,2.716633
fastmultrec_greedy,2,7,24,20,6729.0,167.0,3389.0,24.209380
lcamap,2,7,24,20,7230.0,206.0,3110.0,0.127536
segdup,2,8,24,5,658,75,283,150.565415
insider,2,8,24,5,658.0,75.0,283.0,0.222206
insider_relax,2,8,24,5,658.0,75.0,283.0,0.252901
fastmultrec_greedy,2,8,24,5,658.0,75.0,283.0,0.436443
lcamap,2,8,24,5,658.0,75.0,283.0,0.076387
segdup,2,8,24,10,1033,75,283,144.265016
insider,2,8,24,10,1023.0,71.0,313.0,0.340382
insider_relax,2,8,24,10,1023.0,71.0,313.0,0.431465
fastmultrec_greedy,2,8,24,10,1032.0,74.0,292.0,0.789371
lcamap,2,8,24,10,1033.0,75.0,283.0,0.078654
segdup,2,8,24,15,1408,75,283,138.056357
insider,2,8,24,15,1375.0,68.0,355.0,0.621277
insider_relax,2,8,24,15,1375.0,68.0,355.0,0.742821
fastmultrec_greedy,2,8,24,15,1402.0,74.0,292.0,0.800840
lcamap,2,8,24,15,1408.0,75.0,283.0,0.085570
segdup,2,8,24,20,1772,74,292,137.113767
insider,2,8,24,20,1708.0,66.0,388.0,1.152438
insider_relax,2,8,24,20,1708.0,66.0,388.0,1.807513
fastmultrec_greedy,2,8,24,20,1772.0,74.0,292.0,0.794048
lcamap,2,8,24,20,1783.0,75.0,283.0,0.076230
segdup,2,9,24,5,39,7,4,78.539956
insider,2,9,24,5,39.0,7.0,4.0,0.073096
insider_relax,2,9,24,5,39.0,7.0,4.0,0.075168
fastmultrec_greedy,2,9,24,5,39.0,7.0,4.0,0.178964
lcamap,2,9,24,5,39.0,7.0,4.0,0.036413
segdup,2,9,24,10,74,7,4,76.811922
insider,2,9,24,10,74.0,7.0,4.0,0.074284
insider_relax,2,9,24,10,74.0,7.0,4.0,0.082507
fastmultrec_greedy,2,9,24,10,74.0,7.0,4.0,0.182699
lcamap,2,9,24,10,74.0,7.0,4.0,0.034370
segdup,2,9,24,15,109,7,4,65.113429
insider,2,9,24,15,109.0,7.0,4.0,0.082700
insider_relax,2,9,24,15,109.0,7.0,4.0,0.085325
fastmultrec_greedy,2,9,24,15,109.0,7.0,4.0,0.180267
lcamap,2,9,24,15,109.0,7.0,4.0,0.035457
segdup,2,9,24,20,144,7,4,61.263433
insider,2,9,24,20,144.0,7.0,4.0,0.087728
insider_relax,2,9,24,20,144.0,7.0,4.0,0.089151
fastmultrec_greedy,2,9,24,20,144.0,7.0,4.0,0.179302
lcamap,2,9,24,20,144.0,7.0,4.0,0.037277
segdup,2,10,24,5,22,4,2,97.416334
insider,2,10,24,5,22.0,4.0,2.0,0.072065
insider_relax,2,10,24,5,22.0,4.0,2.0,0.072161
fastmultrec_greedy,2,10,24,5,22.0,4.0,2.0,0.229930
lcamap,2,10,24,5,22.0,4.0,2.0,0.035590
segdup,2,10,24,10,42,4,2,88.965021
insider,2,10,24,10,42.0,4.0,2.0,0.070211
insider_relax,2,10,24,10,42.0,4.0,2.0,0.075027
fastmultrec_greedy,2,10,24,10,42.0,4.0,2.0,0.227890
lcamap,2,10,24,10,42.0,4.0,2.0,0.037180
segdup,2,10,24,15,62,4,2,54.581246
insider,2,10,24,15,62.0,4.0,2.0,0.072335
insider_relax,2,10,24,15,62.0,4.0,2.0,0.070631
fastmultrec_greedy,2,10,24,15,62.0,4.0,2.0,0.226374
lcamap,2,10,24,15,62.0,4.0,2.0,0.035855
segdup,2,10,24,20,82,4,2,73.536380
insider,2,10,24,20,82.0,4.0,2.0,0.072443
insider_relax,2,10,24,20,82.0,4.0,2.0,0.071568
fastmultrec_greedy,2,10,24,20,82.0,4.0,2.0,0.224472
lcamap,2,10,24,20,82.0,4.0,2.0,0.038937
segdup,2,11,24,5,10,2,0,121.298761
insider,2,11,24,5,10.0,2.0,0.0,0.082748
insider_relax,2,11,24,5,10.0,2.0,0.0,0.078448
fastmultrec_greedy,2,11,24,5,10.0,2.0,0.0,0.232922
lcamap,2,11,24,5,10.0,2.0,0.0,0.045358
segdup,2,11,24,10,20,2,0,104.005081
insider,2,11,24,10,20.0,2.0,0.0,0.079381
insider_relax,2,11,24,10,20.0,2.0,0.0,0.080775
fastmultrec_greedy,2,11,24,10,20.0,2.0,0.0,0.229807
lcamap,2,11,24,10,20.0,2.0,0.0,0.044900
segdup,2,11,24,15,30,2,0,51.090998
insider,2,11,24,15,30.0,2.0,0.0,0.078591
insider_relax,2,11,24,15,30.0,2.0,0.0,0.081012
fastmultrec_greedy,2,11,24,15,30.0,2.0,0.0,0.222825
lcamap,2,11,24,15,30.0,2.0,0.0,0.044464
segdup,2,11,24,20,40,2,0,52.057554
insider,2,11,24,20,40.0,2.0,0.0,0.079330
insider_relax,2,11,24,20,40.0,2.0,0.0,0.078435
fastmultrec_greedy,2,11,24,20,40.0,2.0,0.0,0.228032
lcamap,2,11,24,20,40.0,2.0,0.0,0.044523
segdup,1,7,25,5,2690,194,1720,159.219345
insider,1,7,25,5,2626.0,170.0,1776.0,0.226226
insider_relax,1,7,25,5,2626.0,170.0,1776.0,0.260733
fastmultrec_greedy,1,7,25,5,2627.0,171.0,1772.0,5.675580
lcamap,1,7,25,5,2690.0,194.0,1720.0,0.056414
segdup,1,7,25,10,3657,193,1727,158.360231
insider,1,7,25,10,3432.0,155.0,1882.0,0.440812
insider_relax,1,7,25,10,3432.0,155.0,1882.0,0.513935
fastmultrec_greedy,1,7,25,10,3465.0,166.0,1805.0,7.203408
lcamap,1,7,25,10,3660.0,194.0,1720.0,0.058829
segdup,1,7,25,15,4621,192,1741,158.739266
insider,1,7,25,15,4187.0,145.0,2012.0,0.873709
insider_relax,1,7,25,15,4187.0,145.0,2012.0,1.082269
fastmultrec_greedy,1,7,25,15,4283.0,162.0,1853.0,8.182892
lcamap,1,7,25,15,4630.0,194.0,1720.0,0.057497
segdup,1,7,25,20,5540,187,1800,163.889477
insider,1,7,25,20,4882.0,134.0,2202.0,2.002256
insider_relax,1,7,25,20,4882.0,134.0,2202.0,2.922718
fastmultrec_greedy,1,7,25,20,5086.0,160.0,1886.0,8.674304
lcamap,1,7,25,20,5600.0,194.0,1720.0,0.055010
segdup,1,8,25,5,591,81,186,155.076681
insider,1,8,25,5,589.0,80.0,189.0,0.215573
insider_relax,1,8,25,5,589.0,80.0,189.0,0.264511
fastmultrec_greedy,1,8,25,5,589.0,80.0,189.0,0.813855
lcamap,1,8,25,5,591.0,81.0,186.0,0.084260
segdup,1,8,25,10,992,80,192,154.997280
insider,1,8,25,10,968.0,74.0,228.0,0.355294
insider_relax,1,8,25,10,968.0,74.0,228.0,0.510430
fastmultrec_greedy,1,8,25,10,985.0,79.0,195.0,1.173556
lcamap,1,8,25,10,996.0,81.0,186.0,0.086816
segdup,1,8,25,15,1380,79,195,151.473684
insider,1,8,25,15,1330.0,71.0,265.0,0.946233
insider_relax,1,8,25,15,1330.0,71.0,265.0,1.262390
fastmultrec_greedy,1,8,25,15,1380.0,79.0,195.0,1.188389
lcamap,1,8,25,15,1401.0,81.0,186.0,0.086669
segdup,1,8,25,20,1779,79,199,154.250003
insider,1,8,25,20,1685.0,71.0,265.0,4.612190
insider_relax,1,8,25,20,1685.0,71.0,265.0,8.010168
fastmultrec_greedy,1,8,25,20,1775.0,79.0,195.0,1.202719
lcamap,1,8,25,20,1806.0,81.0,186.0,0.088812
segdup,1,9,25,5,86,16,6,59.405606
insider,1,9,25,5,86.0,16.0,6.0,0.065412
insider_relax,1,9,25,5,86.0,16.0,6.0,0.077233
fastmultrec_greedy,1,9,25,5,86.0,16.0,6.0,0.154129
lcamap,1,9,25,5,86.0,16.0,6.0,0.027062
segdup,1,9,25,10,166,16,6,56.906406
insider,1,9,25,10,162.0,15.0,12.0,0.084545
insider_relax,1,9,25,10,162.0,15.0,12.0,0.114957
fastmultrec_greedy,1,9,25,10,166.0,16.0,6.0,0.154104
lcamap,1,9,25,10,166.0,16.0,6.0,0.026311
segdup,1,9,25,15,237,15,12,47.461673
insider,1,9,25,15,237.0,15.0,12.0,0.133174
insider_relax,1,9,25,15,237.0,15.0,12.0,0.137487
fastmultrec_greedy,1,9,25,15,246.0,16.0,6.0,0.150891
lcamap,1,9,25,15,246.0,16.0,6.0,0.027894
segdup,1,9,25,20,312,15,12,44.237274
insider,1,9,25,20,312.0,15.0,12.0,0.181478
insider_relax,1,9,25,20,312.0,15.0,12.0,0.220097
fastmultrec_greedy,1,9,25,20,326.0,16.0,6.0,0.157527
lcamap,1,9,25,20,326.0,16.0,6.0,0.027607
segdup,1,10,25,5,6,1,1,97.909464
insider,1,10,25,5,6.0,1.0,1.0,0.057403
insider_relax,1,10,25,5,6.0,1.0,1.0,0.063373
fastmultrec_greedy,1,10,25,5,6.0,1.0,1.0,0.206164
lcamap,1,10,25,5,6.0,1.0,1.0,0.035822
segdup,1,10,25,10,11,1,1,88.996433
insider,1,10,25,10,11.0,1.0,1.0,0.057688
insider_relax,1,10,25,10,11.0,1.0,1.0,0.060058
fastmultrec_greedy,1,10,25,10,11.0,1.0,1.0,0.198192
lcamap,1,10,25,10,11.0,1.0,1.0,0.037769
segdup,1,10,25,15,16,1,1,87.141267
insider,1,10,25,15,16.0,1.0,1.0,0.060451
insider_relax,1,10,25,15,16.0,1.0,1.0,0.063957
fastmultrec_greedy,1,10,25,15,16.0,1.0,1.0,0.199987
lcamap,1,10,25,15,16.0,1.0,1.0,0.035269
segdup,1,10,25,20,21,1,1,52.983911
insider,1,10,25,20,21.0,1.0,1.0,0.060500
insider_relax,1,10,25,20,21.0,1.0,1.0,0.061490
fastmultrec_greedy,1,10,25,20,21.0,1.0,1.0,0.203634
lcamap,1,10,25,20,21.0,1.0,1.0,0.035629
segdup,1,11,25,5,5,1,0,126.179706
insider,1,11,25,5,5.0,1.0,0.0,0.076987
insider_relax,1,11,25,5,5.0,1.0,0.0,0.075895
fastmultrec_greedy,1,11,25,5,5.0,1.0,0.0,0.228181
lcamap,1,11,25,5,5.0,1.0,0.0,0.045409
segdup,1,11,25,10,10,1,0,123.091319
insider,1,11,25,10,10.0,1.0,0.0,0.075203
insider_relax,1,11,25,10,10.0,1.0,0.0,0.078064
fastmultrec_greedy,1,11,25,10,10.0,1.0,0.0,0.229575
lcamap,1,11,25,10,10.0,1.0,0.0,0.044627
segdup,1,11,25,15,15,1,0,112.302045
insider,1,11,25,15,15.0,1.0,0.0,0.076433
insider_relax,1,11,25,15,15.0,1.0,0.0,0.075787
fastmultrec_greedy,1,11,25,15,15.0,1.0,0.0,0.227775
lcamap,1,11,25,15,15.0,1.0,0.0,0.045812
segdup,1,11,25,20,20,1,0,90.770725
insider,1,11,25,20,20.0,1.0,0.0,0.071769
insider_relax,1,11,25,20,20.0,1.0,0.0,0.077848
fastmultrec_greedy,1,11,25,20,20.0,1.0,0.0,0.228402
lcamap,1,11,25,20,20.0,1.0,0.0,0.041576
segdup,2,7,25,5,3831,167,2996,336.058197
insider,2,7,25,5,3801.0,154.0,3031.0,0.322094
insider_relax,2,7,25,5,3801.0,153.0,3036.0,0.373554
fastmultrec_greedy,2,7,25,5,3802.0,154.0,3032.0,4.923775
lcamap,2,7,25,5,3831.0,167.0,2996.0,0.086399
segdup,2,7,25,10,4666,167,2996,329.333266
insider,2,7,25,10,4523.0,139.0,3133.0,0.550684
insider_relax,2,7,25,10,4523.0,139.0,3133.0,0.655291
fastmultrec_greedy,2,7,25,10,4543.0,145.0,3093.0,8.788652
lcamap,2,7,25,10,4666.0,167.0,2996.0,0.083514
segdup,2,7,25,15,5501,167,2996,329.085714
insider,2,7,25,15,5195.0,130.0,3245.0,1.011446
insider_relax,2,7,25,15,5195.0,130.0,3245.0,1.181226
fastmultrec_greedy,2,7,25,15,5258.0,141.0,3143.0,10.727927
lcamap,2,7,25,15,5501.0,167.0,2996.0,0.088990
segdup,2,7,25,20,6336,167,2996,320.437817
insider,2,7,25,20,5823.0,122.0,3383.0,1.553253
insider_relax,2,7,25,20,5823.0,122.0,3383.0,2.071556
fastmultrec_greedy,2,7,25,20,5951.0,136.0,3231.0,12.709974
lcamap,2,7,25,20,6336.0,167.0,2996.0,0.082710
segdup,2,8,25,5,193,29,48,75.394333
insider,2,8,25,5,193.0,29.0,48.0,0.126545
insider_relax,2,8,25,5,193.0,29.0,48.0,0.150550
fastmultrec_greedy,2,8,25,5,193.0,29.0,48.0,0.227102
lcamap,2,8,25,5,193.0,29.0,48.0,0.039586
segdup,2,8,25,10,338,29,48,74.516976
insider,2,8,25,10,337.0,28.0,57.0,0.226296
insider_relax,2,8,25,10,337.0,28.0,57.0,0.353193
fastmultrec_greedy,2,8,25,10,338.0,29.0,48.0,0.215932
lcamap,2,8,25,10,338.0,29.0,48.0,0.040192
segdup,2,8,25,15,483,29,48,70.845798
insider,2,8,25,15,476.0,26.0,86.0,0.795957
insider_relax,2,8,25,15,476.0,26.0,86.0,1.136315
fastmultrec_greedy,2,8,25,15,483.0,29.0,48.0,0.217436
lcamap,2,8,25,15,483.0,29.0,48.0,0.043107
segdup,2,8,25,20,628,29,48,54.457172
insider,2,8,25,20,606.0,26.0,86.0,2.120246
insider_relax,2,8,25,20,606.0,26.0,86.0,2.767069
fastmultrec_greedy,2,8,25,20,628.0,29.0,48.0,0.222958
lcamap,2,8,25,20,628.0,29.0,48.0,0.044043
segdup,2,9,25,5,60,10,10,144.514798
insider,2,9,25,5,60.0,10.0,10.0,0.103440
insider_relax,2,9,25,5,60.0,10.0,10.0,0.111464
fastmultrec_greedy,2,9,25,5,60.0,10.0,10.0,0.295183
lcamap,2,9,25,5,60.0,10.0,10.0,0.050914
segdup,2,9,25,10,110,10,10,136.157068
insider,2,9,25,10,110.0,10.0,10.0,0.110641
insider_relax,2,9,25,10,110.0,10.0,10.0,0.119979
fastmultrec_greedy,2,9,25,10,110.0,10.0,10.0,0.289280
lcamap,2,9,25,10,110.0,10.0,10.0,0.051139
segdup,2,9,25,15,160,10,10,57.364815
insider,2,9,25,15,160.0,10.0,10.0,0.118407
insider_relax,2,9,25,15,160.0,10.0,10.0,0.122293
fastmultrec_greedy,2,9,25,15,160.0,10.0,10.0,0.291906
lcamap,2,9,25,15,160.0,10.0,10.0,0.051514
segdup,2,9,25,20,210,10,10,57.897667
insider,2,9,25,20,210.0,10.0,10.0,0.132729
insider_relax,2,9,25,20,210.0,10.0,10.0,0.133034
fastmultrec_greedy,2,9,25,20,210.0,10.0,10.0,0.293577
lcamap,2,9,25,20,210.0,10.0,10.0,0.052068
segdup,2,10,25,5,21,3,6,96.873417
insider,2,10,25,5,21.0,3.0,6.0,0.072858
insider_relax,2,10,25,5,21.0,3.0,6.0,0.072207
fastmultrec_greedy,2,10,25,5,21.0,3.0,6.0,0.192172
lcamap,2,10,25,5,21.0,3.0,6.0,0.035819
segdup,2,10,25,10,36,3,6,91.385981
insider,2,10,25,10,36.0,3.0,6.0,0.069257
insider_relax,2,10,25,10,36.0,3.0,6.0,0.073806
fastmultrec_greedy,2,10,25,10,36.0,3.0,6.0,0.190428
lcamap,2,10,25,10,36.0,3.0,6.0,0.035863
segdup,2,10,25,15,51,3,6,57.414505
insider,2,10,25,15,51.0,3.0,6.0,0.071267
insider_relax,2,10,25,15,51.0,3.0,6.0,0.072097
fastmultrec_greedy,2,10,25,15,51.0,3.0,6.0,0.190147
lcamap,2,10,25,15,51.0,3.0,6.0,0.035071
segdup,2,10,25,20,66,3,6,42.027194
insider,2,10,25,20,66.0,3.0,6.0,0.071914
insider_relax,2,10,25,20,66.0,3.0,6.0,0.074447
fastmultrec_greedy,2,10,25,20,66.0,3.0,6.0,0.189890
lcamap,2,10,25,20,66.0,3.0,6.0,0.035943
segdup,2,11,25,5,10,2,0,147.984419
insider,2,11,25,5,10.0,2.0,0.0,0.116691
insider_relax,2,11,25,5,10.0,2.0,0.0,0.108942
fastmultrec_greedy,2,11,25,5,10.0,2.0,0.0,0.381538
lcamap,2,11,25,5,10.0,2.0,0.0,0.059711
segdup,2,11,25,10,20,2,0,134.364412
insider,2,11,25,10,20.0,2.0,0.0,0.112166
insider_relax,2,11,25,10,20.0,2.0,0.0,0.110964
fastmultrec_greedy,2,11,25,10,20.0,2.0,0.0,0.382372
lcamap,2,11,25,10,20.0,2.0,0.0,0.061261
segdup,2,11,25,15,30,2,0,116.694453
insider,2,11,25,15,30.0,2.0,0.0,0.112407
insider_relax,2,11,25,15,30.0,2.0,0.0,0.111918
fastmultrec_greedy,2,11,25,15,30.0,2.0,0.0,0.378927
lcamap,2,11,25,15,30.0,2.0,0.0,0.060813
segdup,2,11,25,20,40,2,0,72.952101
insider,2,11,25,20,40.0,2.0,0.0,0.110091
insider_relax,2,11,25,20,40.0,2.0,0.0,0.108452
fastmultrec_greedy,2,11,25,20,40.0,2.0,0.0,0.377815
lcamap,2,11,25,20,40.0,2.0,0.0,0.061403
segdup,1,7,26,5,1121,123,506,102.432284
insider,1,7,26,5,1109.0,117.0,524.0,0.167037
insider_relax,1,7,26,5,1109.0,117.0,524.0,0.197691
fastmultrec_greedy,1,7,26,5,1109.0,117.0,524.0,1.787162
lcamap,1,7,26,5,1121.0,123.0,506.0,0.054752
segdup,1,7,26,10,1736,123,506,99.532495
insider,1,7,26,10,1680.0,112.0,560.0,0.314026
insider_relax,1,7,26,10,1680.0,112.0,560.0,0.427593
fastmultrec_greedy,1,7,26,10,1693.0,116.0,533.0,2.038917
lcamap,1,7,26,10,1736.0,123.0,506.0,0.055438
segdup,1,7,26,15,2324,119,539,100.186893
insider,1,7,26,15,2222.0,105.0,647.0,0.832614
insider_relax,1,7,26,15,2222.0,105.0,647.0,0.993314
fastmultrec_greedy,1,7,26,15,2273.0,116.0,533.0,2.046253
lcamap,1,7,26,15,2351.0,123.0,506.0,0.056252
segdup,1,7,26,20,2925,120,525,97.835785
insider,1,7,26,20,2738.0,102.0,698.0,3.825206
insider_relax,1,7,26,20,2738.0,102.0,698.0,10.963172
fastmultrec_greedy,1,7,26,20,2849.0,115.0,549.0,2.313802
lcamap,1,7,26,20,2966.0,123.0,506.0,0.057263
segdup,1,8,26,5,340,51,85,52.053456
insider,1,8,26,5,340.0,51.0,85.0,0.090668
insider_relax,1,8,26,5,340.0,51.0,85.0,0.104701
fastmultrec_greedy,1,8,26,5,340.0,51.0,85.0,0.152648
lcamap,1,8,26,5,340.0,51.0,85.0,0.028266
segdup,1,8,26,10,595,51,85,50.701088
insider,1,8,26,10,588.0,47.0,118.0,0.136638
insider_relax,1,8,26,10,588.0,47.0,118.0,0.199994
fastmultrec_greedy,1,8,26,10,595.0,51.0,85.0,0.142910
lcamap,1,8,26,10,595.0,51.0,85.0,0.027259
segdup,1,8,26,15,850,51,85,47.661225
insider,1,8,26,15,823.0,47.0,118.0,0.317051
insider_relax,1,8,26,15,823.0,47.0,118.0,0.452510
fastmultrec_greedy,1,8,26,15,850.0,51.0,85.0,0.150217
lcamap,1,8,26,15,850.0,51.0,85.0,0.027994
segdup,1,8,26,20,1091,50,91,47.026433
insider,1,8,26,20,1055.0,45.0,155.0,3.670951
insider_relax,1,8,26,20,1055.0,45.0,155.0,7.218381
fastmultrec_greedy,1,8,26,20,1105.0,51.0,85.0,0.145365
lcamap,1,8,26,20,1105.0,51.0,85.0,0.030242
segdup,1,9,26,5,65,12,5,98.909532
insider,1,9,26,5,65.0,12.0,5.0,0.073780
insider_relax,1,9,26,5,65.0,12.0,5.0,0.075285
fastmultrec_greedy,1,9,26,5,65.0,12.0,5.0,0.179207
lcamap,1,9,26,5,65.0,12.0,5.0,0.036619
segdup,1,9,26,10,125,12,5,95.693327
insider,1,9,26,10,125.0,12.0,5.0,0.080752
insider_relax,1,9,26,10,125.0,12.0,5.0,0.098397
fastmultrec_greedy,1,9,26,10,125.0,12.0,5.0,0.179930
lcamap,1,9,26,10,125.0,12.0,5.0,0.034880
segdup,1,9,26,15,185,12,5,79.253418
insider,1,9,26,15,185.0,12.0,5.0,0.099071
insider_relax,1,9,26,15,185.0,12.0,5.0,0.102881
fastmultrec_greedy,1,9,26,15,185.0,12.0,5.0,0.176339
lcamap,1,9,26,15,185.0,12.0,5.0,0.035340
segdup,1,9,26,20,245,12,5,89.338995
insider,1,9,26,20,245.0,12.0,5.0,0.238738
insider_relax,1,9,26,20,245.0,12.0,5.0,0.241823
fastmultrec_greedy,1,9,26,20,245.0,12.0,5.0,0.173929
lcamap,1,9,26,20,245.0,12.0,5.0,0.035139
segdup,1,10,26,5,6,1,1,66.298541
insider,1,10,26,5,6.0,1.0,1.0,0.052956
insider_relax,1,10,26,5,6.0,1.0,1.0,0.052111
fastmultrec_greedy,1,10,26,5,6.0,1.0,1.0,0.189304
lcamap,1,10,26,5,6.0,1.0,1.0,0.030021
segdup,1,10,26,10,11,1,1,64.910526
insider,1,10,26,10,11.0,1.0,1.0,0.054043
insider_relax,1,10,26,10,11.0,1.0,1.0,0.054845
fastmultrec_greedy,1,10,26,10,11.0,1.0,1.0,0.187016
lcamap,1,10,26,10,11.0,1.0,1.0,0.028357
segdup,1,10,26,15,16,1,1,42.346624
insider,1,10,26,15,16.0,1.0,1.0,0.052380
insider_relax,1,10,26,15,16.0,1.0,1.0,0.053037
fastmultrec_greedy,1,10,26,15,16.0,1.0,1.0,0.189602
lcamap,1,10,26,15,16.0,1.0,1.0,0.029398
segdup,1,10,26,20,21,1,1,57.784409
insider,1,10,26,20,21.0,1.0,1.0,0.054600
insider_relax,1,10,26,20,21.0,1.0,1.0,0.055562
fastmultrec_greedy,1,10,26,20,21.0,1.0,1.0,0.186069
lcamap,1,10,26,20,21.0,1.0,1.0,0.030104
segdup,1,11,26,5,5,1,0,180.325262
insider,1,11,26,5,5.0,1.0,0.0,0.108492
insider_relax,1,11,26,5,5.0,1.0,0.0,0.107127
fastmultrec_greedy,1,11,26,5,5.0,1.0,0.0,0.350099
lcamap,1,11,26,5,5.0,1.0,0.0,0.073770
segdup,1,11,26,10,10,1,0,170.631650
insider,1,11,26,10,10.0,1.0,0.0,0.105454
insider_relax,1,11,26,10,10.0,1.0,0.0,0.109978
fastmultrec_greedy,1,11,26,10,10.0,1.0,0.0,0.358813
lcamap,1,11,26,10,10.0,1.0,0.0,0.070846
segdup,1,11,26,15,15,1,0,106.252249
insider,1,11,26,15,15.0,1.0,0.0,0.106733
insider_relax,1,11,26,15,15.0,1.0,0.0,0.105333
fastmultrec_greedy,1,11,26,15,15.0,1.0,0.0,0.355898
lcamap,1,11,26,15,15.0,1.0,0.0,0.068626
segdup,1,11,26,20,20,1,0,100.133241
insider,1,11,26,20,20.0,1.0,0.0,0.107622
insider_relax,1,11,26,20,20.0,1.0,0.0,0.109515
fastmultrec_greedy,1,11,26,20,20.0,1.0,0.0,0.355954
lcamap,1,11,26,20,20.0,1.0,0.0,0.068417
segdup,2,7,26,5,6372,249,5127,550.793328
insider,2,7,26,5,6318.0,221.0,5213.0,0.482951
insider_relax,2,7,26,5,6318.0,220.0,5218.0,0.560675
fastmultrec_greedy,2,7,26,5,6320.0,224.0,5200.0,16.037709
lcamap,2,7,26,5,6372.0,249.0,5127.0,0.133303
segdup,2,7,26,10,7617,249,5127,530.115385
insider,2,7,26,10,7361.0,200.0,5361.0,0.734885
insider_relax,2,7,26,10,7361.0,199.0,5371.0,0.838448
fastmultrec_greedy,2,7,26,10,7399.0,211.0,5289.0,25.365413
lcamap,2,7,26,10,7617.0,249.0,5127.0,0.131063
segdup,2,7,26,15,8862,249,5127,536.792953
insider,2,7,26,15,8340.0,187.0,5535.0,1.159200
insider_relax,2,7,26,15,8340.0,187.0,5535.0,1.341312
fastmultrec_greedy,2,7,26,15,8422.0,204.0,5362.0,31.804506
lcamap,2,7,26,15,8862.0,249.0,5127.0,0.134550
segdup,2,7,26,20,10107,249,5127,532.883280
insider,2,7,26,20,9243.0,177.0,5703.0,1.796595
insider_relax,2,7,26,20,9243.0,175.0,5743.0,2.136456
fastmultrec_greedy,2,7,26,20,9439.0,202.0,5399.0,33.113577
lcamap,2,7,26,20,10107.0,249.0,5127.0,0.131950
segdup,2,8,26,5,674,89,229,168.287626
insider,2,8,26,5,674.0,89.0,229.0,0.273804
insider_relax,2,8,26,5,674.0,89.0,229.0,0.302275
fastmultrec_greedy,2,8,26,5,674.0,89.0,229.0,0.500000
lcamap,2,8,26,5,674.0,89.0,229.0,0.087562
segdup,2,8,26,10,1119,89,229,165.708748
insider,2,8,26,10,1109.0,85.0,259.0,0.449118
insider_relax,2,8,26,10,1109.0,85.0,259.0,0.534541
fastmultrec_greedy,2,8,26,10,1115.0,88.0,235.0,0.907502
lcamap,2,8,26,10,1119.0,89.0,229.0,0.089566
segdup,2,8,26,15,1564,89,229,157.778861
insider,2,8,26,15,1519.0,78.0,349.0,0.779806
insider_relax,2,8,26,15,1519.0,78.0,349.0,0.998335
fastmultrec_greedy,2,8,26,15,1549.0,86.0,259.0,1.781526
lcamap,2,8,26,15,1564.0,89.0,229.0,0.094440
segdup,2,8,26,20,2009,89,229,157.124846
insider,2,8,26,20,1904.0,76.0,384.0,1.619341
insider_relax,2,8,26,20,1904.0,76.0,384.0,2.521691
fastmultrec_greedy,2,8,26,20,1979.0,86.0,259.0,1.797170
lcamap,2,8,26,20,2009.0,89.0,229.0,0.090197
segdup,2,9,26,5,34,6,4,259.247923
insider,2,9,26,5,34.0,6.0,4.0,0.136286
insider_relax,2,9,26,5,34.0,6.0,4.0,0.136592
fastmultrec_greedy,2,9,26,5,34.0,6.0,4.0,0.416812
lcamap,2,9,26,5,34.0,6.0,4.0,0.075927
segdup,2,9,26,10,64,6,4,223.630483
insider,2,9,26,10,64.0,6.0,4.0,0.140587
insider_relax,2,9,26,10,64.0,6.0,4.0,0.142609
fastmultrec_greedy,2,9,26,10,64.0,6.0,4.0,0.419218
lcamap,2,9,26,10,64.0,6.0,4.0,0.077239
segdup,2,9,26,15,94,6,4,214.266963
insider,2,9,26,15,94.0,6.0,4.0,0.150213
insider_relax,2,9,26,15,94.0,6.0,4.0,0.147992
fastmultrec_greedy,2,9,26,15,94.0,6.0,4.0,0.416189
lcamap,2,9,26,15,94.0,6.0,4.0,0.078199
segdup,2,9,26,20,124,6,4,120.600436
insider,2,9,26,20,124.0,6.0,4.0,0.167952
insider_relax,2,9,26,20,124.0,6.0,4.0,0.163293
fastmultrec_greedy,2,9,26,20,124.0,6.0,4.0,0.418179
lcamap,2,9,26,20,124.0,6.0,4.0,0.076580
segdup,1,7,27,5,5529,300,4029,420.636965
insider,1,7,27,5,5460.0,269.0,4115.0,0.455347
insider_relax,1,7,27,5,5460.0,269.0,4115.0,0.496311
fastmultrec_greedy,1,7,27,5,5470.0,276.0,4090.0,18.073927
lcamap,1,7,27,5,5529.0,300.0,4029.0,0.140349
segdup,1,7,27,10,7020,299,4030,419.686904
insider,1,7,27,10,6725.0,244.0,4285.0,0.645466
insider_relax,1,7,27,10,6725.0,244.0,4285.0,0.719427
fastmultrec_greedy,1,7,27,10,6810.0,261.0,4200.0,31.276263
lcamap,1,7,27,10,7029.0,300.0,4029.0,0.139113
segdup,1,7,27,15,8529,300,4029,417.240923
insider,1,7,27,15,7918.0,234.0,4408.0,1.046756
insider_relax,1,7,27,15,7918.0,234.0,4408.0,1.231048
fastmultrec_greedy,1,7,27,15,8096.0,257.0,4241.0,37.078638
lcamap,1,7,27,15,8529.0,300.0,4029.0,0.138123
segdup,1,7,27,20,10029,300,4029,415.668719
insider,1,7,27,20,9064.0,225.0,4564.0,1.855767
insider_relax,1,7,27,20,9064.0,225.0,4564.0,2.696494
fastmultrec_greedy,1,7,27,20,9367.0,256.0,4247.0,40.864454
lcamap,1,7,27,20,10029.0,300.0,4029.0,0.137206
segdup,1,8,27,5,306,47,71,125.122958
insider,1,8,27,5,306.0,47.0,71.0,0.150203
insider_relax,1,8,27,5,306.0,47.0,71.0,0.170663
fastmultrec_greedy,1,8,27,5,306.0,47.0,71.0,0.402614
lcamap,1,8,27,5,306.0,47.0,71.0,0.067937
segdup,1,8,27,10,537,46,77,117.382414
insider,1,8,27,10,532.0,44.0,92.0,0.203663
insider_relax,1,8,27,10,532.0,44.0,92.0,0.263050
fastmultrec_greedy,1,8,27,10,541.0,47.0,71.0,0.401703
lcamap,1,8,27,10,541.0,47.0,71.0,0.074328
segdup,1,8,27,15,776,47,71,118.243227
insider,1,8,27,15,752.0,44.0,92.0,0.386454
insider_relax,1,8,27,15,752.0,44.0,92.0,0.457811
fastmultrec_greedy,1,8,27,15,776.0,47.0,71.0,0.404395
lcamap,1,8,27,15,776.0,47.0,71.0,0.070497
segdup,1,8,27,20,997,46,77,116.081263
insider,1,8,27,20,972.0,44.0,92.0,1.209841
insider_relax,1,8,27,20,972.0,44.0,92.0,1.927117
fastmultrec_greedy,1,8,27,20,1011.0,47.0,71.0,0.399295
lcamap,1,8,27,20,1011.0,47.0,71.0,0.072605
segdup,1,9,27,5,65,11,10,102.337697
insider,1,9,27,5,65.0,11.0,10.0,0.071483
insider_relax,1,9,27,5,65.0,11.0,10.0,0.078350
fastmultrec_greedy,1,9,27,5,65.0,11.0,10.0,0.186806
lcamap,1,9,27,5,65.0,11.0,10.0,0.039028
segdup,1,9,27,10,116,10,16,104.527628
insider,1,9,27,10,116.0,10.0,16.0,0.076827
insider_relax,1,9,27,10,116.0,10.0,16.0,0.085242
fastmultrec_greedy,1,9,27,10,120.0,11.0,10.0,0.181295
lcamap,1,9,27,10,120.0,11.0,10.0,0.040096
segdup,1,9,27,15,166,10,16,100.725390
insider,1,9,27,15,166.0,10.0,16.0,0.082264
insider_relax,1,9,27,15,166.0,10.0,16.0,0.085317
fastmultrec_greedy,1,9,27,15,175.0,11.0,10.0,0.186091
lcamap,1,9,27,15,175.0,11.0,10.0,0.036178
segdup,1,9,27,20,216,10,16,95.618589
insider,1,9,27,20,216.0,10.0,16.0,0.095370
insider_relax,1,9,27,20,216.0,10.0,16.0,0.097121
fastmultrec_greedy,1,9,27,20,230.0,11.0,10.0,0.185541
lcamap,1,9,27,20,230.0,11.0,10.0,0.036681
segdup,1,10,27,5,19,3,4,84.356307
insider,1,10,27,5,19.0,3.0,4.0,0.069121
insider_relax,1,10,27,5,19.0,3.0,4.0,0.070459
fastmultrec_greedy,1,10,27,5,19.0,3.0,4.0,0.207748
lcamap,1,10,27,5,19.0,3.0,4.0,0.040185
segdup,1,10,27,10,34,3,4,78.701814
insider,1,10,27,10,34.0,3.0,4.0,0.069751
insider_relax,1,10,27,10,34.0,3.0,4.0,0.072645
fastmultrec_greedy,1,10,27,10,34.0,3.0,4.0,0.208356
lcamap,1,10,27,10,34.0,3.0,4.0,0.040518
segdup,1,10,27,15,49,3,4,52.513566
insider,1,10,27,15,49.0,3.0,4.0,0.068308
insider_relax,1,10,27,15,49.0,3.0,4.0,0.070790
fastmultrec_greedy,1,10,27,15,49.0,3.0,4.0,0.206684
lcamap,1,10,27,15,49.0,3.0,4.0,0.040574
segdup,1,10,27,20,64,3,4,51.624755
insider,1,10,27,20,64.0,3.0,4.0,0.075484
insider_relax,1,10,27,20,64.0,3.0,4.0,0.076324
fastmultrec_greedy,1,10,27,20,64.0,3.0,4.0,0.211401
lcamap,1,10,27,20,64.0,3.0,4.0,0.037989
segdup,1,11,27,5,10,2,0,75.551040
insider,1,11,27,5,10.0,2.0,0.0,0.049627
insider_relax,1,11,27,5,10.0,2.0,0.0,0.052228
fastmultrec_greedy,1,11,27,5,10.0,2.0,0.0,0.152063
lcamap,1,11,27,5,10.0,2.0,0.0,0.026993
segdup,1,11,27,10,20,2,0,74.348377
insider,1,11,27,10,20.0,2.0,0.0,0.052161
insider_relax,1,11,27,10,20.0,2.0,0.0,0.054909
fastmultrec_greedy,1,11,27,10,20.0,2.0,0.0,0.151917
lcamap,1,11,27,10,20.0,2.0,0.0,0.027558
segdup,1,11,27,15,30,2,0,56.283663
insider,1,11,27,15,30.0,2.0,0.0,0.050938
insider_relax,1,11,27,15,30.0,2.0,0.0,0.051861
fastmultrec_greedy,1,11,27,15,30.0,2.0,0.0,0.149932
lcamap,1,11,27,15,30.0,2.0,0.0,0.025394
segdup,1,11,27,20,40,2,0,40.758046
insider,1,11,27,20,40.0,2.0,0.0,0.051744
insider_relax,1,11,27,20,40.0,2.0,0.0,0.054299
fastmultrec_greedy,1,11,27,20,40.0,2.0,0.0,0.145788
lcamap,1,11,27,20,40.0,2.0,0.0,0.026280
segdup,2,7,27,5,5571,228,4431,460.217685
insider,2,7,27,5,5506.0,197.0,4521.0,0.426294
insider_relax,2,7,27,5,5506.0,196.0,4526.0,0.446244
fastmultrec_greedy,2,7,27,5,5507.0,200.0,4507.0,15.243712
lcamap,2,7,27,5,5571.0,228.0,4431.0,0.112069
segdup,2,7,27,10,6711,228,4431,467.010870
insider,2,7,27,10,6432.0,179.0,4642.0,0.625121
insider_relax,2,7,27,10,6432.0,179.0,4642.0,0.713338
fastmultrec_greedy,2,7,27,10,6447.0,185.0,4597.0,24.566556
lcamap,2,7,27,10,6711.0,228.0,4431.0,0.111939
segdup,2,7,27,15,7851,228,4431,476.368080
insider,2,7,27,15,7313.0,169.0,4778.0,1.030743
insider_relax,2,7,27,15,7313.0,169.0,4778.0,1.244957
fastmultrec_greedy,2,7,27,15,7363.0,182.0,4633.0,27.121715
lcamap,2,7,27,15,7851.0,228.0,4431.0,0.113792
segdup,2,7,27,20,8991,228,4431,466.053749
insider,2,7,27,20,8133.0,160.0,4933.0,2.535075
insider_relax,2,7,27,20,8133.0,160.0,4933.0,3.713251
fastmultrec_greedy,2,7,27,20,8255.0,177.0,4715.0,29.850217
lcamap,2,7,27,20,8991.0,228.0,4431.0,0.116921
segdup,2,8,27,5,639,89,194,214.541265
insider,2,8,27,5,637.0,88.0,197.0,0.336394
insider_relax,2,8,27,5,637.0,88.0,197.0,0.387647
fastmultrec_greedy,2,8,27,5,637.0,88.0,197.0,1.078429
lcamap,2,8,27,5,639.0,89.0,194.0,0.110795
segdup,2,8,27,10,1081,87,211,208.653712
insider,2,8,27,10,1058.0,81.0,248.0,0.529824
insider_relax,2,8,27,10,1058.0,81.0,248.0,0.692959
fastmultrec_greedy,2,8,27,10,1073.0,87.0,203.0,1.574967
lcamap,2,8,27,10,1084.0,89.0,194.0,0.110663
segdup,2,8,27,15,1528,88,208,213.803948
insider,2,8,27,15,1457.0,77.0,302.0,1.176375
insider_relax,2,8,27,15,1457.0,77.0,302.0,1.460169
fastmultrec_greedy,2,8,27,15,1505.0,86.0,215.0,3.152892
lcamap,2,8,27,15,1529.0,89.0,194.0,0.111218
segdup,2,8,27,20,1974,89,194,208.187752
insider,2,8,27,20,1834.0,74.0,354.0,5.530753
insider_relax,2,8,27,20,1834.0,74.0,354.0,10.558286
fastmultrec_greedy,2,8,27,20,1935.0,85.0,235.0,2.623325
lcamap,2,8,27,20,1974.0,89.0,194.0,0.110434
segdup,2,9,27,5,116,19,21,157.353068
insider,2,9,27,5,116.0,19.0,21.0,0.157380
insider_relax,2,9,27,5,116.0,19.0,21.0,0.169411
fastmultrec_greedy,2,9,27,5,116.0,19.0,21.0,0.383545
lcamap,2,9,27,5,116.0,19.0,21.0,0.069685
segdup,2,9,27,10,211,19,21,157.075079
insider,2,9,27,10,211.0,19.0,21.0,0.192033
insider_relax,2,9,27,10,211.0,19.0,21.0,0.243284
fastmultrec_greedy,2,9,27,10,211.0,19.0,21.0,0.385589
lcamap,2,9,27,10,211.0,19.0,21.0,0.074391
segdup,2,9,27,15,306,19,21,90.136134
insider,2,9,27,15,306.0,19.0,21.0,0.289799
insider_relax,2,9,27,15,306.0,19.0,21.0,0.305861
fastmultrec_greedy,2,9,27,15,306.0,19.0,21.0,0.388019
lcamap,2,9,27,15,306.0,19.0,21.0,0.068378
segdup,2,9,27,20,401,19,21,90.096539
insider,2,9,27,20,401.0,19.0,21.0,0.550238
insider_relax,2,9,27,20,401.0,19.0,21.0,0.589531
fastmultrec_greedy,2,9,27,20,401.0,19.0,21.0,0.390321
lcamap,2,9,27,20,401.0,19.0,21.0,0.071366
segdup,2,10,27,5,20,4,0,165.152399
insider,2,10,27,5,20.0,4.0,0.0,0.111193
insider_relax,2,10,27,5,20.0,4.0,0.0,0.114282
fastmultrec_greedy,2,10,27,5,20.0,4.0,0.0,0.335792
lcamap,2,10,27,5,20.0,4.0,0.0,0.057240
segdup,2,10,27,10,40,4,0,149.631407
insider,2,10,27,10,40.0,4.0,0.0,0.112373
insider_relax,2,10,27,10,40.0,4.0,0.0,0.114162
fastmultrec_greedy,2,10,27,10,40.0,4.0,0.0,0.334817
lcamap,2,10,27,10,40.0,4.0,0.0,0.056904
segdup,2,10,27,15,60,4,0,75.919691
insider,2,10,27,15,60.0,4.0,0.0,0.111941
insider_relax,2,10,27,15,60.0,4.0,0.0,0.120216
fastmultrec_greedy,2,10,27,15,60.0,4.0,0.0,0.346903
lcamap,2,10,27,15,60.0,4.0,0.0,0.055933
segdup,2,10,27,20,80,4,0,73.126586
insider,2,10,27,20,80.0,4.0,0.0,0.118788
insider_relax,2,10,27,20,80.0,4.0,0.0,0.124211
fastmultrec_greedy,2,10,27,20,80.0,4.0,0.0,0.323083
lcamap,2,10,27,20,80.0,4.0,0.0,0.055216
segdup,2,11,27,5,10,2,0,225.354790
insider,2,11,27,5,10.0,2.0,0.0,0.138575
insider_relax,2,11,27,5,10.0,2.0,0.0,0.135318
fastmultrec_greedy,2,11,27,5,10.0,2.0,0.0,0.437114
lcamap,2,11,27,5,10.0,2.0,0.0,0.085204
segdup,2,11,27,10,20,2,0,201.533294
insider,2,11,27,10,20.0,2.0,0.0,0.152892
insider_relax,2,11,27,10,20.0,2.0,0.0,0.141040
fastmultrec_greedy,2,11,27,10,20.0,2.0,0.0,0.428870
lcamap,2,11,27,10,20.0,2.0,0.0,0.086507
segdup,2,11,27,15,30,2,0,147.806498
insider,2,11,27,15,30.0,2.0,0.0,0.139849
insider_relax,2,11,27,15,30.0,2.0,0.0,0.138352
fastmultrec_greedy,2,11,27,15,30.0,2.0,0.0,0.429243
lcamap,2,11,27,15,30.0,2.0,0.0,0.085852
segdup,2,11,27,20,40,2,0,96.326695
insider,2,11,27,20,40.0,2.0,0.0,0.145616
insider_relax,2,11,27,20,40.0,2.0,0.0,0.138373
fastmultrec_greedy,2,11,27,20,40.0,2.0,0.0,0.433121
lcamap,2,11,27,20,40.0,2.0,0.0,0.083437
segdup,1,7,28,5,2353,180,1453,157.636244
insider,1,7,28,5,2323.0,163.0,1508.0,0.224745
insider_relax,1,7,28,5,2323.0,162.0,1513.0,0.244095
fastmultrec_greedy,1,7,28,5,2323.0,163.0,1508.0,5.256788
lcamap,1,7,28,5,2353.0,180.0,1453.0,0.064558
segdup,1,7,28,10,3253,180,1453,153.668361
insider,1,7,28,10,3095.0,148.0,1615.0,0.368205
insider_relax,1,7,28,10,3095.0,148.0,1615.0,0.434255
fastmultrec_greedy,1,7,28,10,3114.0,156.0,1554.0,7.243156
lcamap,1,7,28,10,3253.0,180.0,1453.0,0.064122
segdup,1,7,28,15,4153,180,1453,154.240096
insider,1,7,28,15,3822.0,142.0,1692.0,0.685906
insider_relax,1,7,28,15,3822.0,140.0,1722.0,0.858911
fastmultrec_greedy,1,7,28,15,3883.0,151.0,1618.0,8.390876
lcamap,1,7,28,15,4153.0,180.0,1453.0,0.067388
segdup,1,7,28,20,5053,180,1453,150.321971
insider,1,7,28,20,4512.0,137.0,1772.0,1.489482
insider_relax,1,7,28,20,4512.0,137.0,1772.0,1.967017
fastmultrec_greedy,1,7,28,20,4638.0,151.0,1618.0,8.435513
lcamap,1,7,28,20,5053.0,180.0,1453.0,0.064106
segdup,1,8,28,5,522,75,147,105.456087
insider,1,8,28,5,518.0,73.0,153.0,0.162190
insider_relax,1,8,28,5,518.0,73.0,153.0,0.201557
fastmultrec_greedy,1,8,28,5,518.0,73.0,153.0,0.733653
lcamap,1,8,28,5,522.0,75.0,147.0,0.054549
segdup,1,8,28,10,895,74,155,101.589388
insider,1,8,28,10,874.0,70.0,174.0,0.262037
insider_relax,1,8,28,10,874.0,70.0,174.0,0.444014
fastmultrec_greedy,1,8,28,10,883.0,73.0,153.0,0.740334
lcamap,1,8,28,10,897.0,75.0,147.0,0.054636
segdup,1,8,28,15,1252,73,157,98.625757
insider,1,8,28,15,1217.0,67.0,212.0,0.901089
insider_relax,1,8,28,15,1217.0,67.0,212.0,1.440086
fastmultrec_greedy,1,8,28,15,1248.0,73.0,153.0,0.731954
lcamap,1,8,28,15,1272.0,75.0,147.0,0.055730
segdup,1,8,28,20,1613,73,153,95.223816
insider,1,8,28,20,1551.0,66.0,231.0,4.967945
insider_relax,1,8,28,20,1551.0,66.0,231.0,8.383297
fastmultrec_greedy,1,8,28,20,1613.0,73.0,153.0,0.732221
lcamap,1,8,28,20,1647.0,75.0,147.0,0.053665
segdup,1,9,28,5,19,3,4,115.330941
insider,1,9,28,5,19.0,3.0,4.0,0.082327
insider_relax,1,9,28,5,19.0,3.0,4.0,0.085525
fastmultrec_greedy,1,9,28,5,19.0,3.0,4.0,0.308241
lcamap,1,9,28,5,19.0,3.0,4.0,0.045370
segdup,1,9,28,10,34,3,4,119.176833
insider,1,9,28,10,34.0,3.0,4.0,0.086476
insider_relax,1,9,28,10,34.0,3.0,4.0,0.087323
fastmultrec_greedy,1,9,28,10,34.0,3.0,4.0,0.307350
lcamap,1,9,28,10,34.0,3.0,4.0,0.045913
segdup,1,9,28,15,49,3,4,101.976347
insider,1,9,28,15,49.0,3.0,4.0,0.081496
insider_relax,1,9,28,15,49.0,3.0,4.0,0.082376
fastmultrec_greedy,1,9,28,15,49.0,3.0,4.0,0.303852
lcamap,1,9,28,15,49.0,3.0,4.0,0.045807
segdup,1,9,28,20,64,3,4,69.726472
insider,1,9,28,20,64.0,3.0,4.0,0.082482
insider_relax,1,9,28,20,64.0,3.0,4.0,0.084967
fastmultrec_greedy,1,9,28,20,64.0,3.0,4.0,0.300459
lcamap,1,9,28,20,64.0,3.0,4.0,0.045484
segdup,1,10,28,5,5,1,0,126.134023
insider,1,10,28,5,5.0,1.0,0.0,0.080327
insider_relax,1,10,28,5,5.0,1.0,0.0,0.086798
fastmultrec_greedy,1,10,28,5,5.0,1.0,0.0,0.247368
lcamap,1,10,28,5,5.0,1.0,0.0,0.043941
segdup,1,10,28,10,10,1,0,115.645472
insider,1,10,28,10,10.0,1.0,0.0,0.081935
insider_relax,1,10,28,10,10.0,1.0,0.0,0.082444
fastmultrec_greedy,1,10,28,10,10.0,1.0,0.0,0.249567
lcamap,1,10,28,10,10.0,1.0,0.0,0.045328
segdup,1,10,28,15,15,1,0,95.110388
insider,1,10,28,15,15.0,1.0,0.0,0.084835
insider_relax,1,10,28,15,15.0,1.0,0.0,0.082991
fastmultrec_greedy,1,10,28,15,15.0,1.0,0.0,0.249737
lcamap,1,10,28,15,15.0,1.0,0.0,0.046552
segdup,1,10,28,20,20,1,0,101.259241
insider,1,10,28,20,20.0,1.0,0.0,0.079415
insider_relax,1,10,28,20,20.0,1.0,0.0,0.079861
fastmultrec_greedy,1,10,28,20,20.0,1.0,0.0,0.245931
lcamap,1,10,28,20,20.0,1.0,0.0,0.045513
segdup,1,11,28,5,5,1,0,104.888486
insider,1,11,28,5,5.0,1.0,0.0,0.068558
insider_relax,1,11,28,5,5.0,1.0,0.0,0.069644
fastmultrec_greedy,1,11,28,5,5.0,1.0,0.0,0.209023
lcamap,1,11,28,5,5.0,1.0,0.0,0.037843
segdup,1,11,28,10,10,1,0,98.685980
insider,1,11,28,10,10.0,1.0,0.0,0.067181
insider_relax,1,11,28,10,10.0,1.0,0.0,0.068331
fastmultrec_greedy,1,11,28,10,10.0,1.0,0.0,0.209974
lcamap,1,11,28,10,10.0,1.0,0.0,0.040607
segdup,1,11,28,15,15,1,0,56.604307
insider,1,11,28,15,15.0,1.0,0.0,0.070121
insider_relax,1,11,28,15,15.0,1.0,0.0,0.072884
fastmultrec_greedy,1,11,28,15,15.0,1.0,0.0,0.216428
lcamap,1,11,28,15,15.0,1.0,0.0,0.042088
segdup,1,11,28,20,20,1,0,56.521236
insider,1,11,28,20,20.0,1.0,0.0,0.067125
insider_relax,1,11,28,20,20.0,1.0,0.0,0.069889
fastmultrec_greedy,1,11,28,20,20.0,1.0,0.0,0.215293
lcamap,1,11,28,20,20.0,1.0,0.0,0.040566
segdup,2,7,28,5,1120,110,570,210.525733
insider,2,7,28,5,1109.0,105.0,584.0,0.267214
insider_relax,2,7,28,5,1109.0,105.0,584.0,0.301667
fastmultrec_greedy,2,7,28,5,1110.0,106.0,580.0,2.357883
lcamap,2,7,28,5,1120.0,110.0,570.0,0.100399
segdup,2,7,28,10,1670,110,570,206.315145
insider,2,7,28,10,1622.0,98.0,642.0,0.408669
insider_relax,2,7,28,10,1622.0,98.0,642.0,0.485662
fastmultrec_greedy,2,7,28,10,1638.0,104.0,598.0,3.338117
lcamap,2,7,28,10,1670.0,110.0,570.0,0.096760
segdup,2,7,28,15,2220,110,570,197.561770
insider,2,7,28,15,2106.0,95.0,681.0,0.716057
insider_relax,2,7,28,15,2106.0,95.0,681.0,0.849080
fastmultrec_greedy,2,7,28,15,2158.0,104.0,598.0,3.340862
lcamap,2,7,28,15,2220.0,110.0,570.0,0.094716
segdup,2,7,28,20,2736,106,616,201.469036
insider,2,7,28,20,2572.0,91.0,752.0,2.161456
insider_relax,2,7,28,20,2572.0,91.0,752.0,3.016205
fastmultrec_greedy,2,7,28,20,2673.0,103.0,613.0,3.827642
lcamap,2,7,28,20,2770.0,110.0,570.0,0.098315
segdup,2,9,28,5,85,15,10,238.132017
insider,2,9,28,5,85.0,15.0,10.0,0.181403
insider_relax,2,9,28,5,85.0,15.0,10.0,0.192792
fastmultrec_greedy,2,9,28,5,85.0,15.0,10.0,0.629079
lcamap,2,9,28,5,85.0,15.0,10.0,0.099791
segdup,2,9,28,10,160,15,10,228.584309
insider,2,9,28,10,160.0,15.0,10.0,0.197435
insider_relax,2,9,28,10,160.0,15.0,10.0,0.206644
fastmultrec_greedy,2,9,28,10,160.0,15.0,10.0,0.630262
lcamap,2,9,28,10,160.0,15.0,10.0,0.096558
segdup,2,9,28,15,235,15,10,216.444109
insider,2,9,28,15,235.0,15.0,10.0,0.219002
insider_relax,2,9,28,15,235.0,15.0,10.0,0.232550
fastmultrec_greedy,2,9,28,15,235.0,15.0,10.0,0.632125
lcamap,2,9,28,15,235.0,15.0,10.0,0.099046
segdup,2,9,28,20,310,15,10,210.177792
insider,2,9,28,20,310.0,15.0,10.0,0.253253
insider_relax,2,9,28,20,310.0,15.0,10.0,0.246457
fastmultrec_greedy,2,9,28,20,310.0,15.0,10.0,0.641078
lcamap,2,9,28,20,310.0,15.0,10.0,0.099350
segdup,2,10,28,5,31,5,6,228.084217
insider,2,10,28,5,31.0,5.0,6.0,0.174157
insider_relax,2,10,28,5,31.0,5.0,6.0,0.169945
fastmultrec_greedy,2,10,28,5,31.0,5.0,6.0,0.567612
lcamap,2,10,28,5,31.0,5.0,6.0,0.093951
segdup,2,10,28,10,56,5,6,205.804455
insider,2,10,28,10,56.0,5.0,6.0,0.179608
insider_relax,2,10,28,10,56.0,5.0,6.0,0.179192
fastmultrec_greedy,2,10,28,10,56.0,5.0,6.0,0.569795
lcamap,2,10,28,10,56.0,5.0,6.0,0.094203
segdup,2,10,28,15,81,5,6,117.556148
insider,2,10,28,15,81.0,5.0,6.0,0.180595
insider_relax,2,10,28,15,81.0,5.0,6.0,0.181077
fastmultrec_greedy,2,10,28,15,81.0,5.0,6.0,0.565373
lcamap,2,10,28,15,81.0,5.0,6.0,0.094302
segdup,2,10,28,20,106,5,6,115.339476
insider,2,10,28,20,106.0,5.0,6.0,0.185233
insider_relax,2,10,28,20,106.0,5.0,6.0,0.191483
fastmultrec_greedy,2,10,28,20,106.0,5.0,6.0,0.563083
lcamap,2,10,28,20,106.0,5.0,6.0,0.093230
segdup,2,11,28,5,15,3,0,233.391642
insider,2,11,28,5,15.0,3.0,0.0,0.133008
insider_relax,2,11,28,5,15.0,3.0,0.0,0.132477
fastmultrec_greedy,2,11,28,5,15.0,3.0,0.0,0.492859
lcamap,2,11,28,5,15.0,3.0,0.0,0.077013
segdup,2,11,28,10,30,3,0,211.671657
insider,2,11,28,10,30.0,3.0,0.0,0.129984
insider_relax,2,11,28,10,30.0,3.0,0.0,0.138699
fastmultrec_greedy,2,11,28,10,30.0,3.0,0.0,0.491281
lcamap,2,11,28,10,30.0,3.0,0.0,0.077393
segdup,2,11,28,15,45,3,0,120.285461
insider,2,11,28,15,45.0,3.0,0.0,0.128107
insider_relax,2,11,28,15,45.0,3.0,0.0,0.131591
fastmultrec_greedy,2,11,28,15,45.0,3.0,0.0,0.486284
lcamap,2,11,28,15,45.0,3.0,0.0,0.077694
segdup,2,11,28,20,60,3,0,119.121219
insider,2,11,28,20,60.0,3.0,0.0,0.136932
insider_relax,2,11,28,20,60.0,3.0,0.0,0.132407
fastmultrec_greedy,2,11,28,20,60.0,3.0,0.0,0.503470
lcamap,2,11,28,20,60.0,3.0,0.0,0.074104
segdup,1,7,29,5,1847,157,1062,129.184311
insider,1,7,29,5,1822.0,146.0,1092.0,0.181376
insider_relax,1,7,29,5,1822.0,146.0,1092.0,0.208492
fastmultrec_greedy,1,7,29,5,1825.0,149.0,1080.0,2.010463
lcamap,1,7,29,5,1847.0,157.0,1062.0,0.054384
segdup,1,7,29,10,2632,157,1062,120.530731
insider,1,7,29,10,2521.0,134.0,1181.0,0.334488
insider_relax,1,7,29,10,2521.0,134.0,1181.0,0.395671
fastmultrec_greedy,1,7,29,10,2558.0,146.0,1098.0,2.701405
lcamap,1,7,29,10,2632.0,157.0,1062.0,0.053799
segdup,1,7,29,15,3417,157,1062,121.963424
insider,1,7,29,15,3182.0,129.0,1247.0,0.540852
insider_relax,1,7,29,15,3182.0,129.0,1247.0,0.624381
fastmultrec_greedy,1,7,29,15,3285.0,145.0,1110.0,2.927896
lcamap,1,7,29,15,3417.0,157.0,1062.0,0.053129
segdup,1,7,29,20,4202,157,1062,120.877386
insider,1,7,29,20,3813.0,124.0,1333.0,0.931506
insider_relax,1,7,29,20,3813.0,124.0,1333.0,1.229698
fastmultrec_greedy,1,7,29,20,4010.0,145.0,1110.0,2.922652
lcamap,1,7,29,20,4202.0,157.0,1062.0,0.051792
segdup,1,8,29,5,393,54,123,63.505140
insider,1,8,29,5,393.0,54.0,123.0,0.098014
insider_relax,1,8,29,5,393.0,54.0,123.0,0.125990
fastmultrec_greedy,1,8,29,5,393.0,54.0,123.0,0.179364
lcamap,1,8,29,5,393.0,54.0,123.0,0.031841
segdup,1,8,29,10,663,54,123,62.050668
insider,1,8,29,10,658.0,52.0,138.0,0.156230
insider_relax,1,8,29,10,658.0,52.0,138.0,0.228055
fastmultrec_greedy,1,8,29,10,663.0,54.0,123.0,0.178155
lcamap,1,8,29,10,663.0,54.0,123.0,0.033656
segdup,1,8,29,15,933,54,123,63.866455
insider,1,8,29,15,916.0,51.0,151.0,0.394620
insider_relax,1,8,29,15,916.0,51.0,151.0,0.500378
fastmultrec_greedy,1,8,29,15,933.0,54.0,123.0,0.174092
lcamap,1,8,29,15,933.0,54.0,123.0,0.032686
segdup,1,8,29,20,1203,54,123,58.315829
insider,1,8,29,20,1166.0,47.0,226.0,1.997063
insider_relax,1,8,29,20,1166.0,47.0,226.0,3.144511
fastmultrec_greedy,1,8,29,20,1203.0,54.0,123.0,0.177250
lcamap,1,8,29,20,1203.0,54.0,123.0,0.031125
segdup,1,9,29,5,144,24,24,114.927975
insider,1,9,29,5,144.0,24.0,24.0,0.110102
insider_relax,1,9,29,5,144.0,24.0,24.0,0.126063
fastmultrec_greedy,1,9,29,5,144.0,24.0,24.0,0.324113
lcamap,1,9,29,5,144.0,24.0,24.0,0.057038
segdup,1,9,29,10,264,24,24,110.773196
insider,1,9,29,10,264.0,24.0,24.0,0.126895
insider_relax,1,9,29,10,264.0,24.0,24.0,0.156992
fastmultrec_greedy,1,9,29,10,264.0,24.0,24.0,0.314872
lcamap,1,9,29,10,264.0,24.0,24.0,0.062308
segdup,1,9,29,15,384,24,24,84.296046
insider,1,9,29,15,384.0,24.0,24.0,0.170270
insider_relax,1,9,29,15,384.0,24.0,24.0,0.173140
fastmultrec_greedy,1,9,29,15,384.0,24.0,24.0,0.312201
lcamap,1,9,29,15,384.0,24.0,24.0,0.058218
segdup,1,9,29,20,504,24,24,83.704039
insider,1,9,29,20,504.0,24.0,24.0,0.273379
insider_relax,1,9,29,20,504.0,24.0,24.0,0.408290
fastmultrec_greedy,1,9,29,20,504.0,24.0,24.0,0.314995
lcamap,1,9,29,20,504.0,24.0,24.0,0.056005
segdup,1,10,29,5,11,2,1,74.662806
insider,1,10,29,5,11.0,2.0,1.0,0.052633
insider_relax,1,10,29,5,11.0,2.0,1.0,0.056731
fastmultrec_greedy,1,10,29,5,11.0,2.0,1.0,0.170064
lcamap,1,10,29,5,11.0,2.0,1.0,0.028464
segdup,1,10,29,10,21,2,1,75.251681
insider,1,10,29,10,21.0,2.0,1.0,0.050208
insider_relax,1,10,29,10,21.0,2.0,1.0,0.057750
fastmultrec_greedy,1,10,29,10,21.0,2.0,1.0,0.171526
lcamap,1,10,29,10,21.0,2.0,1.0,0.029904
segdup,1,10,29,15,31,2,1,49.138085
insider,1,10,29,15,31.0,2.0,1.0,0.055188
insider_relax,1,10,29,15,31.0,2.0,1.0,0.055027
fastmultrec_greedy,1,10,29,15,31.0,2.0,1.0,0.171731
lcamap,1,10,29,15,31.0,2.0,1.0,0.028874
segdup,1,10,29,20,41,2,1,41.291073
insider,1,10,29,20,41.0,2.0,1.0,0.053337
insider_relax,1,10,29,20,41.0,2.0,1.0,0.052154
fastmultrec_greedy,1,10,29,20,41.0,2.0,1.0,0.173546
lcamap,1,10,29,20,41.0,2.0,1.0,0.029490
segdup,1,11,29,5,6,1,1,133.829859
insider,1,11,29,5,6.0,1.0,1.0,0.083550
insider_relax,1,11,29,5,6.0,1.0,1.0,0.086081
fastmultrec_greedy,1,11,29,5,6.0,1.0,1.0,0.260297
lcamap,1,11,29,5,6.0,1.0,1.0,0.050980
segdup,1,11,29,10,11,1,1,127.263216
insider,1,11,29,10,11.0,1.0,1.0,0.079752
insider_relax,1,11,29,10,11.0,1.0,1.0,0.084607
fastmultrec_greedy,1,11,29,10,11.0,1.0,1.0,0.258574
lcamap,1,11,29,10,11.0,1.0,1.0,0.049256
segdup,1,11,29,15,16,1,1,119.792655
insider,1,11,29,15,16.0,1.0,1.0,0.081003
insider_relax,1,11,29,15,16.0,1.0,1.0,0.083184
fastmultrec_greedy,1,11,29,15,16.0,1.0,1.0,0.258684
lcamap,1,11,29,15,16.0,1.0,1.0,0.048516
segdup,1,11,29,20,21,1,1,84.306937
insider,1,11,29,20,21.0,1.0,1.0,0.081888
insider_relax,1,11,29,20,21.0,1.0,1.0,0.087057
fastmultrec_greedy,1,11,29,20,21.0,1.0,1.0,0.259862
lcamap,1,11,29,20,21.0,1.0,1.0,0.051015
segdup,2,7,29,5,4563,173,3698,347.030487
insider,2,7,29,5,4510.0,152.0,3750.0,0.342983
insider_relax,2,7,29,5,4510.0,148.0,3770.0,0.378036
fastmultrec_greedy,2,7,29,5,4512.0,154.0,3742.0,7.655383
lcamap,2,7,29,5,4563.0,173.0,3698.0,0.085567
segdup,2,7,29,10,5428,173,3698,347.069688
insider,2,7,29,10,5228.0,141.0,3818.0,0.473002
insider_relax,2,7,29,10,5228.0,140.0,3828.0,0.573980
fastmultrec_greedy,2,7,29,10,5255.0,147.0,3785.0,10.922123
lcamap,2,7,29,10,5428.0,173.0,3698.0,0.082002
segdup,2,7,29,15,6272,170,3722,344.826448
insider,2,7,29,15,5917.0,134.0,3907.0,0.849166
insider_relax,2,7,29,15,5917.0,134.0,3907.0,1.059361
fastmultrec_greedy,2,7,29,15,5990.0,147.0,3785.0,11.381320
lcamap,2,7,29,15,6293.0,173.0,3698.0,0.081849
segdup,2,7,29,20,7155,171,3735,343.628798
insider,2,7,29,20,6582.0,131.0,3962.0,1.658729
insider_relax,2,7,29,20,6582.0,131.0,3962.0,1.818548
fastmultrec_greedy,2,7,29,20,6725.0,147.0,3785.0,11.377956
lcamap,2,7,29,20,7158.0,173.0,3698.0,0.085016
segdup,2,8,29,5,1166,124,546,195.011895
insider,2,8,29,5,1162.0,122.0,552.0,0.321581
insider_relax,2,8,29,5,1162.0,122.0,552.0,0.370101
fastmultrec_greedy,2,8,29,5,1162.0,122.0,552.0,1.478554
lcamap,2,8,29,5,1166.0,124.0,546.0,0.103728
segdup,2,8,29,10,1786,124,546,191.427657
insider,2,8,29,10,1762.0,117.0,592.0,0.620115
insider_relax,2,8,29,10,1762.0,117.0,592.0,0.764497
fastmultrec_greedy,2,8,29,10,1772.0,122.0,552.0,1.478242
lcamap,2,8,29,10,1786.0,124.0,546.0,0.102757
segdup,2,8,29,15,2406,124,546,186.325917
insider,2,8,29,15,2329.0,110.0,679.0,1.414316
insider_relax,2,8,29,15,2329.0,110.0,679.0,1.762357
fastmultrec_greedy,2,8,29,15,2382.0,122.0,552.0,1.486584
lcamap,2,8,29,15,2406.0,124.0,546.0,0.106337
segdup,2,8,29,20,3026,124,546,187.484017
insider,2,8,29,20,2869.0,105.0,769.0,5.873594
insider_relax,2,8,29,20,2869.0,105.0,769.0,9.602144
fastmultrec_greedy,2,8,29,20,2987.0,121.0,567.0,1.970677
lcamap,2,8,29,20,3026.0,124.0,546.0,0.103521
segdup,2,9,29,5,73,12,13,270.258734
insider,2,9,29,5,73.0,12.0,13.0,0.178758
insider_relax,2,9,29,5,73.0,12.0,13.0,0.183473
fastmultrec_greedy,2,9,29,5,73.0,12.0,13.0,0.592038
lcamap,2,9,29,5,73.0,12.0,13.0,0.094548
segdup,2,9,29,10,133,12,13,225.473865
insider,2,9,29,10,133.0,12.0,13.0,0.190424
insider_relax,2,9,29,10,133.0,12.0,13.0,0.204198
fastmultrec_greedy,2,9,29,10,133.0,12.0,13.0,0.606124
lcamap,2,9,29,10,133.0,12.0,13.0,0.099309
segdup,2,9,29,15,193,12,13,237.836646
insider,2,9,29,15,193.0,12.0,13.0,0.224886
insider_relax,2,9,29,15,193.0,12.0,13.0,0.224144
fastmultrec_greedy,2,9,29,15,193.0,12.0,13.0,0.595669
lcamap,2,9,29,15,193.0,12.0,13.0,0.097246
segdup,2,9,29,20,253,12,13,151.296749
insider,2,9,29,20,253.0,12.0,13.0,0.284959
insider_relax,2,9,29,20,253.0,12.0,13.0,0.284501
fastmultrec_greedy,2,9,29,20,253.0,12.0,13.0,0.592178
lcamap,2,9,29,20,253.0,12.0,13.0,0.098741
segdup,2,10,29,5,15,3,0,89.110421
insider,2,10,29,5,15.0,3.0,0.0,0.082050
insider_relax,2,10,29,5,15.0,3.0,0.0,0.083938
fastmultrec_greedy,2,10,29,5,15.0,3.0,0.0,0.270958
lcamap,2,10,29,5,15.0,3.0,0.0,0.045247
segdup,2,10,29,10,30,3,0,92.531741
insider,2,10,29,10,30.0,3.0,0.0,0.084650
insider_relax,2,10,29,10,30.0,3.0,0.0,0.087681
fastmultrec_greedy,2,10,29,10,30.0,3.0,0.0,0.273706
lcamap,2,10,29,10,30.0,3.0,0.0,0.043942
segdup,2,10,29,15,45,3,0,47.935303
insider,2,10,29,15,45.0,3.0,0.0,0.084852
insider_relax,2,10,29,15,45.0,3.0,0.0,0.088045
fastmultrec_greedy,2,10,29,15,45.0,3.0,0.0,0.272109
lcamap,2,10,29,15,45.0,3.0,0.0,0.044411
segdup,2,10,29,20,60,3,0,45.632008
insider,2,10,29,20,60.0,3.0,0.0,0.083339
insider_relax,2,10,29,20,60.0,3.0,0.0,0.088766
fastmultrec_greedy,2,10,29,20,60.0,3.0,0.0,0.272592
lcamap,2,10,29,20,60.0,3.0,0.0,0.046064
segdup,2,11,29,5,15,3,0,239.519990
insider,2,11,29,5,15.0,3.0,0.0,0.168204
insider_relax,2,11,29,5,15.0,3.0,0.0,0.158316
fastmultrec_greedy,2,11,29,5,15.0,3.0,0.0,0.571697
lcamap,2,11,29,5,15.0,3.0,0.0,0.095288
segdup,2,11,29,10,30,3,0,212.448838
insider,2,11,29,10,30.0,3.0,0.0,0.175833
insider_relax,2,11,29,10,30.0,3.0,0.0,0.165490
fastmultrec_greedy,2,11,29,10,30.0,3.0,0.0,0.561819
lcamap,2,11,29,10,30.0,3.0,0.0,0.095918
segdup,2,11,29,15,45,3,0,196.761692
insider,2,11,29,15,45.0,3.0,0.0,0.168274
insider_relax,2,11,29,15,45.0,3.0,0.0,0.160280
fastmultrec_greedy,2,11,29,15,45.0,3.0,0.0,0.569107
lcamap,2,11,29,15,45.0,3.0,0.0,0.096957
segdup,2,11,29,20,60,3,0,114.798396
insider,2,11,29,20,60.0,3.0,0.0,0.168411
insider_relax,2,11,29,20,60.0,3.0,0.0,0.161870
fastmultrec_greedy,2,11,29,20,60.0,3.0,0.0,0.571044
lcamap,2,11,29,20,60.0,3.0,0.0,0.098410
segdup,1,7,30,5,3608,233,2443,198.910161
insider,1,7,30,5,3539.0,201.0,2534.0,0.241101
insider_relax,1,7,30,5,3539.0,201.0,2534.0,0.279370
fastmultrec_greedy,1,7,30,5,3544.0,206.0,2514.0,7.213331
lcamap,1,7,30,5,3608.0,233.0,2443.0,0.069761
segdup,1,7,30,10,4773,233,2443,201.671045
insider,1,7,30,10,4505.0,185.0,2655.0,0.390925
insider_relax,1,7,30,10,4505.0,184.0,2665.0,0.463884
fastmultrec_greedy,1,7,30,10,4546.0,196.0,2586.0,10.243297
lcamap,1,7,30,10,4773.0,233.0,2443.0,0.070880
segdup,1,7,30,15,5938,233,2443,200.340454
insider,1,7,30,15,5402.0,175.0,2777.0,0.752658
insider_relax,1,7,30,15,5402.0,175.0,2777.0,0.903531
fastmultrec_greedy,1,7,30,15,5508.0,191.0,2643.0,12.626532
lcamap,1,7,30,15,5938.0,233.0,2443.0,0.067460
segdup,1,7,30,20,7103,233,2443,198.855503
insider,1,7,30,20,6252.0,166.0,2932.0,2.162325
insider_relax,1,7,30,20,6252.0,166.0,2932.0,3.560067
fastmultrec_greedy,1,7,30,20,6454.0,189.0,2674.0,13.330649
lcamap,1,7,30,20,7103.0,233.0,2443.0,0.069215
segdup,1,8,30,5,227,35,52,110.996164
insider,1,8,30,5,227.0,35.0,52.0,0.121536
insider_relax,1,8,30,5,227.0,35.0,52.0,0.136857
fastmultrec_greedy,1,8,30,5,227.0,35.0,52.0,0.350644
lcamap,1,8,30,5,227.0,35.0,52.0,0.065312
segdup,1,8,30,10,402,35,52,110.065472
insider,1,8,30,10,402.0,35.0,52.0,0.169301
insider_relax,1,8,30,10,402.0,35.0,52.0,0.219861
fastmultrec_greedy,1,8,30,10,402.0,35.0,52.0,0.334787
lcamap,1,8,30,10,402.0,35.0,52.0,0.062599
segdup,1,8,30,15,577,35,52,96.018764
insider,1,8,30,15,577.0,35.0,52.0,0.356391
insider_relax,1,8,30,15,577.0,35.0,52.0,0.419466
fastmultrec_greedy,1,8,30,15,577.0,35.0,52.0,0.332453
lcamap,1,8,30,15,577.0,35.0,52.0,0.062901
segdup,1,8,30,20,752,35,52,94.603051
insider,1,8,30,20,740.0,31.0,120.0,0.872582
insider_relax,1,8,30,20,740.0,31.0,120.0,1.693611
fastmultrec_greedy,1,8,30,20,752.0,35.0,52.0,0.331984
lcamap,1,8,30,20,752.0,35.0,52.0,0.065100
segdup,1,9,30,5,22,4,2,123.834064
insider,1,9,30,5,22.0,4.0,2.0,0.100313
insider_relax,1,9,30,5,22.0,4.0,2.0,0.106931
fastmultrec_greedy,1,9,30,5,22.0,4.0,2.0,0.355349
lcamap,1,9,30,5,22.0,4.0,2.0,0.059304
segdup,1,9,30,10,42,4,2,122.321843
insider,1,9,30,10,42.0,4.0,2.0,0.103043
insider_relax,1,9,30,10,42.0,4.0,2.0,0.106843
fastmultrec_greedy,1,9,30,10,42.0,4.0,2.0,0.352570
lcamap,1,9,30,10,42.0,4.0,2.0,0.062069
segdup,1,9,30,15,62,4,2,117.439372
insider,1,9,30,15,62.0,4.0,2.0,0.100470
insider_relax,1,9,30,15,62.0,4.0,2.0,0.103049
fastmultrec_greedy,1,9,30,15,62.0,4.0,2.0,0.351727
lcamap,1,9,30,15,62.0,4.0,2.0,0.058201
segdup,1,9,30,20,82,4,2,80.494750
insider,1,9,30,20,82.0,4.0,2.0,0.100515
insider_relax,1,9,30,20,82.0,4.0,2.0,0.103769
fastmultrec_greedy,1,9,30,20,82.0,4.0,2.0,0.349074
lcamap,1,9,30,20,82.0,4.0,2.0,0.062115
segdup,1,10,30,5,10,2,0,141.610838
insider,1,10,30,5,10.0,2.0,0.0,0.090915
insider_relax,1,10,30,5,10.0,2.0,0.0,0.096005
fastmultrec_greedy,1,10,30,5,10.0,2.0,0.0,0.298837
lcamap,1,10,30,5,10.0,2.0,0.0,0.055532
segdup,1,10,30,10,20,2,0,131.183802
insider,1,10,30,10,20.0,2.0,0.0,0.093115
insider_relax,1,10,30,10,20.0,2.0,0.0,0.092062
fastmultrec_greedy,1,10,30,10,20.0,2.0,0.0,0.295865
lcamap,1,10,30,10,20.0,2.0,0.0,0.056209
segdup,1,10,30,15,30,2,0,119.805689
insider,1,10,30,15,30.0,2.0,0.0,0.091566
insider_relax,1,10,30,15,30.0,2.0,0.0,0.094724
fastmultrec_greedy,1,10,30,15,30.0,2.0,0.0,0.297899
lcamap,1,10,30,15,30.0,2.0,0.0,0.055660
segdup,1,10,30,20,40,2,0,86.145061
insider,1,10,30,20,40.0,2.0,0.0,0.092921
insider_relax,1,10,30,20,40.0,2.0,0.0,0.097548
fastmultrec_greedy,1,10,30,20,40.0,2.0,0.0,0.297914
lcamap,1,10,30,20,40.0,2.0,0.0,0.055683
segdup,1,11,30,5,5,1,0,175.259357
insider,1,11,30,5,5.0,1.0,0.0,0.117547
insider_relax,1,11,30,5,5.0,1.0,0.0,0.119791
fastmultrec_greedy,1,11,30,5,5.0,1.0,0.0,0.414531
lcamap,1,11,30,5,5.0,1.0,0.0,0.074487
segdup,1,11,30,10,10,1,0,161.651720
insider,1,11,30,10,10.0,1.0,0.0,0.118257
insider_relax,1,11,30,10,10.0,1.0,0.0,0.121985
fastmultrec_greedy,1,11,30,10,10.0,1.0,0.0,0.425518
lcamap,1,11,30,10,10.0,1.0,0.0,0.073407
segdup,1,11,30,15,15,1,0,148.194576
insider,1,11,30,15,15.0,1.0,0.0,0.119288
insider_relax,1,11,30,15,15.0,1.0,0.0,0.122167
fastmultrec_greedy,1,11,30,15,15.0,1.0,0.0,0.414072
lcamap,1,11,30,15,15.0,1.0,0.0,0.077992
segdup,1,11,30,20,20,1,0,104.531737
insider,1,11,30,20,20.0,1.0,0.0,0.117936
insider_relax,1,11,30,20,20.0,1.0,0.0,0.111240
fastmultrec_greedy,1,11,30,20,20.0,1.0,0.0,0.413172
lcamap,1,11,30,20,20.0,1.0,0.0,0.076221
segdup,2,7,30,5,2137,130,1487,243.404810
insider,2,7,30,5,2107.0,118.0,1517.0,0.266466
insider_relax,2,7,30,5,2107.0,118.0,1517.0,0.314129
fastmultrec_greedy,2,7,30,5,2107.0,118.0,1517.0,4.719630
lcamap,2,7,30,5,2137.0,130.0,1487.0,0.076534
segdup,2,7,30,10,2787,130,1487,245.053223
insider,2,7,30,10,2675.0,109.0,1585.0,0.470365
insider_relax,2,7,30,10,2675.0,109.0,1585.0,0.565495
fastmultrec_greedy,2,7,30,10,2694.0,115.0,1544.0,5.826403
lcamap,2,7,30,10,2787.0,130.0,1487.0,0.073083
segdup,2,7,30,15,3437,130,1487,231.365664
insider,2,7,30,15,3210.0,105.0,1635.0,0.983212
insider_relax,2,7,30,15,3210.0,104.0,1650.0,1.452156
fastmultrec_greedy,2,7,30,15,3247.0,111.0,1582.0,9.605931
lcamap,2,7,30,15,3437.0,130.0,1487.0,0.075152
segdup,2,7,30,20,4087,130,1487,235.124581
insider,2,7,30,20,3725.0,101.0,1705.0,2.744378
insider_relax,2,7,30,20,3725.0,101.0,1705.0,5.835228
fastmultrec_greedy,2,7,30,20,3800.0,110.0,1600.0,9.933155
lcamap,2,7,30,20,4087.0,130.0,1487.0,0.077520
segdup,2,8,30,5,379,58,89,139.797220
insider,2,8,30,5,375.0,56.0,95.0,0.209517
insider_relax,2,8,30,5,375.0,56.0,95.0,0.240172
fastmultrec_greedy,2,8,30,5,375.0,56.0,95.0,1.448056
lcamap,2,8,30,5,379.0,58.0,89.0,0.082966
segdup,2,8,30,10,651,55,101,134.073276
insider,2,8,30,10,644.0,51.0,134.0,0.355060
insider_relax,2,8,30,10,644.0,51.0,134.0,0.473909
fastmultrec_greedy,2,8,30,10,655.0,56.0,95.0,1.441470
lcamap,2,8,30,10,669.0,58.0,89.0,0.081454
segdup,2,8,30,15,938,56,98,113.732921
insider,2,8,30,15,898.0,48.0,178.0,1.026773
insider_relax,2,8,30,15,898.0,48.0,178.0,1.469256
fastmultrec_greedy,2,8,30,15,935.0,56.0,95.0,1.451678
lcamap,2,8,30,15,959.0,58.0,89.0,0.081892
segdup,2,8,30,20,1216,56,96,117.863371
insider,2,8,30,20,1135.0,46.0,215.0,14.752923
insider_relax,2,8,30,20,1135.0,46.0,215.0,28.710731
fastmultrec_greedy,2,8,30,20,1215.0,56.0,95.0,1.453608
lcamap,2,8,30,20,1249.0,58.0,89.0,0.084581
segdup,2,9,30,5,88,16,8,185.002280
insider,2,9,30,5,88.0,16.0,8.0,0.144516
insider_relax,2,9,30,5,88.0,16.0,8.0,0.158280
fastmultrec_greedy,2,9,30,5,88.0,16.0,8.0,0.366685
lcamap,2,9,30,5,88.0,16.0,8.0,0.070681
segdup,2,9,30,10,168,16,8,88.238042
insider,2,9,30,10,168.0,16.0,8.0,0.161686
insider_relax,2,9,30,10,168.0,16.0,8.0,0.193854
fastmultrec_greedy,2,9,30,10,168.0,16.0,8.0,0.364458
lcamap,2,9,30,10,168.0,16.0,8.0,0.068371
segdup,2,9,30,15,248,16,8,82.665545
insider,2,9,30,15,248.0,16.0,8.0,0.208291
insider_relax,2,9,30,15,248.0,16.0,8.0,0.227419
fastmultrec_greedy,2,9,30,15,248.0,16.0,8.0,0.364298
lcamap,2,9,30,15,248.0,16.0,8.0,0.070255
segdup,2,9,30,20,328,16,8,82.466467
insider,2,9,30,20,328.0,16.0,8.0,0.342313
insider_relax,2,9,30,20,328.0,16.0,8.0,0.343620
fastmultrec_greedy,2,9,30,20,328.0,16.0,8.0,0.369327
lcamap,2,9,30,20,328.0,16.0,8.0,0.069911
segdup,2,10,30,5,10,2,0,150.391103
insider,2,10,30,5,10.0,2.0,0.0,0.090235
insider_relax,2,10,30,5,10.0,2.0,0.0,0.095991
fastmultrec_greedy,2,10,30,5,10.0,2.0,0.0,0.322749
lcamap,2,10,30,5,10.0,2.0,0.0,0.050069
segdup,2,10,30,10,20,2,0,140.823237
insider,2,10,30,10,20.0,2.0,0.0,0.091534
insider_relax,2,10,30,10,20.0,2.0,0.0,0.094087
fastmultrec_greedy,2,10,30,10,20.0,2.0,0.0,0.322912
lcamap,2,10,30,10,20.0,2.0,0.0,0.050449
segdup,2,10,30,15,30,2,0,81.504767
insider,2,10,30,15,30.0,2.0,0.0,0.092919
insider_relax,2,10,30,15,30.0,2.0,0.0,0.101789
fastmultrec_greedy,2,10,30,15,30.0,2.0,0.0,0.322532
lcamap,2,10,30,15,30.0,2.0,0.0,0.051593
segdup,2,10,30,20,40,2,0,81.913331
insider,2,10,30,20,40.0,2.0,0.0,0.094123
insider_relax,2,10,30,20,40.0,2.0,0.0,0.094627
fastmultrec_greedy,2,10,30,20,40.0,2.0,0.0,0.321558
lcamap,2,10,30,20,40.0,2.0,0.0,0.051177
segdup,2,11,30,5,10,2,0,147.762496
insider,2,11,30,5,10.0,2.0,0.0,0.108604
insider_relax,2,11,30,5,10.0,2.0,0.0,0.107691
fastmultrec_greedy,2,11,30,5,10.0,2.0,0.0,0.345004
lcamap,2,11,30,5,10.0,2.0,0.0,0.060755
segdup,2,11,30,10,20,2,0,144.288737
insider,2,11,30,10,20.0,2.0,0.0,0.104606
insider_relax,2,11,30,10,20.0,2.0,0.0,0.109163
fastmultrec_greedy,2,11,30,10,20.0,2.0,0.0,0.350673
lcamap,2,11,30,10,20.0,2.0,0.0,0.064669
segdup,2,11,30,15,30,2,0,65.469640
insider,2,11,30,15,30.0,2.0,0.0,0.105107
insider_relax,2,11,30,15,30.0,2.0,0.0,0.104942
fastmultrec_greedy,2,11,30,15,30.0,2.0,0.0,0.345598
lcamap,2,11,30,15,30.0,2.0,0.0,0.061852
segdup,2,11,30,20,40,2,0,65.063725
insider,2,11,30,20,40.0,2.0,0.0,0.102449
insider_relax,2,11,30,20,40.0,2.0,0.0,0.105517
fastmultrec_greedy,2,11,30,20,40.0,2.0,0.0,0.345252
lcamap,2,11,30,20,40.0,2.0,0.0,0.060354
segdup,1,7,31,5,2212,150,1462,142.567768
insider,1,7,31,5,2179.0,137.0,1494.0,0.171678
insider_relax,1,7,31,5,2179.0,137.0,1494.0,0.192128
fastmultrec_greedy,1,7,31,5,2179.0,137.0,1494.0,3.040295
lcamap,1,7,31,5,2212.0,150.0,1462.0,0.048799
segdup,1,7,31,10,2960,149,1470,138.122191
insider,1,7,31,10,2824.0,122.0,1604.0,0.264049
insider_relax,1,7,31,10,2824.0,122.0,1604.0,0.316106
fastmultrec_greedy,1,7,31,10,2840.0,128.0,1560.0,5.248520
lcamap,1,7,31,10,2962.0,150.0,1462.0,0.050975
segdup,1,7,31,15,3712,150,1462,141.013605
insider,1,7,31,15,3419.0,116.0,1679.0,0.490603
insider_relax,1,7,31,15,3419.0,116.0,1679.0,0.600617
fastmultrec_greedy,1,7,31,15,3470.0,124.0,1610.0,5.865723
lcamap,1,7,31,15,3712.0,150.0,1462.0,0.048222
segdup,1,7,31,20,4455,149,1475,138.709104
insider,1,7,31,20,3984.0,109.0,1804.0,1.054341
insider_relax,1,7,31,20,3984.0,109.0,1804.0,1.367353
fastmultrec_greedy,1,7,31,20,4075.0,121.0,1655.0,6.547292
lcamap,1,7,31,20,4462.0,150.0,1462.0,0.049205
segdup,1,8,31,5,413,64,93,118.968835
insider,1,8,31,5,413.0,64.0,93.0,0.162677
insider_relax,1,8,31,5,413.0,64.0,93.0,0.197280
fastmultrec_greedy,1,8,31,5,413.0,64.0,93.0,0.339015
lcamap,1,8,31,5,413.0,64.0,93.0,0.070021
segdup,1,8,31,10,729,63,99,118.316361
insider,1,8,31,10,728.0,59.0,138.0,0.293944
insider_relax,1,8,31,10,728.0,59.0,138.0,0.362515
fastmultrec_greedy,1,8,31,10,733.0,64.0,93.0,0.346612
lcamap,1,8,31,10,733.0,64.0,93.0,0.068545
segdup,1,8,31,15,1044,63,99,110.879079
insider,1,8,31,15,1020.0,58.0,150.0,0.811185
insider_relax,1,8,31,15,1020.0,58.0,150.0,1.010350
fastmultrec_greedy,1,8,31,15,1053.0,64.0,93.0,0.335565
lcamap,1,8,31,15,1053.0,64.0,93.0,0.070798
segdup,1,8,31,20,1373,64,93,108.609833
insider,1,8,31,20,1292.0,53.0,232.0,2.976999
insider_relax,1,8,31,20,1292.0,53.0,232.0,4.566622
fastmultrec_greedy,1,8,31,20,1373.0,64.0,93.0,0.336884
lcamap,1,8,31,20,1373.0,64.0,93.0,0.067570
segdup,1,9,31,5,55,10,5,77.178558
insider,1,9,31,5,55.0,10.0,5.0,0.054138
insider_relax,1,9,31,5,55.0,10.0,5.0,0.061823
fastmultrec_greedy,1,9,31,5,55.0,10.0,5.0,0.139583
lcamap,1,9,31,5,55.0,10.0,5.0,0.025069
segdup,1,9,31,10,105,10,5,76.058204
insider,1,9,31,10,105.0,10.0,5.0,0.061120
insider_relax,1,9,31,10,105.0,10.0,5.0,0.074122
fastmultrec_greedy,1,9,31,10,105.0,10.0,5.0,0.138956
lcamap,1,9,31,10,105.0,10.0,5.0,0.024851
segdup,1,9,31,15,155,10,5,74.901880
insider,1,9,31,15,155.0,10.0,5.0,0.069253
insider_relax,1,9,31,15,155.0,10.0,5.0,0.074728
fastmultrec_greedy,1,9,31,15,155.0,10.0,5.0,0.135967
lcamap,1,9,31,15,155.0,10.0,5.0,0.024984
segdup,1,9,31,20,205,10,5,61.480742
insider,1,9,31,20,205.0,10.0,5.0,0.087520
insider_relax,1,9,31,20,205.0,10.0,5.0,0.093596
fastmultrec_greedy,1,9,31,20,205.0,10.0,5.0,0.134424
lcamap,1,9,31,20,205.0,10.0,5.0,0.024528
segdup,1,10,31,5,10,2,0,132.018346
insider,1,10,31,5,10.0,2.0,0.0,0.083038
insider_relax,1,10,31,5,10.0,2.0,0.0,0.085737
fastmultrec_greedy,1,10,31,5,10.0,2.0,0.0,0.271190
lcamap,1,10,31,5,10.0,2.0,0.0,0.050430
segdup,1,10,31,10,20,2,0,124.277967
insider,1,10,31,10,20.0,2.0,0.0,0.084258
insider_relax,1,10,31,10,20.0,2.0,0.0,0.088573
fastmultrec_greedy,1,10,31,10,20.0,2.0,0.0,0.276942
lcamap,1,10,31,10,20.0,2.0,0.0,0.045509
segdup,1,10,31,15,30,2,0,104.337593
insider,1,10,31,15,30.0,2.0,0.0,0.084866
insider_relax,1,10,31,15,30.0,2.0,0.0,0.092370
fastmultrec_greedy,1,10,31,15,30.0,2.0,0.0,0.274049
lcamap,1,10,31,15,30.0,2.0,0.0,0.046256
segdup,1,10,31,20,40,2,0,73.146561
insider,1,10,31,20,40.0,2.0,0.0,0.085720
insider_relax,1,10,31,20,40.0,2.0,0.0,0.086967
fastmultrec_greedy,1,10,31,20,40.0,2.0,0.0,0.277544
lcamap,1,10,31,20,40.0,2.0,0.0,0.049310
segdup,1,11,31,5,5,1,0,48.882030
insider,1,11,31,5,5.0,1.0,0.0,0.035595
insider_relax,1,11,31,5,5.0,1.0,0.0,0.037923
fastmultrec_greedy,1,11,31,5,5.0,1.0,0.0,0.132851
lcamap,1,11,31,5,5.0,1.0,0.0,0.020350
segdup,1,11,31,10,10,1,0,48.791298
insider,1,11,31,10,10.0,1.0,0.0,0.038869
insider_relax,1,11,31,10,10.0,1.0,0.0,0.041894
fastmultrec_greedy,1,11,31,10,10.0,1.0,0.0,0.126821
lcamap,1,11,31,10,10.0,1.0,0.0,0.020161
segdup,1,11,31,15,15,1,0,44.308940
insider,1,11,31,15,15.0,1.0,0.0,0.040404
insider_relax,1,11,31,15,15.0,1.0,0.0,0.041380
fastmultrec_greedy,1,11,31,15,15.0,1.0,0.0,0.128927
lcamap,1,11,31,15,15.0,1.0,0.0,0.020302
segdup,1,11,31,20,20,1,0,30.293492
insider,1,11,31,20,20.0,1.0,0.0,0.046895
insider_relax,1,11,31,20,20.0,1.0,0.0,0.038810
fastmultrec_greedy,1,11,31,20,20.0,1.0,0.0,0.126833
lcamap,1,11,31,20,20.0,1.0,0.0,0.019730
segdup,2,7,31,5,4971,235,3796,485.758642
insider,2,7,31,5,4906.0,209.0,3861.0,0.493622
insider_relax,2,7,31,5,4906.0,209.0,3861.0,0.533450
fastmultrec_greedy,2,7,31,5,4908.0,211.0,3853.0,15.958756
lcamap,2,7,31,5,4971.0,235.0,3796.0,0.135910
segdup,2,7,31,10,6146,235,3796,479.511192
insider,2,7,31,10,5896.0,190.0,3996.0,0.760769
insider_relax,2,7,31,10,5896.0,189.0,4006.0,0.862940
fastmultrec_greedy,2,7,31,10,5928.0,201.0,3918.0,23.779198
lcamap,2,7,31,10,6146.0,235.0,3796.0,0.134166
segdup,2,7,31,15,7321,235,3796,484.213337
insider,2,7,31,15,6820.0,180.0,4120.0,1.242618
insider_relax,2,7,31,15,6820.0,180.0,4120.0,1.495076
fastmultrec_greedy,2,7,31,15,6920.0,197.0,3965.0,28.968373
lcamap,2,7,31,15,7321.0,235.0,3796.0,0.134162
segdup,2,7,31,20,8482,234,3802,471.254031
insider,2,7,31,20,7712.0,177.0,4172.0,2.349998
insider_relax,2,7,31,20,7712.0,176.0,4192.0,3.203167
fastmultrec_greedy,2,7,31,20,7887.0,194.0,4007.0,33.007782
lcamap,2,7,31,20,8496.0,235.0,3796.0,0.137263
segdup,2,8,31,5,208,31,53,89.368102
insider,2,8,31,5,208.0,31.0,53.0,0.147240
insider_relax,2,8,31,5,208.0,31.0,53.0,0.183372
fastmultrec_greedy,2,8,31,5,208.0,31.0,53.0,0.270812
lcamap,2,8,31,5,208.0,31.0,53.0,0.055762
segdup,2,8,31,10,363,31,53,78.371860
insider,2,8,31,10,361.0,29.0,71.0,0.247171
insider_relax,2,8,31,10,361.0,29.0,71.0,0.369841
fastmultrec_greedy,2,8,31,10,363.0,31.0,53.0,0.267172
lcamap,2,8,31,10,363.0,31.0,53.0,0.051508
segdup,2,8,31,15,518,31,53,65.548192
insider,2,8,31,15,506.0,29.0,71.0,0.469629
insider_relax,2,8,31,15,506.0,29.0,71.0,0.654006
fastmultrec_greedy,2,8,31,15,518.0,31.0,53.0,0.265812
lcamap,2,8,31,15,518.0,31.0,53.0,0.051942
segdup,2,8,31,20,673,31,53,64.773475
insider,2,8,31,20,649.0,27.0,109.0,1.562740
insider_relax,2,8,31,20,649.0,27.0,109.0,2.082129
fastmultrec_greedy,2,8,31,20,673.0,31.0,53.0,0.262792
lcamap,2,8,31,20,673.0,31.0,53.0,0.052147
segdup,2,10,31,5,21,4,1,268.091762
insider,2,10,31,5,21.0,4.0,1.0,0.166468
insider_relax,2,10,31,5,21.0,4.0,1.0,0.155262
fastmultrec_greedy,2,10,31,5,21.0,4.0,1.0,0.526838
lcamap,2,10,31,5,21.0,4.0,1.0,0.090211
segdup,2,10,31,10,41,4,1,251.367658
insider,2,10,31,10,41.0,4.0,1.0,0.156356
insider_relax,2,10,31,10,41.0,4.0,1.0,0.162304
fastmultrec_greedy,2,10,31,10,41.0,4.0,1.0,0.520034
lcamap,2,10,31,10,41.0,4.0,1.0,0.092419
segdup,2,10,31,15,61,4,1,271.902304
insider,2,10,31,15,61.0,4.0,1.0,0.154539
insider_relax,2,10,31,15,61.0,4.0,1.0,0.161944
fastmultrec_greedy,2,10,31,15,61.0,4.0,1.0,0.543062
lcamap,2,10,31,15,61.0,4.0,1.0,0.091451
segdup,2,10,31,20,81,4,1,131.468931
insider,2,10,31,20,81.0,4.0,1.0,0.159814
insider_relax,2,10,31,20,81.0,4.0,1.0,0.159952
fastmultrec_greedy,2,10,31,20,81.0,4.0,1.0,0.519658
lcamap,2,10,31,20,81.0,4.0,1.0,0.091764
segdup,2,11,31,5,10,2,0,180.926415
insider,2,11,31,5,10.0,2.0,0.0,0.125550
insider_relax,2,11,31,5,10.0,2.0,0.0,0.132418
fastmultrec_greedy,2,11,31,5,10.0,2.0,0.0,0.397310
lcamap,2,11,31,5,10.0,2.0,0.0,0.076643
segdup,2,11,31,10,20,2,0,149.002407
insider,2,11,31,10,20.0,2.0,0.0,0.121614
insider_relax,2,11,31,10,20.0,2.0,0.0,0.131373
fastmultrec_greedy,2,11,31,10,20.0,2.0,0.0,0.395782
lcamap,2,11,31,10,20.0,2.0,0.0,0.076299
segdup,2,11,31,15,30,2,0,79.066707
insider,2,11,31,15,30.0,2.0,0.0,0.125930
insider_relax,2,11,31,15,30.0,2.0,0.0,0.131295
fastmultrec_greedy,2,11,31,15,30.0,2.0,0.0,0.394229
lcamap,2,11,31,15,30.0,2.0,0.0,0.077925
segdup,2,11,31,20,40,2,0,79.740911
insider,2,11,31,20,40.0,2.0,0.0,0.127306
insider_relax,2,11,31,20,40.0,2.0,0.0,0.129080
fastmultrec_greedy,2,11,31,20,40.0,2.0,0.0,0.400535
lcamap,2,11,31,20,40.0,2.0,0.0,0.077549
segdup,1,7,32,5,2935,224,1815,235.812589
insider,1,7,32,5,2887.0,205.0,1862.0,0.299260
insider_relax,1,7,32,5,2887.0,205.0,1862.0,0.326524
fastmultrec_greedy,1,7,32,5,2889.0,207.0,1854.0,6.815955
lcamap,1,7,32,5,2935.0,224.0,1815.0,0.097528
segdup,1,7,32,10,4055,224,1815,235.939363
insider,1,7,32,10,3839.0,182.0,2019.0,0.498647
insider_relax,1,7,32,10,3839.0,182.0,2019.0,0.565706
fastmultrec_greedy,1,7,32,10,3889.0,195.0,1939.0,11.833933
lcamap,1,7,32,10,4055.0,224.0,1815.0,0.090692
segdup,1,7,32,15,5175,224,1815,226.353748
insider,1,7,32,15,4731.0,172.0,2151.0,1.056518
insider_relax,1,7,32,15,4731.0,171.0,2166.0,1.326324
fastmultrec_greedy,1,7,32,15,4853.0,193.0,1958.0,12.530372
lcamap,1,7,32,15,5175.0,224.0,1815.0,0.090827
segdup,1,7,32,20,6295,224,1815,235.302066
insider,1,7,32,20,5562.0,160.0,2362.0,2.474319
insider_relax,1,7,32,20,5562.0,160.0,2362.0,4.139198
fastmultrec_greedy,1,7,32,20,5800.0,187.0,2060.0,14.609863
lcamap,1,7,32,20,6295.0,224.0,1815.0,0.095549
segdup,1,8,32,5,181,28,41,60.231933
insider,1,8,32,5,181.0,28.0,41.0,0.070069
insider_relax,1,8,32,5,181.0,28.0,41.0,0.098672
fastmultrec_greedy,1,8,32,5,181.0,28.0,41.0,0.141828
lcamap,1,8,32,5,181.0,28.0,41.0,0.024252
segdup,1,8,32,10,321,28,41,61.485157
insider,1,8,32,10,321.0,28.0,41.0,0.115474
insider_relax,1,8,32,10,321.0,28.0,41.0,0.190651
fastmultrec_greedy,1,8,32,10,321.0,28.0,41.0,0.142581
lcamap,1,8,32,10,321.0,28.0,41.0,0.023167
segdup,1,8,32,15,461,28,41,61.447749
insider,1,8,32,15,461.0,28.0,41.0,0.287581
insider_relax,1,8,32,15,461.0,28.0,41.0,0.344393
fastmultrec_greedy,1,8,32,15,461.0,28.0,41.0,0.138544
lcamap,1,8,32,15,461.0,28.0,41.0,0.025283
segdup,1,8,32,20,601,28,41,53.404342
insider,1,8,32,20,594.0,26.0,74.0,0.744358
insider_relax,1,8,32,20,594.0,26.0,74.0,0.914344
fastmultrec_greedy,1,8,32,20,601.0,28.0,41.0,0.140736
lcamap,1,8,32,20,601.0,28.0,41.0,0.024336
segdup,1,9,32,5,55,9,10,53.855983
insider,1,9,32,5,55.0,9.0,10.0,0.049286
insider_relax,1,9,32,5,55.0,9.0,10.0,0.055472
fastmultrec_greedy,1,9,32,5,55.0,9.0,10.0,0.122962
lcamap,1,9,32,5,55.0,9.0,10.0,0.022801
segdup,1,9,32,10,100,9,10,48.428009
insider,1,9,32,10,100.0,9.0,10.0,0.054195
insider_relax,1,9,32,10,100.0,9.0,10.0,0.061362
fastmultrec_greedy,1,9,32,10,100.0,9.0,10.0,0.123363
lcamap,1,9,32,10,100.0,9.0,10.0,0.022454
segdup,1,9,32,15,145,9,10,46.360514
insider,1,9,32,15,145.0,9.0,10.0,0.064711
insider_relax,1,9,32,15,145.0,9.0,10.0,0.067589
fastmultrec_greedy,1,9,32,15,145.0,9.0,10.0,0.126521
lcamap,1,9,32,15,145.0,9.0,10.0,0.023564
segdup,1,9,32,20,190,9,10,35.369917
insider,1,9,32,20,190.0,9.0,10.0,0.076865
insider_relax,1,9,32,20,190.0,9.0,10.0,0.083528
fastmultrec_greedy,1,9,32,20,190.0,9.0,10.0,0.122761
lcamap,1,9,32,20,190.0,9.0,10.0,0.022103
segdup,1,10,32,5,11,2,1,97.112665
insider,1,10,32,5,11.0,2.0,1.0,0.067547
insider_relax,1,10,32,5,11.0,2.0,1.0,0.073698
fastmultrec_greedy,1,10,32,5,11.0,2.0,1.0,0.225388
lcamap,1,10,32,5,11.0,2.0,1.0,0.037798
segdup,1,10,32,10,21,2,1,91.988837
insider,1,10,32,10,21.0,2.0,1.0,0.066041
insider_relax,1,10,32,10,21.0,2.0,1.0,0.069029
fastmultrec_greedy,1,10,32,10,21.0,2.0,1.0,0.222620
lcamap,1,10,32,10,21.0,2.0,1.0,0.037235
segdup,1,10,32,15,31,2,1,84.380725
insider,1,10,32,15,31.0,2.0,1.0,0.069536
insider_relax,1,10,32,15,31.0,2.0,1.0,0.072811
fastmultrec_greedy,1,10,32,15,31.0,2.0,1.0,0.225666
lcamap,1,10,32,15,31.0,2.0,1.0,0.037796
segdup,1,10,32,20,41,2,1,60.266532
insider,1,10,32,20,41.0,2.0,1.0,0.071778
insider_relax,1,10,32,20,41.0,2.0,1.0,0.070371
fastmultrec_greedy,1,10,32,20,41.0,2.0,1.0,0.222462
lcamap,1,10,32,20,41.0,2.0,1.0,0.041504
segdup,1,11,32,5,5,1,0,134.088269
insider,1,11,32,5,5.0,1.0,0.0,0.088232
insider_relax,1,11,32,5,5.0,1.0,0.0,0.092876
fastmultrec_greedy,1,11,32,5,5.0,1.0,0.0,0.292549
lcamap,1,11,32,5,5.0,1.0,0.0,0.055159
segdup,1,11,32,10,10,1,0,135.541974
insider,1,11,32,10,10.0,1.0,0.0,0.087779
insider_relax,1,11,32,10,10.0,1.0,0.0,0.088422
fastmultrec_greedy,1,11,32,10,10.0,1.0,0.0,0.291626
lcamap,1,11,32,10,10.0,1.0,0.0,0.054200
segdup,1,11,32,15,15,1,0,120.769870
insider,1,11,32,15,15.0,1.0,0.0,0.090190
insider_relax,1,11,32,15,15.0,1.0,0.0,0.096170
fastmultrec_greedy,1,11,32,15,15.0,1.0,0.0,0.298724
lcamap,1,11,32,15,15.0,1.0,0.0,0.055601
segdup,1,11,32,20,20,1,0,74.008792
insider,1,11,32,20,20.0,1.0,0.0,0.087173
insider_relax,1,11,32,20,20.0,1.0,0.0,0.088505
fastmultrec_greedy,1,11,32,20,20.0,1.0,0.0,0.296988
lcamap,1,11,32,20,20.0,1.0,0.0,0.059803
segdup,2,7,32,5,1120,98,630,186.903956
insider,2,7,32,5,1106.0,91.0,651.0,0.254729
insider_relax,2,7,32,5,1106.0,91.0,651.0,0.271625
fastmultrec_greedy,2,7,32,5,1106.0,91.0,651.0,2.487946
lcamap,2,7,32,5,1120.0,98.0,630.0,0.062339
segdup,2,7,32,10,1610,98,630,172.106284
insider,2,7,32,10,1530.0,79.0,740.0,0.490435
insider_relax,2,7,32,10,1530.0,78.0,750.0,0.588967
fastmultrec_greedy,2,7,32,10,1547.0,86.0,687.0,4.379913
lcamap,2,7,32,10,1610.0,98.0,630.0,0.063622
segdup,2,7,32,15,2100,98,630,176.403164
insider,2,7,32,15,1905.0,73.0,810.0,0.784528
insider_relax,2,7,32,15,1905.0,72.0,825.0,0.966950
fastmultrec_greedy,2,7,32,15,1971.0,84.0,711.0,4.992654
lcamap,2,7,32,15,2100.0,98.0,630.0,0.061855
segdup,2,7,32,20,2590,98,630,185.926295
insider,2,7,32,20,2254.0,69.0,874.0,1.305345
insider_relax,2,7,32,20,2254.0,68.0,894.0,1.763797
fastmultrec_greedy,2,7,32,20,2386.0,83.0,726.0,5.339377
lcamap,2,7,32,20,2590.0,98.0,630.0,0.067264
segdup,2,8,32,5,710,88,270,225.490061
insider,2,8,32,5,710.0,88.0,270.0,0.320992
insider_relax,2,8,32,5,710.0,88.0,270.0,0.349330
fastmultrec_greedy,2,8,32,5,710.0,88.0,270.0,0.746016
lcamap,2,8,32,5,710.0,88.0,270.0,0.133382
segdup,2,8,32,10,1150,88,270,211.297304
insider,2,8,32,10,1137.0,81.0,327.0,0.503810
insider_relax,2,8,32,10,1137.0,81.0,327.0,0.611477
fastmultrec_greedy,2,8,32,10,1146.0,87.0,276.0,1.364398
lcamap,2,8,32,10,1150.0,88.0,270.0,0.126867
segdup,2,8,32,15,1590,88,270,210.379577
insider,2,8,32,15,1539.0,80.0,339.0,0.825867
insider_relax,2,8,32,15,1539.0,80.0,339.0,0.987808
fastmultrec_greedy,2,8,32,15,1581.0,87.0,276.0,1.349072
lcamap,2,8,32,15,1590.0,88.0,270.0,0.138276
segdup,2,8,32,20,2030,88,270,197.134395
insider,2,8,32,20,1930.0,77.0,390.0,2.072274
insider_relax,2,8,32,20,1930.0,77.0,390.0,3.190881
fastmultrec_greedy,2,8,32,20,2016.0,87.0,276.0,1.372657
lcamap,2,8,32,20,2030.0,88.0,270.0,0.128203
segdup,2,9,32,5,299,43,84,142.103302
insider,2,9,32,5,299.0,43.0,84.0,0.222542
insider_relax,2,9,32,5,299.0,43.0,84.0,0.267545
fastmultrec_greedy,2,9,32,5,299.0,43.0,84.0,0.459517
lcamap,2,9,32,5,299.0,43.0,84.0,0.082496
segdup,2,9,32,10,514,43,84,136.183108
insider,2,9,32,10,509.0,40.0,109.0,0.358003
insider_relax,2,9,32,10,509.0,40.0,109.0,0.467248
fastmultrec_greedy,2,9,32,10,514.0,43.0,84.0,0.466109
lcamap,2,9,32,10,514.0,43.0,84.0,0.087322
segdup,2,9,32,15,729,43,84,127.407104
insider,2,9,32,15,709.0,40.0,109.0,0.683782
insider_relax,2,9,32,15,709.0,40.0,109.0,0.739140
fastmultrec_greedy,2,9,32,15,729.0,43.0,84.0,0.458121
lcamap,2,9,32,15,729.0,43.0,84.0,0.085571
segdup,2,9,32,20,944,43,84,111.592743
insider,2,9,32,20,909.0,40.0,109.0,2.355160
insider_relax,2,9,32,20,909.0,40.0,109.0,5.235048
fastmultrec_greedy,2,9,32,20,944.0,43.0,84.0,0.452183
lcamap,2,9,32,20,944.0,43.0,84.0,0.086245
segdup,2,10,32,5,11,2,1,259.817172
insider,2,10,32,5,11.0,2.0,1.0,0.145721
insider_relax,2,10,32,5,11.0,2.0,1.0,0.137976
fastmultrec_greedy,2,10,32,5,11.0,2.0,1.0,0.450410
lcamap,2,10,32,5,11.0,2.0,1.0,0.080716
segdup,2,10,32,10,21,2,1,243.267095
insider,2,10,32,10,21.0,2.0,1.0,0.139256
insider_relax,2,10,32,10,21.0,2.0,1.0,0.141304
fastmultrec_greedy,2,10,32,10,21.0,2.0,1.0,0.450436
lcamap,2,10,32,10,21.0,2.0,1.0,0.084352
segdup,2,10,32,15,31,2,1,179.677919
insider,2,10,32,15,31.0,2.0,1.0,0.142647
insider_relax,2,10,32,15,31.0,2.0,1.0,0.141387
fastmultrec_greedy,2,10,32,15,31.0,2.0,1.0,0.453534
lcamap,2,10,32,15,31.0,2.0,1.0,0.081216
segdup,2,10,32,20,41,2,1,122.535331
insider,2,10,32,20,41.0,2.0,1.0,0.145138
insider_relax,2,10,32,20,41.0,2.0,1.0,0.137898
fastmultrec_greedy,2,10,32,20,41.0,2.0,1.0,0.453793
lcamap,2,10,32,20,41.0,2.0,1.0,0.082368
segdup,2,11,32,5,10,2,0,97.862521
insider,2,11,32,5,10.0,2.0,0.0,0.071810
insider_relax,2,11,32,5,10.0,2.0,0.0,0.073888
fastmultrec_greedy,2,11,32,5,10.0,2.0,0.0,0.205406
lcamap,2,11,32,5,10.0,2.0,0.0,0.041042
segdup,2,11,32,10,20,2,0,85.728131
insider,2,11,32,10,20.0,2.0,0.0,0.075382
insider_relax,2,11,32,10,20.0,2.0,0.0,0.074205
fastmultrec_greedy,2,11,32,10,20.0,2.0,0.0,0.202419
lcamap,2,11,32,10,20.0,2.0,0.0,0.039870
segdup,2,11,32,15,30,2,0,41.199254
insider,2,11,32,15,30.0,2.0,0.0,0.073196
insider_relax,2,11,32,15,30.0,2.0,0.0,0.073277
fastmultrec_greedy,2,11,32,15,30.0,2.0,0.0,0.197602
lcamap,2,11,32,15,30.0,2.0,0.0,0.041798
segdup,2,11,32,20,40,2,0,40.944342
insider,2,11,32,20,40.0,2.0,0.0,0.073871
insider_relax,2,11,32,20,40.0,2.0,0.0,0.074335
fastmultrec_greedy,2,11,32,20,40.0,2.0,0.0,0.195420
lcamap,2,11,32,20,40.0,2.0,0.0,0.040062
segdup,1,7,33,5,911,109,366,150.455451
insider,1,7,33,5,908.0,107.0,373.0,0.236180
insider_relax,1,7,33,5,908.0,107.0,373.0,0.260503
fastmultrec_greedy,1,7,33,5,909.0,108.0,369.0,0.816171
lcamap,1,7,33,5,911.0,109.0,366.0,0.078626
segdup,1,7,33,10,1451,107,381,144.913311
insider,1,7,33,10,1416.0,97.0,446.0,0.425925
insider_relax,1,7,33,10,1416.0,97.0,446.0,0.575746
fastmultrec_greedy,1,7,33,10,1444.0,106.0,384.0,1.602309
lcamap,1,7,33,10,1456.0,109.0,366.0,0.075756
segdup,1,7,33,15,1999,108,379,142.256072
insider,1,7,33,15,1889.0,91.0,524.0,1.090544
insider_relax,1,7,33,15,1889.0,91.0,524.0,1.508844
fastmultrec_greedy,1,7,33,15,1971.0,105.0,396.0,2.029447
lcamap,1,7,33,15,2001.0,109.0,366.0,0.083086
segdup,1,7,33,20,2546,109,366,137.691431
insider,1,7,33,20,2333.0,86.0,613.0,3.393665
insider_relax,1,7,33,20,2333.0,86.0,613.0,5.598289
fastmultrec_greedy,1,7,33,20,2496.0,105.0,396.0,2.033352
lcamap,1,7,33,20,2546.0,109.0,366.0,0.076154
segdup,1,8,33,5,111,17,26,90.918282
insider,1,8,33,5,111.0,17.0,26.0,0.063710
insider_relax,1,8,33,5,111.0,17.0,26.0,0.074602
fastmultrec_greedy,1,8,33,5,111.0,17.0,26.0,0.154388
lcamap,1,8,33,5,111.0,17.0,26.0,0.029424
segdup,1,8,33,10,196,17,26,85.056346
insider,1,8,33,10,192.0,16.0,32.0,0.072334
insider_relax,1,8,33,10,192.0,16.0,32.0,0.087171
fastmultrec_greedy,1,8,33,10,192.0,16.0,32.0,0.273378
lcamap,1,8,33,10,196.0,17.0,26.0,0.030437
segdup,1,8,33,15,281,17,26,76.842075
insider,1,8,33,15,269.0,15.0,44.0,0.090350
insider_relax,1,8,33,15,269.0,15.0,44.0,0.094989
fastmultrec_greedy,1,8,33,15,269.0,15.0,44.0,0.378880
lcamap,1,8,33,15,281.0,17.0,26.0,0.030580
segdup,1,8,33,20,366,17,26,73.760987
insider,1,8,33,20,344.0,15.0,44.0,0.131516
insider_relax,1,8,33,20,344.0,15.0,44.0,0.139205
fastmultrec_greedy,1,8,33,20,344.0,15.0,44.0,0.378708
lcamap,1,8,33,20,366.0,17.0,26.0,0.030321
segdup,1,9,33,5,86,15,11,131.720169
insider,1,9,33,5,86.0,15.0,11.0,0.119223
insider_relax,1,9,33,5,86.0,15.0,11.0,0.129593
fastmultrec_greedy,1,9,33,5,86.0,15.0,11.0,0.419227
lcamap,1,9,33,5,86.0,15.0,11.0,0.069540
segdup,1,9,33,10,161,15,11,122.684293
insider,1,9,33,10,161.0,15.0,11.0,0.132478
insider_relax,1,9,33,10,161.0,15.0,11.0,0.143630
fastmultrec_greedy,1,9,33,10,161.0,15.0,11.0,0.418606
lcamap,1,9,33,10,161.0,15.0,11.0,0.069595
segdup,1,9,33,15,236,15,11,107.009691
insider,1,9,33,15,236.0,15.0,11.0,0.140155
insider_relax,1,9,33,15,236.0,15.0,11.0,0.144690
fastmultrec_greedy,1,9,33,15,236.0,15.0,11.0,0.414361
lcamap,1,9,33,15,236.0,15.0,11.0,0.069863
segdup,1,9,33,20,311,15,11,95.504787
insider,1,9,33,20,311.0,15.0,11.0,0.173363
insider_relax,1,9,33,20,311.0,15.0,11.0,0.180575
fastmultrec_greedy,1,9,33,20,311.0,15.0,11.0,0.410017
lcamap,1,9,33,20,311.0,15.0,11.0,0.068027
segdup,1,10,33,5,10,2,0,80.267726
insider,1,10,33,5,10.0,2.0,0.0,0.051833
insider_relax,1,10,33,5,10.0,2.0,0.0,0.054881
fastmultrec_greedy,1,10,33,5,10.0,2.0,0.0,0.165953
lcamap,1,10,33,5,10.0,2.0,0.0,0.028412
segdup,1,10,33,10,20,2,0,75.871018
insider,1,10,33,10,20.0,2.0,0.0,0.049580
insider_relax,1,10,33,10,20.0,2.0,0.0,0.055934
fastmultrec_greedy,1,10,33,10,20.0,2.0,0.0,0.164547
lcamap,1,10,33,10,20.0,2.0,0.0,0.029946
segdup,1,10,33,15,30,2,0,54.262019
insider,1,10,33,15,30.0,2.0,0.0,0.050805
insider_relax,1,10,33,15,30.0,2.0,0.0,0.058269
fastmultrec_greedy,1,10,33,15,30.0,2.0,0.0,0.161957
lcamap,1,10,33,15,30.0,2.0,0.0,0.029433
segdup,1,10,33,20,40,2,0,45.470692
insider,1,10,33,20,40.0,2.0,0.0,0.052773
insider_relax,1,10,33,20,40.0,2.0,0.0,0.056060
fastmultrec_greedy,1,10,33,20,40.0,2.0,0.0,0.166578
lcamap,1,10,33,20,40.0,2.0,0.0,0.030544
segdup,1,11,33,5,5,1,0,98.428002
insider,1,11,33,5,5.0,1.0,0.0,0.063490
insider_relax,1,11,33,5,5.0,1.0,0.0,0.062945
fastmultrec_greedy,1,11,33,5,5.0,1.0,0.0,0.199566
lcamap,1,11,33,5,5.0,1.0,0.0,0.036632
segdup,1,11,33,10,10,1,0,100.126634
insider,1,11,33,10,10.0,1.0,0.0,0.065126
insider_relax,1,11,33,10,10.0,1.0,0.0,0.067843
fastmultrec_greedy,1,11,33,10,10.0,1.0,0.0,0.194548
lcamap,1,11,33,10,10.0,1.0,0.0,0.038732
segdup,1,11,33,15,15,1,0,93.834206
insider,1,11,33,15,15.0,1.0,0.0,0.061304
insider_relax,1,11,33,15,15.0,1.0,0.0,0.067168
fastmultrec_greedy,1,11,33,15,15.0,1.0,0.0,0.192010
lcamap,1,11,33,15,15.0,1.0,0.0,0.036599
segdup,1,11,33,20,20,1,0,80.801467
insider,1,11,33,20,20.0,1.0,0.0,0.060119
insider_relax,1,11,33,20,20.0,1.0,0.0,0.063638
fastmultrec_greedy,1,11,33,20,20.0,1.0,0.0,0.194084
lcamap,1,11,33,20,20.0,1.0,0.0,0.035764
segdup,2,7,33,5,870,90,420,174.442684
insider,2,7,33,5,866.0,88.0,426.0,0.232038
insider_relax,2,7,33,5,866.0,88.0,426.0,0.242659
fastmultrec_greedy,2,7,33,5,866.0,88.0,426.0,1.126157
lcamap,2,7,33,5,870.0,90.0,420.0,0.071298
segdup,2,7,33,10,1320,90,420,174.431546
insider,2,7,33,10,1282.0,78.0,502.0,0.320504
insider_relax,2,7,33,10,1282.0,78.0,502.0,0.353768
fastmultrec_greedy,2,7,33,10,1298.0,85.0,448.0,2.682780
lcamap,2,7,33,10,1320.0,90.0,420.0,0.068862
segdup,2,7,33,15,1770,90,420,169.443997
insider,2,7,33,15,1672.0,78.0,502.0,0.541031
insider_relax,2,7,33,15,1672.0,78.0,502.0,0.631352
fastmultrec_greedy,2,7,33,15,1723.0,85.0,448.0,2.623791
lcamap,2,7,33,15,1770.0,90.0,420.0,0.071542
segdup,2,7,33,20,2220,90,420,168.109331
insider,2,7,33,20,2047.0,71.0,627.0,0.864305
insider_relax,2,7,33,20,2047.0,71.0,627.0,1.098033
fastmultrec_greedy,2,7,33,20,2146.0,84.0,466.0,3.007949
lcamap,2,7,33,20,2220.0,90.0,420.0,0.069148
segdup,2,8,33,5,552,66,222,112.245482
insider,2,8,33,5,548.0,64.0,228.0,0.187012
insider_relax,2,8,33,5,548.0,64.0,228.0,0.220874
fastmultrec_greedy,2,8,33,5,548.0,64.0,228.0,0.698995
lcamap,2,8,33,5,552.0,66.0,222.0,0.055144
segdup,2,8,33,10,882,66,222,109.945919
insider,2,8,33,10,867.0,63.0,237.0,0.388582
insider_relax,2,8,33,10,867.0,63.0,237.0,0.520394
fastmultrec_greedy,2,8,33,10,868.0,64.0,228.0,0.705938
lcamap,2,8,33,10,882.0,66.0,222.0,0.053566
segdup,2,8,33,15,1212,66,222,102.610468
insider,2,8,33,15,1167.0,58.0,297.0,0.931990
insider_relax,2,8,33,15,1167.0,58.0,297.0,1.333686
fastmultrec_greedy,2,8,33,15,1188.0,64.0,228.0,0.705077
lcamap,2,8,33,15,1212.0,66.0,222.0,0.055134
segdup,2,8,33,20,1527,65,227,103.809143
insider,2,8,33,20,1450.0,56.0,330.0,2.841805
insider_relax,2,8,33,20,1450.0,56.0,330.0,4.666253
fastmultrec_greedy,2,8,33,20,1508.0,64.0,228.0,0.701914
lcamap,2,8,33,20,1542.0,66.0,222.0,0.055220
segdup,2,9,33,5,76,12,16,210.560947
insider,2,9,33,5,76.0,12.0,16.0,0.156089
insider_relax,2,9,33,5,76.0,12.0,16.0,0.173689
fastmultrec_greedy,2,9,33,5,76.0,12.0,16.0,0.497866
lcamap,2,9,33,5,76.0,12.0,16.0,0.082065
segdup,2,9,33,10,136,12,16,196.254964
insider,2,9,33,10,136.0,12.0,16.0,0.166056
insider_relax,2,9,33,10,136.0,12.0,16.0,0.186407
fastmultrec_greedy,2,9,33,10,136.0,12.0,16.0,0.490263
lcamap,2,9,33,10,136.0,12.0,16.0,0.083741
segdup,2,9,33,15,196,12,16,169.577054
insider,2,9,33,15,196.0,12.0,16.0,0.184409
insider_relax,2,9,33,15,196.0,12.0,16.0,0.188597
fastmultrec_greedy,2,9,33,15,196.0,12.0,16.0,0.488374
lcamap,2,9,33,15,196.0,12.0,16.0,0.079458
segdup,2,9,33,20,256,12,16,117.303719
insider,2,9,33,20,256.0,12.0,16.0,0.212100
insider_relax,2,9,33,20,256.0,12.0,16.0,0.221042
fastmultrec_greedy,2,9,33,20,256.0,12.0,16.0,0.494490
lcamap,2,9,33,20,256.0,12.0,16.0,0.081427
segdup,2,10,33,5,17,3,2,237.987450
insider,2,10,33,5,17.0,3.0,2.0,0.159407
insider_relax,2,10,33,5,17.0,3.0,2.0,0.164387
fastmultrec_greedy,2,10,33,5,17.0,3.0,2.0,0.473744
lcamap,2,10,33,5,17.0,3.0,2.0,0.093524
segdup,2,10,33,10,32,3,2,217.880300
insider,2,10,33,10,32.0,3.0,2.0,0.162904
insider_relax,2,10,33,10,32.0,3.0,2.0,0.167531
fastmultrec_greedy,2,10,33,10,32.0,3.0,2.0,0.482394
lcamap,2,10,33,10,32.0,3.0,2.0,0.100007
segdup,2,10,33,15,47,3,2,110.723115
insider,2,10,33,15,47.0,3.0,2.0,0.162952
insider_relax,2,10,33,15,47.0,3.0,2.0,0.158784
fastmultrec_greedy,2,10,33,15,47.0,3.0,2.0,0.472649
lcamap,2,10,33,15,47.0,3.0,2.0,0.095255
segdup,2,10,33,20,62,3,2,107.816266
insider,2,10,33,20,62.0,3.0,2.0,0.165138
insider_relax,2,10,33,20,62.0,3.0,2.0,0.168917
fastmultrec_greedy,2,10,33,20,62.0,3.0,2.0,0.483749
lcamap,2,10,33,20,62.0,3.0,2.0,0.096095
segdup,1,7,34,5,784,92,324,98.389196
insider,1,7,34,5,780.0,89.0,335.0,0.161856
insider_relax,1,7,34,5,780.0,89.0,335.0,0.188635
fastmultrec_greedy,1,7,34,5,780.0,90.0,330.0,0.617248
lcamap,1,7,34,5,784.0,92.0,324.0,0.047294
segdup,1,7,34,10,1239,91,329,97.641680
insider,1,7,34,10,1213.0,82.0,393.0,0.307274
insider_relax,1,7,34,10,1213.0,82.0,393.0,0.365766
fastmultrec_greedy,1,7,34,10,1227.0,87.0,357.0,1.225668
lcamap,1,7,34,10,1244.0,92.0,324.0,0.045894
segdup,1,7,34,15,1698,90,348,96.960266
insider,1,7,34,15,1615.0,77.0,460.0,0.675045
insider_relax,1,7,34,15,1615.0,77.0,460.0,0.836158
fastmultrec_greedy,1,7,34,15,1662.0,87.0,357.0,1.232930
lcamap,1,7,34,15,1704.0,92.0,324.0,0.045143
segdup,1,7,34,20,2149,91,329,95.964350
insider,1,7,34,20,1988.0,73.0,528.0,2.198885
insider_relax,1,7,34,20,1988.0,73.0,528.0,3.570253
fastmultrec_greedy,1,7,34,20,2097.0,87.0,357.0,1.229531
lcamap,1,7,34,20,2164.0,92.0,324.0,0.043837
segdup,1,8,34,5,147,25,22,85.033081
insider,1,8,34,5,147.0,25.0,22.0,0.087470
insider_relax,1,8,34,5,147.0,25.0,22.0,0.108525
fastmultrec_greedy,1,8,34,5,147.0,25.0,22.0,0.204366
lcamap,1,8,34,5,147.0,25.0,22.0,0.036136
segdup,1,8,34,10,272,25,22,80.264122
insider,1,8,34,10,272.0,25.0,22.0,0.119467
insider_relax,1,8,34,10,272.0,25.0,22.0,0.186475
fastmultrec_greedy,1,8,34,10,272.0,25.0,22.0,0.204059
lcamap,1,8,34,10,272.0,25.0,22.0,0.034474
segdup,1,8,34,15,397,25,22,80.012979
insider,1,8,34,15,397.0,25.0,22.0,0.232413
insider_relax,1,8,34,15,397.0,25.0,22.0,0.256878
fastmultrec_greedy,1,8,34,15,397.0,25.0,22.0,0.200452
lcamap,1,8,34,15,397.0,25.0,22.0,0.034387
segdup,1,8,34,20,522,25,22,72.404806
insider,1,8,34,20,522.0,25.0,22.0,1.174212
insider_relax,1,8,34,20,522.0,25.0,22.0,1.332373
fastmultrec_greedy,1,8,34,20,522.0,25.0,22.0,0.206281
lcamap,1,8,34,20,522.0,25.0,22.0,0.035803
segdup,1,9,34,5,50,8,10,98.708156
insider,1,9,34,5,50.0,8.0,10.0,0.072202
insider_relax,1,9,34,5,50.0,8.0,10.0,0.077631
fastmultrec_greedy,1,9,34,5,50.0,8.0,10.0,0.223662
lcamap,1,9,34,5,50.0,8.0,10.0,0.040061
segdup,1,9,34,10,90,8,10,98.615104
insider,1,9,34,10,90.0,8.0,10.0,0.077209
insider_relax,1,9,34,10,90.0,8.0,10.0,0.080300
fastmultrec_greedy,1,9,34,10,90.0,8.0,10.0,0.220255
lcamap,1,9,34,10,90.0,8.0,10.0,0.038559
segdup,1,9,34,15,130,8,10,94.546244
insider,1,9,34,15,130.0,8.0,10.0,0.081679
insider_relax,1,9,34,15,130.0,8.0,10.0,0.084363
fastmultrec_greedy,1,9,34,15,130.0,8.0,10.0,0.222072
lcamap,1,9,34,15,130.0,8.0,10.0,0.037951
segdup,1,9,34,20,170,8,10,83.527743
insider,1,9,34,20,170.0,8.0,10.0,0.088287
insider_relax,1,9,34,20,170.0,8.0,10.0,0.088242
fastmultrec_greedy,1,9,34,20,170.0,8.0,10.0,0.226119
lcamap,1,9,34,20,170.0,8.0,10.0,0.042927
segdup,1,10,34,5,13,2,3,117.544304
insider,1,10,34,5,13.0,2.0,3.0,0.096336
insider_relax,1,10,34,5,13.0,2.0,3.0,0.097741
fastmultrec_greedy,1,10,34,5,13.0,2.0,3.0,0.331880
lcamap,1,10,34,5,13.0,2.0,3.0,0.057131
segdup,1,10,34,10,23,2,3,109.043480
insider,1,10,34,10,23.0,2.0,3.0,0.095455
insider_relax,1,10,34,10,23.0,2.0,3.0,0.097605
fastmultrec_greedy,1,10,34,10,23.0,2.0,3.0,0.333393
lcamap,1,10,34,10,23.0,2.0,3.0,0.058866
segdup,1,10,34,15,33,2,3,102.408564
insider,1,10,34,15,33.0,2.0,3.0,0.095327
insider_relax,1,10,34,15,33.0,2.0,3.0,0.099650
fastmultrec_greedy,1,10,34,15,33.0,2.0,3.0,0.327098
lcamap,1,10,34,15,33.0,2.0,3.0,0.060825
segdup,1,10,34,20,43,2,3,78.145602
insider,1,10,34,20,43.0,2.0,3.0,0.098313
insider_relax,1,10,34,20,43.0,2.0,3.0,0.100460
fastmultrec_greedy,1,10,34,20,43.0,2.0,3.0,0.333530
lcamap,1,10,34,20,43.0,2.0,3.0,0.059417
segdup,1,11,34,5,5,1,0,156.698096
insider,1,11,34,5,5.0,1.0,0.0,0.095854
insider_relax,1,11,34,5,5.0,1.0,0.0,0.098858
fastmultrec_greedy,1,11,34,5,5.0,1.0,0.0,0.331618
lcamap,1,11,34,5,5.0,1.0,0.0,0.057213
segdup,1,11,34,10,10,1,0,148.409812
insider,1,11,34,10,10.0,1.0,0.0,0.096485
insider_relax,1,11,34,10,10.0,1.0,0.0,0.099950
fastmultrec_greedy,1,11,34,10,10.0,1.0,0.0,0.334000
lcamap,1,11,34,10,10.0,1.0,0.0,0.060370
segdup,1,11,34,15,15,1,0,87.583919
insider,1,11,34,15,15.0,1.0,0.0,0.099472
insider_relax,1,11,34,15,15.0,1.0,0.0,0.100792
fastmultrec_greedy,1,11,34,15,15.0,1.0,0.0,0.328381
lcamap,1,11,34,15,15.0,1.0,0.0,0.062789
segdup,1,11,34,20,20,1,0,87.538135
insider,1,11,34,20,20.0,1.0,0.0,0.097277
insider_relax,1,11,34,20,20.0,1.0,0.0,0.103926
fastmultrec_greedy,1,11,34,20,20.0,1.0,0.0,0.326673
lcamap,1,11,34,20,20.0,1.0,0.0,0.057821
segdup,2,7,34,5,3024,194,2054,382.639345
insider,2,7,34,5,2992.0,178.0,2102.0,0.434846
insider_relax,2,7,34,5,2992.0,178.0,2102.0,0.476533
fastmultrec_greedy,2,7,34,5,2992.0,179.0,2097.0,9.709124
lcamap,2,7,34,5,3024.0,194.0,2054.0,0.131623
segdup,2,7,34,10,3994,194,2054,382.520298
insider,2,7,34,10,3843.0,164.0,2203.0,0.702306
insider_relax,2,7,34,10,3843.0,164.0,2203.0,0.833160
fastmultrec_greedy,2,7,34,10,3863.0,172.0,2143.0,16.440477
lcamap,2,7,34,10,3994.0,194.0,2054.0,0.133759
segdup,2,7,34,15,4953,193,2058,381.243240
insider,2,7,34,15,4644.0,155.0,2319.0,1.275969
insider_relax,2,7,34,15,4644.0,155.0,2319.0,1.569756
fastmultrec_greedy,2,7,34,15,4706.0,168.0,2186.0,20.868516
lcamap,2,7,34,15,4964.0,194.0,2054.0,0.132879
segdup,2,7,34,20,5934,194,2054,374.720811
insider,2,7,34,20,5411.0,150.0,2411.0,2.954810
insider_relax,2,7,34,20,5411.0,149.0,2431.0,4.303844
fastmultrec_greedy,2,7,34,20,5547.0,167.0,2207.0,24.676740
lcamap,2,7,34,20,5934.0,194.0,2054.0,0.139771
segdup,2,8,34,5,973,119,378,198.109488
insider,2,8,34,5,963.0,115.0,388.0,0.308502
insider_relax,2,8,34,5,963.0,115.0,388.0,0.340758
fastmultrec_greedy,2,8,34,5,963.0,115.0,388.0,2.149158
lcamap,2,8,34,5,973.0,119.0,378.0,0.097198
segdup,2,8,34,10,1565,118,385,190.292112
insider,2,8,34,10,1508.0,106.0,448.0,0.581004
insider_relax,2,8,34,10,1508.0,105.0,458.0,0.734130
fastmultrec_greedy,2,8,34,10,1538.0,115.0,388.0,2.144941
lcamap,2,8,34,10,1568.0,119.0,378.0,0.096427
segdup,2,8,34,15,2162,117,407,187.431708
insider,2,8,34,15,2029.0,101.0,514.0,1.429587
insider_relax,2,8,34,15,2029.0,101.0,514.0,1.892110
fastmultrec_greedy,2,8,34,15,2113.0,115.0,388.0,2.156830
lcamap,2,8,34,15,2163.0,119.0,378.0,0.095706
segdup,2,8,34,20,2734,116,414,184.711758
insider,2,8,34,20,2517.0,97.0,577.0,4.815466
insider_relax,2,8,34,20,2517.0,97.0,577.0,8.621977
fastmultrec_greedy,2,8,34,20,2688.0,115.0,388.0,2.160044
lcamap,2,8,34,20,2758.0,119.0,378.0,0.095934
segdup,2,9,34,5,213,37,28,128.557388
insider,2,9,34,5,213.0,37.0,28.0,0.202061
insider_relax,2,9,34,5,213.0,37.0,28.0,0.249503
fastmultrec_greedy,2,9,34,5,213.0,37.0,28.0,0.420078
lcamap,2,9,34,5,213.0,37.0,28.0,0.081561
segdup,2,9,34,10,398,37,28,113.242514
insider,2,9,34,10,397.0,36.0,37.0,0.383057
insider_relax,2,9,34,10,397.0,36.0,37.0,0.576006
fastmultrec_greedy,2,9,34,10,398.0,37.0,28.0,0.424291
lcamap,2,9,34,10,398.0,37.0,28.0,0.079304
segdup,2,9,34,15,583,37,28,115.155570
insider,2,9,34,15,573.0,33.0,78.0,1.374907
insider_relax,2,9,34,15,573.0,33.0,78.0,1.926171
fastmultrec_greedy,2,9,34,15,583.0,37.0,28.0,0.424069
lcamap,2,9,34,15,583.0,37.0,28.0,0.081268
segdup,2,9,34,20,768,37,28,112.742575
insider,2,9,34,20,726.0,30.0,126.0,3.930887
insider_relax,2,9,34,20,726.0,30.0,126.0,4.938515
fastmultrec_greedy,2,9,34,20,768.0,37.0,28.0,0.419758
lcamap,2,9,34,20,768.0,37.0,28.0,0.080650
segdup,2,10,34,5,23,4,3,108.726269
insider,2,10,34,5,23.0,4.0,3.0,0.087294
insider_relax,2,10,34,5,23.0,4.0,3.0,0.091775
fastmultrec_greedy,2,10,34,5,23.0,4.0,3.0,0.288508
lcamap,2,10,34,5,23.0,4.0,3.0,0.048485
segdup,2,10,34,10,43,4,3,94.020628
insider,2,10,34,10,43.0,4.0,3.0,0.091073
insider_relax,2,10,34,10,43.0,4.0,3.0,0.093782
fastmultrec_greedy,2,10,34,10,43.0,4.0,3.0,0.284443
lcamap,2,10,34,10,43.0,4.0,3.0,0.046488
segdup,2,10,34,15,63,4,3,55.522152
insider,2,10,34,15,63.0,4.0,3.0,0.094441
insider_relax,2,10,34,15,63.0,4.0,3.0,0.092717
fastmultrec_greedy,2,10,34,15,63.0,4.0,3.0,0.281932
lcamap,2,10,34,15,63.0,4.0,3.0,0.047738
segdup,2,10,34,20,83,4,3,55.701087
insider,2,10,34,20,83.0,4.0,3.0,0.096134
insider_relax,2,10,34,20,83.0,4.0,3.0,0.096301
fastmultrec_greedy,2,10,34,20,83.0,4.0,3.0,0.282582
lcamap,2,10,34,20,83.0,4.0,3.0,0.046764
segdup,2,11,34,5,10,2,0,89.873233
insider,2,11,34,5,10.0,2.0,0.0,0.074672
insider_relax,2,11,34,5,10.0,2.0,0.0,0.072795
fastmultrec_greedy,2,11,34,5,10.0,2.0,0.0,0.224571
lcamap,2,11,34,5,10.0,2.0,0.0,0.041070
segdup,2,11,34,10,20,2,0,77.602236
insider,2,11,34,10,20.0,2.0,0.0,0.076655
insider_relax,2,11,34,10,20.0,2.0,0.0,0.077257
fastmultrec_greedy,2,11,34,10,20.0,2.0,0.0,0.226662
lcamap,2,11,34,10,20.0,2.0,0.0,0.042495
segdup,2,11,34,15,30,2,0,78.630311
insider,2,11,34,15,30.0,2.0,0.0,0.078225
insider_relax,2,11,34,15,30.0,2.0,0.0,0.074174
fastmultrec_greedy,2,11,34,15,30.0,2.0,0.0,0.228519
lcamap,2,11,34,15,30.0,2.0,0.0,0.041551
segdup,2,11,34,20,40,2,0,44.774623
insider,2,11,34,20,40.0,2.0,0.0,0.075508
insider_relax,2,11,34,20,40.0,2.0,0.0,0.084773
fastmultrec_greedy,2,11,34,20,40.0,2.0,0.0,0.224110
lcamap,2,11,34,20,40.0,2.0,0.0,0.038478
segdup,1,7,35,5,958,114,388,141.584651
insider,1,7,35,5,952.0,111.0,397.0,0.210756
insider_relax,1,7,35,5,952.0,111.0,397.0,0.229638
fastmultrec_greedy,1,7,35,5,952.0,111.0,397.0,1.493210
lcamap,1,7,35,5,958.0,114.0,388.0,0.077975
segdup,1,7,35,10,1528,114,388,129.750415
insider,1,7,35,10,1489.0,104.0,449.0,0.382488
insider_relax,1,7,35,10,1489.0,104.0,449.0,0.474852
fastmultrec_greedy,1,7,35,10,1503.0,110.0,403.0,1.889255
lcamap,1,7,35,10,1528.0,114.0,388.0,0.076254
segdup,1,7,35,15,2092,112,412,136.020147
insider,1,7,35,15,1996.0,98.0,526.0,0.766673
insider_relax,1,7,35,15,1996.0,98.0,526.0,0.949970
fastmultrec_greedy,1,7,35,15,2053.0,110.0,403.0,1.872132
lcamap,1,7,35,15,2098.0,114.0,388.0,0.076434
segdup,1,7,35,20,2665,113,405,133.818820
insider,1,7,35,20,2473.0,93.0,613.0,1.902721
insider_relax,1,7,35,20,2473.0,93.0,613.0,3.300756
fastmultrec_greedy,1,7,35,20,2601.0,109.0,421.0,2.243923
lcamap,1,7,35,20,2668.0,114.0,388.0,0.074706
segdup,1,8,35,5,219,33,54,47.834045
insider,1,8,35,5,219.0,33.0,54.0,0.066530
insider_relax,1,8,35,5,219.0,33.0,54.0,0.087268
fastmultrec_greedy,1,8,35,5,219.0,33.0,54.0,0.140925
lcamap,1,8,35,5,219.0,33.0,54.0,0.024521
segdup,1,8,35,10,384,33,54,46.193094
insider,1,8,35,10,383.0,32.0,63.0,0.105804
insider_relax,1,8,35,10,383.0,32.0,63.0,0.159438
fastmultrec_greedy,1,8,35,10,384.0,33.0,54.0,0.143156
lcamap,1,8,35,10,384.0,33.0,54.0,0.023976
segdup,1,8,35,15,549,33,54,43.024627
insider,1,8,35,15,543.0,32.0,63.0,0.202929
insider_relax,1,8,35,15,543.0,32.0,63.0,0.247889
fastmultrec_greedy,1,8,35,15,549.0,33.0,54.0,0.146437
lcamap,1,8,35,15,549.0,33.0,54.0,0.023703
segdup,1,8,35,20,714,33,54,43.482341
insider,1,8,35,20,701.0,30.0,101.0,0.797644
insider_relax,1,8,35,20,701.0,30.0,101.0,1.167297
fastmultrec_greedy,1,8,35,20,714.0,33.0,54.0,0.137203
lcamap,1,8,35,20,714.0,33.0,54.0,0.025165
segdup,1,9,35,5,20,4,0,74.866063
insider,1,9,35,5,20.0,4.0,0.0,0.049674
insider_relax,1,9,35,5,20.0,4.0,0.0,0.048104
fastmultrec_greedy,1,9,35,5,20.0,4.0,0.0,0.146001
lcamap,1,9,35,5,20.0,4.0,0.0,0.024405
segdup,1,9,35,10,40,4,0,72.260887
insider,1,9,35,10,40.0,4.0,0.0,0.051751
insider_relax,1,9,35,10,40.0,4.0,0.0,0.049861
fastmultrec_greedy,1,9,35,10,40.0,4.0,0.0,0.139993
lcamap,1,9,35,10,40.0,4.0,0.0,0.025182
segdup,1,9,35,15,60,4,0,72.158138
insider,1,9,35,15,60.0,4.0,0.0,0.051539
insider_relax,1,9,35,15,60.0,4.0,0.0,0.050123
fastmultrec_greedy,1,9,35,15,60.0,4.0,0.0,0.143047
lcamap,1,9,35,15,60.0,4.0,0.0,0.025252
segdup,1,9,35,20,80,4,0,58.018682
insider,1,9,35,20,80.0,4.0,0.0,0.049342
insider_relax,1,9,35,20,80.0,4.0,0.0,0.049838
fastmultrec_greedy,1,9,35,20,80.0,4.0,0.0,0.142806
lcamap,1,9,35,20,80.0,4.0,0.0,0.025135
segdup,1,10,35,5,75,14,5,176.324433
insider,1,10,35,5,75.0,14.0,5.0,0.118003
insider_relax,1,10,35,5,75.0,14.0,5.0,0.128653
fastmultrec_greedy,1,10,35,5,75.0,14.0,5.0,0.351059
lcamap,1,10,35,5,75.0,14.0,5.0,0.071898
segdup,1,10,35,10,145,14,5,163.262628
insider,1,10,35,10,145.0,14.0,5.0,0.132311
insider_relax,1,10,35,10,145.0,14.0,5.0,0.148413
fastmultrec_greedy,1,10,35,10,145.0,14.0,5.0,0.346264
lcamap,1,10,35,10,145.0,14.0,5.0,0.070573
segdup,1,10,35,15,215,14,5,99.784889
insider,1,10,35,15,215.0,14.0,5.0,0.157310
insider_relax,1,10,35,15,215.0,14.0,5.0,0.155807
fastmultrec_greedy,1,10,35,15,215.0,14.0,5.0,0.348858
lcamap,1,10,35,15,215.0,14.0,5.0,0.070821
segdup,1,10,35,20,285,14,5,99.533068
insider,1,10,35,20,285.0,14.0,5.0,0.194112
insider_relax,1,10,35,20,285.0,14.0,5.0,0.211731
fastmultrec_greedy,1,10,35,20,285.0,14.0,5.0,0.344878
lcamap,1,10,35,20,285.0,14.0,5.0,0.069910
segdup,1,11,35,5,5,1,0,150.143023
insider,1,11,35,5,5.0,1.0,0.0,0.095448
insider_relax,1,11,35,5,5.0,1.0,0.0,0.105985
fastmultrec_greedy,1,11,35,5,5.0,1.0,0.0,0.301069
lcamap,1,11,35,5,5.0,1.0,0.0,0.058277
segdup,1,11,35,10,10,1,0,141.609211
insider,1,11,35,10,10.0,1.0,0.0,0.095007
insider_relax,1,11,35,10,10.0,1.0,0.0,0.099959
fastmultrec_greedy,1,11,35,10,10.0,1.0,0.0,0.306487
lcamap,1,11,35,10,10.0,1.0,0.0,0.060298
segdup,1,11,35,15,15,1,0,118.394129
insider,1,11,35,15,15.0,1.0,0.0,0.093334
insider_relax,1,11,35,15,15.0,1.0,0.0,0.104482
fastmultrec_greedy,1,11,35,15,15.0,1.0,0.0,0.302979
lcamap,1,11,35,15,15.0,1.0,0.0,0.059942
segdup,1,11,35,20,20,1,0,88.221036
insider,1,11,35,20,20.0,1.0,0.0,0.095235
insider_relax,1,11,35,20,20.0,1.0,0.0,0.098050
fastmultrec_greedy,1,11,35,20,20.0,1.0,0.0,0.304498
lcamap,1,11,35,20,20.0,1.0,0.0,0.059917
segdup,2,7,35,5,1063,86,633,201.824952
insider,2,7,35,5,1058.0,84.0,638.0,0.215564
insider_relax,2,7,35,5,1058.0,84.0,638.0,0.235132
fastmultrec_greedy,2,7,35,5,1059.0,85.0,634.0,0.686976
lcamap,2,7,35,5,1063.0,86.0,633.0,0.073245
segdup,2,7,35,10,1493,86,633,194.264522
insider,2,7,35,10,1457.0,77.0,687.0,0.313978
insider_relax,2,7,35,10,1457.0,77.0,687.0,0.350086
fastmultrec_greedy,2,7,35,10,1469.0,81.0,659.0,2.023379
lcamap,2,7,35,10,1493.0,86.0,633.0,0.067973
segdup,2,7,35,15,1923,86,633,194.993091
insider,2,7,35,15,1836.0,74.0,726.0,0.482480
insider_relax,2,7,35,15,1836.0,74.0,726.0,0.539968
fastmultrec_greedy,2,7,35,15,1874.0,81.0,659.0,2.023120
lcamap,2,7,35,15,1923.0,86.0,633.0,0.071952
segdup,2,7,35,20,2353,86,633,196.171568
insider,2,7,35,20,2202.0,72.0,762.0,0.735631
insider_relax,2,7,35,20,2202.0,72.0,762.0,0.880696
fastmultrec_greedy,2,7,35,20,2271.0,78.0,711.0,3.059999
lcamap,2,7,35,20,2353.0,86.0,633.0,0.070936
segdup,2,8,35,5,324,52,64,207.981354
insider,2,8,35,5,324.0,52.0,64.0,0.275305
insider_relax,2,8,35,5,324.0,52.0,64.0,0.327649
fastmultrec_greedy,2,8,35,5,324.0,52.0,64.0,0.719871
lcamap,2,8,35,5,324.0,52.0,64.0,0.119903
segdup,2,8,35,10,584,52,64,197.555065
insider,2,8,35,10,583.0,51.0,73.0,0.405708
insider_relax,2,8,35,10,583.0,51.0,73.0,0.554619
fastmultrec_greedy,2,8,35,10,584.0,52.0,64.0,0.692892
lcamap,2,8,35,10,584.0,52.0,64.0,0.112616
segdup,2,8,35,15,844,52,64,184.618731
insider,2,8,35,15,835.0,50.0,85.0,0.812853
insider_relax,2,8,35,15,835.0,50.0,85.0,0.983714
fastmultrec_greedy,2,8,35,15,844.0,52.0,64.0,0.690834
lcamap,2,8,35,15,844.0,52.0,64.0,0.113986
segdup,2,8,35,20,1104,52,64,182.130795
insider,2,8,35,20,1078.0,48.0,118.0,2.521587
insider_relax,2,8,35,20,1078.0,48.0,118.0,3.827991
fastmultrec_greedy,2,8,35,20,1104.0,52.0,64.0,0.696107
lcamap,2,8,35,20,1104.0,52.0,64.0,0.114954
segdup,2,9,35,5,149,25,24,119.802573
insider,2,9,35,5,149.0,25.0,24.0,0.154488
insider_relax,2,9,35,5,149.0,25.0,24.0,0.181386
fastmultrec_greedy,2,9,35,5,149.0,25.0,24.0,0.380833
lcamap,2,9,35,5,149.0,25.0,24.0,0.069009
segdup,2,9,35,10,274,25,24,110.670238
insider,2,9,35,10,273.0,24.0,33.0,0.218803
insider_relax,2,9,35,10,273.0,24.0,33.0,0.278022
fastmultrec_greedy,2,9,35,10,274.0,25.0,24.0,0.379504
lcamap,2,9,35,10,274.0,25.0,24.0,0.072485
segdup,2,9,35,15,399,25,24,97.248496
insider,2,9,35,15,390.0,23.0,45.0,0.394285
insider_relax,2,9,35,15,390.0,23.0,45.0,0.544023
fastmultrec_greedy,2,9,35,15,399.0,25.0,24.0,0.389262
lcamap,2,9,35,15,399.0,25.0,24.0,0.070266
segdup,2,9,35,20,524,25,24,79.434271
insider,2,9,35,20,505.0,23.0,45.0,0.917013
insider_relax,2,9,35,20,505.0,23.0,45.0,1.134115
fastmultrec_greedy,2,9,35,20,524.0,25.0,24.0,0.389275
lcamap,2,9,35,20,524.0,25.0,24.0,0.074828
segdup,2,10,35,5,20,4,0,245.589976
insider,2,10,35,5,20.0,4.0,0.0,0.153603
insider_relax,2,10,35,5,20.0,4.0,0.0,0.161645
fastmultrec_greedy,2,10,35,5,20.0,4.0,0.0,0.471088
lcamap,2,10,35,5,20.0,4.0,0.0,0.092258
segdup,2,10,35,10,40,4,0,213.041616
insider,2,10,35,10,40.0,4.0,0.0,0.153157
insider_relax,2,10,35,10,40.0,4.0,0.0,0.157411
fastmultrec_greedy,2,10,35,10,40.0,4.0,0.0,0.476083
lcamap,2,10,35,10,40.0,4.0,0.0,0.089938
segdup,2,10,35,15,60,4,0,158.591561
insider,2,10,35,15,60.0,4.0,0.0,0.159234
insider_relax,2,10,35,15,60.0,4.0,0.0,0.165132
fastmultrec_greedy,2,10,35,15,60.0,4.0,0.0,0.473031
lcamap,2,10,35,15,60.0,4.0,0.0,0.092905
segdup,2,10,35,20,80,4,0,116.928611
insider,2,10,35,20,80.0,4.0,0.0,0.162217
insider_relax,2,10,35,20,80.0,4.0,0.0,0.153964
fastmultrec_greedy,2,10,35,20,80.0,4.0,0.0,0.475522
lcamap,2,10,35,20,80.0,4.0,0.0,0.087952
segdup,2,11,35,5,10,2,0,157.691173
insider,2,11,35,5,10.0,2.0,0.0,0.111302
insider_relax,2,11,35,5,10.0,2.0,0.0,0.112575
fastmultrec_greedy,2,11,35,5,10.0,2.0,0.0,0.327941
lcamap,2,11,35,5,10.0,2.0,0.0,0.056045
segdup,2,11,35,10,20,2,0,153.527777
insider,2,11,35,10,20.0,2.0,0.0,0.112780
insider_relax,2,11,35,10,20.0,2.0,0.0,0.110826
fastmultrec_greedy,2,11,35,10,20.0,2.0,0.0,0.334766
lcamap,2,11,35,10,20.0,2.0,0.0,0.061915
segdup,2,11,35,15,30,2,0,129.396663
insider,2,11,35,15,30.0,2.0,0.0,0.109620
insider_relax,2,11,35,15,30.0,2.0,0.0,0.111541
fastmultrec_greedy,2,11,35,15,30.0,2.0,0.0,0.331749
lcamap,2,11,35,15,30.0,2.0,0.0,0.062175
segdup,2,11,35,20,40,2,0,67.605773
insider,2,11,35,20,40.0,2.0,0.0,0.112796
insider_relax,2,11,35,20,40.0,2.0,0.0,0.110583
fastmultrec_greedy,2,11,35,20,40.0,2.0,0.0,0.333614
lcamap,2,11,35,20,40.0,2.0,0.0,0.060956
segdup,1,7,36,5,4296,259,3001,370.001115
insider,1,7,36,5,4259.0,242.0,3049.0,0.416220
insider_relax,1,7,36,5,4259.0,242.0,3049.0,0.446575
fastmultrec_greedy,1,7,36,5,4259.0,243.0,3044.0,10.489665
lcamap,1,7,36,5,4296.0,259.0,3001.0,0.133111
segdup,1,7,36,10,5591,259,3001,382.868768
insider,1,7,36,10,5406.0,214.0,3266.0,0.659800
insider_relax,1,7,36,10,5406.0,214.0,3266.0,0.760889
fastmultrec_greedy,1,7,36,10,5436.0,231.0,3126.0,18.117390
lcamap,1,7,36,10,5591.0,259.0,3001.0,0.132755
segdup,1,7,36,15,6886,259,3001,381.979979
insider,1,7,36,15,6448.0,201.0,3433.0,1.114447
insider_relax,1,7,36,15,6448.0,200.0,3448.0,1.514874
fastmultrec_greedy,1,7,36,15,6567.0,223.0,3222.0,24.718707
lcamap,1,7,36,15,6886.0,259.0,3001.0,0.134944
segdup,1,7,36,20,8179,258,3019,368.246650
insider,1,7,36,20,7431.0,194.0,3551.0,2.143678
insider_relax,1,7,36,20,7431.0,194.0,3551.0,2.925850
fastmultrec_greedy,1,7,36,20,7649.0,216.0,3329.0,30.998851
lcamap,1,7,36,20,8181.0,259.0,3001.0,0.133860
segdup,1,8,36,5,346,51,91,98.394703
insider,1,8,36,5,346.0,51.0,91.0,0.126735
insider_relax,1,8,36,5,346.0,51.0,91.0,0.158831
fastmultrec_greedy,1,8,36,5,346.0,51.0,91.0,0.278100
lcamap,1,8,36,5,346.0,51.0,91.0,0.054255
segdup,1,8,36,10,601,51,91,92.638899
insider,1,8,36,10,599.0,49.0,109.0,0.199358
insider_relax,1,8,36,10,599.0,49.0,109.0,0.300640
fastmultrec_greedy,1,8,36,10,600.0,50.0,100.0,0.481328
lcamap,1,8,36,10,601.0,51.0,91.0,0.055388
segdup,1,8,36,15,856,51,91,92.495170
insider,1,8,36,15,841.0,48.0,121.0,0.381418
insider_relax,1,8,36,15,841.0,48.0,121.0,0.472317
fastmultrec_greedy,1,8,36,15,850.0,50.0,100.0,0.481858
lcamap,1,8,36,15,856.0,51.0,91.0,0.054966
segdup,1,8,36,20,1111,51,91,91.663158
insider,1,8,36,20,1081.0,48.0,121.0,1.341520
insider_relax,1,8,36,20,1081.0,48.0,121.0,2.076079
fastmultrec_greedy,1,8,36,20,1100.0,50.0,100.0,0.481387
lcamap,1,8,36,20,1111.0,51.0,91.0,0.055721
segdup,1,9,36,5,23,4,3,103.190971
insider,1,9,36,5,23.0,4.0,3.0,0.060680
insider_relax,1,9,36,5,23.0,4.0,3.0,0.066264
fastmultrec_greedy,1,9,36,5,23.0,4.0,3.0,0.178256
lcamap,1,9,36,5,23.0,4.0,3.0,0.033824
segdup,1,9,36,10,43,4,3,100.327004
insider,1,9,36,10,43.0,4.0,3.0,0.063379
insider_relax,1,9,36,10,43.0,4.0,3.0,0.066918
fastmultrec_greedy,1,9,36,10,43.0,4.0,3.0,0.177872
lcamap,1,9,36,10,43.0,4.0,3.0,0.033796
segdup,1,9,36,15,63,4,3,98.101276
insider,1,9,36,15,63.0,4.0,3.0,0.065228
insider_relax,1,9,36,15,63.0,4.0,3.0,0.070358
fastmultrec_greedy,1,9,36,15,63.0,4.0,3.0,0.177058
lcamap,1,9,36,15,63.0,4.0,3.0,0.036507
segdup,1,9,36,20,83,4,3,55.000917
insider,1,9,36,20,83.0,4.0,3.0,0.067325
insider_relax,1,9,36,20,83.0,4.0,3.0,0.072256
fastmultrec_greedy,1,9,36,20,83.0,4.0,3.0,0.179550
lcamap,1,9,36,20,83.0,4.0,3.0,0.035983
segdup,1,10,36,5,5,1,0,98.806294
insider,1,10,36,5,5.0,1.0,0.0,0.062719
insider_relax,1,10,36,5,5.0,1.0,0.0,0.065304
fastmultrec_greedy,1,10,36,5,5.0,1.0,0.0,0.204025
lcamap,1,10,36,5,5.0,1.0,0.0,0.038427
segdup,1,10,36,10,10,1,0,93.442927
insider,1,10,36,10,10.0,1.0,0.0,0.063312
insider_relax,1,10,36,10,10.0,1.0,0.0,0.066812
fastmultrec_greedy,1,10,36,10,10.0,1.0,0.0,0.201709
lcamap,1,10,36,10,10.0,1.0,0.0,0.036413
segdup,1,10,36,15,15,1,0,53.700435
insider,1,10,36,15,15.0,1.0,0.0,0.062065
insider_relax,1,10,36,15,15.0,1.0,0.0,0.066201
fastmultrec_greedy,1,10,36,15,15.0,1.0,0.0,0.205378
lcamap,1,10,36,15,15.0,1.0,0.0,0.040015
segdup,1,10,36,20,20,1,0,76.785219
insider,1,10,36,20,20.0,1.0,0.0,0.063029
insider_relax,1,10,36,20,20.0,1.0,0.0,0.068086
fastmultrec_greedy,1,10,36,20,20.0,1.0,0.0,0.202031
lcamap,1,10,36,20,20.0,1.0,0.0,0.038610
segdup,1,11,36,5,5,1,0,153.160125
insider,1,11,36,5,5.0,1.0,0.0,0.098328
insider_relax,1,11,36,5,5.0,1.0,0.0,0.107946
fastmultrec_greedy,1,11,36,5,5.0,1.0,0.0,0.336632
lcamap,1,11,36,5,5.0,1.0,0.0,0.061940
segdup,1,11,36,10,10,1,0,142.857468
insider,1,11,36,10,10.0,1.0,0.0,0.102729
insider_relax,1,11,36,10,10.0,1.0,0.0,0.105001
fastmultrec_greedy,1,11,36,10,10.0,1.0,0.0,0.358596
lcamap,1,11,36,10,10.0,1.0,0.0,0.061956
segdup,1,11,36,15,15,1,0,88.879076
insider,1,11,36,15,15.0,1.0,0.0,0.098399
insider_relax,1,11,36,15,15.0,1.0,0.0,0.100147
fastmultrec_greedy,1,11,36,15,15.0,1.0,0.0,0.336761
lcamap,1,11,36,15,15.0,1.0,0.0,0.061655
segdup,1,11,36,20,20,1,0,82.541475
insider,1,11,36,20,20.0,1.0,0.0,0.093508
insider_relax,1,11,36,20,20.0,1.0,0.0,0.098410
fastmultrec_greedy,1,11,36,20,20.0,1.0,0.0,0.342906
lcamap,1,11,36,20,20.0,1.0,0.0,0.061140
segdup,2,7,36,5,786,108,246,238.169951
insider,2,7,36,5,786.0,108.0,246.0,0.370827
insider_relax,2,7,36,5,786.0,108.0,246.0,0.446320
fastmultrec_greedy,2,7,36,5,786.0,108.0,246.0,0.725533
lcamap,2,7,36,5,786.0,108.0,246.0,0.130268
segdup,2,7,36,10,1326,108,246,223.622265
insider,2,7,36,10,1310.0,101.0,300.0,0.682690
insider_relax,2,7,36,10,1310.0,101.0,300.0,0.877386
fastmultrec_greedy,2,7,36,10,1326.0,108.0,246.0,0.717884
lcamap,2,7,36,10,1326.0,108.0,246.0,0.126951
segdup,2,7,36,15,1866,108,246,235.639298
insider,2,7,36,15,1799.0,94.0,389.0,1.611940
insider_relax,2,7,36,15,1799.0,94.0,389.0,2.068800
fastmultrec_greedy,2,7,36,15,1866.0,108.0,246.0,0.725402
lcamap,2,7,36,15,1866.0,108.0,246.0,0.126152
segdup,2,7,36,20,2406,108,246,228.465477
insider,2,7,36,20,2260.0,91.0,440.0,4.904675
insider_relax,2,7,36,20,2260.0,91.0,440.0,7.768991
fastmultrec_greedy,2,7,36,20,2406.0,108.0,246.0,0.731100
lcamap,2,7,36,20,2406.0,108.0,246.0,0.129789
segdup,2,8,36,5,770,99,275,236.861406
insider,2,8,36,5,768.0,98.0,278.0,0.362923
insider_relax,2,8,36,5,768.0,98.0,278.0,0.423616
fastmultrec_greedy,2,8,36,5,768.0,98.0,278.0,1.028679
lcamap,2,8,36,5,770.0,99.0,275.0,0.110172
segdup,2,8,36,10,1265,99,275,231.039410
insider,2,8,36,10,1239.0,91.0,329.0,0.747743
insider_relax,2,8,36,10,1239.0,91.0,329.0,0.982607
fastmultrec_greedy,2,8,36,10,1253.0,96.0,293.0,2.037954
lcamap,2,8,36,10,1265.0,99.0,275.0,0.117557
segdup,2,8,36,15,1760,99,275,227.494083
insider,2,8,36,15,1684.0,83.0,439.0,2.274069
insider_relax,2,8,36,15,1684.0,83.0,439.0,2.897662
fastmultrec_greedy,2,8,36,15,1733.0,96.0,293.0,2.020796
lcamap,2,8,36,15,1760.0,99.0,275.0,0.112080
segdup,2,8,36,20,2255,99,275,223.060334
insider,2,8,36,20,2087.0,79.0,507.0,7.033730
insider_relax,2,8,36,20,2087.0,79.0,507.0,11.136862
fastmultrec_greedy,2,8,36,20,2213.0,96.0,293.0,2.031681
lcamap,2,8,36,20,2255.0,99.0,275.0,0.114654
segdup,2,9,36,5,29,5,4,145.973399
insider,2,9,36,5,29.0,5.0,4.0,0.134848
insider_relax,2,9,36,5,29.0,5.0,4.0,0.137734
fastmultrec_greedy,2,9,36,5,29.0,5.0,4.0,0.439586
lcamap,2,9,36,5,29.0,5.0,4.0,0.080979
segdup,2,9,36,10,54,5,4,139.487926
insider,2,9,36,10,54.0,5.0,4.0,0.133017
insider_relax,2,9,36,10,54.0,5.0,4.0,0.138145
fastmultrec_greedy,2,9,36,10,54.0,5.0,4.0,0.453025
lcamap,2,9,36,10,54.0,5.0,4.0,0.078074
segdup,2,9,36,15,79,5,4,76.656850
insider,2,9,36,15,79.0,5.0,4.0,0.139087
insider_relax,2,9,36,15,79.0,5.0,4.0,0.139657
fastmultrec_greedy,2,9,36,15,79.0,5.0,4.0,0.443107
lcamap,2,9,36,15,79.0,5.0,4.0,0.078353
segdup,2,9,36,20,104,5,4,75.046676
insider,2,9,36,20,104.0,5.0,4.0,0.147858
insider_relax,2,9,36,20,104.0,5.0,4.0,0.146244
fastmultrec_greedy,2,9,36,20,104.0,5.0,4.0,0.438475
lcamap,2,9,36,20,104.0,5.0,4.0,0.072462
segdup,2,10,36,5,20,4,0,143.308153
insider,2,10,36,5,20.0,4.0,0.0,0.099395
insider_relax,2,10,36,5,20.0,4.0,0.0,0.104092
fastmultrec_greedy,2,10,36,5,20.0,4.0,0.0,0.382609
lcamap,2,10,36,5,20.0,4.0,0.0,0.051237
segdup,2,10,36,10,40,4,0,136.758734
insider,2,10,36,10,40.0,4.0,0.0,0.104035
insider_relax,2,10,36,10,40.0,4.0,0.0,0.105099
fastmultrec_greedy,2,10,36,10,40.0,4.0,0.0,0.382974
lcamap,2,10,36,10,40.0,4.0,0.0,0.050393
segdup,2,10,36,15,60,4,0,88.534076
insider,2,10,36,15,60.0,4.0,0.0,0.104939
insider_relax,2,10,36,15,60.0,4.0,0.0,0.104809
fastmultrec_greedy,2,10,36,15,60.0,4.0,0.0,0.381754
lcamap,2,10,36,15,60.0,4.0,0.0,0.052543
segdup,2,10,36,20,80,4,0,84.875140
insider,2,10,36,20,80.0,4.0,0.0,0.110273
insider_relax,2,10,36,20,80.0,4.0,0.0,0.115193
fastmultrec_greedy,2,10,36,20,80.0,4.0,0.0,0.380779
lcamap,2,10,36,20,80.0,4.0,0.0,0.051990
segdup,1,7,37,5,650,78,260,86.449132
insider,1,7,37,5,643.0,75.0,268.0,0.142203
insider_relax,1,7,37,5,643.0,75.0,268.0,0.166862
fastmultrec_greedy,1,7,37,5,644.0,76.0,264.0,0.549668
lcamap,1,7,37,5,650.0,78.0,260.0,0.039577
segdup,1,7,37,10,1033,74,293,82.782522
insider,1,7,37,10,999.0,68.0,319.0,0.238458
insider_relax,1,7,37,10,999.0,68.0,319.0,0.316518
fastmultrec_greedy,1,7,37,10,1014.0,73.0,284.0,1.063308
lcamap,1,7,37,10,1040.0,78.0,260.0,0.042575
segdup,1,7,37,15,1412,75,287,84.812613
insider,1,7,37,15,1328.0,63.0,383.0,0.588605
insider_relax,1,7,37,15,1328.0,63.0,383.0,0.727786
fastmultrec_greedy,1,7,37,15,1379.0,73.0,284.0,1.073967
lcamap,1,7,37,15,1430.0,78.0,260.0,0.040105
segdup,1,7,37,20,1797,75,297,86.593581
insider,1,7,37,20,1636.0,59.0,456.0,1.700647
insider_relax,1,7,37,20,1636.0,59.0,456.0,3.051612
fastmultrec_greedy,1,7,37,20,1744.0,73.0,284.0,1.061297
lcamap,1,7,37,20,1820.0,78.0,260.0,0.041861
segdup,1,8,37,5,253,40,53,85.485319
insider,1,8,37,5,253.0,40.0,53.0,0.106772
insider_relax,1,8,37,5,253.0,40.0,53.0,0.138241
fastmultrec_greedy,1,8,37,5,253.0,40.0,53.0,0.224758
lcamap,1,8,37,5,253.0,40.0,53.0,0.044831
segdup,1,8,37,10,449,39,59,82.974167
insider,1,8,37,10,448.0,38.0,68.0,0.146585
insider_relax,1,8,37,10,448.0,38.0,68.0,0.245800
fastmultrec_greedy,1,8,37,10,453.0,40.0,53.0,0.223808
lcamap,1,8,37,10,453.0,40.0,53.0,0.044204
segdup,1,8,37,15,644,39,59,80.247619
insider,1,8,37,15,638.0,38.0,68.0,0.278224
insider_relax,1,8,37,15,638.0,38.0,68.0,0.298634
fastmultrec_greedy,1,8,37,15,653.0,40.0,53.0,0.215127
lcamap,1,8,37,15,653.0,40.0,53.0,0.044413
segdup,1,8,37,20,839,39,59,78.348572
insider,1,8,37,20,828.0,38.0,68.0,1.027598
insider_relax,1,8,37,20,828.0,38.0,68.0,1.710861
fastmultrec_greedy,1,8,37,20,853.0,40.0,53.0,0.219267
lcamap,1,8,37,20,853.0,40.0,53.0,0.043832
segdup,1,9,37,5,49,8,9,100.694304
insider,1,9,37,5,49.0,8.0,9.0,0.084624
insider_relax,1,9,37,5,49.0,8.0,9.0,0.092909
fastmultrec_greedy,1,9,37,5,49.0,8.0,9.0,0.474965
lcamap,1,9,37,5,51.0,9.0,6.0,0.046320
segdup,1,9,37,10,89,8,9,94.507449
insider,1,9,37,10,89.0,8.0,9.0,0.088096
insider_relax,1,9,37,10,89.0,8.0,9.0,0.097591
fastmultrec_greedy,1,9,37,10,89.0,8.0,9.0,0.475719
lcamap,1,9,37,10,96.0,9.0,6.0,0.046249
segdup,1,9,37,15,129,8,9,87.408053
insider,1,9,37,15,129.0,8.0,9.0,0.096103
insider_relax,1,9,37,15,129.0,8.0,9.0,0.101326
fastmultrec_greedy,1,9,37,15,129.0,8.0,9.0,0.468945
lcamap,1,9,37,15,141.0,9.0,6.0,0.047593
segdup,1,9,37,20,169,8,9,65.307505
insider,1,9,37,20,169.0,8.0,9.0,0.104432
insider_relax,1,9,37,20,169.0,8.0,9.0,0.106744
fastmultrec_greedy,1,9,37,20,169.0,8.0,9.0,0.471531
lcamap,1,9,37,20,186.0,9.0,6.0,0.046441
segdup,1,10,37,5,5,1,0,105.107988
insider,1,10,37,5,5.0,1.0,0.0,0.062286
insider_relax,1,10,37,5,5.0,1.0,0.0,0.067160
fastmultrec_greedy,1,10,37,5,5.0,1.0,0.0,0.195266
lcamap,1,10,37,5,5.0,1.0,0.0,0.036723
segdup,1,10,37,10,10,1,0,94.982591
insider,1,10,37,10,10.0,1.0,0.0,0.062733
insider_relax,1,10,37,10,10.0,1.0,0.0,0.065126
fastmultrec_greedy,1,10,37,10,10.0,1.0,0.0,0.192647
lcamap,1,10,37,10,10.0,1.0,0.0,0.037522
segdup,1,10,37,15,15,1,0,80.598146
insider,1,10,37,15,15.0,1.0,0.0,0.065282
insider_relax,1,10,37,15,15.0,1.0,0.0,0.064269
fastmultrec_greedy,1,10,37,15,15.0,1.0,0.0,0.197390
lcamap,1,10,37,15,15.0,1.0,0.0,0.038893
segdup,1,10,37,20,20,1,0,55.498803
insider,1,10,37,20,20.0,1.0,0.0,0.066767
insider_relax,1,10,37,20,20.0,1.0,0.0,0.062323
fastmultrec_greedy,1,10,37,20,20.0,1.0,0.0,0.194498
lcamap,1,10,37,20,20.0,1.0,0.0,0.039122
segdup,1,11,37,5,5,1,0,100.570511
insider,1,11,37,5,5.0,1.0,0.0,0.061897
insider_relax,1,11,37,5,5.0,1.0,0.0,0.065605
fastmultrec_greedy,1,11,37,5,5.0,1.0,0.0,0.204589
lcamap,1,11,37,5,5.0,1.0,0.0,0.040364
segdup,1,11,37,10,10,1,0,91.541261
insider,1,11,37,10,10.0,1.0,0.0,0.062211
insider_relax,1,11,37,10,10.0,1.0,0.0,0.067274
fastmultrec_greedy,1,11,37,10,10.0,1.0,0.0,0.201497
lcamap,1,11,37,10,10.0,1.0,0.0,0.039019
segdup,1,11,37,15,15,1,0,74.733526
insider,1,11,37,15,15.0,1.0,0.0,0.062158
insider_relax,1,11,37,15,15.0,1.0,0.0,0.068353
fastmultrec_greedy,1,11,37,15,15.0,1.0,0.0,0.199188
lcamap,1,11,37,15,15.0,1.0,0.0,0.040849
segdup,1,11,37,20,20,1,0,78.363789
insider,1,11,37,20,20.0,1.0,0.0,0.061852
insider_relax,1,11,37,20,20.0,1.0,0.0,0.067445
fastmultrec_greedy,1,11,37,20,20.0,1.0,0.0,0.201831
lcamap,1,11,37,20,20.0,1.0,0.0,0.040543
segdup,2,7,37,5,856,101,351,231.026128
insider,2,7,37,5,852.0,99.0,357.0,0.308530
insider_relax,2,7,37,5,852.0,99.0,357.0,0.338464
fastmultrec_greedy,2,7,37,5,852.0,99.0,357.0,1.631427
lcamap,2,7,37,5,856.0,101.0,351.0,0.110943
segdup,2,7,37,10,1361,101,351,228.799089
insider,2,7,37,10,1336.0,94.0,396.0,0.529424
insider_relax,2,7,37,10,1336.0,94.0,396.0,0.701699
fastmultrec_greedy,2,7,37,10,1347.0,99.0,357.0,1.633329
lcamap,2,7,37,10,1361.0,101.0,351.0,0.106370
segdup,2,7,37,15,1866,101,351,222.423390
insider,2,7,37,15,1801.0,92.0,421.0,1.091332
insider_relax,2,7,37,15,1801.0,92.0,421.0,1.343776
fastmultrec_greedy,2,7,37,15,1842.0,99.0,357.0,1.633196
lcamap,2,7,37,15,1866.0,101.0,351.0,0.106831
segdup,2,7,37,20,2371,101,351,221.950531
insider,2,7,37,20,2248.0,88.0,488.0,4.319672
insider_relax,2,7,37,20,2248.0,88.0,488.0,11.547376
fastmultrec_greedy,2,7,37,20,2337.0,99.0,357.0,1.651845
lcamap,2,7,37,20,2371.0,101.0,351.0,0.107121
segdup,2,8,37,5,488,66,158,198.687565
insider,2,8,37,5,488.0,65.0,163.0,0.297569
insider_relax,2,8,37,5,488.0,65.0,163.0,0.337121
fastmultrec_greedy,2,8,37,5,488.0,66.0,158.0,0.614673
lcamap,2,8,37,5,488.0,66.0,158.0,0.098384
segdup,2,8,37,10,818,66,158,191.065726
insider,2,8,37,10,802.0,58.0,222.0,0.532000
insider_relax,2,8,37,10,802.0,58.0,222.0,0.690458
fastmultrec_greedy,2,8,37,10,813.0,65.0,163.0,1.114607
lcamap,2,8,37,10,818.0,66.0,158.0,0.092067
segdup,2,8,37,15,1148,66,158,208.500072
insider,2,8,37,15,1092.0,58.0,222.0,1.498446
insider_relax,2,8,37,15,1092.0,58.0,222.0,1.687676
fastmultrec_greedy,2,8,37,15,1138.0,65.0,163.0,1.107718
lcamap,2,8,37,15,1148.0,66.0,158.0,0.099051
segdup,2,8,37,20,1478,66,158,195.827831
insider,2,8,37,20,1379.0,57.0,239.0,5.112682
insider_relax,2,8,37,20,1379.0,57.0,239.0,8.923157
fastmultrec_greedy,2,8,37,20,1463.0,65.0,163.0,1.128836
lcamap,2,8,37,20,1478.0,66.0,158.0,0.095306
segdup,2,9,37,5,126,23,11,164.334457
insider,2,9,37,5,126.0,23.0,11.0,0.178419
insider_relax,2,9,37,5,126.0,23.0,11.0,0.195615
fastmultrec_greedy,2,9,37,5,126.0,23.0,11.0,0.444337
lcamap,2,9,37,5,126.0,23.0,11.0,0.088489
segdup,2,9,37,10,241,23,11,171.058734
insider,2,9,37,10,241.0,23.0,11.0,0.233446
insider_relax,2,9,37,10,241.0,23.0,11.0,0.301132
fastmultrec_greedy,2,9,37,10,241.0,23.0,11.0,0.448039
lcamap,2,9,37,10,241.0,23.0,11.0,0.084185
segdup,2,9,37,15,356,23,11,124.548617
insider,2,9,37,15,356.0,23.0,11.0,0.362548
insider_relax,2,9,37,15,356.0,23.0,11.0,0.392887
fastmultrec_greedy,2,9,37,15,356.0,23.0,11.0,0.444429
lcamap,2,9,37,15,356.0,23.0,11.0,0.086722
segdup,2,9,37,20,471,23,11,138.196514
insider,2,9,37,20,471.0,23.0,11.0,0.789608
insider_relax,2,9,37,20,471.0,23.0,11.0,0.945249
fastmultrec_greedy,2,9,37,20,471.0,23.0,11.0,0.438942
lcamap,2,9,37,20,471.0,23.0,11.0,0.086112
segdup,2,10,37,5,16,3,1,109.221668
insider,2,10,37,5,16.0,3.0,1.0,0.070002
insider_relax,2,10,37,5,16.0,3.0,1.0,0.072274
fastmultrec_greedy,2,10,37,5,16.0,3.0,1.0,0.202496
lcamap,2,10,37,5,16.0,3.0,1.0,0.035821
segdup,2,10,37,10,31,3,1,102.685436
insider,2,10,37,10,31.0,3.0,1.0,0.066367
insider_relax,2,10,37,10,31.0,3.0,1.0,0.072414
fastmultrec_greedy,2,10,37,10,31.0,3.0,1.0,0.205883
lcamap,2,10,37,10,31.0,3.0,1.0,0.036758
segdup,2,10,37,15,46,3,1,88.587637
insider,2,10,37,15,46.0,3.0,1.0,0.072559
insider_relax,2,10,37,15,46.0,3.0,1.0,0.069722
fastmultrec_greedy,2,10,37,15,46.0,3.0,1.0,0.202590
lcamap,2,10,37,15,46.0,3.0,1.0,0.036414
segdup,2,10,37,20,61,3,1,83.806977
insider,2,10,37,20,61.0,3.0,1.0,0.068477
insider_relax,2,10,37,20,61.0,3.0,1.0,0.072671
fastmultrec_greedy,2,10,37,20,61.0,3.0,1.0,0.201489
lcamap,2,10,37,20,61.0,3.0,1.0,0.038900
segdup,2,11,37,5,10,2,0,120.789247
insider,2,11,37,5,10.0,2.0,0.0,0.089892
insider_relax,2,11,37,5,10.0,2.0,0.0,0.093004
fastmultrec_greedy,2,11,37,5,10.0,2.0,0.0,0.258648
lcamap,2,11,37,5,10.0,2.0,0.0,0.048048
segdup,2,11,37,10,20,2,0,116.899143
insider,2,11,37,10,20.0,2.0,0.0,0.089560
insider_relax,2,11,37,10,20.0,2.0,0.0,0.088558
fastmultrec_greedy,2,11,37,10,20.0,2.0,0.0,0.254480
lcamap,2,11,37,10,20.0,2.0,0.0,0.047574
segdup,2,11,37,15,30,2,0,85.655969
insider,2,11,37,15,30.0,2.0,0.0,0.088700
insider_relax,2,11,37,15,30.0,2.0,0.0,0.090147
fastmultrec_greedy,2,11,37,15,30.0,2.0,0.0,0.258964
lcamap,2,11,37,15,30.0,2.0,0.0,0.046332
segdup,2,11,37,20,40,2,0,56.655421
insider,2,11,37,20,40.0,2.0,0.0,0.092072
insider_relax,2,11,37,20,40.0,2.0,0.0,0.091006
fastmultrec_greedy,2,11,37,20,40.0,2.0,0.0,0.257369
lcamap,2,11,37,20,40.0,2.0,0.0,0.048499
segdup,1,7,38,5,2428,172,1568,166.283163
insider,1,7,38,5,2394.0,154.0,1624.0,0.203687
insider_relax,1,7,38,5,2394.0,153.0,1629.0,0.235410
fastmultrec_greedy,1,7,38,5,2395.0,155.0,1620.0,4.749113
lcamap,1,7,38,5,2428.0,172.0,1568.0,0.060412
segdup,1,7,38,10,3288,172,1568,161.952203
insider,1,7,38,10,3108.0,137.0,1738.0,0.320709
insider_relax,1,7,38,10,3108.0,137.0,1738.0,0.363266
fastmultrec_greedy,1,7,38,10,3129.0,144.0,1689.0,8.030294
lcamap,1,7,38,10,3288.0,172.0,1568.0,0.059071
segdup,1,7,38,15,4148,172,1568,166.884852
insider,1,7,38,15,3776.0,130.0,1826.0,0.589796
insider_relax,1,7,38,15,3776.0,130.0,1826.0,0.680775
fastmultrec_greedy,1,7,38,15,3843.0,142.0,1713.0,8.535498
lcamap,1,7,38,15,4148.0,172.0,1568.0,0.059303
segdup,1,7,38,20,5008,172,1568,160.544290
insider,1,7,38,20,4417.0,126.0,1897.0,0.971608
insider_relax,1,7,38,20,4417.0,126.0,1897.0,1.124310
fastmultrec_greedy,1,7,38,20,4543.0,140.0,1743.0,9.061155
lcamap,1,7,38,20,5008.0,172.0,1568.0,0.058826
segdup,1,8,38,5,302,46,72,100.975751
insider,1,8,38,5,302.0,46.0,72.0,0.128308
insider_relax,1,8,38,5,302.0,46.0,72.0,0.169878
fastmultrec_greedy,1,8,38,5,302.0,46.0,72.0,0.340565
lcamap,1,8,38,5,302.0,46.0,72.0,0.056784
segdup,1,8,38,10,532,46,72,101.109412
insider,1,8,38,10,528.0,45.0,78.0,0.222752
insider_relax,1,8,38,10,528.0,45.0,78.0,0.299556
fastmultrec_greedy,1,8,38,10,532.0,46.0,72.0,0.328047
lcamap,1,8,38,10,532.0,46.0,72.0,0.056006
segdup,1,8,38,15,753,45,78,96.209942
insider,1,8,38,15,753.0,45.0,78.0,0.609403
insider_relax,1,8,38,15,753.0,45.0,78.0,0.880556
fastmultrec_greedy,1,8,38,15,762.0,46.0,72.0,0.330734
lcamap,1,8,38,15,762.0,46.0,72.0,0.058021
segdup,1,8,38,20,992,46,72,90.576156
insider,1,8,38,20,969.0,43.0,109.0,5.208886
insider_relax,1,8,38,20,969.0,43.0,109.0,11.583215
fastmultrec_greedy,1,8,38,20,992.0,46.0,72.0,0.323689
lcamap,1,8,38,20,992.0,46.0,72.0,0.055361
segdup,1,9,38,5,44,7,9,89.623948
insider,1,9,38,5,44.0,7.0,9.0,0.062233
insider_relax,1,9,38,5,44.0,7.0,9.0,0.066694
fastmultrec_greedy,1,9,38,5,44.0,7.0,9.0,0.199439
lcamap,1,9,38,5,44.0,7.0,9.0,0.035525
segdup,1,9,38,10,79,7,9,84.937909
insider,1,9,38,10,79.0,7.0,9.0,0.064385
insider_relax,1,9,38,10,79.0,7.0,9.0,0.076252
fastmultrec_greedy,1,9,38,10,79.0,7.0,9.0,0.194872
lcamap,1,9,38,10,79.0,7.0,9.0,0.034023
segdup,1,9,38,15,114,7,9,81.768132
insider,1,9,38,15,114.0,7.0,9.0,0.070995
insider_relax,1,9,38,15,114.0,7.0,9.0,0.072765
fastmultrec_greedy,1,9,38,15,114.0,7.0,9.0,0.197869
lcamap,1,9,38,15,114.0,7.0,9.0,0.033957
segdup,1,9,38,20,149,7,9,52.239979
insider,1,9,38,20,149.0,7.0,9.0,0.072990
insider_relax,1,9,38,20,149.0,7.0,9.0,0.075357
fastmultrec_greedy,1,9,38,20,149.0,7.0,9.0,0.196143
lcamap,1,9,38,20,149.0,7.0,9.0,0.034201
segdup,1,10,38,5,17,3,2,131.943404
insider,1,10,38,5,17.0,3.0,2.0,0.080365
insider_relax,1,10,38,5,17.0,3.0,2.0,0.082847
fastmultrec_greedy,1,10,38,5,17.0,3.0,2.0,0.245560
lcamap,1,10,38,5,17.0,3.0,2.0,0.047466
segdup,1,10,38,10,32,3,2,122.773532
insider,1,10,38,10,32.0,3.0,2.0,0.089798
insider_relax,1,10,38,10,32.0,3.0,2.0,0.098388
fastmultrec_greedy,1,10,38,10,32.0,3.0,2.0,0.247340
lcamap,1,10,38,10,32.0,3.0,2.0,0.048694
segdup,1,10,38,15,47,3,2,115.133176
insider,1,10,38,15,47.0,3.0,2.0,0.084984
insider_relax,1,10,38,15,47.0,3.0,2.0,0.087891
fastmultrec_greedy,1,10,38,15,47.0,3.0,2.0,0.246132
lcamap,1,10,38,15,47.0,3.0,2.0,0.048131
segdup,1,10,38,20,62,3,2,76.364929
insider,1,10,38,20,62.0,3.0,2.0,0.088154
insider_relax,1,10,38,20,62.0,3.0,2.0,0.087429
fastmultrec_greedy,1,10,38,20,62.0,3.0,2.0,0.247298
lcamap,1,10,38,20,62.0,3.0,2.0,0.050817
segdup,1,11,38,5,5,1,0,168.047243
insider,1,11,38,5,5.0,1.0,0.0,0.101640
insider_relax,1,11,38,5,5.0,1.0,0.0,0.102180
fastmultrec_greedy,1,11,38,5,5.0,1.0,0.0,0.330507
lcamap,1,11,38,5,5.0,1.0,0.0,0.063294
segdup,1,11,38,10,10,1,0,157.646478
insider,1,11,38,10,10.0,1.0,0.0,0.100456
insider_relax,1,11,38,10,10.0,1.0,0.0,0.108177
fastmultrec_greedy,1,11,38,10,10.0,1.0,0.0,0.330742
lcamap,1,11,38,10,10.0,1.0,0.0,0.065071
segdup,1,11,38,15,15,1,0,96.390119
insider,1,11,38,15,15.0,1.0,0.0,0.101418
insider_relax,1,11,38,15,15.0,1.0,0.0,0.104824
fastmultrec_greedy,1,11,38,15,15.0,1.0,0.0,0.330947
lcamap,1,11,38,15,15.0,1.0,0.0,0.064931
segdup,1,11,38,20,20,1,0,90.616485
insider,1,11,38,20,20.0,1.0,0.0,0.099544
insider_relax,1,11,38,20,20.0,1.0,0.0,0.105226
fastmultrec_greedy,1,11,38,20,20.0,1.0,0.0,0.331706
lcamap,1,11,38,20,20.0,1.0,0.0,0.063493
segdup,2,7,38,5,1830,139,1135,256.051703
insider,2,7,38,5,1810.0,130.0,1160.0,0.306782
insider_relax,2,7,38,5,1810.0,130.0,1160.0,0.329711
fastmultrec_greedy,2,7,38,5,1810.0,130.0,1160.0,4.614826
lcamap,2,7,38,5,1830.0,139.0,1135.0,0.096991
segdup,2,7,38,10,2525,139,1135,258.028257
insider,2,7,38,10,2437.0,120.0,1237.0,0.522888
insider_relax,2,7,38,10,2437.0,120.0,1237.0,0.648918
fastmultrec_greedy,2,7,38,10,2444.0,126.0,1184.0,6.350256
lcamap,2,7,38,10,2525.0,139.0,1135.0,0.097265
segdup,2,7,38,15,3220,139,1135,264.528982
insider,2,7,38,15,3012.0,109.0,1377.0,1.070024
insider_relax,2,7,38,15,3012.0,109.0,1377.0,1.224192
fastmultrec_greedy,2,7,38,15,3065.0,123.0,1220.0,7.595804
lcamap,2,7,38,15,3220.0,139.0,1135.0,0.094229
segdup,2,7,38,20,3915,139,1135,266.888165
insider,2,7,38,20,3552.0,108.0,1392.0,2.040126
insider_relax,2,7,38,20,3552.0,107.0,1412.0,2.597753
fastmultrec_greedy,2,7,38,20,3680.0,123.0,1220.0,7.635876
lcamap,2,7,38,20,3915.0,139.0,1135.0,0.093560
segdup,2,8,38,5,374,55,99,176.413769
insider,2,8,38,5,372.0,54.0,102.0,0.266841
insider_relax,2,8,38,5,372.0,54.0,102.0,0.308569
fastmultrec_greedy,2,8,38,5,372.0,54.0,102.0,0.944993
lcamap,2,8,38,5,374.0,55.0,99.0,0.091882
segdup,2,8,38,10,649,55,99,175.101689
insider,2,8,38,10,636.0,51.0,126.0,0.433298
insider_relax,2,8,38,10,636.0,51.0,126.0,0.589696
fastmultrec_greedy,2,8,38,10,642.0,54.0,102.0,0.951072
lcamap,2,8,38,10,649.0,55.0,99.0,0.096586
segdup,2,8,38,15,924,55,99,176.845518
insider,2,8,38,15,882.0,48.0,162.0,1.355052
insider_relax,2,8,38,15,882.0,48.0,162.0,1.923609
fastmultrec_greedy,2,8,38,15,912.0,54.0,102.0,0.953633
lcamap,2,8,38,15,924.0,55.0,99.0,0.092828
segdup,2,8,38,20,1199,55,99,155.903704
insider,2,8,38,20,1122.0,45.0,222.0,7.854949
insider_relax,2,8,38,20,1122.0,45.0,222.0,15.400867
fastmultrec_greedy,2,8,38,20,1182.0,54.0,102.0,0.968511
lcamap,2,8,38,20,1199.0,55.0,99.0,0.095056
segdup,2,9,38,5,108,19,13,83.492050
insider,2,9,38,5,108.0,19.0,13.0,0.108994
insider_relax,2,9,38,5,108.0,19.0,13.0,0.121183
fastmultrec_greedy,2,9,38,5,108.0,19.0,13.0,0.227791
lcamap,2,9,38,5,108.0,19.0,13.0,0.042568
segdup,2,9,38,10,203,19,13,74.602715
insider,2,9,38,10,203.0,19.0,13.0,0.133970
insider_relax,2,9,38,10,203.0,19.0,13.0,0.182709
fastmultrec_greedy,2,9,38,10,203.0,19.0,13.0,0.226517
lcamap,2,9,38,10,203.0,19.0,13.0,0.039554
segdup,2,9,38,15,298,19,13,76.109339
insider,2,9,38,15,295.0,17.0,40.0,0.206903
insider_relax,2,9,38,15,295.0,17.0,40.0,0.221670
fastmultrec_greedy,2,9,38,15,298.0,19.0,13.0,0.222185
lcamap,2,9,38,15,298.0,19.0,13.0,0.042036
segdup,2,9,38,20,393,19,13,60.408294
insider,2,9,38,20,380.0,17.0,40.0,0.274444
insider_relax,2,9,38,20,380.0,17.0,40.0,0.394268
fastmultrec_greedy,2,9,38,20,393.0,19.0,13.0,0.224040
lcamap,2,9,38,20,393.0,19.0,13.0,0.043395
segdup,2,10,38,5,21,4,1,209.241169
insider,2,10,38,5,21.0,4.0,1.0,0.151230
insider_relax,2,10,38,5,21.0,4.0,1.0,0.154563
fastmultrec_greedy,2,10,38,5,21.0,4.0,1.0,0.450835
lcamap,2,10,38,5,21.0,4.0,1.0,0.084467
segdup,2,10,38,10,41,4,1,198.287978
insider,2,10,38,10,41.0,4.0,1.0,0.147655
insider_relax,2,10,38,10,41.0,4.0,1.0,0.145214
fastmultrec_greedy,2,10,38,10,41.0,4.0,1.0,0.454419
lcamap,2,10,38,10,41.0,4.0,1.0,0.083821
segdup,2,10,38,15,61,4,1,95.177455
insider,2,10,38,15,61.0,4.0,1.0,0.152889
insider_relax,2,10,38,15,61.0,4.0,1.0,0.151699
fastmultrec_greedy,2,10,38,15,61.0,4.0,1.0,0.456327
lcamap,2,10,38,15,61.0,4.0,1.0,0.084613
segdup,2,10,38,20,81,4,1,93.424527
insider,2,10,38,20,81.0,4.0,1.0,0.151074
insider_relax,2,10,38,20,81.0,4.0,1.0,0.151065
fastmultrec_greedy,2,10,38,20,81.0,4.0,1.0,0.454963
lcamap,2,10,38,20,81.0,4.0,1.0,0.083624
segdup,2,11,38,5,15,3,0,242.904647
insider,2,11,38,5,15.0,3.0,0.0,0.132550
insider_relax,2,11,38,5,15.0,3.0,0.0,0.134341
fastmultrec_greedy,2,11,38,5,15.0,3.0,0.0,0.446027
lcamap,2,11,38,5,15.0,3.0,0.0,0.077679
segdup,2,11,38,10,30,3,0,234.982456
insider,2,11,38,10,30.0,3.0,0.0,0.132958
insider_relax,2,11,38,10,30.0,3.0,0.0,0.135632
fastmultrec_greedy,2,11,38,10,30.0,3.0,0.0,0.441990
lcamap,2,11,38,10,30.0,3.0,0.0,0.079988
segdup,2,11,38,15,45,3,0,112.079596
insider,2,11,38,15,45.0,3.0,0.0,0.128447
insider_relax,2,11,38,15,45.0,3.0,0.0,0.135181
fastmultrec_greedy,2,11,38,15,45.0,3.0,0.0,0.450525
lcamap,2,11,38,15,45.0,3.0,0.0,0.073695
segdup,2,11,38,20,60,3,0,168.595541
insider,2,11,38,20,60.0,3.0,0.0,0.131382
insider_relax,2,11,38,20,60.0,3.0,0.0,0.133740
fastmultrec_greedy,2,11,38,20,60.0,3.0,0.0,0.444457
lcamap,2,11,38,20,60.0,3.0,0.0,0.074724
segdup,1,7,39,5,423,62,113,82.818241
insider,1,7,39,5,423.0,62.0,113.0,0.128109
insider_relax,1,7,39,5,423.0,62.0,113.0,0.152538
fastmultrec_greedy,1,7,39,5,423.0,62.0,113.0,0.287622
lcamap,1,7,39,5,423.0,62.0,113.0,0.045913
segdup,1,7,39,10,733,62,113,80.670706
insider,1,7,39,10,733.0,62.0,113.0,0.191241
insider_relax,1,7,39,10,733.0,62.0,113.0,0.244371
fastmultrec_greedy,1,7,39,10,733.0,62.0,113.0,0.281135
lcamap,1,7,39,10,733.0,62.0,113.0,0.047389
segdup,1,7,39,15,1043,62,113,78.114433
insider,1,7,39,15,1043.0,62.0,113.0,0.331132
insider_relax,1,7,39,15,1043.0,62.0,113.0,0.358175
fastmultrec_greedy,1,7,39,15,1043.0,62.0,113.0,0.279346
lcamap,1,7,39,15,1043.0,62.0,113.0,0.047908
segdup,1,7,39,20,1353,62,113,77.870392
insider,1,7,39,20,1341.0,58.0,181.0,0.631622
insider_relax,1,7,39,20,1341.0,58.0,181.0,1.022268
fastmultrec_greedy,1,7,39,20,1353.0,62.0,113.0,0.280189
lcamap,1,7,39,20,1353.0,62.0,113.0,0.044903
segdup,1,8,39,5,441,63,126,97.073311
insider,1,8,39,5,441.0,63.0,126.0,0.136393
insider_relax,1,8,39,5,441.0,63.0,126.0,0.161122
fastmultrec_greedy,1,8,39,5,441.0,63.0,126.0,0.275791
lcamap,1,8,39,5,441.0,63.0,126.0,0.050564
segdup,1,8,39,10,756,63,126,96.329182
insider,1,8,39,10,750.0,60.0,150.0,0.265322
insider_relax,1,8,39,10,750.0,59.0,160.0,0.404611
fastmultrec_greedy,1,8,39,10,756.0,63.0,126.0,0.274258
lcamap,1,8,39,10,756.0,63.0,126.0,0.050839
segdup,1,8,39,15,1062,62,132,89.762597
insider,1,8,39,15,1045.0,58.0,175.0,1.317486
insider_relax,1,8,39,15,1045.0,58.0,175.0,2.262785
fastmultrec_greedy,1,8,39,15,1071.0,63.0,126.0,0.265384
lcamap,1,8,39,15,1071.0,63.0,126.0,0.050748
segdup,1,8,39,20,1386,63,126,87.505292
insider,1,8,39,20,1324.0,53.0,264.0,14.157033
insider_relax,1,8,39,20,1324.0,53.0,264.0,40.360353
fastmultrec_greedy,1,8,39,20,1386.0,63.0,126.0,0.271816
lcamap,1,8,39,20,1386.0,63.0,126.0,0.049205
segdup,1,9,39,5,31,5,6,124.137212
insider,1,9,39,5,31.0,5.0,6.0,0.085180
insider_relax,1,9,39,5,31.0,5.0,6.0,0.085710
fastmultrec_greedy,1,9,39,5,31.0,5.0,6.0,0.247012
lcamap,1,9,39,5,31.0,5.0,6.0,0.045818
segdup,1,9,39,10,56,5,6,121.163694
insider,1,9,39,10,56.0,5.0,6.0,0.086765
insider_relax,1,9,39,10,56.0,5.0,6.0,0.087170
fastmultrec_greedy,1,9,39,10,56.0,5.0,6.0,0.249082
lcamap,1,9,39,10,56.0,5.0,6.0,0.045799
segdup,1,9,39,15,81,5,6,118.496596
insider,1,9,39,15,81.0,5.0,6.0,0.089470
insider_relax,1,9,39,15,81.0,5.0,6.0,0.092753
fastmultrec_greedy,1,9,39,15,81.0,5.0,6.0,0.246885
lcamap,1,9,39,15,81.0,5.0,6.0,0.046745
segdup,1,9,39,20,106,5,6,99.219597
insider,1,9,39,20,106.0,5.0,6.0,0.092160
insider_relax,1,9,39,20,106.0,5.0,6.0,0.096228
fastmultrec_greedy,1,9,39,20,106.0,5.0,6.0,0.247447
lcamap,1,9,39,20,106.0,5.0,6.0,0.046051
segdup,1,10,39,5,11,2,1,152.426772
insider,1,10,39,5,11.0,2.0,1.0,0.092603
insider_relax,1,10,39,5,11.0,2.0,1.0,0.095754
fastmultrec_greedy,1,10,39,5,11.0,2.0,1.0,0.305137
lcamap,1,10,39,5,11.0,2.0,1.0,0.055531
segdup,1,10,39,10,21,2,1,108.334790
insider,1,10,39,10,21.0,2.0,1.0,0.095293
insider_relax,1,10,39,10,21.0,2.0,1.0,0.098853
fastmultrec_greedy,1,10,39,10,21.0,2.0,1.0,0.306503
lcamap,1,10,39,10,21.0,2.0,1.0,0.058921
segdup,1,10,39,15,31,2,1,131.261715
insider,1,10,39,15,31.0,2.0,1.0,0.092188
insider_relax,1,10,39,15,31.0,2.0,1.0,0.095299
fastmultrec_greedy,1,10,39,15,31.0,2.0,1.0,0.309962
lcamap,1,10,39,15,31.0,2.0,1.0,0.057475
segdup,1,10,39,20,41,2,1,82.665364
insider,1,10,39,20,41.0,2.0,1.0,0.092450
insider_relax,1,10,39,20,41.0,2.0,1.0,0.096181
fastmultrec_greedy,1,10,39,20,41.0,2.0,1.0,0.310383
lcamap,1,10,39,20,41.0,2.0,1.0,0.056745
segdup,1,11,39,5,5,1,0,121.500262
insider,1,11,39,5,5.0,1.0,0.0,0.086422
insider_relax,1,11,39,5,5.0,1.0,0.0,0.088864
fastmultrec_greedy,1,11,39,5,5.0,1.0,0.0,0.297245
lcamap,1,11,39,5,5.0,1.0,0.0,0.050462
segdup,1,11,39,10,10,1,0,120.895228
insider,1,11,39,10,10.0,1.0,0.0,0.085129
insider_relax,1,11,39,10,10.0,1.0,0.0,0.089823
fastmultrec_greedy,1,11,39,10,10.0,1.0,0.0,0.299860
lcamap,1,11,39,10,10.0,1.0,0.0,0.050561
segdup,1,11,39,15,15,1,0,109.008368
insider,1,11,39,15,15.0,1.0,0.0,0.087590
insider_relax,1,11,39,15,15.0,1.0,0.0,0.088099
fastmultrec_greedy,1,11,39,15,15.0,1.0,0.0,0.299038
lcamap,1,11,39,15,15.0,1.0,0.0,0.051005
segdup,1,11,39,20,20,1,0,76.079432
insider,1,11,39,20,20.0,1.0,0.0,0.084184
insider_relax,1,11,39,20,20.0,1.0,0.0,0.087939
fastmultrec_greedy,1,11,39,20,20.0,1.0,0.0,0.299715
lcamap,1,11,39,20,20.0,1.0,0.0,0.049456
segdup,2,7,39,5,1651,119,1056,199.709028
insider,2,7,39,5,1626.0,108.0,1086.0,0.279042
insider_relax,2,7,39,5,1626.0,108.0,1086.0,0.356501
fastmultrec_greedy,2,7,39,5,1626.0,108.0,1086.0,4.026601
lcamap,2,7,39,5,1651.0,119.0,1056.0,0.075374
segdup,2,7,39,10,2246,119,1056,194.843110
insider,2,7,39,10,2147.0,103.0,1117.0,0.527091
insider_relax,2,7,39,10,2147.0,103.0,1117.0,0.598740
fastmultrec_greedy,2,7,39,10,2166.0,108.0,1086.0,4.041515
lcamap,2,7,39,10,2246.0,119.0,1056.0,0.076042
segdup,2,7,39,15,2841,119,1056,196.183956
insider,2,7,39,15,2652.0,98.0,1182.0,1.053328
insider_relax,2,7,39,15,2652.0,98.0,1182.0,1.374697
fastmultrec_greedy,2,7,39,15,2704.0,107.0,1099.0,4.385044
lcamap,2,7,39,15,2841.0,119.0,1056.0,0.075239
segdup,2,7,39,20,3436,119,1056,197.421424
insider,2,7,39,20,3132.0,94.0,1252.0,2.274334
insider_relax,2,7,39,20,3132.0,94.0,1252.0,3.280697
fastmultrec_greedy,2,7,39,20,3239.0,107.0,1099.0,4.381189
lcamap,2,7,39,20,3436.0,119.0,1056.0,0.073719
segdup,2,8,39,5,117,18,27,128.488439
insider,2,8,39,5,117.0,18.0,27.0,0.135680
insider_relax,2,8,39,5,117.0,18.0,27.0,0.149701
fastmultrec_greedy,2,8,39,5,117.0,18.0,27.0,0.307375
lcamap,2,8,39,5,117.0,18.0,27.0,0.057539
segdup,2,8,39,10,207,18,27,126.995741
insider,2,8,39,10,203.0,17.0,33.0,0.195324
insider_relax,2,8,39,10,203.0,17.0,33.0,0.214194
fastmultrec_greedy,2,8,39,10,207.0,18.0,27.0,0.307114
lcamap,2,8,39,10,207.0,18.0,27.0,0.057979
segdup,2,8,39,15,297,18,27,115.612507
insider,2,8,39,15,288.0,17.0,33.0,0.332353
insider_relax,2,8,39,15,288.0,17.0,33.0,0.403724
fastmultrec_greedy,2,8,39,15,297.0,18.0,27.0,0.313296
lcamap,2,8,39,15,297.0,18.0,27.0,0.059695
segdup,2,8,39,20,387,18,27,122.558878
insider,2,8,39,20,373.0,16.0,53.0,0.673953
insider_relax,2,8,39,20,373.0,16.0,53.0,0.828406
fastmultrec_greedy,2,8,39,20,387.0,18.0,27.0,0.305956
lcamap,2,8,39,20,387.0,18.0,27.0,0.060590
segdup,2,9,39,5,49,4,29,133.234694
insider,2,9,39,5,49.0,4.0,29.0,0.113313
insider_relax,2,9,39,5,49.0,4.0,29.0,0.107653
fastmultrec_greedy,2,9,39,5,49.0,4.0,29.0,0.339896
lcamap,2,9,39,5,49.0,4.0,29.0,0.064115
segdup,2,9,39,10,69,4,29,114.397806
insider,2,9,39,10,69.0,4.0,29.0,0.115318
insider_relax,2,9,39,10,69.0,4.0,29.0,0.121327
fastmultrec_greedy,2,9,39,10,69.0,4.0,29.0,0.335306
lcamap,2,9,39,10,69.0,4.0,29.0,0.063985
segdup,2,9,39,15,89,4,29,72.065943
insider,2,9,39,15,89.0,4.0,29.0,0.118185
insider_relax,2,9,39,15,89.0,4.0,29.0,0.120919
fastmultrec_greedy,2,9,39,15,89.0,4.0,29.0,0.340039
lcamap,2,9,39,15,89.0,4.0,29.0,0.062967
segdup,2,9,39,20,109,4,29,71.054230
insider,2,9,39,20,109.0,4.0,29.0,0.114742
insider_relax,2,9,39,20,109.0,4.0,29.0,0.116140
fastmultrec_greedy,2,9,39,20,109.0,4.0,29.0,0.343661
lcamap,2,9,39,20,109.0,4.0,29.0,0.063872
segdup,2,10,39,5,11,2,1,152.476980
insider,2,10,39,5,11.0,2.0,1.0,0.105915
insider_relax,2,10,39,5,11.0,2.0,1.0,0.112709
fastmultrec_greedy,2,10,39,5,11.0,2.0,1.0,0.319593
lcamap,2,10,39,5,11.0,2.0,1.0,0.063535
segdup,2,10,39,10,21,2,1,124.134655
insider,2,10,39,10,21.0,2.0,1.0,0.108791
insider_relax,2,10,39,10,21.0,2.0,1.0,0.112846
fastmultrec_greedy,2,10,39,10,21.0,2.0,1.0,0.320777
lcamap,2,10,39,10,21.0,2.0,1.0,0.064933
segdup,2,10,39,15,31,2,1,71.709623
insider,2,10,39,15,31.0,2.0,1.0,0.107507
insider_relax,2,10,39,15,31.0,2.0,1.0,0.112341
fastmultrec_greedy,2,10,39,15,31.0,2.0,1.0,0.329060
lcamap,2,10,39,15,31.0,2.0,1.0,0.064888
segdup,2,10,39,20,41,2,1,69.576912
insider,2,10,39,20,41.0,2.0,1.0,0.108228
insider_relax,2,10,39,20,41.0,2.0,1.0,0.112326
fastmultrec_greedy,2,10,39,20,41.0,2.0,1.0,0.322843
lcamap,2,10,39,20,41.0,2.0,1.0,0.065000
segdup,2,11,39,5,10,2,0,191.356587
insider,2,11,39,5,10.0,2.0,0.0,0.124777
insider_relax,2,11,39,5,10.0,2.0,0.0,0.131925
fastmultrec_greedy,2,11,39,5,10.0,2.0,0.0,0.407198
lcamap,2,11,39,5,10.0,2.0,0.0,0.072623
segdup,2,11,39,10,20,2,0,176.284830
insider,2,11,39,10,20.0,2.0,0.0,0.126672
insider_relax,2,11,39,10,20.0,2.0,0.0,0.124951
fastmultrec_greedy,2,11,39,10,20.0,2.0,0.0,0.401025
lcamap,2,11,39,10,20.0,2.0,0.0,0.070428
segdup,2,11,39,15,30,2,0,82.135091
insider,2,11,39,15,30.0,2.0,0.0,0.129043
insider_relax,2,11,39,15,30.0,2.0,0.0,0.128175
fastmultrec_greedy,2,11,39,15,30.0,2.0,0.0,0.403858
lcamap,2,11,39,15,30.0,2.0,0.0,0.076171
segdup,2,11,39,20,40,2,0,80.743046
insider,2,11,39,20,40.0,2.0,0.0,0.120239
insider_relax,2,11,39,20,40.0,2.0,0.0,0.138999
fastmultrec_greedy,2,11,39,20,40.0,2.0,0.0,0.402681
lcamap,2,11,39,20,40.0,2.0,0.0,0.072500
segdup,1,7,40,5,2508,197,1523,200.213878
insider,1,7,40,5,2469.0,178.0,1579.0,0.254293
insider_relax,1,7,40,5,2469.0,178.0,1579.0,0.283252
fastmultrec_greedy,1,7,40,5,2470.0,179.0,1575.0,6.545693
lcamap,1,7,40,5,2508.0,197.0,1523.0,0.083217
segdup,1,7,40,10,3493,197,1523,192.936755
insider,1,7,40,10,3326.0,166.0,1666.0,0.448892
insider_relax,1,7,40,10,3326.0,165.0,1676.0,0.527688
fastmultrec_greedy,1,7,40,10,3346.0,174.0,1606.0,9.037790
lcamap,1,7,40,10,3493.0,197.0,1523.0,0.081302
segdup,1,7,40,15,4478,197,1523,191.619456
insider,1,7,40,15,4125.0,154.0,1815.0,0.827399
insider_relax,1,7,40,15,4125.0,154.0,1815.0,1.064911
fastmultrec_greedy,1,7,40,15,4197.0,169.0,1662.0,12.910187
lcamap,1,7,40,15,4478.0,197.0,1523.0,0.082455
segdup,1,7,40,20,5463,197,1523,195.301336
insider,1,7,40,20,4882.0,148.0,1922.0,1.799857
insider_relax,1,7,40,20,4882.0,148.0,1922.0,2.571334
fastmultrec_greedy,1,7,40,20,5034.0,167.0,1694.0,13.198003
lcamap,1,7,40,20,5463.0,197.0,1523.0,0.081596
segdup,1,8,40,5,286,47,51,110.863093
insider,1,8,40,5,286.0,47.0,51.0,0.154735
insider_relax,1,8,40,5,286.0,47.0,51.0,0.175866
fastmultrec_greedy,1,8,40,5,286.0,47.0,51.0,0.463170
lcamap,1,8,40,5,286.0,47.0,51.0,0.068457
segdup,1,8,40,10,521,47,51,104.355857
insider,1,8,40,10,517.0,46.0,57.0,0.197084
insider_relax,1,8,40,10,517.0,46.0,57.0,0.262168
fastmultrec_greedy,1,8,40,10,521.0,47.0,51.0,0.457371
lcamap,1,8,40,10,521.0,47.0,51.0,0.070197
segdup,1,8,40,15,756,47,51,101.256694
insider,1,8,40,15,747.0,46.0,57.0,0.322996
insider_relax,1,8,40,15,747.0,46.0,57.0,0.360893
fastmultrec_greedy,1,8,40,15,756.0,47.0,51.0,0.474067
lcamap,1,8,40,15,756.0,47.0,51.0,0.067261
segdup,1,8,40,20,991,47,51,92.082279
insider,1,8,40,20,973.0,45.0,73.0,0.979471
insider_relax,1,8,40,20,973.0,45.0,73.0,1.563169
fastmultrec_greedy,1,8,40,20,991.0,47.0,51.0,0.461772
lcamap,1,8,40,20,991.0,47.0,51.0,0.068801
segdup,1,9,40,5,47,8,7,135.320989
insider,1,9,40,5,47.0,8.0,7.0,0.098034
insider_relax,1,9,40,5,47.0,8.0,7.0,0.102196
fastmultrec_greedy,1,9,40,5,47.0,8.0,7.0,0.315255
lcamap,1,9,40,5,47.0,8.0,7.0,0.056079
segdup,1,9,40,10,87,8,7,129.597785
insider,1,9,40,10,87.0,8.0,7.0,0.098163
insider_relax,1,9,40,10,87.0,8.0,7.0,0.106829
fastmultrec_greedy,1,9,40,10,87.0,8.0,7.0,0.312241
lcamap,1,9,40,10,87.0,8.0,7.0,0.054669
segdup,1,9,40,15,127,8,7,122.757079
insider,1,9,40,15,127.0,8.0,7.0,0.103964
insider_relax,1,9,40,15,127.0,8.0,7.0,0.107795
fastmultrec_greedy,1,9,40,15,127.0,8.0,7.0,0.314436
lcamap,1,9,40,15,127.0,8.0,7.0,0.056254
segdup,1,9,40,20,167,8,7,81.503371
insider,1,9,40,20,167.0,8.0,7.0,0.105655
insider_relax,1,9,40,20,167.0,8.0,7.0,0.108887
fastmultrec_greedy,1,9,40,20,167.0,8.0,7.0,0.314235
lcamap,1,9,40,20,167.0,8.0,7.0,0.057788
segdup,1,10,40,5,36,6,6,113.350983
insider,1,10,40,5,36.0,6.0,6.0,0.085950
insider_relax,1,10,40,5,36.0,6.0,6.0,0.087417
fastmultrec_greedy,1,10,40,5,36.0,6.0,6.0,0.236919
lcamap,1,10,40,5,36.0,6.0,6.0,0.044731
segdup,1,10,40,10,66,6,6,112.650990
insider,1,10,40,10,66.0,6.0,6.0,0.082997
insider_relax,1,10,40,10,66.0,6.0,6.0,0.092860
fastmultrec_greedy,1,10,40,10,66.0,6.0,6.0,0.239329
lcamap,1,10,40,10,66.0,6.0,6.0,0.047056
segdup,1,10,40,15,96,6,6,94.256488
insider,1,10,40,15,96.0,6.0,6.0,0.089804
insider_relax,1,10,40,15,96.0,6.0,6.0,0.098367
fastmultrec_greedy,1,10,40,15,96.0,6.0,6.0,0.234162
lcamap,1,10,40,15,96.0,6.0,6.0,0.046448
segdup,1,10,40,20,126,6,6,88.343322
insider,1,10,40,20,126.0,6.0,6.0,0.091857
insider_relax,1,10,40,20,126.0,6.0,6.0,0.096669
fastmultrec_greedy,1,10,40,20,126.0,6.0,6.0,0.236336
lcamap,1,10,40,20,126.0,6.0,6.0,0.047039
segdup,1,11,40,5,5,1,0,130.555132
insider,1,11,40,5,5.0,1.0,0.0,0.084565
insider_relax,1,11,40,5,5.0,1.0,0.0,0.089852
fastmultrec_greedy,1,11,40,5,5.0,1.0,0.0,0.275570
lcamap,1,11,40,5,5.0,1.0,0.0,0.052184
segdup,1,11,40,10,10,1,0,117.365013
insider,1,11,40,10,10.0,1.0,0.0,0.082471
insider_relax,1,11,40,10,10.0,1.0,0.0,0.089094
fastmultrec_greedy,1,11,40,10,10.0,1.0,0.0,0.270674
lcamap,1,11,40,10,10.0,1.0,0.0,0.050471
segdup,1,11,40,15,15,1,0,107.811921
insider,1,11,40,15,15.0,1.0,0.0,0.086265
insider_relax,1,11,40,15,15.0,1.0,0.0,0.088428
fastmultrec_greedy,1,11,40,15,15.0,1.0,0.0,0.274937
lcamap,1,11,40,15,15.0,1.0,0.0,0.050341
segdup,1,11,40,20,20,1,0,75.086144
insider,1,11,40,20,20.0,1.0,0.0,0.082846
insider_relax,1,11,40,20,20.0,1.0,0.0,0.085950
fastmultrec_greedy,1,11,40,20,20.0,1.0,0.0,0.270218
lcamap,1,11,40,20,20.0,1.0,0.0,0.048340
segdup,2,7,40,5,2737,177,1852,309.634021
insider,2,7,40,5,2711.0,164.0,1891.0,0.335710
insider_relax,2,7,40,5,2711.0,163.0,1896.0,0.375528
fastmultrec_greedy,2,7,40,5,2716.0,165.0,1891.0,6.407443
lcamap,2,7,40,5,2737.0,177.0,1852.0,0.115246
segdup,2,7,40,10,3622,177,1852,322.575068
insider,2,7,40,10,3501.0,152.0,1981.0,0.581454
insider_relax,2,7,40,10,3501.0,152.0,1981.0,0.634858
fastmultrec_greedy,2,7,40,10,3525.0,160.0,1925.0,8.748333
lcamap,2,7,40,10,3622.0,177.0,1852.0,0.114126
segdup,2,7,40,15,4507,177,1852,310.474405
insider,2,7,40,15,4245.0,146.0,2055.0,1.044565
insider_relax,2,7,40,15,4245.0,146.0,2055.0,1.338261
fastmultrec_greedy,2,7,40,15,4325.0,160.0,1925.0,8.709181
lcamap,2,7,40,15,4507.0,177.0,1852.0,0.112489
segdup,2,7,40,20,5384,176,1864,309.827075
insider,2,7,40,20,4950.0,137.0,2210.0,2.630409
insider_relax,2,7,40,20,4950.0,137.0,2210.0,4.035955
fastmultrec_greedy,2,7,40,20,5114.0,156.0,1994.0,10.094813
lcamap,2,7,40,20,5392.0,177.0,1852.0,0.115352
segdup,2,8,40,5,270,42,60,233.920021
insider,2,8,40,5,266.0,40.0,66.0,0.235586
insider_relax,2,8,40,5,266.0,40.0,66.0,0.287595
fastmultrec_greedy,2,8,40,5,266.0,40.0,66.0,1.338572
lcamap,2,8,40,5,270.0,42.0,60.0,0.090688
segdup,2,8,40,10,480,42,60,246.581837
insider,2,8,40,10,460.0,37.0,90.0,0.436737
insider_relax,2,8,40,10,460.0,37.0,90.0,0.687998
fastmultrec_greedy,2,8,40,10,466.0,40.0,66.0,1.340545
lcamap,2,8,40,10,480.0,42.0,60.0,0.090895
segdup,2,8,40,15,680,41,65,209.086567
insider,2,8,40,15,642.0,34.0,132.0,2.024141
insider_relax,2,8,40,15,642.0,34.0,132.0,6.423568
fastmultrec_greedy,2,8,40,15,666.0,40.0,66.0,1.331811
lcamap,2,8,40,15,690.0,42.0,60.0,0.088850
segdup,2,8,40,20,885,41,65,207.533799
insider,2,8,40,20,807.0,32.0,167.0,23.917791
insider_relax,2,8,40,20,807.0,32.0,167.0,43.459292
fastmultrec_greedy,2,8,40,20,866.0,40.0,66.0,1.339225
lcamap,2,8,40,20,900.0,42.0,60.0,0.090484
segdup,2,9,40,5,93,16,13,245.164694
insider,2,9,40,5,93.0,16.0,13.0,0.196471
insider_relax,2,9,40,5,93.0,16.0,13.0,0.220539
fastmultrec_greedy,2,9,40,5,93.0,16.0,13.0,0.606237
lcamap,2,9,40,5,93.0,16.0,13.0,0.098554
segdup,2,9,40,10,173,16,13,234.954207
insider,2,9,40,10,169.0,15.0,19.0,0.232481
insider_relax,2,9,40,10,169.0,15.0,19.0,0.264443
fastmultrec_greedy,2,9,40,10,173.0,16.0,13.0,0.611259
lcamap,2,9,40,10,173.0,16.0,13.0,0.102246
segdup,2,9,40,15,253,16,13,180.739230
insider,2,9,40,15,244.0,15.0,19.0,0.306602
insider_relax,2,9,40,15,244.0,15.0,19.0,0.321164
fastmultrec_greedy,2,9,40,15,253.0,16.0,13.0,0.607446
lcamap,2,9,40,15,253.0,16.0,13.0,0.097900
segdup,2,9,40,20,333,16,13,175.899644
insider,2,9,40,20,317.0,14.0,37.0,0.436778
insider_relax,2,9,40,20,317.0,14.0,37.0,0.464227
fastmultrec_greedy,2,9,40,20,333.0,16.0,13.0,0.609293
lcamap,2,9,40,20,333.0,16.0,13.0,0.096320
segdup,2,10,40,5,20,4,0,149.793215
insider,2,10,40,5,20.0,4.0,0.0,0.119937
insider_relax,2,10,40,5,20.0,4.0,0.0,0.132473
fastmultrec_greedy,2,10,40,5,20.0,4.0,0.0,0.392359
lcamap,2,10,40,5,20.0,4.0,0.0,0.073742
segdup,2,10,40,10,40,4,0,141.414591
insider,2,10,40,10,40.0,4.0,0.0,0.121890
insider_relax,2,10,40,10,40.0,4.0,0.0,0.136490
fastmultrec_greedy,2,10,40,10,40.0,4.0,0.0,0.389460
lcamap,2,10,40,10,40.0,4.0,0.0,0.065891
segdup,2,10,40,15,60,4,0,74.230000
insider,2,10,40,15,60.0,4.0,0.0,0.125160
insider_relax,2,10,40,15,60.0,4.0,0.0,0.127751
fastmultrec_greedy,2,10,40,15,60.0,4.0,0.0,0.386379
lcamap,2,10,40,15,60.0,4.0,0.0,0.069457
segdup,2,10,40,20,80,4,0,73.165467
insider,2,10,40,20,80.0,4.0,0.0,0.129562
insider_relax,2,10,40,20,80.0,4.0,0.0,0.136291
fastmultrec_greedy,2,10,40,20,80.0,4.0,0.0,0.391803
lcamap,2,10,40,20,80.0,4.0,0.0,0.067284
segdup,2,11,40,5,11,2,1,264.577253
insider,2,11,40,5,11.0,2.0,1.0,0.166306
insider_relax,2,11,40,5,11.0,2.0,1.0,0.160762
fastmultrec_greedy,2,11,40,5,11.0,2.0,1.0,0.522395
lcamap,2,11,40,5,11.0,2.0,1.0,0.098855
segdup,2,11,40,10,21,2,1,241.639873
insider,2,11,40,10,21.0,2.0,1.0,0.164840
insider_relax,2,11,40,10,21.0,2.0,1.0,0.158231
fastmultrec_greedy,2,11,40,10,21.0,2.0,1.0,0.525095
lcamap,2,11,40,10,21.0,2.0,1.0,0.104831
segdup,2,11,40,15,31,2,1,116.136089
insider,2,11,40,15,31.0,2.0,1.0,0.159024
insider_relax,2,11,40,15,31.0,2.0,1.0,0.168144
fastmultrec_greedy,2,11,40,15,31.0,2.0,1.0,0.530318
lcamap,2,11,40,15,31.0,2.0,1.0,0.099849
segdup,2,11,40,20,41,2,1,111.050056
insider,2,11,40,20,41.0,2.0,1.0,0.162246
insider_relax,2,11,40,20,41.0,2.0,1.0,0.164819
fastmultrec_greedy,2,11,40,20,41.0,2.0,1.0,0.531777
lcamap,2,11,40,20,41.0,2.0,1.0,0.100879
segdup,1,7,41,5,1762,138,1072,120.312592
insider,1,7,41,5,1719.0,120.0,1119.0,0.163476
insider_relax,1,7,41,5,1719.0,120.0,1119.0,0.181958
fastmultrec_greedy,1,7,41,5,1720.0,121.0,1115.0,3.286700
lcamap,1,7,41,5,1762.0,138.0,1072.0,0.039049
segdup,1,7,41,10,2452,138,1072,120.858587
insider,1,7,41,10,2279.0,105.0,1229.0,0.271640
insider_relax,1,7,41,10,2279.0,105.0,1229.0,0.305616
fastmultrec_greedy,1,7,41,10,2304.0,114.0,1164.0,5.413746
lcamap,1,7,41,10,2452.0,138.0,1072.0,0.040276
segdup,1,7,41,15,3138,129,1203,115.327772
insider,1,7,41,15,2798.0,103.0,1253.0,0.476955
insider_relax,1,7,41,15,2798.0,103.0,1253.0,0.576247
fastmultrec_greedy,1,7,41,15,2871.0,113.0,1176.0,5.640541
lcamap,1,7,41,15,3142.0,138.0,1072.0,0.042240
segdup,1,7,41,20,3814,137,1074,117.223867
insider,1,7,41,20,3299.0,97.0,1359.0,1.051366
insider_relax,1,7,41,20,3299.0,97.0,1359.0,1.296064
fastmultrec_greedy,1,7,41,20,3436.0,113.0,1176.0,5.634869
lcamap,1,7,41,20,3832.0,138.0,1072.0,0.039293
segdup,1,8,41,5,47,8,7,113.421004
insider,1,8,41,5,47.0,8.0,7.0,0.093282
insider_relax,1,8,41,5,47.0,8.0,7.0,0.104791
fastmultrec_greedy,1,8,41,5,47.0,8.0,7.0,0.298846
lcamap,1,8,41,5,47.0,8.0,7.0,0.052843
segdup,1,8,41,10,87,8,7,105.286525
insider,1,8,41,10,87.0,8.0,7.0,0.098755
insider_relax,1,8,41,10,87.0,8.0,7.0,0.112724
fastmultrec_greedy,1,8,41,10,87.0,8.0,7.0,0.296591
lcamap,1,8,41,10,87.0,8.0,7.0,0.052490
segdup,1,8,41,15,127,8,7,95.470126
insider,1,8,41,15,127.0,8.0,7.0,0.106365
insider_relax,1,8,41,15,127.0,8.0,7.0,0.104967
fastmultrec_greedy,1,8,41,15,127.0,8.0,7.0,0.297815
lcamap,1,8,41,15,127.0,8.0,7.0,0.051670
segdup,1,8,41,20,167,8,7,69.245657
insider,1,8,41,20,167.0,8.0,7.0,0.117837
insider_relax,1,8,41,20,167.0,8.0,7.0,0.119264
fastmultrec_greedy,1,8,41,20,167.0,8.0,7.0,0.298465
lcamap,1,8,41,20,167.0,8.0,7.0,0.054322
segdup,1,9,41,5,123,20,23,132.286391
insider,1,9,41,5,123.0,20.0,23.0,0.115407
insider_relax,1,9,41,5,123.0,20.0,23.0,0.124168
fastmultrec_greedy,1,9,41,5,123.0,20.0,23.0,0.329327
lcamap,1,9,41,5,123.0,20.0,23.0,0.056500
segdup,1,9,41,10,223,20,23,128.670528
insider,1,9,41,10,223.0,20.0,23.0,0.133602
insider_relax,1,9,41,10,223.0,20.0,23.0,0.169422
fastmultrec_greedy,1,9,41,10,223.0,20.0,23.0,0.329121
lcamap,1,9,41,10,223.0,20.0,23.0,0.054795
segdup,1,9,41,15,323,20,23,91.923849
insider,1,9,41,15,323.0,20.0,23.0,0.193174
insider_relax,1,9,41,15,323.0,20.0,23.0,0.211189
fastmultrec_greedy,1,9,41,15,323.0,20.0,23.0,0.324594
lcamap,1,9,41,15,323.0,20.0,23.0,0.053633
segdup,1,9,41,20,423,20,23,84.657885
insider,1,9,41,20,423.0,20.0,23.0,0.769468
insider_relax,1,9,41,20,423.0,20.0,23.0,0.870792
fastmultrec_greedy,1,9,41,20,423.0,20.0,23.0,0.327391
lcamap,1,9,41,20,423.0,20.0,23.0,0.054318
segdup,1,10,41,5,11,2,1,165.052333
insider,1,10,41,5,11.0,2.0,1.0,0.113080
insider_relax,1,10,41,5,11.0,2.0,1.0,0.110026
fastmultrec_greedy,1,10,41,5,11.0,2.0,1.0,0.393656
lcamap,1,10,41,5,11.0,2.0,1.0,0.069562
segdup,1,10,41,10,21,2,1,155.579308
insider,1,10,41,10,21.0,2.0,1.0,0.106515
insider_relax,1,10,41,10,21.0,2.0,1.0,0.112063
fastmultrec_greedy,1,10,41,10,21.0,2.0,1.0,0.390166
lcamap,1,10,41,10,21.0,2.0,1.0,0.072874
segdup,1,10,41,15,31,2,1,141.768868
insider,1,10,41,15,31.0,2.0,1.0,0.110886
insider_relax,1,10,41,15,31.0,2.0,1.0,0.109869
fastmultrec_greedy,1,10,41,15,31.0,2.0,1.0,0.393292
lcamap,1,10,41,15,31.0,2.0,1.0,0.072544
segdup,1,10,41,20,41,2,1,101.065398
insider,1,10,41,20,41.0,2.0,1.0,0.115876
insider_relax,1,10,41,20,41.0,2.0,1.0,0.104863
fastmultrec_greedy,1,10,41,20,41.0,2.0,1.0,0.392874
lcamap,1,10,41,20,41.0,2.0,1.0,0.070289
segdup,1,11,41,5,5,1,0,137.045714
insider,1,11,41,5,5.0,1.0,0.0,0.082050
insider_relax,1,11,41,5,5.0,1.0,0.0,0.081727
fastmultrec_greedy,1,11,41,5,5.0,1.0,0.0,0.255577
lcamap,1,11,41,5,5.0,1.0,0.0,0.050008
segdup,1,11,41,10,10,1,0,131.096841
insider,1,11,41,10,10.0,1.0,0.0,0.086091
insider_relax,1,11,41,10,10.0,1.0,0.0,0.086535
fastmultrec_greedy,1,11,41,10,10.0,1.0,0.0,0.251329
lcamap,1,11,41,10,10.0,1.0,0.0,0.048766
segdup,1,11,41,15,15,1,0,105.657773
insider,1,11,41,15,15.0,1.0,0.0,0.083361
insider_relax,1,11,41,15,15.0,1.0,0.0,0.087487
fastmultrec_greedy,1,11,41,15,15.0,1.0,0.0,0.260714
lcamap,1,11,41,15,15.0,1.0,0.0,0.050434
segdup,1,11,41,20,20,1,0,74.281575
insider,1,11,41,20,20.0,1.0,0.0,0.081918
insider_relax,1,11,41,20,20.0,1.0,0.0,0.087857
fastmultrec_greedy,1,11,41,20,20.0,1.0,0.0,0.260071
lcamap,1,11,41,20,20.0,1.0,0.0,0.047717
segdup,2,7,41,5,2097,110,1547,252.398990
insider,2,7,41,5,2066.0,98.0,1576.0,0.244616
insider_relax,2,7,41,5,2066.0,98.0,1576.0,0.274409
fastmultrec_greedy,2,7,41,5,2066.0,98.0,1576.0,4.139577
lcamap,2,7,41,5,2097.0,110.0,1547.0,0.077421
segdup,2,7,41,10,2647,110,1547,245.515607
insider,2,7,41,10,2540.0,91.0,1630.0,0.364705
insider_relax,2,7,41,10,2540.0,91.0,1630.0,0.382172
fastmultrec_greedy,2,7,41,10,2546.0,94.0,1606.0,5.577996
lcamap,2,7,41,10,2647.0,110.0,1547.0,0.078255
segdup,2,7,41,15,3197,110,1547,251.116431
insider,2,7,41,15,2986.0,86.0,1696.0,0.501567
insider_relax,2,7,41,15,2986.0,86.0,1696.0,0.592776
fastmultrec_greedy,2,7,41,15,3013.0,93.0,1618.0,5.919570
lcamap,2,7,41,15,3197.0,110.0,1547.0,0.077013
segdup,2,7,41,20,3729,109,1549,246.590635
insider,2,7,41,20,3409.0,83.0,1749.0,0.706367
insider_relax,2,7,41,20,3409.0,83.0,1749.0,0.764119
fastmultrec_greedy,2,7,41,20,3469.0,91.0,1649.0,6.624652
lcamap,2,7,41,20,3747.0,110.0,1547.0,0.074358
segdup,2,8,41,5,517,67,182,134.836683
insider,2,8,41,5,515.0,66.0,185.0,0.222051
insider_relax,2,8,41,5,515.0,66.0,185.0,0.267636
fastmultrec_greedy,2,8,41,5,515.0,66.0,185.0,0.682778
lcamap,2,8,41,5,517.0,67.0,182.0,0.067148
segdup,2,8,41,10,852,67,182,133.915310
insider,2,8,41,10,835.0,62.0,215.0,0.410984
insider_relax,2,8,41,10,835.0,62.0,215.0,0.519430
fastmultrec_greedy,2,8,41,10,845.0,66.0,185.0,0.681850
lcamap,2,8,41,10,852.0,67.0,182.0,0.067842
segdup,2,8,41,15,1187,67,182,125.011148
insider,2,8,41,15,1142.0,60.0,242.0,0.868461
insider_relax,2,8,41,15,1142.0,60.0,242.0,1.210374
fastmultrec_greedy,2,8,41,15,1175.0,66.0,185.0,0.662216
lcamap,2,8,41,15,1187.0,67.0,182.0,0.071994
segdup,2,8,41,20,1522,67,182,131.269952
insider,2,8,41,20,1432.0,57.0,292.0,2.899038
insider_relax,2,8,41,20,1432.0,57.0,292.0,4.394671
fastmultrec_greedy,2,8,41,20,1505.0,66.0,185.0,0.668171
lcamap,2,8,41,20,1522.0,67.0,182.0,0.067676
segdup,2,9,41,5,137,22,27,203.390913
insider,2,9,41,5,137.0,22.0,27.0,0.203995
insider_relax,2,9,41,5,137.0,22.0,27.0,0.216142
fastmultrec_greedy,2,9,41,5,137.0,22.0,27.0,0.544105
lcamap,2,9,41,5,137.0,22.0,27.0,0.104896
segdup,2,9,41,10,247,22,27,208.052816
insider,2,9,41,10,247.0,22.0,27.0,0.254797
insider_relax,2,9,41,10,247.0,22.0,27.0,0.303322
fastmultrec_greedy,2,9,41,10,247.0,22.0,27.0,0.550795
lcamap,2,9,41,10,247.0,22.0,27.0,0.105222
segdup,2,9,41,15,357,22,27,192.586738
insider,2,9,41,15,357.0,22.0,27.0,0.391519
insider_relax,2,9,41,15,357.0,22.0,27.0,0.408026
fastmultrec_greedy,2,9,41,15,357.0,22.0,27.0,0.555062
lcamap,2,9,41,15,357.0,22.0,27.0,0.101425
segdup,2,9,41,20,467,22,27,168.554455
insider,2,9,41,20,467.0,22.0,27.0,0.786547
insider_relax,2,9,41,20,467.0,22.0,27.0,0.859905
fastmultrec_greedy,2,9,41,20,467.0,22.0,27.0,0.547824
lcamap,2,9,41,20,467.0,22.0,27.0,0.103356
segdup,2,10,41,5,10,2,0,89.318287
insider,2,10,41,5,10.0,2.0,0.0,0.061107
insider_relax,2,10,41,5,10.0,2.0,0.0,0.067401
fastmultrec_greedy,2,10,41,5,10.0,2.0,0.0,0.173792
lcamap,2,10,41,5,10.0,2.0,0.0,0.032648
segdup,2,10,41,10,20,2,0,66.810290
insider,2,10,41,10,20.0,2.0,0.0,0.064574
insider_relax,2,10,41,10,20.0,2.0,0.0,0.067641
fastmultrec_greedy,2,10,41,10,20.0,2.0,0.0,0.173341
lcamap,2,10,41,10,20.0,2.0,0.0,0.033569
segdup,2,10,41,15,30,2,0,62.216866
insider,2,10,41,15,30.0,2.0,0.0,0.061907
insider_relax,2,10,41,15,30.0,2.0,0.0,0.066078
fastmultrec_greedy,2,10,41,15,30.0,2.0,0.0,0.170945
lcamap,2,10,41,15,30.0,2.0,0.0,0.033778
segdup,2,10,41,20,40,2,0,36.098811
insider,2,10,41,20,40.0,2.0,0.0,0.064196
insider_relax,2,10,41,20,40.0,2.0,0.0,0.065240
fastmultrec_greedy,2,10,41,20,40.0,2.0,0.0,0.175713
lcamap,2,10,41,20,40.0,2.0,0.0,0.032835
segdup,2,11,41,5,11,2,1,190.410078
insider,2,11,41,5,11.0,2.0,1.0,0.121958
insider_relax,2,11,41,5,11.0,2.0,1.0,0.120898
fastmultrec_greedy,2,11,41,5,11.0,2.0,1.0,0.361937
lcamap,2,11,41,5,11.0,2.0,1.0,0.072342
segdup,2,11,41,10,21,2,1,178.090224
insider,2,11,41,10,21.0,2.0,1.0,0.122499
insider_relax,2,11,41,10,21.0,2.0,1.0,0.122499
fastmultrec_greedy,2,11,41,10,21.0,2.0,1.0,0.367779
lcamap,2,11,41,10,21.0,2.0,1.0,0.067453
segdup,2,11,41,15,31,2,1,82.596812
insider,2,11,41,15,31.0,2.0,1.0,0.119026
insider_relax,2,11,41,15,31.0,2.0,1.0,0.120862
fastmultrec_greedy,2,11,41,15,31.0,2.0,1.0,0.368171
lcamap,2,11,41,15,31.0,2.0,1.0,0.067984
segdup,2,11,41,20,41,2,1,78.649863
insider,2,11,41,20,41.0,2.0,1.0,0.117928
insider_relax,2,11,41,20,41.0,2.0,1.0,0.117641
fastmultrec_greedy,2,11,41,20,41.0,2.0,1.0,0.368385
lcamap,2,11,41,20,41.0,2.0,1.0,0.069005
segdup,1,7,42,5,1254,127,619,118.837754
insider,1,7,42,5,1238.0,121.0,633.0,0.190729
insider_relax,1,7,42,5,1238.0,121.0,633.0,0.201982
fastmultrec_greedy,1,7,42,5,1238.0,121.0,633.0,2.486934
lcamap,1,7,42,5,1257.0,128.0,617.0,0.057758
segdup,1,7,42,10,1897,128,617,114.650586
insider,1,7,42,10,1812.0,110.0,712.0,0.355150
insider_relax,1,7,42,10,1812.0,110.0,712.0,0.426102
fastmultrec_greedy,1,7,42,10,1826.0,115.0,676.0,4.447681
lcamap,1,7,42,10,1897.0,128.0,617.0,0.058685
segdup,1,7,42,15,2537,128,617,112.262930
insider,1,7,42,15,2356.0,106.0,766.0,0.728020
insider_relax,1,7,42,15,2356.0,106.0,766.0,0.894312
fastmultrec_greedy,1,7,42,15,2401.0,115.0,676.0,4.393220
lcamap,1,7,42,15,2537.0,128.0,617.0,0.060168
segdup,1,7,42,20,3102,122,662,111.460145
insider,1,7,42,20,2877.0,103.0,817.0,1.740648
insider_relax,1,7,42,20,2877.0,103.0,817.0,2.338981
fastmultrec_greedy,1,7,42,20,2971.0,114.0,691.0,4.753368
lcamap,1,7,42,20,3177.0,128.0,617.0,0.062815
segdup,1,8,42,5,303,46,73,149.399984
insider,1,8,42,5,303.0,46.0,73.0,0.160166
insider_relax,1,8,42,5,303.0,46.0,73.0,0.187304
fastmultrec_greedy,1,8,42,5,303.0,46.0,73.0,0.724386
lcamap,1,8,42,5,307.0,47.0,72.0,0.072930
segdup,1,8,42,10,533,46,73,153.074922
insider,1,8,42,10,532.0,45.0,82.0,0.231086
insider_relax,1,8,42,10,532.0,45.0,82.0,0.413731
fastmultrec_greedy,1,8,42,10,533.0,46.0,73.0,0.720007
lcamap,1,8,42,10,542.0,47.0,72.0,0.072181
segdup,1,8,42,15,763,46,73,144.705339
insider,1,8,42,15,757.0,45.0,82.0,0.864033
insider_relax,1,8,42,15,757.0,45.0,82.0,1.235273
fastmultrec_greedy,1,8,42,15,763.0,46.0,73.0,0.736063
lcamap,1,8,42,15,777.0,47.0,72.0,0.075347
segdup,1,8,42,20,993,46,73,137.871651
insider,1,8,42,20,982.0,45.0,82.0,6.238909
insider_relax,1,8,42,20,982.0,45.0,82.0,13.731013
fastmultrec_greedy,1,8,42,20,993.0,46.0,73.0,0.727798
lcamap,1,8,42,20,1012.0,47.0,72.0,0.081234
segdup,1,9,42,5,57,10,7,109.112174
insider,1,9,42,5,57.0,10.0,7.0,0.082808
insider_relax,1,9,42,5,57.0,10.0,7.0,0.088200
fastmultrec_greedy,1,9,42,5,57.0,10.0,7.0,0.241782
lcamap,1,9,42,5,57.0,10.0,7.0,0.041728
segdup,1,9,42,10,107,10,7,105.999877
insider,1,9,42,10,107.0,10.0,7.0,0.086513
insider_relax,1,9,42,10,107.0,10.0,7.0,0.093080
fastmultrec_greedy,1,9,42,10,107.0,10.0,7.0,0.250005
lcamap,1,9,42,10,107.0,10.0,7.0,0.044263
segdup,1,9,42,15,157,10,7,59.102070
insider,1,9,42,15,157.0,10.0,7.0,0.091404
insider_relax,1,9,42,15,157.0,10.0,7.0,0.098694
fastmultrec_greedy,1,9,42,15,157.0,10.0,7.0,0.248794
lcamap,1,9,42,15,157.0,10.0,7.0,0.045978
segdup,1,9,42,20,207,10,7,60.423414
insider,1,9,42,20,207.0,10.0,7.0,0.104422
insider_relax,1,9,42,20,207.0,10.0,7.0,0.109952
fastmultrec_greedy,1,9,42,20,207.0,10.0,7.0,0.244371
lcamap,1,9,42,20,207.0,10.0,7.0,0.044825
segdup,1,10,42,5,5,1,0,109.180607
insider,1,10,42,5,5.0,1.0,0.0,0.069715
insider_relax,1,10,42,5,5.0,1.0,0.0,0.069949
fastmultrec_greedy,1,10,42,5,5.0,1.0,0.0,0.224026
lcamap,1,10,42,5,5.0,1.0,0.0,0.040951
segdup,1,10,42,10,10,1,0,101.990835
insider,1,10,42,10,10.0,1.0,0.0,0.066080
insider_relax,1,10,42,10,10.0,1.0,0.0,0.071680
fastmultrec_greedy,1,10,42,10,10.0,1.0,0.0,0.224434
lcamap,1,10,42,10,10.0,1.0,0.0,0.038552
segdup,1,10,42,15,15,1,0,81.364217
insider,1,10,42,15,15.0,1.0,0.0,0.064967
insider_relax,1,10,42,15,15.0,1.0,0.0,0.066791
fastmultrec_greedy,1,10,42,15,15.0,1.0,0.0,0.225040
lcamap,1,10,42,15,15.0,1.0,0.0,0.038484
segdup,1,10,42,20,20,1,0,59.632794
insider,1,10,42,20,20.0,1.0,0.0,0.066123
insider_relax,1,10,42,20,20.0,1.0,0.0,0.067335
fastmultrec_greedy,1,10,42,20,20.0,1.0,0.0,0.223466
lcamap,1,10,42,20,20.0,1.0,0.0,0.039905
segdup,1,11,42,5,5,1,0,69.815524
insider,1,11,42,5,5.0,1.0,0.0,0.048390
insider_relax,1,11,42,5,5.0,1.0,0.0,0.049123
fastmultrec_greedy,1,11,42,5,5.0,1.0,0.0,0.149926
lcamap,1,11,42,5,5.0,1.0,0.0,0.027177
segdup,1,11,42,10,10,1,0,70.387205
insider,1,11,42,10,10.0,1.0,0.0,0.045166
insider_relax,1,11,42,10,10.0,1.0,0.0,0.059094
fastmultrec_greedy,1,11,42,10,10.0,1.0,0.0,0.148028
lcamap,1,11,42,10,10.0,1.0,0.0,0.025626
segdup,1,11,42,15,15,1,0,53.855124
insider,1,11,42,15,15.0,1.0,0.0,0.047861
insider_relax,1,11,42,15,15.0,1.0,0.0,0.048440
fastmultrec_greedy,1,11,42,15,15.0,1.0,0.0,0.148751
lcamap,1,11,42,15,15.0,1.0,0.0,0.026190
segdup,1,11,42,20,20,1,0,39.873544
insider,1,11,42,20,20.0,1.0,0.0,0.049716
insider_relax,1,11,42,20,20.0,1.0,0.0,0.053007
fastmultrec_greedy,1,11,42,20,20.0,1.0,0.0,0.148317
lcamap,1,11,42,20,20.0,1.0,0.0,0.027243
segdup,2,7,42,5,1245,94,775,183.106850
insider,2,7,42,5,1237.0,91.0,782.0,0.238306
insider_relax,2,7,42,5,1237.0,91.0,782.0,0.267215
fastmultrec_greedy,2,7,42,5,1237.0,91.0,782.0,1.213819
lcamap,2,7,42,5,1245.0,94.0,775.0,0.063922
segdup,2,7,42,10,1715,94,775,187.990141
insider,2,7,42,10,1673.0,83.0,843.0,0.409429
insider_relax,2,7,42,10,1673.0,83.0,843.0,0.517745
fastmultrec_greedy,2,7,42,10,1691.0,90.0,791.0,1.546721
lcamap,2,7,42,10,1715.0,94.0,775.0,0.067690
segdup,2,7,42,15,2185,94,775,176.985887
insider,2,7,42,15,2079.0,79.0,894.0,1.029157
insider_relax,2,7,42,15,2079.0,79.0,894.0,1.293122
fastmultrec_greedy,2,7,42,15,2133.0,88.0,813.0,2.136147
lcamap,2,7,42,15,2185.0,94.0,775.0,0.063055
segdup,2,7,42,20,2655,94,775,177.707678
insider,2,7,42,20,2470.0,76.0,950.0,3.707183
insider_relax,2,7,42,20,2470.0,76.0,950.0,5.025183
fastmultrec_greedy,2,7,42,20,2573.0,88.0,813.0,2.127646
lcamap,2,7,42,20,2655.0,94.0,775.0,0.065495
segdup,2,8,42,5,257,41,52,221.523955
insider,2,8,42,5,257.0,41.0,52.0,0.240463
insider_relax,2,8,42,5,257.0,41.0,52.0,0.275221
fastmultrec_greedy,2,8,42,5,257.0,41.0,52.0,0.563165
lcamap,2,8,42,5,257.0,41.0,52.0,0.104551
segdup,2,8,42,10,462,41,52,211.163051
insider,2,8,42,10,462.0,41.0,52.0,0.347867
insider_relax,2,8,42,10,462.0,41.0,52.0,0.522976
fastmultrec_greedy,2,8,42,10,462.0,41.0,52.0,0.574013
lcamap,2,8,42,10,462.0,41.0,52.0,0.103561
segdup,2,8,42,15,667,41,52,207.827954
insider,2,8,42,15,666.0,40.0,66.0,0.795319
insider_relax,2,8,42,15,666.0,40.0,66.0,1.062472
fastmultrec_greedy,2,8,42,15,667.0,41.0,52.0,0.565992
lcamap,2,8,42,15,667.0,41.0,52.0,0.101311
segdup,2,8,42,20,872,41,52,192.872267
insider,2,8,42,20,863.0,39.0,83.0,7.809476
insider_relax,2,8,42,20,863.0,39.0,83.0,20.932957
fastmultrec_greedy,2,8,42,20,872.0,41.0,52.0,0.557490
lcamap,2,8,42,20,872.0,41.0,52.0,0.104823
segdup,2,9,42,5,110,16,30,120.106692
insider,2,9,42,5,110.0,16.0,30.0,0.146618
insider_relax,2,9,42,5,110.0,16.0,30.0,0.169151
fastmultrec_greedy,2,9,42,5,110.0,16.0,30.0,0.369345
lcamap,2,9,42,5,110.0,16.0,30.0,0.069007
segdup,2,9,42,10,190,16,30,114.057429
insider,2,9,42,10,189.0,15.0,39.0,0.195799
insider_relax,2,9,42,10,189.0,15.0,39.0,0.261672
fastmultrec_greedy,2,9,42,10,190.0,16.0,30.0,0.367329
lcamap,2,9,42,10,190.0,16.0,30.0,0.069036
segdup,2,9,42,15,270,16,30,81.075349
insider,2,9,42,15,264.0,15.0,39.0,0.316018
insider_relax,2,9,42,15,264.0,15.0,39.0,0.329337
fastmultrec_greedy,2,9,42,15,270.0,16.0,30.0,0.368265
lcamap,2,9,42,15,270.0,16.0,30.0,0.068728
segdup,2,9,42,20,350,16,30,79.959379
insider,2,9,42,20,339.0,15.0,39.0,0.705989
insider_relax,2,9,42,20,339.0,15.0,39.0,0.841495
fastmultrec_greedy,2,9,42,20,350.0,16.0,30.0,0.374883
lcamap,2,9,42,20,350.0,16.0,30.0,0.065343
segdup,2,11,42,5,10,2,0,179.061323
insider,2,11,42,5,10.0,2.0,0.0,0.124777
insider_relax,2,11,42,5,10.0,2.0,0.0,0.129752
fastmultrec_greedy,2,11,42,5,10.0,2.0,0.0,0.409761
lcamap,2,11,42,5,10.0,2.0,0.0,0.074831
segdup,2,11,42,10,20,2,0,163.907693
insider,2,11,42,10,20.0,2.0,0.0,0.125296
insider_relax,2,11,42,10,20.0,2.0,0.0,0.123645
fastmultrec_greedy,2,11,42,10,20.0,2.0,0.0,0.407071
lcamap,2,11,42,10,20.0,2.0,0.0,0.076702
segdup,2,11,42,15,30,2,0,81.154277
insider,2,11,42,15,30.0,2.0,0.0,0.124318
insider_relax,2,11,42,15,30.0,2.0,0.0,0.127789
fastmultrec_greedy,2,11,42,15,30.0,2.0,0.0,0.408513
lcamap,2,11,42,15,30.0,2.0,0.0,0.072774
segdup,2,11,42,20,40,2,0,77.085803
insider,2,11,42,20,40.0,2.0,0.0,0.119220
insider_relax,2,11,42,20,40.0,2.0,0.0,0.135829
fastmultrec_greedy,2,11,42,20,40.0,2.0,0.0,0.401469
lcamap,2,11,42,20,40.0,2.0,0.0,0.074074
segdup,1,7,43,5,438,59,143,76.042176
insider,1,7,43,5,438.0,59.0,143.0,0.116504
insider_relax,1,7,43,5,438.0,59.0,143.0,0.146957
fastmultrec_greedy,1,7,43,5,438.0,59.0,143.0,0.325763
lcamap,1,7,43,5,442.0,60.0,142.0,0.035539
segdup,1,7,43,10,733,59,143,70.169840
insider,1,7,43,10,723.0,55.0,173.0,0.206861
insider_relax,1,7,43,10,723.0,55.0,173.0,0.315726
fastmultrec_greedy,1,7,43,10,733.0,59.0,143.0,0.324286
lcamap,1,7,43,10,742.0,60.0,142.0,0.036519
segdup,1,7,43,15,1030,59,145,66.950892
insider,1,7,43,15,994.0,52.0,214.0,0.575657
insider_relax,1,7,43,15,994.0,52.0,214.0,0.855943
fastmultrec_greedy,1,7,43,15,1028.0,59.0,143.0,0.326069
lcamap,1,7,43,15,1042.0,60.0,142.0,0.035837
segdup,1,7,43,20,1323,59,143,69.497980
insider,1,7,43,20,1249.0,50.0,249.0,1.720076
insider_relax,1,7,43,20,1249.0,50.0,249.0,2.421745
fastmultrec_greedy,1,7,43,20,1323.0,59.0,143.0,0.323781
lcamap,1,7,43,20,1342.0,60.0,142.0,0.036081
segdup,1,8,43,5,606,89,161,119.127144
insider,1,8,43,5,604.0,88.0,164.0,0.202057
insider_relax,1,8,43,5,604.0,88.0,164.0,0.241684
fastmultrec_greedy,1,8,43,5,604.0,88.0,164.0,0.933928
lcamap,1,8,43,5,608.0,90.0,158.0,0.067822
segdup,1,8,43,10,1051,89,161,118.187295
insider,1,8,43,10,1032.0,82.0,212.0,0.470999
insider_relax,1,8,43,10,1032.0,82.0,212.0,0.744021
fastmultrec_greedy,1,8,43,10,1044.0,88.0,164.0,0.935639
lcamap,1,8,43,10,1058.0,90.0,158.0,0.067092
segdup,1,8,43,15,1498,89,163,118.827698
insider,1,8,43,15,1435.0,78.0,265.0,2.632888
insider_relax,1,8,43,15,1435.0,78.0,265.0,4.228619
fastmultrec_greedy,1,8,43,15,1484.0,88.0,164.0,0.929332
lcamap,1,8,43,15,1508.0,90.0,158.0,0.067269
segdup,1,8,43,20,1941,89,161,117.586891
insider,1,8,43,20,1812.0,72.0,372.0,27.096459
insider_relax,1,8,43,20,1812.0,72.0,372.0,63.577385
fastmultrec_greedy,1,8,43,20,1924.0,88.0,164.0,0.934771
lcamap,1,8,43,20,1958.0,90.0,158.0,0.069623
segdup,1,9,43,5,39,7,4,50.607552
insider,1,9,43,5,39.0,7.0,4.0,0.046385
insider_relax,1,9,43,5,39.0,7.0,4.0,0.046103
fastmultrec_greedy,1,9,43,5,39.0,7.0,4.0,0.109249
lcamap,1,9,43,5,39.0,7.0,4.0,0.021968
segdup,1,9,43,10,74,7,4,51.497624
insider,1,9,43,10,74.0,7.0,4.0,0.046117
insider_relax,1,9,43,10,74.0,7.0,4.0,0.049214
fastmultrec_greedy,1,9,43,10,74.0,7.0,4.0,0.113128
lcamap,1,9,43,10,74.0,7.0,4.0,0.020835
segdup,1,9,43,15,109,7,4,51.682031
insider,1,9,43,15,109.0,7.0,4.0,0.051327
insider_relax,1,9,43,15,109.0,7.0,4.0,0.049232
fastmultrec_greedy,1,9,43,15,109.0,7.0,4.0,0.112813
lcamap,1,9,43,15,109.0,7.0,4.0,0.021513
segdup,1,9,43,20,144,7,4,42.232401
insider,1,9,43,20,144.0,7.0,4.0,0.051756
insider_relax,1,9,43,20,144.0,7.0,4.0,0.055686
fastmultrec_greedy,1,9,43,20,144.0,7.0,4.0,0.111513
lcamap,1,9,43,20,144.0,7.0,4.0,0.021453
segdup,1,10,43,5,10,2,0,123.118874
insider,1,10,43,5,10.0,2.0,0.0,0.078224
insider_relax,1,10,43,5,10.0,2.0,0.0,0.073418
fastmultrec_greedy,1,10,43,5,10.0,2.0,0.0,0.229910
lcamap,1,10,43,5,10.0,2.0,0.0,0.043660
segdup,1,10,43,10,20,2,0,117.500244
insider,1,10,43,10,20.0,2.0,0.0,0.076136
insider_relax,1,10,43,10,20.0,2.0,0.0,0.076724
fastmultrec_greedy,1,10,43,10,20.0,2.0,0.0,0.228645
lcamap,1,10,43,10,20.0,2.0,0.0,0.044394
segdup,1,10,43,15,30,2,0,107.918451
insider,1,10,43,15,30.0,2.0,0.0,0.079967
insider_relax,1,10,43,15,30.0,2.0,0.0,0.078052
fastmultrec_greedy,1,10,43,15,30.0,2.0,0.0,0.229193
lcamap,1,10,43,15,30.0,2.0,0.0,0.042006
segdup,1,10,43,20,40,2,0,95.792264
insider,1,10,43,20,40.0,2.0,0.0,0.075719
insider_relax,1,10,43,20,40.0,2.0,0.0,0.074319
fastmultrec_greedy,1,10,43,20,40.0,2.0,0.0,0.230320
lcamap,1,10,43,20,40.0,2.0,0.0,0.044708
segdup,1,11,43,5,6,1,1,86.463605
insider,1,11,43,5,6.0,1.0,1.0,0.054411
insider_relax,1,11,43,5,6.0,1.0,1.0,0.056643
fastmultrec_greedy,1,11,43,5,6.0,1.0,1.0,0.183072
lcamap,1,11,43,5,6.0,1.0,1.0,0.034559
segdup,1,11,43,10,11,1,1,87.917556
insider,1,11,43,10,11.0,1.0,1.0,0.053602
insider_relax,1,11,43,10,11.0,1.0,1.0,0.059276
fastmultrec_greedy,1,11,43,10,11.0,1.0,1.0,0.184539
lcamap,1,11,43,10,11.0,1.0,1.0,0.030882
segdup,1,11,43,15,16,1,1,49.199065
insider,1,11,43,15,16.0,1.0,1.0,0.058059
insider_relax,1,11,43,15,16.0,1.0,1.0,0.059559
fastmultrec_greedy,1,11,43,15,16.0,1.0,1.0,0.189912
lcamap,1,11,43,15,16.0,1.0,1.0,0.033301
segdup,1,11,43,20,21,1,1,76.241270
insider,1,11,43,20,21.0,1.0,1.0,0.055105
insider_relax,1,11,43,20,21.0,1.0,1.0,0.057782
fastmultrec_greedy,1,11,43,20,21.0,1.0,1.0,0.183435
lcamap,1,11,43,20,21.0,1.0,1.0,0.032660
segdup,2,7,43,5,1076,95,601,175.104541
insider,2,7,43,5,1069.0,91.0,614.0,0.251444
insider_relax,2,7,43,5,1069.0,91.0,614.0,0.286467
fastmultrec_greedy,2,7,43,5,1070.0,92.0,610.0,1.323880
lcamap,2,7,43,5,1076.0,95.0,601.0,0.064095
segdup,2,7,43,10,1551,95,601,171.439188
insider,2,7,43,10,1496.0,83.0,666.0,0.479191
insider_relax,2,7,43,10,1496.0,83.0,666.0,0.560348
fastmultrec_greedy,2,7,43,10,1522.0,89.0,632.0,2.286824
lcamap,2,7,43,10,1551.0,95.0,601.0,0.066316
segdup,2,7,43,15,2026,95,601,169.905581
insider,2,7,43,15,1897.0,79.0,712.0,0.945364
insider_relax,2,7,43,15,1897.0,79.0,712.0,1.132112
fastmultrec_greedy,2,7,43,15,1962.0,88.0,642.0,2.925969
lcamap,2,7,43,15,2026.0,95.0,601.0,0.064371
segdup,2,7,43,20,2501,95,601,167.366923
insider,2,7,43,20,2270.0,73.0,810.0,1.851810
insider_relax,2,7,43,20,2270.0,73.0,810.0,2.491564
fastmultrec_greedy,2,7,43,20,2395.0,86.0,675.0,3.624006
lcamap,2,7,43,20,2501.0,95.0,601.0,0.063604
segdup,2,8,43,5,955,96,475,203.781883
insider,2,8,43,5,953.0,95.0,478.0,0.273184
insider_relax,2,8,43,5,953.0,95.0,478.0,0.293995
fastmultrec_greedy,2,8,43,5,953.0,95.0,478.0,0.861838
lcamap,2,8,43,5,955.0,96.0,475.0,0.091224
segdup,2,8,43,10,1435,96,475,186.557332
insider,2,8,43,10,1417.0,91.0,507.0,0.465564
insider_relax,2,8,43,10,1417.0,91.0,507.0,0.585945
fastmultrec_greedy,2,8,43,10,1424.0,94.0,484.0,1.280188
lcamap,2,8,43,10,1435.0,96.0,475.0,0.094740
segdup,2,8,43,15,1915,96,475,194.251675
insider,2,8,43,15,1863.0,86.0,573.0,1.742961
insider_relax,2,8,43,15,1863.0,86.0,573.0,2.215023
fastmultrec_greedy,2,8,43,15,1894.0,94.0,484.0,1.271790
lcamap,2,8,43,15,1915.0,96.0,475.0,0.093191
segdup,2,8,43,20,2395,96,475,188.809753
insider,2,8,43,20,2288.0,85.0,588.0,7.785882
insider_relax,2,8,43,20,2288.0,85.0,588.0,12.924409
fastmultrec_greedy,2,8,43,20,2364.0,94.0,484.0,1.255950
lcamap,2,8,43,20,2395.0,96.0,475.0,0.093383
segdup,2,9,43,5,64,11,9,272.331024
insider,2,9,43,5,64.0,11.0,9.0,0.180444
insider_relax,2,9,43,5,64.0,11.0,9.0,0.187938
fastmultrec_greedy,2,9,43,5,64.0,11.0,9.0,0.616171
lcamap,2,9,43,5,64.0,11.0,9.0,0.098827
segdup,2,9,43,10,119,11,9,267.804305
insider,2,9,43,10,119.0,11.0,9.0,0.192242
insider_relax,2,9,43,10,119.0,11.0,9.0,0.204922
fastmultrec_greedy,2,9,43,10,119.0,11.0,9.0,0.621207
lcamap,2,9,43,10,119.0,11.0,9.0,0.096997
segdup,2,9,43,15,174,11,9,137.826341
insider,2,9,43,15,174.0,11.0,9.0,0.218171
insider_relax,2,9,43,15,174.0,11.0,9.0,0.205949
fastmultrec_greedy,2,9,43,15,174.0,11.0,9.0,0.620118
lcamap,2,9,43,15,174.0,11.0,9.0,0.095138
segdup,2,9,43,20,229,11,9,139.929236
insider,2,9,43,20,229.0,11.0,9.0,0.252512
insider_relax,2,9,43,20,229.0,11.0,9.0,0.253303
fastmultrec_greedy,2,9,43,20,229.0,11.0,9.0,0.612177
lcamap,2,9,43,20,229.0,11.0,9.0,0.097264
segdup,2,10,43,5,23,4,3,188.366299
insider,2,10,43,5,23.0,4.0,3.0,0.116997
insider_relax,2,10,43,5,23.0,4.0,3.0,0.115124
fastmultrec_greedy,2,10,43,5,23.0,4.0,3.0,0.374826
lcamap,2,10,43,5,23.0,4.0,3.0,0.065857
segdup,2,10,43,10,43,4,3,173.967501
insider,2,10,43,10,43.0,4.0,3.0,0.116547
insider_relax,2,10,43,10,43.0,4.0,3.0,0.116676
fastmultrec_greedy,2,10,43,10,43.0,4.0,3.0,0.371721
lcamap,2,10,43,10,43.0,4.0,3.0,0.062880
segdup,2,10,43,15,63,4,3,97.456607
insider,2,10,43,15,63.0,4.0,3.0,0.116226
insider_relax,2,10,43,15,63.0,4.0,3.0,0.116984
fastmultrec_greedy,2,10,43,15,63.0,4.0,3.0,0.376285
lcamap,2,10,43,15,63.0,4.0,3.0,0.064220
segdup,2,10,43,20,83,4,3,78.166187
insider,2,10,43,20,83.0,4.0,3.0,0.121598
insider_relax,2,10,43,20,83.0,4.0,3.0,0.117940
fastmultrec_greedy,2,10,43,20,83.0,4.0,3.0,0.373180
lcamap,2,10,43,20,83.0,4.0,3.0,0.066825
segdup,2,11,43,5,15,3,0,212.938023
insider,2,11,43,5,15.0,3.0,0.0,0.144361
insider_relax,2,11,43,5,15.0,3.0,0.0,0.139491
fastmultrec_greedy,2,11,43,5,15.0,3.0,0.0,0.481304
lcamap,2,11,43,5,15.0,3.0,0.0,0.079007
segdup,2,11,43,10,30,3,0,175.600457
insider,2,11,43,10,30.0,3.0,0.0,0.149028
insider_relax,2,11,43,10,30.0,3.0,0.0,0.141201
fastmultrec_greedy,2,11,43,10,30.0,3.0,0.0,0.487512
lcamap,2,11,43,10,30.0,3.0,0.0,0.078766
segdup,2,11,43,15,45,3,0,165.694615
insider,2,11,43,15,45.0,3.0,0.0,0.147480
insider_relax,2,11,43,15,45.0,3.0,0.0,0.139331
fastmultrec_greedy,2,11,43,15,45.0,3.0,0.0,0.487876
lcamap,2,11,43,15,45.0,3.0,0.0,0.081499
segdup,2,11,43,20,60,3,0,103.058700
insider,2,11,43,20,60.0,3.0,0.0,0.147507
insider_relax,2,11,43,20,60.0,3.0,0.0,0.141912
fastmultrec_greedy,2,11,43,20,60.0,3.0,0.0,0.485655
lcamap,2,11,43,20,60.0,3.0,0.0,0.076066
segdup,1,7,44,5,2431,164,1611,119.387292
insider,1,7,44,5,2387.0,142.0,1677.0,0.178919
insider_relax,1,7,44,5,2387.0,142.0,1677.0,0.216624
fastmultrec_greedy,1,7,44,5,2393.0,148.0,1653.0,2.574919
lcamap,1,7,44,5,2431.0,164.0,1611.0,0.040952
segdup,1,7,44,10,3251,164,1611,119.399641
insider,1,7,44,10,3064.0,129.0,1774.0,0.345017
insider_relax,1,7,44,10,3064.0,129.0,1774.0,0.389881
fastmultrec_greedy,1,7,44,10,3095.0,139.0,1705.0,4.157816
lcamap,1,7,44,10,3251.0,164.0,1611.0,0.038179
segdup,1,7,44,15,4071,164,1611,120.890909
insider,1,7,44,15,3693.0,122.0,1863.0,0.614372
insider_relax,1,7,44,15,3693.0,122.0,1863.0,0.783760
fastmultrec_greedy,1,7,44,15,3782.0,136.0,1742.0,4.970212
lcamap,1,7,44,15,4071.0,164.0,1611.0,0.037715
segdup,1,7,44,20,4891,164,1611,114.812555
insider,1,7,44,20,4289.0,115.0,1989.0,1.227804
insider_relax,1,7,44,20,4289.0,115.0,1989.0,2.103337
fastmultrec_greedy,1,7,44,20,4454.0,133.0,1794.0,5.458985
lcamap,1,7,44,20,4891.0,164.0,1611.0,0.039309
segdup,1,8,44,5,203,33,38,128.767616
insider,1,8,44,5,203.0,33.0,38.0,0.114738
insider_relax,1,8,44,5,203.0,33.0,38.0,0.129939
fastmultrec_greedy,1,8,44,5,203.0,33.0,38.0,0.758894
lcamap,1,8,44,5,207.0,35.0,32.0,0.056080
segdup,1,8,44,10,368,33,38,127.279443
insider,1,8,44,10,368.0,33.0,38.0,0.150304
insider_relax,1,8,44,10,368.0,33.0,38.0,0.190661
fastmultrec_greedy,1,8,44,10,368.0,33.0,38.0,0.768132
lcamap,1,8,44,10,382.0,35.0,32.0,0.060071
segdup,1,8,44,15,533,33,38,131.990729
insider,1,8,44,15,533.0,33.0,38.0,0.283427
insider_relax,1,8,44,15,533.0,33.0,38.0,0.390847
fastmultrec_greedy,1,8,44,15,533.0,33.0,38.0,0.761375
lcamap,1,8,44,15,557.0,35.0,32.0,0.054633
segdup,1,8,44,20,717,34,37,106.854560
insider,1,8,44,20,695.0,30.0,95.0,2.642027
insider_relax,1,8,44,20,695.0,30.0,95.0,4.044923
fastmultrec_greedy,1,8,44,20,698.0,33.0,38.0,0.759350
lcamap,1,8,44,20,732.0,35.0,32.0,0.056686
segdup,1,9,44,5,17,3,2,126.931987
insider,1,9,44,5,17.0,3.0,2.0,0.101898
insider_relax,1,9,44,5,17.0,3.0,2.0,0.109382
fastmultrec_greedy,1,9,44,5,17.0,3.0,2.0,0.366821
lcamap,1,9,44,5,17.0,3.0,2.0,0.062353
segdup,1,9,44,10,32,3,2,116.134038
insider,1,9,44,10,32.0,3.0,2.0,0.104095
insider_relax,1,9,44,10,32.0,3.0,2.0,0.109056
fastmultrec_greedy,1,9,44,10,32.0,3.0,2.0,0.365582
lcamap,1,9,44,10,32.0,3.0,2.0,0.063879
segdup,1,9,44,15,47,3,2,103.330262
insider,1,9,44,15,47.0,3.0,2.0,0.102831
insider_relax,1,9,44,15,47.0,3.0,2.0,0.102792
fastmultrec_greedy,1,9,44,15,47.0,3.0,2.0,0.364524
lcamap,1,9,44,15,47.0,3.0,2.0,0.062824
segdup,1,9,44,20,62,3,2,78.201070
insider,1,9,44,20,62.0,3.0,2.0,0.109071
insider_relax,1,9,44,20,62.0,3.0,2.0,0.104734
fastmultrec_greedy,1,9,44,20,62.0,3.0,2.0,0.369466
lcamap,1,9,44,20,62.0,3.0,2.0,0.059723
segdup,1,10,44,5,13,2,3,159.923713
insider,1,10,44,5,13.0,2.0,3.0,0.100364
insider_relax,1,10,44,5,13.0,2.0,3.0,0.100184
fastmultrec_greedy,1,10,44,5,13.0,2.0,3.0,0.346529
lcamap,1,10,44,5,13.0,2.0,3.0,0.062059
segdup,1,10,44,10,23,2,3,145.982326
insider,1,10,44,10,23.0,2.0,3.0,0.101667
insider_relax,1,10,44,10,23.0,2.0,3.0,0.106512
fastmultrec_greedy,1,10,44,10,23.0,2.0,3.0,0.341113
lcamap,1,10,44,10,23.0,2.0,3.0,0.062322
segdup,1,10,44,15,33,2,3,87.474447
insider,1,10,44,15,33.0,2.0,3.0,0.103434
insider_relax,1,10,44,15,33.0,2.0,3.0,0.108788
fastmultrec_greedy,1,10,44,15,33.0,2.0,3.0,0.341756
lcamap,1,10,44,15,33.0,2.0,3.0,0.060299
segdup,1,10,44,20,43,2,3,86.770505
insider,1,10,44,20,43.0,2.0,3.0,0.099272
insider_relax,1,10,44,20,43.0,2.0,3.0,0.105522
fastmultrec_greedy,1,10,44,20,43.0,2.0,3.0,0.343723
lcamap,1,10,44,20,43.0,2.0,3.0,0.059993
segdup,1,11,44,5,5,1,0,65.149294
insider,1,11,44,5,5.0,1.0,0.0,0.043244
insider_relax,1,11,44,5,5.0,1.0,0.0,0.044253
fastmultrec_greedy,1,11,44,5,5.0,1.0,0.0,0.115890
lcamap,1,11,44,5,5.0,1.0,0.0,0.023199
segdup,1,11,44,10,10,1,0,64.966188
insider,1,11,44,10,10.0,1.0,0.0,0.044144
insider_relax,1,11,44,10,10.0,1.0,0.0,0.040894
fastmultrec_greedy,1,11,44,10,10.0,1.0,0.0,0.115129
lcamap,1,11,44,10,10.0,1.0,0.0,0.022576
segdup,1,11,44,15,15,1,0,61.143303
insider,1,11,44,15,15.0,1.0,0.0,0.046808
insider_relax,1,11,44,15,15.0,1.0,0.0,0.045413
fastmultrec_greedy,1,11,44,15,15.0,1.0,0.0,0.115597
lcamap,1,11,44,15,15.0,1.0,0.0,0.022662
segdup,1,11,44,20,20,1,0,35.772152
insider,1,11,44,20,20.0,1.0,0.0,0.044681
insider_relax,1,11,44,20,20.0,1.0,0.0,0.042344
fastmultrec_greedy,1,11,44,20,20.0,1.0,0.0,0.116249
lcamap,1,11,44,20,20.0,1.0,0.0,0.023339
segdup,2,7,44,5,1074,99,579,143.591784
insider,2,7,44,5,1063.0,94.0,593.0,0.196948
insider_relax,2,7,44,5,1063.0,94.0,593.0,0.222362
fastmultrec_greedy,2,7,44,5,1064.0,95.0,589.0,1.653617
lcamap,2,7,44,5,1074.0,99.0,579.0,0.062561
segdup,2,7,44,10,1569,99,579,141.274986
insider,2,7,44,10,1511.0,87.0,641.0,0.314644
insider_relax,2,7,44,10,1511.0,87.0,641.0,0.379925
fastmultrec_greedy,2,7,44,10,1523.0,91.0,613.0,3.017423
lcamap,2,7,44,10,1569.0,99.0,579.0,0.058545
segdup,2,7,44,15,2064,99,579,133.354520
insider,2,7,44,15,1937.0,83.0,692.0,0.633470
insider_relax,2,7,44,15,1937.0,83.0,692.0,0.840591
fastmultrec_greedy,2,7,44,15,1975.0,90.0,625.0,3.387658
lcamap,2,7,44,15,2064.0,99.0,579.0,0.062245
segdup,2,7,44,20,2559,99,579,133.604765
insider,2,7,44,20,2337.0,78.0,777.0,3.741476
insider_relax,2,7,44,20,2337.0,78.0,777.0,9.635398
fastmultrec_greedy,2,7,44,20,2425.0,90.0,625.0,3.368649
lcamap,2,7,44,20,2559.0,99.0,579.0,0.063742
segdup,2,8,44,5,563,67,228,110.876368
insider,2,8,44,5,563.0,67.0,228.0,0.211781
insider_relax,2,8,44,5,563.0,67.0,228.0,0.249257
fastmultrec_greedy,2,8,44,5,563.0,67.0,228.0,0.377993
lcamap,2,8,44,5,563.0,67.0,228.0,0.069878
segdup,2,8,44,10,898,67,228,107.395634
insider,2,8,44,10,886.0,61.0,276.0,0.367440
insider_relax,2,8,44,10,886.0,61.0,276.0,0.556275
fastmultrec_greedy,2,8,44,10,898.0,67.0,228.0,0.375332
lcamap,2,8,44,10,898.0,67.0,228.0,0.068971
segdup,2,8,44,15,1233,67,228,106.958424
insider,2,8,44,15,1191.0,61.0,276.0,0.887985
insider_relax,2,8,44,15,1191.0,61.0,276.0,1.101937
fastmultrec_greedy,2,8,44,15,1233.0,67.0,228.0,0.376652
lcamap,2,8,44,15,1233.0,67.0,228.0,0.068197
segdup,2,8,44,20,1568,67,228,104.038109
insider,2,8,44,20,1487.0,58.0,327.0,3.465315
insider_relax,2,8,44,20,1487.0,58.0,327.0,5.462693
fastmultrec_greedy,2,8,44,20,1568.0,67.0,228.0,0.376590
lcamap,2,8,44,20,1568.0,67.0,228.0,0.068473
segdup,2,10,44,5,15,3,0,151.429699
insider,2,10,44,5,15.0,3.0,0.0,0.093211
insider_relax,2,10,44,5,15.0,3.0,0.0,0.095647
fastmultrec_greedy,2,10,44,5,15.0,3.0,0.0,0.293906
lcamap,2,10,44,5,15.0,3.0,0.0,0.051445
segdup,2,10,44,10,30,3,0,145.582110
insider,2,10,44,10,30.0,3.0,0.0,0.092025
insider_relax,2,10,44,10,30.0,3.0,0.0,0.095213
fastmultrec_greedy,2,10,44,10,30.0,3.0,0.0,0.291870
lcamap,2,10,44,10,30.0,3.0,0.0,0.052424
segdup,2,10,44,15,45,3,0,129.180828
insider,2,10,44,15,45.0,3.0,0.0,0.092750
insider_relax,2,10,44,15,45.0,3.0,0.0,0.096629
fastmultrec_greedy,2,10,44,15,45.0,3.0,0.0,0.289863
lcamap,2,10,44,15,45.0,3.0,0.0,0.052156
segdup,2,10,44,20,60,3,0,117.737090
insider,2,10,44,20,60.0,3.0,0.0,0.092730
insider_relax,2,10,44,20,60.0,3.0,0.0,0.094410
fastmultrec_greedy,2,10,44,20,60.0,3.0,0.0,0.292392
lcamap,2,10,44,20,60.0,3.0,0.0,0.052096
segdup,2,11,44,5,11,2,1,121.874568
insider,2,11,44,5,11.0,2.0,1.0,0.083804
insider_relax,2,11,44,5,11.0,2.0,1.0,0.087490
fastmultrec_greedy,2,11,44,5,11.0,2.0,1.0,0.242895
lcamap,2,11,44,5,11.0,2.0,1.0,0.044496
segdup,2,11,44,10,21,2,1,109.951448
insider,2,11,44,10,21.0,2.0,1.0,0.080718
insider_relax,2,11,44,10,21.0,2.0,1.0,0.084360
fastmultrec_greedy,2,11,44,10,21.0,2.0,1.0,0.243731
lcamap,2,11,44,10,21.0,2.0,1.0,0.041721
segdup,2,11,44,15,31,2,1,56.774112
insider,2,11,44,15,31.0,2.0,1.0,0.082646
insider_relax,2,11,44,15,31.0,2.0,1.0,0.082039
fastmultrec_greedy,2,11,44,15,31.0,2.0,1.0,0.243366
lcamap,2,11,44,15,31.0,2.0,1.0,0.040454
segdup,2,11,44,20,41,2,1,53.479428
insider,2,11,44,20,41.0,2.0,1.0,0.084042
insider_relax,2,11,44,20,41.0,2.0,1.0,0.086600
fastmultrec_greedy,2,11,44,20,41.0,2.0,1.0,0.238730
lcamap,2,11,44,20,41.0,2.0,1.0,0.045931
segdup,1,7,45,5,1179,136,499,157.110847
insider,1,7,45,5,1177.0,135.0,502.0,0.253118
insider_relax,1,7,45,5,1177.0,135.0,502.0,0.307775
fastmultrec_greedy,1,7,45,5,1177.0,135.0,502.0,0.931407
lcamap,1,7,45,5,1179.0,136.0,499.0,0.085922
segdup,1,7,45,10,1859,136,499,151.786957
insider,1,7,45,10,1835.0,126.0,575.0,0.544215
insider_relax,1,7,45,10,1835.0,126.0,575.0,0.718989
fastmultrec_greedy,1,7,45,10,1850.0,133.0,520.0,1.835300
lcamap,1,7,45,10,1859.0,136.0,499.0,0.088778
segdup,1,7,45,15,2539,136,499,145.538998
insider,1,7,45,15,2453.0,121.0,638.0,2.655006
insider_relax,1,7,45,15,2453.0,121.0,638.0,3.548854
fastmultrec_greedy,1,7,45,15,2515.0,133.0,520.0,1.842433
lcamap,1,7,45,15,2539.0,136.0,499.0,0.087613
segdup,1,7,45,20,3219,136,499,146.946819
insider,1,7,45,20,3037.0,113.0,777.0,12.346892
insider_relax,1,7,45,20,3037.0,113.0,777.0,21.345153
fastmultrec_greedy,1,7,45,20,3178.0,132.0,538.0,2.305339
lcamap,1,7,45,20,3219.0,136.0,499.0,0.086754
segdup,1,8,45,5,441,64,121,112.882602
insider,1,8,45,5,441.0,64.0,121.0,0.173568
insider_relax,1,8,45,5,441.0,64.0,121.0,0.213500
fastmultrec_greedy,1,8,45,5,441.0,64.0,121.0,0.333992
lcamap,1,8,45,5,441.0,64.0,121.0,0.059197
segdup,1,8,45,10,761,64,121,112.857875
insider,1,8,45,10,746.0,58.0,166.0,0.347486
insider_relax,1,8,45,10,746.0,58.0,166.0,0.492751
fastmultrec_greedy,1,8,45,10,761.0,64.0,121.0,0.334056
lcamap,1,8,45,10,761.0,64.0,121.0,0.057008
segdup,1,8,45,15,1081,64,121,113.492457
insider,1,8,45,15,1033.0,55.0,208.0,0.845945
insider_relax,1,8,45,15,1033.0,55.0,208.0,1.048968
fastmultrec_greedy,1,8,45,15,1081.0,64.0,121.0,0.345667
lcamap,1,8,45,15,1081.0,64.0,121.0,0.060290
segdup,1,8,45,20,1389,63,129,107.467036
insider,1,8,45,20,1308.0,55.0,208.0,3.728237
insider_relax,1,8,45,20,1308.0,55.0,208.0,6.410278
fastmultrec_greedy,1,8,45,20,1401.0,64.0,121.0,0.330010
lcamap,1,8,45,20,1401.0,64.0,121.0,0.059501
segdup,1,9,45,5,54,10,4,115.370697
insider,1,9,45,5,54.0,10.0,4.0,0.081933
insider_relax,1,9,45,5,54.0,10.0,4.0,0.090932
fastmultrec_greedy,1,9,45,5,54.0,10.0,4.0,0.230558
lcamap,1,9,45,5,54.0,10.0,4.0,0.046647
segdup,1,9,45,10,104,10,4,105.532111
insider,1,9,45,10,104.0,10.0,4.0,0.092514
insider_relax,1,9,45,10,104.0,10.0,4.0,0.099093
fastmultrec_greedy,1,9,45,10,104.0,10.0,4.0,0.228049
lcamap,1,9,45,10,104.0,10.0,4.0,0.043661
segdup,1,9,45,15,154,10,4,109.272651
insider,1,9,45,15,154.0,10.0,4.0,0.100507
insider_relax,1,9,45,15,154.0,10.0,4.0,0.105956
fastmultrec_greedy,1,9,45,15,154.0,10.0,4.0,0.232852
lcamap,1,9,45,15,154.0,10.0,4.0,0.043515
segdup,1,9,45,20,204,10,4,91.318250
insider,1,9,45,20,204.0,10.0,4.0,0.113394
insider_relax,1,9,45,20,204.0,10.0,4.0,0.124936
fastmultrec_greedy,1,9,45,20,204.0,10.0,4.0,0.228204
lcamap,1,9,45,20,204.0,10.0,4.0,0.047275
segdup,1,10,45,5,17,3,2,128.190364
insider,1,10,45,5,17.0,3.0,2.0,0.084685
insider_relax,1,10,45,5,17.0,3.0,2.0,0.089832
fastmultrec_greedy,1,10,45,5,17.0,3.0,2.0,0.263342
lcamap,1,10,45,5,17.0,3.0,2.0,0.048051
segdup,1,10,45,10,32,3,2,117.800474
insider,1,10,45,10,32.0,3.0,2.0,0.088176
insider_relax,1,10,45,10,32.0,3.0,2.0,0.100455
fastmultrec_greedy,1,10,45,10,32.0,3.0,2.0,0.264761
lcamap,1,10,45,10,32.0,3.0,2.0,0.048159
segdup,1,10,45,15,47,3,2,103.980700
insider,1,10,45,15,47.0,3.0,2.0,0.088001
insider_relax,1,10,45,15,47.0,3.0,2.0,0.088828
fastmultrec_greedy,1,10,45,15,47.0,3.0,2.0,0.268549
lcamap,1,10,45,15,47.0,3.0,2.0,0.050259
segdup,1,10,45,20,62,3,2,71.888047
insider,1,10,45,20,62.0,3.0,2.0,0.092142
insider_relax,1,10,45,20,62.0,3.0,2.0,0.092726
fastmultrec_greedy,1,10,45,20,62.0,3.0,2.0,0.264859
lcamap,1,10,45,20,62.0,3.0,2.0,0.047937
segdup,1,11,45,5,5,1,0,60.031087
insider,1,11,45,5,5.0,1.0,0.0,0.038776
insider_relax,1,11,45,5,5.0,1.0,0.0,0.042924
fastmultrec_greedy,1,11,45,5,5.0,1.0,0.0,0.116679
lcamap,1,11,45,5,5.0,1.0,0.0,0.020722
segdup,1,11,45,10,10,1,0,57.364000
insider,1,11,45,10,10.0,1.0,0.0,0.042869
insider_relax,1,11,45,10,10.0,1.0,0.0,0.043727
fastmultrec_greedy,1,11,45,10,10.0,1.0,0.0,0.117817
lcamap,1,11,45,10,10.0,1.0,0.0,0.021347
segdup,1,11,45,15,15,1,0,47.310492
insider,1,11,45,15,15.0,1.0,0.0,0.037935
insider_relax,1,11,45,15,15.0,1.0,0.0,0.039618
fastmultrec_greedy,1,11,45,15,15.0,1.0,0.0,0.122546
lcamap,1,11,45,15,15.0,1.0,0.0,0.020748
segdup,1,11,45,20,20,1,0,34.796764
insider,1,11,45,20,20.0,1.0,0.0,0.040669
insider_relax,1,11,45,20,20.0,1.0,0.0,0.039870
fastmultrec_greedy,1,11,45,20,20.0,1.0,0.0,0.116555
lcamap,1,11,45,20,20.0,1.0,0.0,0.021532
segdup,2,7,45,5,1521,117,936,208.252187
insider,2,7,45,5,1505.0,110.0,955.0,0.261807
insider_relax,2,7,45,5,1505.0,110.0,955.0,0.290596
fastmultrec_greedy,2,7,45,5,1506.0,111.0,951.0,2.948898
lcamap,2,7,45,5,1521.0,117.0,936.0,0.077613
segdup,2,7,45,10,2106,117,936,211.968330
insider,2,7,45,10,2020.0,99.0,1030.0,0.422657
insider_relax,2,7,45,10,2020.0,99.0,1030.0,0.504500
fastmultrec_greedy,2,7,45,10,2042.0,106.0,982.0,5.587192
lcamap,2,7,45,10,2106.0,117.0,936.0,0.078838
segdup,2,7,45,15,2691,117,936,214.602855
insider,2,7,45,15,2512.0,96.0,1072.0,0.732562
insider_relax,2,7,45,15,2512.0,96.0,1072.0,0.826143
fastmultrec_greedy,2,7,45,15,2569.0,105.0,994.0,5.977571
lcamap,2,7,45,15,2691.0,117.0,936.0,0.079060
segdup,2,7,45,20,3276,117,936,216.502421
insider,2,7,45,20,2977.0,90.0,1177.0,1.588140
insider_relax,2,7,45,20,2977.0,90.0,1177.0,2.166850
fastmultrec_greedy,2,7,45,20,3087.0,103.0,1027.0,6.832837
lcamap,2,7,45,20,3276.0,117.0,936.0,0.076093
segdup,2,8,45,5,878,102,368,221.100742
insider,2,8,45,5,874.0,101.0,369.0,0.308931
insider_relax,2,8,45,5,874.0,101.0,369.0,0.336765
fastmultrec_greedy,2,8,45,5,874.0,101.0,369.0,0.956784
lcamap,2,8,45,5,878.0,102.0,368.0,0.106809
segdup,2,8,45,10,1388,102,368,221.663912
insider,2,8,45,10,1365.0,95.0,415.0,0.536315
insider_relax,2,8,45,10,1365.0,95.0,415.0,0.651724
fastmultrec_greedy,2,8,45,10,1379.0,101.0,369.0,0.933675
lcamap,2,8,45,10,1388.0,102.0,368.0,0.103446
segdup,2,8,45,15,1898,102,368,222.960440
insider,2,8,45,15,1829.0,89.0,494.0,1.198284
insider_relax,2,8,45,15,1829.0,89.0,494.0,1.358718
fastmultrec_greedy,2,8,45,15,1884.0,101.0,369.0,0.931699
lcamap,2,8,45,15,1898.0,102.0,368.0,0.106949
segdup,2,8,45,20,2399,101,379,222.001773
insider,2,8,45,20,2270.0,85.0,570.0,3.155060
insider_relax,2,8,45,20,2270.0,85.0,570.0,5.101595
fastmultrec_greedy,2,8,45,20,2389.0,101.0,369.0,0.934614
lcamap,2,8,45,20,2408.0,102.0,368.0,0.106559
segdup,2,9,45,5,116,21,11,137.974000
insider,2,9,45,5,116.0,21.0,11.0,0.157302
insider_relax,2,9,45,5,116.0,21.0,11.0,0.188969
fastmultrec_greedy,2,9,45,5,116.0,21.0,11.0,0.417962
lcamap,2,9,45,5,116.0,21.0,11.0,0.069080
segdup,2,9,45,10,221,21,11,121.288916
insider,2,9,45,10,213.0,19.0,23.0,0.225616
insider_relax,2,9,45,10,213.0,19.0,23.0,0.279474
fastmultrec_greedy,2,9,45,10,221.0,21.0,11.0,0.412444
lcamap,2,9,45,10,221.0,21.0,11.0,0.069043
segdup,2,9,45,15,326,21,11,106.304231
insider,2,9,45,15,308.0,19.0,23.0,0.346382
insider_relax,2,9,45,15,308.0,19.0,23.0,0.379177
fastmultrec_greedy,2,9,45,15,326.0,21.0,11.0,0.417866
lcamap,2,9,45,15,326.0,21.0,11.0,0.064628
segdup,2,9,45,20,417,20,17,89.124191
insider,2,9,45,20,403.0,19.0,23.0,0.705024
insider_relax,2,9,45,20,403.0,19.0,23.0,1.128788
fastmultrec_greedy,2,9,45,20,431.0,21.0,11.0,0.417224
lcamap,2,9,45,20,431.0,21.0,11.0,0.069303
segdup,2,10,45,5,21,4,1,226.587865
insider,2,10,45,5,21.0,4.0,1.0,0.179109
insider_relax,2,10,45,5,21.0,4.0,1.0,0.182421
fastmultrec_greedy,2,10,45,5,21.0,4.0,1.0,0.714155
lcamap,2,10,45,5,21.0,4.0,1.0,0.101404
segdup,2,10,45,10,41,4,1,184.791107
insider,2,10,45,10,41.0,4.0,1.0,0.186724
insider_relax,2,10,45,10,41.0,4.0,1.0,0.182755
fastmultrec_greedy,2,10,45,10,41.0,4.0,1.0,0.708498
lcamap,2,10,45,10,41.0,4.0,1.0,0.102005
segdup,2,10,45,15,61,4,1,214.906625
insider,2,10,45,15,61.0,4.0,1.0,0.187738
insider_relax,2,10,45,15,61.0,4.0,1.0,0.183398
fastmultrec_greedy,2,10,45,15,61.0,4.0,1.0,0.712523
lcamap,2,10,45,15,61.0,4.0,1.0,0.104983
segdup,2,10,45,20,81,4,1,124.777148
insider,2,10,45,20,81.0,4.0,1.0,0.194834
insider_relax,2,10,45,20,81.0,4.0,1.0,0.189967
fastmultrec_greedy,2,10,45,20,81.0,4.0,1.0,0.704004
lcamap,2,10,45,20,81.0,4.0,1.0,0.103398
segdup,2,11,45,5,15,3,0,224.315727
insider,2,11,45,5,15.0,3.0,0.0,0.166110
insider_relax,2,11,45,5,15.0,3.0,0.0,0.161184
fastmultrec_greedy,2,11,45,5,15.0,3.0,0.0,0.480741
lcamap,2,11,45,5,15.0,3.0,0.0,0.102948
segdup,2,11,45,10,30,3,0,211.810766
insider,2,11,45,10,30.0,3.0,0.0,0.159470
insider_relax,2,11,45,10,30.0,3.0,0.0,0.166382
fastmultrec_greedy,2,11,45,10,30.0,3.0,0.0,0.485165
lcamap,2,11,45,10,30.0,3.0,0.0,0.101108
segdup,2,11,45,15,45,3,0,204.128574
insider,2,11,45,15,45.0,3.0,0.0,0.164793
insider_relax,2,11,45,15,45.0,3.0,0.0,0.164075
fastmultrec_greedy,2,11,45,15,45.0,3.0,0.0,0.486047
lcamap,2,11,45,15,45.0,3.0,0.0,0.100961
segdup,2,11,45,20,60,3,0,99.869038
insider,2,11,45,20,60.0,3.0,0.0,0.164395
insider_relax,2,11,45,20,60.0,3.0,0.0,0.163456
fastmultrec_greedy,2,11,45,20,60.0,3.0,0.0,0.481525
lcamap,2,11,45,20,60.0,3.0,0.0,0.100560
segdup,1,7,46,5,3533,216,2453,238.220454
insider,1,7,46,5,3478.0,193.0,2513.0,0.272116
insider_relax,1,7,46,5,3478.0,192.0,2518.0,0.287176
fastmultrec_greedy,1,7,46,5,3479.0,194.0,2509.0,7.617796
lcamap,1,7,46,5,3533.0,216.0,2453.0,0.077874
segdup,1,7,46,10,4613,216,2453,238.188948
insider,1,7,46,10,4386.0,173.0,2656.0,0.436520
insider_relax,1,7,46,10,4386.0,173.0,2656.0,0.494836
fastmultrec_greedy,1,7,46,10,4431.0,189.0,2541.0,9.314560
lcamap,1,7,46,10,4613.0,216.0,2453.0,0.080775
segdup,1,7,46,15,5693,216,2453,235.004551
insider,1,7,46,15,5235.0,166.0,2745.0,0.780100
insider_relax,1,7,46,15,5235.0,166.0,2745.0,0.960522
fastmultrec_greedy,1,7,46,15,5360.0,184.0,2600.0,10.993577
lcamap,1,7,46,15,5693.0,216.0,2453.0,0.080392
segdup,1,7,46,20,6753,214,2473,236.493891
insider,1,7,46,20,6038.0,154.0,2958.0,1.963297
insider_relax,1,7,46,20,6038.0,154.0,2958.0,2.611954
fastmultrec_greedy,1,7,46,20,6276.0,183.0,2616.0,11.350685
lcamap,1,7,46,20,6773.0,216.0,2453.0,0.078484
segdup,1,8,46,5,754,96,274,115.699896
insider,1,8,46,5,750.0,94.0,280.0,0.180453
insider_relax,1,8,46,5,750.0,94.0,280.0,0.205800
fastmultrec_greedy,1,8,46,5,750.0,94.0,280.0,0.920829
lcamap,1,8,46,5,754.0,96.0,274.0,0.063828
segdup,1,8,46,10,1229,95,279,117.026758
insider,1,8,46,10,1209.0,89.0,319.0,0.318365
insider_relax,1,8,46,10,1209.0,89.0,319.0,0.452637
fastmultrec_greedy,1,8,46,10,1216.0,93.0,286.0,1.221879
lcamap,1,8,46,10,1234.0,96.0,274.0,0.065103
segdup,1,8,46,15,1713,95,288,109.183885
insider,1,8,46,15,1644.0,83.0,399.0,0.732848
insider_relax,1,8,46,15,1644.0,83.0,399.0,0.985991
fastmultrec_greedy,1,8,46,15,1681.0,93.0,286.0,1.217015
lcamap,1,8,46,15,1714.0,96.0,274.0,0.061568
segdup,1,8,46,20,2160,94,280,106.458834
insider,1,8,46,20,2056.0,81.0,436.0,1.953222
insider_relax,1,8,46,20,2056.0,81.0,436.0,2.813989
fastmultrec_greedy,1,8,46,20,2141.0,92.0,301.0,1.527817
lcamap,1,8,46,20,2194.0,96.0,274.0,0.063756
segdup,1,9,46,5,79,14,9,75.161232
insider,1,9,46,5,79.0,14.0,9.0,0.065963
insider_relax,1,9,46,5,79.0,14.0,9.0,0.083735
fastmultrec_greedy,1,9,46,5,79.0,14.0,9.0,0.184988
lcamap,1,9,46,5,79.0,14.0,9.0,0.033240
segdup,1,9,46,10,149,14,9,72.267200
insider,1,9,46,10,149.0,14.0,9.0,0.085679
insider_relax,1,9,46,10,149.0,14.0,9.0,0.111722
fastmultrec_greedy,1,9,46,10,149.0,14.0,9.0,0.184296
lcamap,1,9,46,10,149.0,14.0,9.0,0.033389
segdup,1,9,46,15,219,14,9,64.571715
insider,1,9,46,15,219.0,14.0,9.0,0.138713
insider_relax,1,9,46,15,219.0,14.0,9.0,0.161721
fastmultrec_greedy,1,9,46,15,219.0,14.0,9.0,0.180742
lcamap,1,9,46,15,219.0,14.0,9.0,0.033920
segdup,1,9,46,20,289,14,9,49.037184
insider,1,9,46,20,289.0,14.0,9.0,0.257727
insider_relax,1,9,46,20,289.0,14.0,9.0,0.312783
fastmultrec_greedy,1,9,46,20,289.0,14.0,9.0,0.180293
lcamap,1,9,46,20,289.0,14.0,9.0,0.031367
segdup,1,10,46,5,7,1,2,75.380874
insider,1,10,46,5,7.0,1.0,2.0,0.059839
insider_relax,1,10,46,5,7.0,1.0,2.0,0.063864
fastmultrec_greedy,1,10,46,5,7.0,1.0,2.0,0.219654
lcamap,1,10,46,5,7.0,1.0,2.0,0.035082
segdup,1,10,46,10,12,1,2,47.696731
insider,1,10,46,10,12.0,1.0,2.0,0.058645
insider_relax,1,10,46,10,12.0,1.0,2.0,0.064367
fastmultrec_greedy,1,10,46,10,12.0,1.0,2.0,0.220506
lcamap,1,10,46,10,12.0,1.0,2.0,0.035731
segdup,1,10,46,15,17,1,2,68.287168
insider,1,10,46,15,17.0,1.0,2.0,0.058882
insider_relax,1,10,46,15,17.0,1.0,2.0,0.062340
fastmultrec_greedy,1,10,46,15,17.0,1.0,2.0,0.223318
lcamap,1,10,46,15,17.0,1.0,2.0,0.034606
segdup,1,10,46,20,22,1,2,49.682176
insider,1,10,46,20,22.0,1.0,2.0,0.059611
insider_relax,1,10,46,20,22.0,1.0,2.0,0.062317
fastmultrec_greedy,1,10,46,20,22.0,1.0,2.0,0.215815
lcamap,1,10,46,20,22.0,1.0,2.0,0.037533
segdup,1,11,46,5,5,1,0,94.232434
insider,1,11,46,5,5.0,1.0,0.0,0.061563
insider_relax,1,11,46,5,5.0,1.0,0.0,0.060965
fastmultrec_greedy,1,11,46,5,5.0,1.0,0.0,0.179661
lcamap,1,11,46,5,5.0,1.0,0.0,0.032728
segdup,1,11,46,10,10,1,0,86.998290
insider,1,11,46,10,10.0,1.0,0.0,0.057108
insider_relax,1,11,46,10,10.0,1.0,0.0,0.060684
fastmultrec_greedy,1,11,46,10,10.0,1.0,0.0,0.176667
lcamap,1,11,46,10,10.0,1.0,0.0,0.034982
segdup,1,11,46,15,15,1,0,73.621199
insider,1,11,46,15,15.0,1.0,0.0,0.057962
insider_relax,1,11,46,15,15.0,1.0,0.0,0.063504
fastmultrec_greedy,1,11,46,15,15.0,1.0,0.0,0.179208
lcamap,1,11,46,15,15.0,1.0,0.0,0.034183
segdup,1,11,46,20,20,1,0,53.873434
insider,1,11,46,20,20.0,1.0,0.0,0.057052
insider_relax,1,11,46,20,20.0,1.0,0.0,0.060987
fastmultrec_greedy,1,11,46,20,20.0,1.0,0.0,0.173043
lcamap,1,11,46,20,20.0,1.0,0.0,0.033125
segdup,2,7,46,5,1569,102,1059,170.385671
insider,2,7,46,5,1555.0,96.0,1075.0,0.213011
insider_relax,2,7,46,5,1555.0,96.0,1075.0,0.232470
fastmultrec_greedy,2,7,46,5,1555.0,96.0,1075.0,1.862956
lcamap,2,7,46,5,1569.0,102.0,1059.0,0.055780
segdup,2,7,46,10,2079,102,1059,161.855845
insider,2,7,46,10,1998.0,85.0,1148.0,0.337975
insider_relax,2,7,46,10,1998.0,85.0,1148.0,0.390523
fastmultrec_greedy,2,7,46,10,2022.0,92.0,1102.0,3.235099
lcamap,2,7,46,10,2079.0,102.0,1059.0,0.056378
segdup,2,7,46,15,2589,102,1059,164.009386
insider,2,7,46,15,2420.0,83.0,1175.0,0.492493
insider_relax,2,7,46,15,2420.0,83.0,1175.0,0.604442
fastmultrec_greedy,2,7,46,15,2476.0,90.0,1126.0,3.744487
lcamap,2,7,46,15,2589.0,102.0,1059.0,0.054254
segdup,2,7,46,20,3099,102,1059,164.403358
insider,2,7,46,20,2829.0,81.0,1209.0,0.931337
insider_relax,2,7,46,20,2829.0,81.0,1209.0,1.205241
fastmultrec_greedy,2,7,46,20,2917.0,86.0,1197.0,4.830966
lcamap,2,7,46,20,3099.0,102.0,1059.0,0.055321
segdup,2,8,46,5,163,27,28,94.446659
insider,2,8,46,5,163.0,27.0,28.0,0.127719
insider_relax,2,8,46,5,163.0,27.0,28.0,0.153025
fastmultrec_greedy,2,8,46,5,163.0,27.0,28.0,0.266938
lcamap,2,8,46,5,163.0,27.0,28.0,0.049295
segdup,2,8,46,10,298,27,28,86.510295
insider,2,8,46,10,298.0,27.0,28.0,0.175434
insider_relax,2,8,46,10,298.0,27.0,28.0,0.225719
fastmultrec_greedy,2,8,46,10,298.0,27.0,28.0,0.262069
lcamap,2,8,46,10,298.0,27.0,28.0,0.052163
segdup,2,8,46,15,433,27,28,64.319572
insider,2,8,46,15,433.0,27.0,28.0,0.313434
insider_relax,2,8,46,15,433.0,27.0,28.0,0.405380
fastmultrec_greedy,2,8,46,15,433.0,27.0,28.0,0.264385
lcamap,2,8,46,15,433.0,27.0,28.0,0.054074
segdup,2,8,46,20,568,27,28,64.032647
insider,2,8,46,20,565.0,26.0,45.0,1.601653
insider_relax,2,8,46,20,565.0,26.0,45.0,2.243145
fastmultrec_greedy,2,8,46,20,568.0,27.0,28.0,0.260544
lcamap,2,8,46,20,568.0,27.0,28.0,0.052476
segdup,2,10,46,5,16,3,1,244.602210
insider,2,10,46,5,16.0,3.0,1.0,0.152474
insider_relax,2,10,46,5,16.0,3.0,1.0,0.166302
fastmultrec_greedy,2,10,46,5,16.0,3.0,1.0,0.484379
lcamap,2,10,46,5,16.0,3.0,1.0,0.086995
segdup,2,10,46,10,31,3,1,218.855139
insider,2,10,46,10,31.0,3.0,1.0,0.159713
insider_relax,2,10,46,10,31.0,3.0,1.0,0.158889
fastmultrec_greedy,2,10,46,10,31.0,3.0,1.0,0.482104
lcamap,2,10,46,10,31.0,3.0,1.0,0.084867
segdup,2,10,46,15,46,3,1,199.128158
insider,2,10,46,15,46.0,3.0,1.0,0.163421
insider_relax,2,10,46,15,46.0,3.0,1.0,0.164447
fastmultrec_greedy,2,10,46,15,46.0,3.0,1.0,0.484349
lcamap,2,10,46,15,46.0,3.0,1.0,0.088026
segdup,2,10,46,20,61,3,1,165.929107
insider,2,10,46,20,61.0,3.0,1.0,0.161537
insider_relax,2,10,46,20,61.0,3.0,1.0,0.162758
fastmultrec_greedy,2,10,46,20,61.0,3.0,1.0,0.484494
lcamap,2,10,46,20,61.0,3.0,1.0,0.086584
segdup,2,11,46,5,12,2,2,126.712467
insider,2,11,46,5,12.0,2.0,2.0,0.092047
insider_relax,2,11,46,5,12.0,2.0,2.0,0.098309
fastmultrec_greedy,2,11,46,5,12.0,2.0,2.0,0.277473
lcamap,2,11,46,5,12.0,2.0,2.0,0.049824
segdup,2,11,46,10,22,2,2,115.314665
insider,2,11,46,10,22.0,2.0,2.0,0.092434
insider_relax,2,11,46,10,22.0,2.0,2.0,0.095093
fastmultrec_greedy,2,11,46,10,22.0,2.0,2.0,0.278960
lcamap,2,11,46,10,22.0,2.0,2.0,0.050000
segdup,2,11,46,15,32,2,2,60.308854
insider,2,11,46,15,32.0,2.0,2.0,0.094285
insider_relax,2,11,46,15,32.0,2.0,2.0,0.092041
fastmultrec_greedy,2,11,46,15,32.0,2.0,2.0,0.278246
lcamap,2,11,46,15,32.0,2.0,2.0,0.052409
segdup,2,11,46,20,42,2,2,58.075551
insider,2,11,46,20,42.0,2.0,2.0,0.093685
insider_relax,2,11,46,20,42.0,2.0,2.0,0.093460
fastmultrec_greedy,2,11,46,20,42.0,2.0,2.0,0.274486
lcamap,2,11,46,20,42.0,2.0,2.0,0.051535
segdup,1,7,47,5,1108,119,513,99.676282
insider,1,7,47,5,1100.0,115.0,525.0,0.159561
insider_relax,1,7,47,5,1100.0,115.0,525.0,0.191763
fastmultrec_greedy,1,7,47,5,1101.0,116.0,521.0,0.859028
lcamap,1,7,47,5,1108.0,119.0,513.0,0.048673
segdup,1,7,47,10,1703,119,513,97.152838
insider,1,7,47,10,1656.0,107.0,586.0,0.324138
insider_relax,1,7,47,10,1656.0,107.0,586.0,0.433384
fastmultrec_greedy,1,7,47,10,1678.0,115.0,528.0,1.069678
lcamap,1,7,47,10,1703.0,119.0,513.0,0.047571
segdup,1,7,47,15,2298,119,513,95.028165
insider,1,7,47,15,2175.0,100.0,675.0,0.721650
insider_relax,1,7,47,15,2175.0,100.0,675.0,0.853162
fastmultrec_greedy,1,7,47,15,2251.0,114.0,541.0,1.309752
lcamap,1,7,47,15,2298.0,119.0,513.0,0.049279
segdup,1,7,47,20,2887,117,547,95.211293
insider,1,7,47,20,2652.0,92.0,812.0,1.330652
insider_relax,1,7,47,20,2652.0,92.0,812.0,1.939191
fastmultrec_greedy,1,7,47,20,2819.0,113.0,559.0,1.497604
lcamap,1,7,47,20,2893.0,119.0,513.0,0.047821
segdup,1,8,47,5,218,34,48,56.364524
insider,1,8,47,5,218.0,34.0,48.0,0.071926
insider_relax,1,8,47,5,218.0,34.0,48.0,0.099881
fastmultrec_greedy,1,8,47,5,218.0,34.0,48.0,0.140704
lcamap,1,8,47,5,218.0,34.0,48.0,0.024764
segdup,1,8,47,10,388,34,48,54.905693
insider,1,8,47,10,383.0,32.0,63.0,0.155754
insider_relax,1,8,47,10,383.0,32.0,63.0,0.245511
fastmultrec_greedy,1,8,47,10,384.0,33.0,54.0,0.237566
lcamap,1,8,47,10,388.0,34.0,48.0,0.025225
segdup,1,8,47,15,558,34,48,53.781247
insider,1,8,47,15,543.0,32.0,63.0,0.338264
insider_relax,1,8,47,15,543.0,32.0,63.0,0.501710
fastmultrec_greedy,1,8,47,15,549.0,33.0,54.0,0.230237
lcamap,1,8,47,15,558.0,34.0,48.0,0.023870
segdup,1,8,47,20,717,33,57,49.640479
insider,1,8,47,20,699.0,30.0,99.0,1.937434
insider_relax,1,8,47,20,699.0,30.0,99.0,4.595002
fastmultrec_greedy,1,8,47,20,714.0,33.0,54.0,0.230163
lcamap,1,8,47,20,728.0,34.0,48.0,0.023373
segdup,1,9,47,5,38,7,3,131.811947
insider,1,9,47,5,38.0,7.0,3.0,0.102766
insider_relax,1,9,47,5,38.0,7.0,3.0,0.109866
fastmultrec_greedy,1,9,47,5,38.0,7.0,3.0,0.347069
lcamap,1,9,47,5,38.0,7.0,3.0,0.062787
segdup,1,9,47,10,73,7,3,131.481177
insider,1,9,47,10,73.0,7.0,3.0,0.103533
insider_relax,1,9,47,10,73.0,7.0,3.0,0.118948
fastmultrec_greedy,1,9,47,10,73.0,7.0,3.0,0.345561
lcamap,1,9,47,10,73.0,7.0,3.0,0.062344
segdup,1,9,47,15,108,7,3,116.713347
insider,1,9,47,15,108.0,7.0,3.0,0.114338
insider_relax,1,9,47,15,108.0,7.0,3.0,0.107488
fastmultrec_greedy,1,9,47,15,108.0,7.0,3.0,0.349136
lcamap,1,9,47,15,108.0,7.0,3.0,0.064417
segdup,1,9,47,20,143,7,3,127.623050
insider,1,9,47,20,141.0,6.0,21.0,0.117097
insider_relax,1,9,47,20,141.0,6.0,21.0,0.118249
fastmultrec_greedy,1,9,47,20,143.0,7.0,3.0,0.348563
lcamap,1,9,47,20,143.0,7.0,3.0,0.060235
segdup,1,10,47,5,15,3,0,101.653206
insider,1,10,47,5,15.0,3.0,0.0,0.066499
insider_relax,1,10,47,5,15.0,3.0,0.0,0.069186
fastmultrec_greedy,1,10,47,5,15.0,3.0,0.0,0.216377
lcamap,1,10,47,5,15.0,3.0,0.0,0.038146
segdup,1,10,47,10,30,3,0,98.664985
insider,1,10,47,10,30.0,3.0,0.0,0.067862
insider_relax,1,10,47,10,30.0,3.0,0.0,0.072802
fastmultrec_greedy,1,10,47,10,30.0,3.0,0.0,0.211304
lcamap,1,10,47,10,30.0,3.0,0.0,0.037924
segdup,1,10,47,15,45,3,0,55.437299
insider,1,10,47,15,45.0,3.0,0.0,0.066987
insider_relax,1,10,47,15,45.0,3.0,0.0,0.076330
fastmultrec_greedy,1,10,47,15,45.0,3.0,0.0,0.213609
lcamap,1,10,47,15,45.0,3.0,0.0,0.036784
segdup,1,10,47,20,60,3,0,55.303837
insider,1,10,47,20,60.0,3.0,0.0,0.072453
insider_relax,1,10,47,20,60.0,3.0,0.0,0.074354
fastmultrec_greedy,1,10,47,20,60.0,3.0,0.0,0.213214
lcamap,1,10,47,20,60.0,3.0,0.0,0.037931
segdup,1,11,47,5,5,1,0,102.442496
insider,1,11,47,5,5.0,1.0,0.0,0.060980
insider_relax,1,11,47,5,5.0,1.0,0.0,0.065567
fastmultrec_greedy,1,11,47,5,5.0,1.0,0.0,0.195391
lcamap,1,11,47,5,5.0,1.0,0.0,0.038959
segdup,1,11,47,10,10,1,0,95.536956
insider,1,11,47,10,10.0,1.0,0.0,0.065014
insider_relax,1,11,47,10,10.0,1.0,0.0,0.068635
fastmultrec_greedy,1,11,47,10,10.0,1.0,0.0,0.194742
lcamap,1,11,47,10,10.0,1.0,0.0,0.039833
segdup,1,11,47,15,15,1,0,83.486169
insider,1,11,47,15,15.0,1.0,0.0,0.062989
insider_relax,1,11,47,15,15.0,1.0,0.0,0.065541
fastmultrec_greedy,1,11,47,15,15.0,1.0,0.0,0.193206
lcamap,1,11,47,15,15.0,1.0,0.0,0.038626
segdup,1,11,47,20,20,1,0,54.424143
insider,1,11,47,20,20.0,1.0,0.0,0.062431
insider_relax,1,11,47,20,20.0,1.0,0.0,0.064454
fastmultrec_greedy,1,11,47,20,20.0,1.0,0.0,0.191261
lcamap,1,11,47,20,20.0,1.0,0.0,0.037309
segdup,2,8,47,5,466,66,136,231.358282
insider,2,8,47,5,465.0,65.0,140.0,0.330370
insider_relax,2,8,47,5,465.0,65.0,140.0,0.393296
fastmultrec_greedy,2,8,47,5,466.0,66.0,136.0,0.686351
lcamap,2,8,47,5,466.0,66.0,136.0,0.121697
segdup,2,8,47,10,796,66,136,228.562642
insider,2,8,47,10,777.0,60.0,177.0,0.689867
insider_relax,2,8,47,10,777.0,60.0,177.0,1.046159
fastmultrec_greedy,2,8,47,10,796.0,66.0,136.0,0.673521
lcamap,2,8,47,10,796.0,66.0,136.0,0.119102
segdup,2,8,47,15,1122,65,147,216.254149
insider,2,8,47,15,1077.0,59.0,192.0,2.284272
insider_relax,2,8,47,15,1077.0,59.0,192.0,3.451677
fastmultrec_greedy,2,8,47,15,1123.0,65.0,148.0,1.231962
lcamap,2,8,47,15,1126.0,66.0,136.0,0.121213
segdup,2,8,47,20,1456,66,136,209.201862
insider,2,8,47,20,1355.0,53.0,295.0,13.434943
insider_relax,2,8,47,20,1355.0,53.0,295.0,27.974402
fastmultrec_greedy,2,8,47,20,1448.0,65.0,148.0,1.232720
lcamap,2,8,47,20,1456.0,66.0,136.0,0.118945
segdup,2,9,47,5,61,10,11,177.341443
insider,2,9,47,5,61.0,10.0,11.0,0.121350
insider_relax,2,9,47,5,61.0,10.0,11.0,0.129130
fastmultrec_greedy,2,9,47,5,61.0,10.0,11.0,0.401544
lcamap,2,9,47,5,61.0,10.0,11.0,0.060120
segdup,2,9,47,10,111,10,11,169.785854
insider,2,9,47,10,111.0,10.0,11.0,0.123965
insider_relax,2,9,47,10,111.0,10.0,11.0,0.147449
fastmultrec_greedy,2,9,47,10,111.0,10.0,11.0,0.397403
lcamap,2,9,47,10,111.0,10.0,11.0,0.061621
segdup,2,9,47,15,161,10,11,151.145163
insider,2,9,47,15,161.0,10.0,11.0,0.141744
insider_relax,2,9,47,15,161.0,10.0,11.0,0.154183
fastmultrec_greedy,2,9,47,15,161.0,10.0,11.0,0.397828
lcamap,2,9,47,15,161.0,10.0,11.0,0.061621
segdup,2,9,47,20,211,10,11,138.682272
insider,2,9,47,20,211.0,10.0,11.0,0.166058
insider_relax,2,9,47,20,211.0,10.0,11.0,0.165949
fastmultrec_greedy,2,9,47,20,211.0,10.0,11.0,0.391070
lcamap,2,9,47,20,211.0,10.0,11.0,0.058928
segdup,2,10,47,5,26,4,6,322.031831
insider,2,10,47,5,26.0,4.0,6.0,0.195710
insider_relax,2,10,47,5,26.0,4.0,6.0,0.191621
fastmultrec_greedy,2,10,47,5,26.0,4.0,6.0,0.615042
lcamap,2,10,47,5,26.0,4.0,6.0,0.115237
segdup,2,10,47,10,46,4,6,311.526277
insider,2,10,47,10,46.0,4.0,6.0,0.192708
insider_relax,2,10,47,10,46.0,4.0,6.0,0.193851
fastmultrec_greedy,2,10,47,10,46.0,4.0,6.0,0.613190
lcamap,2,10,47,10,46.0,4.0,6.0,0.112365
segdup,2,10,47,15,66,4,6,257.435829
insider,2,10,47,15,66.0,4.0,6.0,0.200245
insider_relax,2,10,47,15,66.0,4.0,6.0,0.192277
fastmultrec_greedy,2,10,47,15,66.0,4.0,6.0,0.613595
lcamap,2,10,47,15,66.0,4.0,6.0,0.115830
segdup,2,10,47,20,86,4,6,163.548747
insider,2,10,47,20,86.0,4.0,6.0,0.194731
insider_relax,2,10,47,20,86.0,4.0,6.0,0.199639
fastmultrec_greedy,2,10,47,20,86.0,4.0,6.0,0.612117
lcamap,2,10,47,20,86.0,4.0,6.0,0.112522
segdup,1,7,48,5,2718,198,1728,156.542630
insider,1,7,48,5,2682.0,181.0,1777.0,0.215967
insider_relax,1,7,48,5,2682.0,179.0,1787.0,0.235898
fastmultrec_greedy,1,7,48,5,2686.0,183.0,1771.0,3.515182
lcamap,1,7,48,5,2718.0,198.0,1728.0,0.055425
segdup,1,7,48,10,3708,198,1728,151.116687
insider,1,7,48,10,3535.0,163.0,1905.0,0.370177
insider_relax,1,7,48,10,3535.0,163.0,1905.0,0.525057
fastmultrec_greedy,1,7,48,10,3558.0,172.0,1838.0,6.920656
lcamap,1,7,48,10,3708.0,198.0,1728.0,0.056498
segdup,1,7,48,15,4698,198,1728,153.514212
insider,1,7,48,15,4334.0,154.0,2024.0,1.643402
insider_relax,1,7,48,15,4334.0,154.0,2024.0,2.516484
fastmultrec_greedy,1,7,48,15,4400.0,168.0,1880.0,7.801409
lcamap,1,7,48,15,4698.0,198.0,1728.0,0.053559
segdup,1,7,48,20,5672,197,1732,157.969983
insider,1,7,48,20,5078.0,144.0,2198.0,5.729100
insider_relax,1,7,48,20,5078.0,144.0,2198.0,13.333110
fastmultrec_greedy,1,7,48,20,5240.0,168.0,1880.0,7.802084
lcamap,1,7,48,20,5688.0,198.0,1728.0,0.055567
segdup,1,8,48,5,95,16,15,68.654003
insider,1,8,48,5,93.0,15.0,18.0,0.061103
insider_relax,1,8,48,5,93.0,15.0,18.0,0.074182
fastmultrec_greedy,1,8,48,5,93.0,15.0,18.0,0.299619
lcamap,1,8,48,5,95.0,16.0,15.0,0.027194
segdup,1,8,48,10,175,16,15,68.169999
insider,1,8,48,10,168.0,15.0,18.0,0.080164
insider_relax,1,8,48,10,168.0,15.0,18.0,0.104809
fastmultrec_greedy,1,8,48,10,168.0,15.0,18.0,0.293142
lcamap,1,8,48,10,175.0,16.0,15.0,0.026698
segdup,1,8,48,15,255,16,15,63.344418
insider,1,8,48,15,243.0,15.0,18.0,0.119215
insider_relax,1,8,48,15,243.0,15.0,18.0,0.140309
fastmultrec_greedy,1,8,48,15,243.0,15.0,18.0,0.297921
lcamap,1,8,48,15,255.0,16.0,15.0,0.025880
segdup,1,8,48,20,335,16,15,63.202699
insider,1,8,48,20,318.0,15.0,18.0,0.249977
insider_relax,1,8,48,20,318.0,15.0,18.0,0.304013
fastmultrec_greedy,1,8,48,20,318.0,15.0,18.0,0.296847
lcamap,1,8,48,20,335.0,16.0,15.0,0.028711
segdup,1,9,48,5,32,6,2,104.398721
insider,1,9,48,5,32.0,6.0,2.0,0.100421
insider_relax,1,9,48,5,32.0,6.0,2.0,0.109994
fastmultrec_greedy,1,9,48,5,32.0,6.0,2.0,0.358411
lcamap,1,9,48,5,32.0,6.0,2.0,0.058640
segdup,1,9,48,10,62,6,2,98.098179
insider,1,9,48,10,62.0,6.0,2.0,0.101382
insider_relax,1,9,48,10,62.0,6.0,2.0,0.108262
fastmultrec_greedy,1,9,48,10,62.0,6.0,2.0,0.353127
lcamap,1,9,48,10,62.0,6.0,2.0,0.061511
segdup,1,9,48,15,92,6,2,95.320835
insider,1,9,48,15,92.0,6.0,2.0,0.106523
insider_relax,1,9,48,15,92.0,6.0,2.0,0.108187
fastmultrec_greedy,1,9,48,15,92.0,6.0,2.0,0.353045
lcamap,1,9,48,15,92.0,6.0,2.0,0.060651
segdup,1,9,48,20,122,6,2,93.441578
insider,1,9,48,20,122.0,6.0,2.0,0.107625
insider_relax,1,9,48,20,122.0,6.0,2.0,0.107299
fastmultrec_greedy,1,9,48,20,122.0,6.0,2.0,0.348389
lcamap,1,9,48,20,122.0,6.0,2.0,0.056653
segdup,1,10,48,5,16,3,1,125.400958
insider,1,10,48,5,16.0,3.0,1.0,0.084859
insider_relax,1,10,48,5,16.0,3.0,1.0,0.088381
fastmultrec_greedy,1,10,48,5,16.0,3.0,1.0,0.258471
lcamap,1,10,48,5,16.0,3.0,1.0,0.053917
segdup,1,10,48,10,31,3,1,113.389292
insider,1,10,48,10,31.0,3.0,1.0,0.088108
insider_relax,1,10,48,10,31.0,3.0,1.0,0.095177
fastmultrec_greedy,1,10,48,10,31.0,3.0,1.0,0.260326
lcamap,1,10,48,10,31.0,3.0,1.0,0.047627
segdup,1,10,48,15,46,3,1,95.821567
insider,1,10,48,15,46.0,3.0,1.0,0.091553
insider_relax,1,10,48,15,46.0,3.0,1.0,0.094176
fastmultrec_greedy,1,10,48,15,46.0,3.0,1.0,0.265002
lcamap,1,10,48,15,46.0,3.0,1.0,0.052261
segdup,1,10,48,20,61,3,1,68.378350
insider,1,10,48,20,61.0,3.0,1.0,0.093190
insider_relax,1,10,48,20,61.0,3.0,1.0,0.096938
fastmultrec_greedy,1,10,48,20,61.0,3.0,1.0,0.259554
lcamap,1,10,48,20,61.0,3.0,1.0,0.052424
segdup,1,11,48,5,5,1,0,68.273801
insider,1,11,48,5,5.0,1.0,0.0,0.046705
insider_relax,1,11,48,5,5.0,1.0,0.0,0.046047
fastmultrec_greedy,1,11,48,5,5.0,1.0,0.0,0.142154
lcamap,1,11,48,5,5.0,1.0,0.0,0.023591
segdup,1,11,48,10,10,1,0,62.727747
insider,1,11,48,10,10.0,1.0,0.0,0.047195
insider_relax,1,11,48,10,10.0,1.0,0.0,0.046796
fastmultrec_greedy,1,11,48,10,10.0,1.0,0.0,0.138379
lcamap,1,11,48,10,10.0,1.0,0.0,0.023790
segdup,1,11,48,15,15,1,0,52.744271
insider,1,11,48,15,15.0,1.0,0.0,0.047083
insider_relax,1,11,48,15,15.0,1.0,0.0,0.044894
fastmultrec_greedy,1,11,48,15,15.0,1.0,0.0,0.140567
lcamap,1,11,48,15,15.0,1.0,0.0,0.023695
segdup,1,11,48,20,20,1,0,38.656231
insider,1,11,48,20,20.0,1.0,0.0,0.044428
insider_relax,1,11,48,20,20.0,1.0,0.0,0.047705
fastmultrec_greedy,1,11,48,20,20.0,1.0,0.0,0.142094
lcamap,1,11,48,20,20.0,1.0,0.0,0.024218
segdup,2,7,48,5,5863,231,4708,526.518914
insider,2,7,48,5,5795.0,203.0,4780.0,0.461378
insider_relax,2,7,48,5,5795.0,203.0,4780.0,0.518083
fastmultrec_greedy,2,7,48,5,5801.0,207.0,4766.0,15.140074
lcamap,2,7,48,5,5863.0,231.0,4708.0,0.128792
segdup,2,7,48,10,7018,231,4708,517.573642
insider,2,7,48,10,6750.0,182.0,4930.0,0.757740
insider_relax,2,7,48,10,6750.0,182.0,4930.0,0.794931
fastmultrec_greedy,2,7,48,10,6796.0,195.0,4846.0,22.931633
lcamap,2,7,48,10,7018.0,231.0,4708.0,0.125789
segdup,2,7,48,15,8173,231,4708,526.756069
insider,2,7,48,15,7646.0,174.0,5036.0,1.293122
insider_relax,2,7,48,15,7646.0,174.0,5036.0,1.552628
fastmultrec_greedy,2,7,48,15,7755.0,190.0,4905.0,26.091064
lcamap,2,7,48,15,8173.0,231.0,4708.0,0.130648
segdup,2,7,48,20,9328,231,4708,518.738494
insider,2,7,48,20,8482.0,162.0,5242.0,2.278944
insider_relax,2,7,48,20,8482.0,162.0,5242.0,3.061546
fastmultrec_greedy,2,7,48,20,8680.0,183.0,5020.0,30.666124
lcamap,2,7,48,20,9328.0,231.0,4708.0,0.127548
segdup,2,8,48,5,828,95,353,178.483491
insider,2,8,48,5,824.0,93.0,359.0,0.288369
insider_relax,2,8,48,5,824.0,93.0,359.0,0.337487
fastmultrec_greedy,2,8,48,5,824.0,93.0,359.0,1.420527
lcamap,2,8,48,5,828.0,95.0,353.0,0.094522
segdup,2,8,48,10,1303,95,353,173.488470
insider,2,8,48,10,1275.0,86.0,415.0,0.559515
insider_relax,2,8,48,10,1275.0,86.0,415.0,0.711640
fastmultrec_greedy,2,8,48,10,1289.0,93.0,359.0,1.411525
lcamap,2,8,48,10,1303.0,95.0,353.0,0.093603
segdup,2,8,48,15,1778,95,353,164.683856
insider,2,8,48,15,1700.0,84.0,440.0,1.890634
insider_relax,2,8,48,15,1700.0,84.0,440.0,3.244100
fastmultrec_greedy,2,8,48,15,1754.0,93.0,359.0,1.423324
lcamap,2,8,48,15,1778.0,95.0,353.0,0.090743
segdup,2,8,48,20,2253,95,353,163.978590
insider,2,8,48,20,2120.0,82.0,480.0,13.653117
insider_relax,2,8,48,20,2120.0,82.0,480.0,30.438145
fastmultrec_greedy,2,8,48,20,2219.0,93.0,359.0,1.426336
lcamap,2,8,48,20,2253.0,95.0,353.0,0.095733
segdup,2,9,48,5,111,17,26,235.308646
insider,2,9,48,5,111.0,17.0,26.0,0.187539
insider_relax,2,9,48,5,111.0,17.0,26.0,0.205590
fastmultrec_greedy,2,9,48,5,111.0,17.0,26.0,0.658729
lcamap,2,9,48,5,111.0,17.0,26.0,0.098561
segdup,2,9,48,10,196,17,26,224.742879
insider,2,9,48,10,196.0,17.0,26.0,0.216235
insider_relax,2,9,48,10,196.0,17.0,26.0,0.249766
fastmultrec_greedy,2,9,48,10,196.0,17.0,26.0,0.651532
lcamap,2,9,48,10,196.0,17.0,26.0,0.095047
segdup,2,9,48,15,281,17,26,151.061753
insider,2,9,48,15,281.0,17.0,26.0,0.265815
insider_relax,2,9,48,15,281.0,17.0,26.0,0.267891
fastmultrec_greedy,2,9,48,15,281.0,17.0,26.0,0.650714
lcamap,2,9,48,15,281.0,17.0,26.0,0.092395
segdup,2,9,48,20,366,17,26,147.059712
insider,2,9,48,20,366.0,17.0,26.0,0.339942
insider_relax,2,9,48,20,366.0,17.0,26.0,0.360040
fastmultrec_greedy,2,9,48,20,366.0,17.0,26.0,0.664133
lcamap,2,9,48,20,366.0,17.0,26.0,0.099105
segdup,2,10,48,5,21,4,1,229.309599
insider,2,10,48,5,21.0,4.0,1.0,0.168894
insider_relax,2,10,48,5,21.0,4.0,1.0,0.168365
fastmultrec_greedy,2,10,48,5,21.0,4.0,1.0,0.518276
lcamap,2,10,48,5,21.0,4.0,1.0,0.090867
segdup,2,10,48,10,41,4,1,219.241599
insider,2,10,48,10,41.0,4.0,1.0,0.165350
insider_relax,2,10,48,10,41.0,4.0,1.0,0.165627
fastmultrec_greedy,2,10,48,10,41.0,4.0,1.0,0.518563
lcamap,2,10,48,10,41.0,4.0,1.0,0.093833
segdup,2,10,48,15,61,4,1,173.943436
insider,2,10,48,15,61.0,4.0,1.0,0.180687
insider_relax,2,10,48,15,61.0,4.0,1.0,0.181596
fastmultrec_greedy,2,10,48,15,61.0,4.0,1.0,0.597418
lcamap,2,10,48,15,61.0,4.0,1.0,0.098860
segdup,2,10,48,20,81,4,1,107.803757
insider,2,10,48,20,81.0,4.0,1.0,0.172887
insider_relax,2,10,48,20,81.0,4.0,1.0,0.164622
fastmultrec_greedy,2,10,48,20,81.0,4.0,1.0,0.508561
lcamap,2,10,48,20,81.0,4.0,1.0,0.094651
segdup,2,11,48,5,10,2,0,297.855213
insider,2,11,48,5,10.0,2.0,0.0,0.166884
insider_relax,2,11,48,5,10.0,2.0,0.0,0.165237
fastmultrec_greedy,2,11,48,5,10.0,2.0,0.0,0.625649
lcamap,2,11,48,5,10.0,2.0,0.0,0.096635
segdup,2,11,48,10,20,2,0,276.953539
insider,2,11,48,10,20.0,2.0,0.0,0.165043
insider_relax,2,11,48,10,20.0,2.0,0.0,0.168600
fastmultrec_greedy,2,11,48,10,20.0,2.0,0.0,0.626300
lcamap,2,11,48,10,20.0,2.0,0.0,0.095612
segdup,2,11,48,15,30,2,0,237.672450
insider,2,11,48,15,30.0,2.0,0.0,0.159821
insider_relax,2,11,48,15,30.0,2.0,0.0,0.160526
fastmultrec_greedy,2,11,48,15,30.0,2.0,0.0,0.626428
lcamap,2,11,48,15,30.0,2.0,0.0,0.097854
segdup,2,11,48,20,40,2,0,220.102632
insider,2,11,48,20,40.0,2.0,0.0,0.163987
insider_relax,2,11,48,20,40.0,2.0,0.0,0.162296
fastmultrec_greedy,2,11,48,20,40.0,2.0,0.0,0.628000
lcamap,2,11,48,20,40.0,2.0,0.0,0.094805
segdup,1,7,49,5,1924,183,1009,162.625015
insider,1,7,49,5,1896.0,169.0,1051.0,0.222686
insider_relax,1,7,49,5,1896.0,169.0,1051.0,0.245519
fastmultrec_greedy,1,7,49,5,1900.0,173.0,1035.0,4.030449
lcamap,1,7,49,5,1924.0,183.0,1009.0,0.075048
segdup,1,7,49,10,2839,183,1009,156.491597
insider,1,7,49,10,2716.0,161.0,1106.0,0.390094
insider_relax,1,7,49,10,2716.0,161.0,1106.0,0.479744
fastmultrec_greedy,1,7,49,10,2748.0,169.0,1058.0,5.512574
lcamap,1,7,49,10,2839.0,183.0,1009.0,0.073507
segdup,1,7,49,15,3742,182,1012,153.105613
insider,1,7,49,15,3493.0,147.0,1288.0,0.867503
insider_relax,1,7,49,15,3493.0,147.0,1288.0,1.036011
fastmultrec_greedy,1,7,49,15,3581.0,165.0,1106.0,7.047744
lcamap,1,7,49,15,3754.0,183.0,1009.0,0.073504
segdup,1,7,49,20,4669,183,1009,153.590983
insider,1,7,49,20,4207.0,138.0,1447.0,1.852013
insider_relax,1,7,49,20,4207.0,138.0,1447.0,2.493958
fastmultrec_greedy,1,7,49,20,4396.0,163.0,1136.0,7.814343
lcamap,1,7,49,20,4669.0,183.0,1009.0,0.072652
segdup,1,8,49,5,551,80,151,106.077008
insider,1,8,49,5,551.0,80.0,151.0,0.183375
insider_relax,1,8,49,5,551.0,80.0,151.0,0.228574
fastmultrec_greedy,1,8,49,5,551.0,80.0,151.0,0.331331
lcamap,1,8,49,5,551.0,80.0,151.0,0.061864
segdup,1,8,49,10,947,79,157,101.878939
insider,1,8,49,10,936.0,74.0,196.0,0.350704
insider_relax,1,8,49,10,936.0,74.0,196.0,0.490558
fastmultrec_greedy,1,8,49,10,951.0,80.0,151.0,0.337826
lcamap,1,8,49,10,951.0,80.0,151.0,0.063057
segdup,1,8,49,15,1351,80,151,101.609617
insider,1,8,49,15,1296.0,70.0,246.0,0.656765
insider_relax,1,8,49,15,1296.0,70.0,246.0,0.922615
fastmultrec_greedy,1,8,49,15,1351.0,80.0,151.0,0.337038
lcamap,1,8,49,15,1351.0,80.0,151.0,0.060089
segdup,1,8,49,20,1751,80,151,96.164651
insider,1,8,49,20,1646.0,69.0,266.0,1.703586
insider_relax,1,8,49,20,1646.0,69.0,266.0,2.784135
fastmultrec_greedy,1,8,49,20,1751.0,80.0,151.0,0.341704
lcamap,1,8,49,20,1751.0,80.0,151.0,0.062119
segdup,1,9,49,5,27,5,2,78.236935
insider,1,9,49,5,27.0,5.0,2.0,0.048773
insider_relax,1,9,49,5,27.0,5.0,2.0,0.050505
fastmultrec_greedy,1,9,49,5,27.0,5.0,2.0,0.151956
lcamap,1,9,49,5,27.0,5.0,2.0,0.024712
segdup,1,9,49,10,52,5,2,76.049473
insider,1,9,49,10,52.0,5.0,2.0,0.051396
insider_relax,1,9,49,10,52.0,5.0,2.0,0.053241
fastmultrec_greedy,1,9,49,10,52.0,5.0,2.0,0.149805
lcamap,1,9,49,10,52.0,5.0,2.0,0.024666
segdup,1,9,49,15,77,5,2,58.934103
insider,1,9,49,15,77.0,5.0,2.0,0.052518
insider_relax,1,9,49,15,77.0,5.0,2.0,0.054220
fastmultrec_greedy,1,9,49,15,77.0,5.0,2.0,0.152124
lcamap,1,9,49,15,77.0,5.0,2.0,0.024840
segdup,1,9,49,20,102,5,2,64.475299
insider,1,9,49,20,102.0,5.0,2.0,0.057704
insider_relax,1,9,49,20,102.0,5.0,2.0,0.057460
fastmultrec_greedy,1,9,49,20,102.0,5.0,2.0,0.147680
lcamap,1,9,49,20,102.0,5.0,2.0,0.025705
segdup,1,10,49,5,6,1,1,103.193319
insider,1,10,49,5,6.0,1.0,1.0,0.087682
insider_relax,1,10,49,5,6.0,1.0,1.0,0.084081
fastmultrec_greedy,1,10,49,5,6.0,1.0,1.0,0.322770
lcamap,1,10,49,5,6.0,1.0,1.0,0.048670
segdup,1,10,49,10,11,1,1,102.010376
insider,1,10,49,10,11.0,1.0,1.0,0.084441
insider_relax,1,10,49,10,11.0,1.0,1.0,0.094146
fastmultrec_greedy,1,10,49,10,11.0,1.0,1.0,0.322427
lcamap,1,10,49,10,11.0,1.0,1.0,0.050235
segdup,1,10,49,15,16,1,1,96.790263
insider,1,10,49,15,16.0,1.0,1.0,0.084679
insider_relax,1,10,49,15,16.0,1.0,1.0,0.094258
fastmultrec_greedy,1,10,49,15,16.0,1.0,1.0,0.322736
lcamap,1,10,49,15,16.0,1.0,1.0,0.050745
segdup,1,10,49,20,21,1,1,69.835275
insider,1,10,49,20,21.0,1.0,1.0,0.088470
insider_relax,1,10,49,20,21.0,1.0,1.0,0.095706
fastmultrec_greedy,1,10,49,20,21.0,1.0,1.0,0.317903
lcamap,1,10,49,20,21.0,1.0,1.0,0.050639
segdup,1,11,49,5,5,1,0,81.715223
insider,1,11,49,5,5.0,1.0,0.0,0.052404
insider_relax,1,11,49,5,5.0,1.0,0.0,0.060037
fastmultrec_greedy,1,11,49,5,5.0,1.0,0.0,0.170931
lcamap,1,11,49,5,5.0,1.0,0.0,0.030227
segdup,1,11,49,10,10,1,0,76.931430
insider,1,11,49,10,10.0,1.0,0.0,0.056024
insider_relax,1,11,49,10,10.0,1.0,0.0,0.058318
fastmultrec_greedy,1,11,49,10,10.0,1.0,0.0,0.173725
lcamap,1,11,49,10,10.0,1.0,0.0,0.030738
segdup,1,11,49,15,15,1,0,47.880266
insider,1,11,49,15,15.0,1.0,0.0,0.055204
insider_relax,1,11,49,15,15.0,1.0,0.0,0.058659
fastmultrec_greedy,1,11,49,15,15.0,1.0,0.0,0.169568
lcamap,1,11,49,15,15.0,1.0,0.0,0.031566
segdup,1,11,49,20,20,1,0,47.771993
insider,1,11,49,20,20.0,1.0,0.0,0.054598
insider_relax,1,11,49,20,20.0,1.0,0.0,0.056422
fastmultrec_greedy,1,11,49,20,20.0,1.0,0.0,0.169936
lcamap,1,11,49,20,20.0,1.0,0.0,0.031693
segdup,2,7,49,5,5173,275,3798,468.629513
insider,2,7,49,5,5126.0,252.0,3866.0,0.506494
insider_relax,2,7,49,5,5126.0,251.0,3871.0,0.544157
fastmultrec_greedy,2,7,49,5,5130.0,256.0,3850.0,13.537672
lcamap,2,7,49,5,5173.0,275.0,3798.0,0.144933
segdup,2,7,49,10,6548,275,3798,454.117512
insider,2,7,49,10,6306.0,224.0,4066.0,0.814430
insider_relax,2,7,49,10,6306.0,222.0,4086.0,1.007818
fastmultrec_greedy,2,7,49,10,6350.0,239.0,3960.0,27.439227
lcamap,2,7,49,10,6548.0,275.0,3798.0,0.142736
segdup,2,7,49,15,7923,275,3798,447.991729
insider,2,7,49,15,7395.0,209.0,4260.0,1.862141
insider_relax,2,7,49,15,7395.0,209.0,4260.0,2.331434
fastmultrec_greedy,2,7,49,15,7523.0,233.0,4028.0,34.213410
lcamap,2,7,49,15,7923.0,275.0,3798.0,0.142687
segdup,2,7,49,20,9298,275,3798,465.044842
insider,2,7,49,20,8420.0,200.0,4420.0,4.987938
insider_relax,2,7,49,20,8420.0,200.0,4420.0,7.447364
fastmultrec_greedy,2,7,49,20,8680.0,230.0,4080.0,37.574850
lcamap,2,7,49,20,9298.0,275.0,3798.0,0.142109
segdup,2,8,49,5,545,74,175,159.902634
insider,2,8,49,5,543.0,73.0,178.0,0.231721
insider_relax,2,8,49,5,543.0,73.0,178.0,0.280737
fastmultrec_greedy,2,8,49,5,543.0,73.0,178.0,0.755891
lcamap,2,8,49,5,545.0,74.0,175.0,0.082061
segdup,2,8,49,10,912,73,182,153.463875
insider,2,8,49,10,901.0,68.0,221.0,0.458329
insider_relax,2,8,49,10,901.0,68.0,221.0,0.637516
fastmultrec_greedy,2,8,49,10,908.0,73.0,178.0,0.769161
lcamap,2,8,49,10,915.0,74.0,175.0,0.084611
segdup,2,8,49,15,1280,73,185,146.802237
insider,2,8,49,15,1241.0,67.0,236.0,1.511625
insider_relax,2,8,49,15,1241.0,67.0,236.0,2.376353
fastmultrec_greedy,2,8,49,15,1265.0,71.0,200.0,1.498603
lcamap,2,8,49,15,1285.0,74.0,175.0,0.084863
segdup,2,8,49,20,1655,74,175,148.405418
insider,2,8,49,20,1567.0,62.0,327.0,25.445171
insider_relax,2,8,49,20,1567.0,62.0,327.0,59.806760
fastmultrec_greedy,2,8,49,20,1615.0,70.0,215.0,1.863715
lcamap,2,8,49,20,1655.0,74.0,175.0,0.083186
segdup,2,9,49,5,46,8,6,119.367428
insider,2,9,49,5,46.0,8.0,6.0,0.092519
insider_relax,2,9,49,5,46.0,8.0,6.0,0.105204
fastmultrec_greedy,2,9,49,5,46.0,8.0,6.0,0.269192
lcamap,2,9,49,5,46.0,8.0,6.0,0.048127
segdup,2,9,49,10,86,8,6,99.973466
insider,2,9,49,10,86.0,8.0,6.0,0.099699
insider_relax,2,9,49,10,86.0,8.0,6.0,0.121194
fastmultrec_greedy,2,9,49,10,86.0,8.0,6.0,0.267798
lcamap,2,9,49,10,86.0,8.0,6.0,0.049341
segdup,2,9,49,15,126,8,6,56.649357
insider,2,9,49,15,126.0,8.0,6.0,0.111051
insider_relax,2,9,49,15,126.0,8.0,6.0,0.111784
fastmultrec_greedy,2,9,49,15,126.0,8.0,6.0,0.270174
lcamap,2,9,49,15,126.0,8.0,6.0,0.048945
segdup,2,9,49,20,166,8,6,56.086801
insider,2,9,49,20,166.0,8.0,6.0,0.120325
insider_relax,2,9,49,20,166.0,8.0,6.0,0.121465
fastmultrec_greedy,2,9,49,20,166.0,8.0,6.0,0.271966
lcamap,2,9,49,20,166.0,8.0,6.0,0.048448
segdup,2,10,49,5,10,2,0,186.689500
insider,2,10,49,5,10.0,2.0,0.0,0.127107
insider_relax,2,10,49,5,10.0,2.0,0.0,0.133125
fastmultrec_greedy,2,10,49,5,10.0,2.0,0.0,0.390516
lcamap,2,10,49,5,10.0,2.0,0.0,0.078589
segdup,2,10,49,10,20,2,0,169.671275
insider,2,10,49,10,20.0,2.0,0.0,0.128880
insider_relax,2,10,49,10,20.0,2.0,0.0,0.130668
fastmultrec_greedy,2,10,49,10,20.0,2.0,0.0,0.397481
lcamap,2,10,49,10,20.0,2.0,0.0,0.071723
segdup,2,10,49,15,30,2,0,79.972122
insider,2,10,49,15,30.0,2.0,0.0,0.125706
insider_relax,2,10,49,15,30.0,2.0,0.0,0.133243
fastmultrec_greedy,2,10,49,15,30.0,2.0,0.0,0.391037
lcamap,2,10,49,15,30.0,2.0,0.0,0.072853
segdup,2,10,49,20,40,2,0,81.635423
insider,2,10,49,20,40.0,2.0,0.0,0.126972
insider_relax,2,10,49,20,40.0,2.0,0.0,0.132359
fastmultrec_greedy,2,10,49,20,40.0,2.0,0.0,0.394817
lcamap,2,10,49,20,40.0,2.0,0.0,0.075875
segdup,1,7,50,5,1141,121,536,131.617621
insider,1,7,50,5,1125.0,114.0,555.0,0.207469
insider_relax,1,7,50,5,1125.0,114.0,555.0,0.233592
fastmultrec_greedy,1,7,50,5,1125.0,114.0,555.0,2.591596
lcamap,1,7,50,5,1141.0,121.0,536.0,0.068878
segdup,1,7,50,10,1746,121,536,129.672177
insider,1,7,50,10,1679.0,107.0,609.0,0.361200
insider_relax,1,7,50,10,1679.0,107.0,609.0,0.452634
fastmultrec_greedy,1,7,50,10,1689.0,111.0,579.0,3.593294
lcamap,1,7,50,10,1746.0,121.0,536.0,0.065418
segdup,1,7,50,15,2351,121,536,127.228298
insider,1,7,50,15,2208.0,102.0,678.0,0.855613
insider_relax,1,7,50,15,2208.0,102.0,678.0,1.066487
fastmultrec_greedy,1,7,50,15,2244.0,111.0,579.0,3.594291
lcamap,1,7,50,15,2351.0,121.0,536.0,0.063445
segdup,1,7,50,20,2956,121,536,133.692727
insider,1,7,50,20,2709.0,99.0,729.0,2.285314
insider_relax,1,7,50,20,2709.0,99.0,729.0,3.087337
fastmultrec_greedy,1,7,50,20,2799.0,111.0,579.0,3.604225
lcamap,1,7,50,20,2956.0,121.0,536.0,0.066525
segdup,1,8,50,5,330,47,95,51.285437
insider,1,8,50,5,330.0,47.0,95.0,0.079219
insider_relax,1,8,50,5,330.0,47.0,95.0,0.104488
fastmultrec_greedy,1,8,50,5,330.0,47.0,95.0,0.127282
lcamap,1,8,50,5,330.0,47.0,95.0,0.023317
segdup,1,8,50,10,565,47,95,48.077285
insider,1,8,50,10,563.0,45.0,113.0,0.179426
insider_relax,1,8,50,10,563.0,45.0,113.0,0.267689
fastmultrec_greedy,1,8,50,10,565.0,47.0,95.0,0.124835
lcamap,1,8,50,10,565.0,47.0,95.0,0.024057
segdup,1,8,50,15,800,47,95,46.486373
insider,1,8,50,15,783.0,43.0,138.0,0.635119
insider_relax,1,8,50,15,783.0,43.0,138.0,0.833109
fastmultrec_greedy,1,8,50,15,797.0,46.0,107.0,0.207839
lcamap,1,8,50,15,800.0,47.0,95.0,0.022472
segdup,1,8,50,20,1035,47,95,43.743117
insider,1,8,50,20,984.0,38.0,224.0,7.974390
insider_relax,1,8,50,20,984.0,38.0,224.0,16.309650
fastmultrec_greedy,1,8,50,20,1027.0,46.0,107.0,0.208509
lcamap,1,8,50,20,1035.0,47.0,95.0,0.022503
segdup,1,9,50,5,69,12,9,52.014826
insider,1,9,50,5,69.0,12.0,9.0,0.053259
insider_relax,1,9,50,5,69.0,12.0,9.0,0.064156
fastmultrec_greedy,1,9,50,5,69.0,12.0,9.0,0.145683
lcamap,1,9,50,5,69.0,12.0,9.0,0.022882
segdup,1,9,50,10,129,12,9,47.807402
insider,1,9,50,10,129.0,12.0,9.0,0.064434
insider_relax,1,9,50,10,129.0,12.0,9.0,0.090739
fastmultrec_greedy,1,9,50,10,129.0,12.0,9.0,0.147260
lcamap,1,9,50,10,129.0,12.0,9.0,0.024960
segdup,1,9,50,15,189,12,9,47.059861
insider,1,9,50,15,189.0,12.0,9.0,0.101409
insider_relax,1,9,50,15,189.0,12.0,9.0,0.103202
fastmultrec_greedy,1,9,50,15,189.0,12.0,9.0,0.146822
lcamap,1,9,50,15,189.0,12.0,9.0,0.022943
segdup,1,9,50,20,249,12,9,36.537809
insider,1,9,50,20,249.0,12.0,9.0,0.185777
insider_relax,1,9,50,20,249.0,12.0,9.0,0.227001
fastmultrec_greedy,1,9,50,20,249.0,12.0,9.0,0.146980
lcamap,1,9,50,20,249.0,12.0,9.0,0.021617
segdup,1,10,50,5,10,2,0,153.679303
insider,1,10,50,5,10.0,2.0,0.0,0.100689
insider_relax,1,10,50,5,10.0,2.0,0.0,0.105010
fastmultrec_greedy,1,10,50,5,10.0,2.0,0.0,0.354360
lcamap,1,10,50,5,10.0,2.0,0.0,0.064099
segdup,1,10,50,10,20,2,0,140.444705
insider,1,10,50,10,20.0,2.0,0.0,0.107554
insider_relax,1,10,50,10,20.0,2.0,0.0,0.108635
fastmultrec_greedy,1,10,50,10,20.0,2.0,0.0,0.346156
lcamap,1,10,50,10,20.0,2.0,0.0,0.063716
segdup,1,10,50,15,30,2,0,131.676974
insider,1,10,50,15,30.0,2.0,0.0,0.105684
insider_relax,1,10,50,15,30.0,2.0,0.0,0.109181
fastmultrec_greedy,1,10,50,15,30.0,2.0,0.0,0.348965
lcamap,1,10,50,15,30.0,2.0,0.0,0.063331
segdup,1,10,50,20,40,2,0,89.779842
insider,1,10,50,20,40.0,2.0,0.0,0.105521
insider_relax,1,10,50,20,40.0,2.0,0.0,0.107857
fastmultrec_greedy,1,10,50,20,40.0,2.0,0.0,0.349948
lcamap,1,10,50,20,40.0,2.0,0.0,0.064449
segdup,1,11,50,5,5,1,0,111.902925
insider,1,11,50,5,5.0,1.0,0.0,0.072959
insider_relax,1,11,50,5,5.0,1.0,0.0,0.078038
fastmultrec_greedy,1,11,50,5,5.0,1.0,0.0,0.253344
lcamap,1,11,50,5,5.0,1.0,0.0,0.044199
segdup,1,11,50,10,10,1,0,101.887099
insider,1,11,50,10,10.0,1.0,0.0,0.070762
insider_relax,1,11,50,10,10.0,1.0,0.0,0.075406
fastmultrec_greedy,1,11,50,10,10.0,1.0,0.0,0.247715
lcamap,1,11,50,10,10.0,1.0,0.0,0.041287
segdup,1,11,50,15,15,1,0,60.097535
insider,1,11,50,15,15.0,1.0,0.0,0.077570
insider_relax,1,11,50,15,15.0,1.0,0.0,0.074210
fastmultrec_greedy,1,11,50,15,15.0,1.0,0.0,0.249715
lcamap,1,11,50,15,15.0,1.0,0.0,0.045128
segdup,1,11,50,20,20,1,0,86.237295
insider,1,11,50,20,20.0,1.0,0.0,0.076060
insider_relax,1,11,50,20,20.0,1.0,0.0,0.076271
fastmultrec_greedy,1,11,50,20,20.0,1.0,0.0,0.251891
lcamap,1,11,50,20,20.0,1.0,0.0,0.042900
segdup,2,7,50,5,3827,219,2732,811.626860
insider,2,7,50,5,3803.0,207.0,2768.0,0.734784
insider_relax,2,7,50,5,3803.0,207.0,2768.0,0.795456
fastmultrec_greedy,2,7,50,5,3805.0,209.0,2760.0,15.815918
lcamap,2,7,50,5,3827.0,219.0,2732.0,0.239323
segdup,2,7,50,10,4922,219,2732,789.797761
insider,2,7,50,10,4782.0,184.0,2942.0,1.107589
insider_relax,2,7,50,10,4782.0,184.0,2942.0,1.308747
fastmultrec_greedy,2,7,50,10,4821.0,198.0,2841.0,33.931598
lcamap,2,7,50,10,4922.0,219.0,2732.0,0.239833
segdup,2,7,50,15,6017,219,2732,784.721068
insider,2,7,50,15,5687.0,175.0,3062.0,2.109834
insider_relax,2,7,50,15,5687.0,175.0,3062.0,2.490153
fastmultrec_greedy,2,7,50,15,5799.0,195.0,2874.0,44.186193
lcamap,2,7,50,15,6017.0,219.0,2732.0,0.235507
segdup,2,7,50,20,7112,219,2732,794.906931
insider,2,7,50,20,6544.0,165.0,3244.0,4.367952
insider_relax,2,7,50,20,6544.0,165.0,3244.0,6.315983
fastmultrec_greedy,2,7,50,20,6757.0,191.0,2937.0,47.186616
lcamap,2,7,50,20,7112.0,219.0,2732.0,0.236140
segdup,2,8,50,5,254,41,49,170.414375
insider,2,8,50,5,254.0,41.0,49.0,0.231913
insider_relax,2,8,50,5,254.0,41.0,49.0,0.271261
fastmultrec_greedy,2,8,50,5,254.0,41.0,49.0,0.680449
lcamap,2,8,50,5,254.0,41.0,49.0,0.108608
segdup,2,8,50,10,459,41,49,170.414334
insider,2,8,50,10,458.0,40.0,58.0,0.324760
insider_relax,2,8,50,10,458.0,40.0,58.0,0.417736
fastmultrec_greedy,2,8,50,10,459.0,41.0,49.0,0.687224
lcamap,2,8,50,10,459.0,41.0,49.0,0.113328
segdup,2,8,50,15,664,41,49,152.720903
insider,2,8,50,15,658.0,39.0,73.0,0.685467
insider_relax,2,8,50,15,658.0,39.0,73.0,0.830716
fastmultrec_greedy,2,8,50,15,664.0,41.0,49.0,0.681688
lcamap,2,8,50,15,664.0,41.0,49.0,0.103947
segdup,2,8,50,20,869,41,49,149.230554
insider,2,8,50,20,851.0,38.0,91.0,2.147450
insider_relax,2,8,50,20,851.0,38.0,91.0,4.023014
fastmultrec_greedy,2,8,50,20,869.0,41.0,49.0,0.677053
lcamap,2,8,50,20,869.0,41.0,49.0,0.119237
segdup,2,9,50,5,104,19,9,159.398900
insider,2,9,50,5,104.0,19.0,9.0,0.169938
insider_relax,2,9,50,5,104.0,19.0,9.0,0.185810
fastmultrec_greedy,2,9,50,5,104.0,19.0,9.0,0.452313
lcamap,2,9,50,5,104.0,19.0,9.0,0.087966
segdup,2,9,50,10,199,19,9,149.655225
insider,2,9,50,10,199.0,19.0,9.0,0.212403
insider_relax,2,9,50,10,199.0,19.0,9.0,0.261981
fastmultrec_greedy,2,9,50,10,199.0,19.0,9.0,0.461011
lcamap,2,9,50,10,199.0,19.0,9.0,0.087988
segdup,2,9,50,15,294,19,9,134.641575
insider,2,9,50,15,294.0,19.0,9.0,0.332258
insider_relax,2,9,50,15,294.0,19.0,9.0,0.376525
fastmultrec_greedy,2,9,50,15,294.0,19.0,9.0,0.463640
lcamap,2,9,50,15,294.0,19.0,9.0,0.089918
segdup,2,9,50,20,389,19,9,141.386846
insider,2,9,50,20,389.0,19.0,9.0,0.674525
insider_relax,2,9,50,20,389.0,19.0,9.0,0.835340
fastmultrec_greedy,2,9,50,20,389.0,19.0,9.0,0.452228
lcamap,2,9,50,20,389.0,19.0,9.0,0.091632
segdup,2,11,50,5,10,2,0,226.683814
insider,2,11,50,5,10.0,2.0,0.0,0.164609
insider_relax,2,11,50,5,10.0,2.0,0.0,0.160012
fastmultrec_greedy,2,11,50,5,10.0,2.0,0.0,0.513415
lcamap,2,11,50,5,10.0,2.0,0.0,0.090861
segdup,2,11,50,10,20,2,0,216.981492
insider,2,11,50,10,20.0,2.0,0.0,0.154862
insider_relax,2,11,50,10,20.0,2.0,0.0,0.162693
fastmultrec_greedy,2,11,50,10,20.0,2.0,0.0,0.515832
lcamap,2,11,50,10,20.0,2.0,0.0,0.092461
segdup,2,11,50,15,30,2,0,102.098558
insider,2,11,50,15,30.0,2.0,0.0,0.158165
insider_relax,2,11,50,15,30.0,2.0,0.0,0.162627
fastmultrec_greedy,2,11,50,15,30.0,2.0,0.0,0.515011
lcamap,2,11,50,15,30.0,2.0,0.0,0.091301
segdup,2,11,50,20,40,2,0,102.382710
insider,2,11,50,20,40.0,2.0,0.0,0.157846
insider_relax,2,11,50,20,40.0,2.0,0.0,0.159750
fastmultrec_greedy,2,11,50,20,40.0,2.0,0.0,0.515709
lcamap,2,11,50,20,40.0,2.0,0.0,0.092392
segdup,1,7,51,5,982,103,467,159.070267
insider,1,7,51,5,974.0,100.0,474.0,0.210463
insider_relax,1,7,51,5,974.0,100.0,474.0,0.222484
fastmultrec_greedy,1,7,51,5,974.0,100.0,474.0,1.505127
lcamap,1,7,51,5,982.0,103.0,467.0,0.069166
segdup,1,7,51,10,1497,103,467,151.819179
insider,1,7,51,10,1457.0,94.0,517.0,0.339390
insider_relax,1,7,51,10,1457.0,94.0,517.0,0.413530
fastmultrec_greedy,1,7,51,10,1467.0,98.0,487.0,3.007189
lcamap,1,7,51,10,1497.0,103.0,467.0,0.072480
segdup,1,7,51,15,2012,103,467,155.347374
insider,1,7,51,15,1913.0,88.0,593.0,0.574619
insider_relax,1,7,51,15,1913.0,88.0,593.0,0.696064
fastmultrec_greedy,1,7,51,15,1951.0,97.0,496.0,4.140317
lcamap,1,7,51,15,2012.0,103.0,467.0,0.068638
segdup,1,7,51,20,2511,102,471,154.372625
insider,1,7,51,20,2350.0,85.0,650.0,1.980398
insider_relax,1,7,51,20,2350.0,85.0,650.0,2.651824
fastmultrec_greedy,1,7,51,20,2420.0,94.0,540.0,5.697846
lcamap,1,7,51,20,2527.0,103.0,467.0,0.068110
segdup,1,8,51,5,124,20,24,118.245485
insider,1,8,51,5,124.0,20.0,24.0,0.090992
insider_relax,1,8,51,5,124.0,20.0,24.0,0.104620
fastmultrec_greedy,1,8,51,5,124.0,20.0,24.0,0.261082
lcamap,1,8,51,5,124.0,20.0,24.0,0.045100
segdup,1,8,51,10,224,20,24,114.368799
insider,1,8,51,10,223.0,19.0,33.0,0.115066
insider_relax,1,8,51,10,223.0,19.0,33.0,0.142393
fastmultrec_greedy,1,8,51,10,224.0,20.0,24.0,0.260099
lcamap,1,8,51,10,224.0,20.0,24.0,0.047683
segdup,1,8,51,15,324,20,24,119.186047
insider,1,8,51,15,318.0,19.0,33.0,0.165643
insider_relax,1,8,51,15,318.0,19.0,33.0,0.182891
fastmultrec_greedy,1,8,51,15,324.0,20.0,24.0,0.262460
lcamap,1,8,51,15,324.0,20.0,24.0,0.046588
segdup,1,8,51,20,424,20,24,96.549258
insider,1,8,51,20,413.0,19.0,33.0,0.387165
insider_relax,1,8,51,20,413.0,19.0,33.0,0.432671
fastmultrec_greedy,1,8,51,20,424.0,20.0,24.0,0.264958
lcamap,1,8,51,20,424.0,20.0,24.0,0.043885
segdup,1,9,51,5,27,5,2,57.913694
insider,1,9,51,5,27.0,5.0,2.0,0.048181
insider_relax,1,9,51,5,27.0,5.0,2.0,0.053858
fastmultrec_greedy,1,9,51,5,27.0,5.0,2.0,0.139013
lcamap,1,9,51,5,27.0,5.0,2.0,0.023288
segdup,1,9,51,10,52,5,2,52.493178
insider,1,9,51,10,52.0,5.0,2.0,0.052547
insider_relax,1,9,51,10,52.0,5.0,2.0,0.056166
fastmultrec_greedy,1,9,51,10,52.0,5.0,2.0,0.141691
lcamap,1,9,51,10,52.0,5.0,2.0,0.024191
segdup,1,9,51,15,77,5,2,52.185923
insider,1,9,51,15,77.0,5.0,2.0,0.055808
insider_relax,1,9,51,15,77.0,5.0,2.0,0.055999
fastmultrec_greedy,1,9,51,15,77.0,5.0,2.0,0.138746
lcamap,1,9,51,15,77.0,5.0,2.0,0.023580
segdup,1,9,51,20,102,5,2,38.487608
insider,1,9,51,20,102.0,5.0,2.0,0.060511
insider_relax,1,9,51,20,102.0,5.0,2.0,0.063502
fastmultrec_greedy,1,9,51,20,102.0,5.0,2.0,0.139540
lcamap,1,9,51,20,102.0,5.0,2.0,0.024465
segdup,1,10,51,5,6,1,1,59.525193
insider,1,10,51,5,6.0,1.0,1.0,0.044183
insider_relax,1,10,51,5,6.0,1.0,1.0,0.044760
fastmultrec_greedy,1,10,51,5,6.0,1.0,1.0,0.146383
lcamap,1,10,51,5,6.0,1.0,1.0,0.022251
segdup,1,10,51,10,11,1,1,53.742845
insider,1,10,51,10,11.0,1.0,1.0,0.044464
insider_relax,1,10,51,10,11.0,1.0,1.0,0.045363
fastmultrec_greedy,1,10,51,10,11.0,1.0,1.0,0.147475
lcamap,1,10,51,10,11.0,1.0,1.0,0.022301
segdup,1,10,51,15,16,1,1,47.486843
insider,1,10,51,15,16.0,1.0,1.0,0.045987
insider_relax,1,10,51,15,16.0,1.0,1.0,0.044488
fastmultrec_greedy,1,10,51,15,16.0,1.0,1.0,0.155497
lcamap,1,10,51,15,16.0,1.0,1.0,0.022499
segdup,1,10,51,20,21,1,1,35.938428
insider,1,10,51,20,21.0,1.0,1.0,0.042477
insider_relax,1,10,51,20,21.0,1.0,1.0,0.044822
fastmultrec_greedy,1,10,51,20,21.0,1.0,1.0,0.148300
lcamap,1,10,51,20,21.0,1.0,1.0,0.022225
segdup,1,11,51,5,5,1,0,113.447691
insider,1,11,51,5,5.0,1.0,0.0,0.076766
insider_relax,1,11,51,5,5.0,1.0,0.0,0.073506
fastmultrec_greedy,1,11,51,5,5.0,1.0,0.0,0.248682
lcamap,1,11,51,5,5.0,1.0,0.0,0.045149
segdup,1,11,51,10,10,1,0,112.534485
insider,1,11,51,10,10.0,1.0,0.0,0.074822
insider_relax,1,11,51,10,10.0,1.0,0.0,0.076313
fastmultrec_greedy,1,11,51,10,10.0,1.0,0.0,0.256741
lcamap,1,11,51,10,10.0,1.0,0.0,0.042352
segdup,1,11,51,15,15,1,0,98.843177
insider,1,11,51,15,15.0,1.0,0.0,0.074735
insider_relax,1,11,51,15,15.0,1.0,0.0,0.073406
fastmultrec_greedy,1,11,51,15,15.0,1.0,0.0,0.251209
lcamap,1,11,51,15,15.0,1.0,0.0,0.044000
segdup,1,11,51,20,20,1,0,62.895252
insider,1,11,51,20,20.0,1.0,0.0,0.078592
insider_relax,1,11,51,20,20.0,1.0,0.0,0.073836
fastmultrec_greedy,1,11,51,20,20.0,1.0,0.0,0.253520
lcamap,1,11,51,20,20.0,1.0,0.0,0.044878
segdup,2,8,51,5,961,109,416,188.176682
insider,2,8,51,5,959.0,108.0,419.0,0.286186
insider_relax,2,8,51,5,959.0,108.0,419.0,0.330927
fastmultrec_greedy,2,8,51,5,959.0,108.0,419.0,1.046709
lcamap,2,8,51,5,961.0,109.0,416.0,0.102223
segdup,2,8,51,10,1506,109,416,192.945056
insider,2,8,51,10,1491.0,106.0,431.0,0.511388
insider_relax,2,8,51,10,1491.0,106.0,431.0,0.675588
fastmultrec_greedy,2,8,51,10,1499.0,108.0,419.0,1.036543
lcamap,2,8,51,10,1506.0,109.0,416.0,0.105891
segdup,2,8,51,15,2051,109,416,189.036029
insider,2,8,51,15,2008.0,99.0,523.0,1.232649
insider_relax,2,8,51,15,2008.0,99.0,523.0,1.539539
fastmultrec_greedy,2,8,51,15,2039.0,108.0,419.0,1.024710
lcamap,2,8,51,15,2051.0,109.0,416.0,0.106732
segdup,2,8,51,20,2596,109,416,177.388340
insider,2,8,51,20,2502.0,98.0,542.0,4.317842
insider_relax,2,8,51,20,2502.0,98.0,542.0,6.571528
fastmultrec_greedy,2,8,51,20,2579.0,108.0,419.0,1.044677
lcamap,2,8,51,20,2596.0,109.0,416.0,0.103761
segdup,2,10,51,5,22,4,2,261.026040
insider,2,10,51,5,22.0,4.0,2.0,0.174406
insider_relax,2,10,51,5,22.0,4.0,2.0,0.167684
fastmultrec_greedy,2,10,51,5,22.0,4.0,2.0,0.618508
lcamap,2,10,51,5,22.0,4.0,2.0,0.105764
segdup,2,10,51,10,42,4,2,242.893014
insider,2,10,51,10,42.0,4.0,2.0,0.181716
insider_relax,2,10,51,10,42.0,4.0,2.0,0.178693
fastmultrec_greedy,2,10,51,10,42.0,4.0,2.0,0.597390
lcamap,2,10,51,10,42.0,4.0,2.0,0.101991
segdup,2,10,51,15,62,4,2,128.696504
insider,2,10,51,15,62.0,4.0,2.0,0.178625
insider_relax,2,10,51,15,62.0,4.0,2.0,0.180952
fastmultrec_greedy,2,10,51,15,62.0,4.0,2.0,0.591397
lcamap,2,10,51,15,62.0,4.0,2.0,0.099527
segdup,2,10,51,20,82,4,2,125.993095
insider,2,10,51,20,82.0,4.0,2.0,0.188190
insider_relax,2,10,51,20,82.0,4.0,2.0,0.186342
fastmultrec_greedy,2,10,51,20,82.0,4.0,2.0,0.591453
lcamap,2,10,51,20,82.0,4.0,2.0,0.100858
segdup,2,11,51,5,10,2,0,111.376275
insider,2,11,51,5,10.0,2.0,0.0,0.096590
insider_relax,2,11,51,5,10.0,2.0,0.0,0.097982
fastmultrec_greedy,2,11,51,5,10.0,2.0,0.0,0.308042
lcamap,2,11,51,5,10.0,2.0,0.0,0.055433
segdup,2,11,51,10,20,2,0,106.965048
insider,2,11,51,10,20.0,2.0,0.0,0.095778
insider_relax,2,11,51,10,20.0,2.0,0.0,0.103053
fastmultrec_greedy,2,11,51,10,20.0,2.0,0.0,0.303139
lcamap,2,11,51,10,20.0,2.0,0.0,0.054167
segdup,2,11,51,15,30,2,0,59.469889
insider,2,11,51,15,30.0,2.0,0.0,0.100096
insider_relax,2,11,51,15,30.0,2.0,0.0,0.097951
fastmultrec_greedy,2,11,51,15,30.0,2.0,0.0,0.314583
lcamap,2,11,51,15,30.0,2.0,0.0,0.054372
segdup,2,11,51,20,40,2,0,58.674098
insider,2,11,51,20,40.0,2.0,0.0,0.093710
insider_relax,2,11,51,20,40.0,2.0,0.0,0.105801
fastmultrec_greedy,2,11,51,20,40.0,2.0,0.0,0.304122
lcamap,2,11,51,20,40.0,2.0,0.0,0.055386
segdup,1,7,52,5,1226,139,531,192.073101
insider,1,7,52,5,1222.0,137.0,537.0,0.294596
insider_relax,1,7,52,5,1222.0,137.0,537.0,0.333954
fastmultrec_greedy,1,7,52,5,1222.0,137.0,537.0,1.274802
lcamap,1,7,52,5,1226.0,139.0,531.0,0.093518
segdup,1,7,52,10,1921,139,531,194.318220
insider,1,7,52,10,1881.0,127.0,611.0,0.563934
insider_relax,1,7,52,10,1881.0,127.0,611.0,0.743232
fastmultrec_greedy,1,7,52,10,1891.0,133.0,561.0,4.227749
lcamap,1,7,52,10,1921.0,139.0,531.0,0.089369
segdup,1,7,52,15,2616,139,531,184.441075
insider,1,7,52,15,2486.0,115.0,761.0,1.858356
insider_relax,1,7,52,15,2486.0,115.0,761.0,2.433216
fastmultrec_greedy,1,7,52,15,2551.0,132.0,571.0,4.679128
lcamap,1,7,52,15,2616.0,139.0,531.0,0.092071
segdup,1,7,52,20,3311,139,531,192.761882
insider,1,7,52,20,3042.0,106.0,922.0,7.132276
insider_relax,1,7,52,20,3042.0,106.0,922.0,11.252668
fastmultrec_greedy,1,7,52,20,3209.0,131.0,589.0,5.082632
lcamap,1,7,52,20,3311.0,139.0,531.0,0.090925
segdup,1,8,52,5,630,87,195,148.566446
insider,1,8,52,5,630.0,87.0,195.0,0.214552
insider_relax,1,8,52,5,630.0,87.0,195.0,0.244660
fastmultrec_greedy,1,8,52,5,630.0,87.0,195.0,0.424097
lcamap,1,8,52,5,630.0,87.0,195.0,0.081308
segdup,1,8,52,10,1065,87,195,143.519450
insider,1,8,52,10,1055.0,82.0,235.0,0.384212
insider_relax,1,8,52,10,1055.0,82.0,235.0,0.500526
fastmultrec_greedy,1,8,52,10,1061.0,86.0,201.0,0.772468
lcamap,1,8,52,10,1065.0,87.0,195.0,0.081671
segdup,1,8,52,15,1500,87,195,146.286030
insider,1,8,52,15,1459.0,79.0,274.0,1.078170
insider_relax,1,8,52,15,1459.0,79.0,274.0,1.874778
fastmultrec_greedy,1,8,52,15,1491.0,86.0,201.0,0.769498
lcamap,1,8,52,15,1500.0,87.0,195.0,0.082993
segdup,1,8,52,20,1935,87,195,135.574510
insider,1,8,52,20,1837.0,75.0,337.0,4.880510
insider_relax,1,8,52,20,1837.0,75.0,337.0,8.422120
fastmultrec_greedy,1,8,52,20,1921.0,86.0,201.0,0.764286
lcamap,1,8,52,20,1935.0,87.0,195.0,0.084075
segdup,1,9,52,5,60,10,10,125.626085
insider,1,9,52,5,60.0,10.0,10.0,0.088187
insider_relax,1,9,52,5,60.0,10.0,10.0,0.101153
fastmultrec_greedy,1,9,52,5,60.0,10.0,10.0,0.257983
lcamap,1,9,52,5,60.0,10.0,10.0,0.051346
segdup,1,9,52,10,110,10,10,120.947539
insider,1,9,52,10,110.0,10.0,10.0,0.090522
insider_relax,1,9,52,10,110.0,10.0,10.0,0.097137
fastmultrec_greedy,1,9,52,10,110.0,10.0,10.0,0.263337
lcamap,1,9,52,10,110.0,10.0,10.0,0.045965
segdup,1,9,52,15,160,10,10,71.623496
insider,1,9,52,15,160.0,10.0,10.0,0.097921
insider_relax,1,9,52,15,160.0,10.0,10.0,0.100886
fastmultrec_greedy,1,9,52,15,160.0,10.0,10.0,0.265251
lcamap,1,9,52,15,160.0,10.0,10.0,0.047869
segdup,1,9,52,20,210,10,10,73.574501
insider,1,9,52,20,210.0,10.0,10.0,0.104098
insider_relax,1,9,52,20,210.0,10.0,10.0,0.110650
fastmultrec_greedy,1,9,52,20,210.0,10.0,10.0,0.266310
lcamap,1,9,52,20,210.0,10.0,10.0,0.049541
segdup,1,10,52,5,5,1,0,74.437917
insider,1,10,52,5,5.0,1.0,0.0,0.045808
insider_relax,1,10,52,5,5.0,1.0,0.0,0.047053
fastmultrec_greedy,1,10,52,5,5.0,1.0,0.0,0.123610
lcamap,1,10,52,5,5.0,1.0,0.0,0.024627
segdup,1,10,52,10,10,1,0,69.154721
insider,1,10,52,10,10.0,1.0,0.0,0.044394
insider_relax,1,10,52,10,10.0,1.0,0.0,0.047092
fastmultrec_greedy,1,10,52,10,10.0,1.0,0.0,0.122927
lcamap,1,10,52,10,10.0,1.0,0.0,0.023953
segdup,1,10,52,15,15,1,0,66.863020
insider,1,10,52,15,15.0,1.0,0.0,0.045230
insider_relax,1,10,52,15,15.0,1.0,0.0,0.049661
fastmultrec_greedy,1,10,52,15,15.0,1.0,0.0,0.121985
lcamap,1,10,52,15,15.0,1.0,0.0,0.022853
segdup,1,10,52,20,20,1,0,40.054998
insider,1,10,52,20,20.0,1.0,0.0,0.045055
insider_relax,1,10,52,20,20.0,1.0,0.0,0.045668
fastmultrec_greedy,1,10,52,20,20.0,1.0,0.0,0.120597
lcamap,1,10,52,20,20.0,1.0,0.0,0.025350
segdup,1,11,52,5,5,1,0,145.285741
insider,1,11,52,5,5.0,1.0,0.0,0.087192
insider_relax,1,11,52,5,5.0,1.0,0.0,0.087849
fastmultrec_greedy,1,11,52,5,5.0,1.0,0.0,0.288190
lcamap,1,11,52,5,5.0,1.0,0.0,0.052660
segdup,1,11,52,10,10,1,0,134.678906
insider,1,11,52,10,10.0,1.0,0.0,0.087118
insider_relax,1,11,52,10,10.0,1.0,0.0,0.089517
fastmultrec_greedy,1,11,52,10,10.0,1.0,0.0,0.280656
lcamap,1,11,52,10,10.0,1.0,0.0,0.050831
segdup,1,11,52,15,15,1,0,82.249848
insider,1,11,52,15,15.0,1.0,0.0,0.088161
insider_relax,1,11,52,15,15.0,1.0,0.0,0.090697
fastmultrec_greedy,1,11,52,15,15.0,1.0,0.0,0.282249
lcamap,1,11,52,15,15.0,1.0,0.0,0.049657
segdup,1,11,52,20,20,1,0,80.939598
insider,1,11,52,20,20.0,1.0,0.0,0.087208
insider_relax,1,11,52,20,20.0,1.0,0.0,0.085473
fastmultrec_greedy,1,11,52,20,20.0,1.0,0.0,0.279843
lcamap,1,11,52,20,20.0,1.0,0.0,0.050123
segdup,2,7,52,5,2688,134,2018,199.949612
insider,2,7,52,5,2658.0,121.0,2053.0,0.234395
insider_relax,2,7,52,5,2658.0,120.0,2058.0,0.249627
fastmultrec_greedy,2,7,52,5,2659.0,121.0,2054.0,3.275161
lcamap,2,7,52,5,2688.0,134.0,2018.0,0.055719
segdup,2,7,52,10,3358,134,2018,190.756322
insider,2,7,52,10,3232.0,112.0,2112.0,0.327081
insider_relax,2,7,52,10,3232.0,111.0,2122.0,0.386078
fastmultrec_greedy,2,7,52,10,3252.0,117.0,2082.0,4.174912
lcamap,2,7,52,10,3358.0,134.0,2018.0,0.053196
segdup,2,7,52,15,4028,134,2018,192.584079
insider,2,7,52,15,3775.0,105.0,2200.0,0.566040
insider_relax,2,7,52,15,3775.0,105.0,2200.0,0.627040
fastmultrec_greedy,2,7,52,15,3834.0,116.0,2094.0,4.403635
lcamap,2,7,52,15,4028.0,134.0,2018.0,0.054767
segdup,2,7,52,20,4698,134,2018,195.880820
insider,2,7,52,20,4290.0,102.0,2250.0,0.882335
insider_relax,2,7,52,20,4290.0,102.0,2250.0,1.060327
fastmultrec_greedy,2,7,52,20,4391.0,114.0,2111.0,5.908116
lcamap,2,7,52,20,4698.0,134.0,2018.0,0.051201
segdup,2,9,52,5,98,17,13,126.844495
insider,2,9,52,5,98.0,17.0,13.0,0.114462
insider_relax,2,9,52,5,98.0,17.0,13.0,0.126364
fastmultrec_greedy,2,9,52,5,98.0,17.0,13.0,0.296920
lcamap,2,9,52,5,98.0,17.0,13.0,0.048841
segdup,2,9,52,10,183,17,13,120.162139
insider,2,9,52,10,183.0,17.0,13.0,0.134183
insider_relax,2,9,52,10,183.0,17.0,13.0,0.171508
fastmultrec_greedy,2,9,52,10,183.0,17.0,13.0,0.294821
lcamap,2,9,52,10,183.0,17.0,13.0,0.049514
segdup,2,9,52,15,268,17,13,122.256322
insider,2,9,52,15,268.0,17.0,13.0,0.188980
insider_relax,2,9,52,15,268.0,17.0,13.0,0.191697
fastmultrec_greedy,2,9,52,15,268.0,17.0,13.0,0.285517
lcamap,2,9,52,15,268.0,17.0,13.0,0.045465
segdup,2,9,52,20,353,17,13,84.266571
insider,2,9,52,20,353.0,17.0,13.0,0.285439
insider_relax,2,9,52,20,353.0,17.0,13.0,0.359577
fastmultrec_greedy,2,9,52,20,353.0,17.0,13.0,0.294914
lcamap,2,9,52,20,353.0,17.0,13.0,0.046853
segdup,2,10,52,5,21,4,1,230.485957
insider,2,10,52,5,21.0,4.0,1.0,0.167774
insider_relax,2,10,52,5,21.0,4.0,1.0,0.166654
fastmultrec_greedy,2,10,52,5,21.0,4.0,1.0,0.568253
lcamap,2,10,52,5,21.0,4.0,1.0,0.094170
segdup,2,10,52,10,41,4,1,222.107798
insider,2,10,52,10,41.0,4.0,1.0,0.168045
insider_relax,2,10,52,10,41.0,4.0,1.0,0.167954
fastmultrec_greedy,2,10,52,10,41.0,4.0,1.0,0.569826
lcamap,2,10,52,10,41.0,4.0,1.0,0.097006
segdup,2,10,52,15,61,4,1,178.954690
insider,2,10,52,15,61.0,4.0,1.0,0.175873
insider_relax,2,10,52,15,61.0,4.0,1.0,0.168374
fastmultrec_greedy,2,10,52,15,61.0,4.0,1.0,0.569937
lcamap,2,10,52,15,61.0,4.0,1.0,0.095458
segdup,2,10,52,20,81,4,1,111.189540
insider,2,10,52,20,81.0,4.0,1.0,0.174449
insider_relax,2,10,52,20,81.0,4.0,1.0,0.168027
fastmultrec_greedy,2,10,52,20,81.0,4.0,1.0,0.564009
lcamap,2,10,52,20,81.0,4.0,1.0,0.093434
segdup,2,11,52,5,10,2,0,182.282890
insider,2,11,52,5,10.0,2.0,0.0,0.106803
insider_relax,2,11,52,5,10.0,2.0,0.0,0.105550
fastmultrec_greedy,2,11,52,5,10.0,2.0,0.0,0.350464
lcamap,2,11,52,5,10.0,2.0,0.0,0.061396
segdup,2,11,52,10,20,2,0,176.041916
insider,2,11,52,10,20.0,2.0,0.0,0.108215
insider_relax,2,11,52,10,20.0,2.0,0.0,0.108960
fastmultrec_greedy,2,11,52,10,20.0,2.0,0.0,0.349525
lcamap,2,11,52,10,20.0,2.0,0.0,0.060097
segdup,2,11,52,15,30,2,0,138.121879
insider,2,11,52,15,30.0,2.0,0.0,0.102824
insider_relax,2,11,52,15,30.0,2.0,0.0,0.109328
fastmultrec_greedy,2,11,52,15,30.0,2.0,0.0,0.349609
lcamap,2,11,52,15,30.0,2.0,0.0,0.061201
segdup,2,11,52,20,40,2,0,85.115686
insider,2,11,52,20,40.0,2.0,0.0,0.103212
insider_relax,2,11,52,20,40.0,2.0,0.0,0.106993
fastmultrec_greedy,2,11,52,20,40.0,2.0,0.0,0.345907
lcamap,2,11,52,20,40.0,2.0,0.0,0.059693
segdup,1,7,53,5,1883,170,1033,154.016156
insider,1,7,53,5,1869.0,165.0,1044.0,0.213317
insider_relax,1,7,53,5,1869.0,165.0,1044.0,0.249843
fastmultrec_greedy,1,7,53,5,1869.0,165.0,1044.0,1.979464
lcamap,1,7,53,5,1883.0,170.0,1033.0,0.072258
segdup,1,7,53,10,2733,170,1033,145.691553
insider,1,7,53,10,2656.0,151.0,1146.0,0.424978
insider_relax,1,7,53,10,2656.0,151.0,1146.0,0.528103
fastmultrec_greedy,1,7,53,10,2681.0,161.0,1071.0,3.329581
lcamap,1,7,53,10,2733.0,170.0,1033.0,0.070725
segdup,1,7,53,15,3583,170,1033,148.849420
insider,1,7,53,15,3382.0,139.0,1297.0,1.169069
insider_relax,1,7,53,15,3382.0,139.0,1297.0,1.453290
fastmultrec_greedy,1,7,53,15,3480.0,159.0,1095.0,3.990524
lcamap,1,7,53,15,3583.0,170.0,1033.0,0.069327
segdup,1,7,53,20,4433,170,1033,145.356022
insider,1,7,53,20,4064.0,133.0,1404.0,3.332649
insider_relax,1,7,53,20,4064.0,133.0,1404.0,4.627845
fastmultrec_greedy,1,7,53,20,4270.0,158.0,1110.0,4.393628
lcamap,1,7,53,20,4433.0,170.0,1033.0,0.070315
segdup,1,8,53,5,655,94,185,113.238992
insider,1,8,53,5,645.0,89.0,200.0,0.176474
insider_relax,1,8,53,5,645.0,89.0,200.0,0.213737
fastmultrec_greedy,1,8,53,5,645.0,89.0,200.0,1.698045
lcamap,1,8,53,5,655.0,94.0,185.0,0.064533
segdup,1,8,53,10,1125,94,185,110.992916
insider,1,8,53,10,1076.0,83.0,246.0,0.338300
insider_relax,1,8,53,10,1076.0,83.0,246.0,0.508055
fastmultrec_greedy,1,8,53,10,1083.0,87.0,213.0,2.314531
lcamap,1,8,53,10,1125.0,94.0,185.0,0.063533
segdup,1,8,53,15,1571,92,191,108.671699
insider,1,8,53,15,1479.0,79.0,294.0,0.983211
insider_relax,1,8,53,15,1479.0,79.0,294.0,1.550508
fastmultrec_greedy,1,8,53,15,1518.0,87.0,213.0,2.291732
lcamap,1,8,53,15,1595.0,94.0,185.0,0.066998
segdup,1,8,53,20,2055,93,195,105.787490
insider,1,8,53,20,1860.0,75.0,360.0,6.480814
insider_relax,1,8,53,20,1860.0,75.0,360.0,13.208462
fastmultrec_greedy,1,8,53,20,1953.0,87.0,213.0,2.283192
lcamap,1,8,53,20,2065.0,94.0,185.0,0.064654
segdup,1,9,53,5,79,13,14,100.107109
insider,1,9,53,5,79.0,13.0,14.0,0.086528
insider_relax,1,9,53,5,79.0,13.0,14.0,0.094684
fastmultrec_greedy,1,9,53,5,79.0,13.0,14.0,0.305793
lcamap,1,9,53,5,79.0,13.0,14.0,0.040766
segdup,1,9,53,10,144,13,14,93.620736
insider,1,9,53,10,144.0,13.0,14.0,0.094818
insider_relax,1,9,53,10,144.0,13.0,14.0,0.104716
fastmultrec_greedy,1,9,53,10,144.0,13.0,14.0,0.305677
lcamap,1,9,53,10,144.0,13.0,14.0,0.043440
segdup,1,9,53,15,209,13,14,76.382588
insider,1,9,53,15,209.0,13.0,14.0,0.108446
insider_relax,1,9,53,15,209.0,13.0,14.0,0.109836
fastmultrec_greedy,1,9,53,15,209.0,13.0,14.0,0.304684
lcamap,1,9,53,15,209.0,13.0,14.0,0.044957
segdup,1,9,53,20,274,13,14,63.482151
insider,1,9,53,20,274.0,13.0,14.0,0.127540
insider_relax,1,9,53,20,274.0,13.0,14.0,0.126343
fastmultrec_greedy,1,9,53,20,274.0,13.0,14.0,0.301007
lcamap,1,9,53,20,274.0,13.0,14.0,0.041704
segdup,1,10,53,5,11,2,1,113.220422
insider,1,10,53,5,11.0,2.0,1.0,0.074406
insider_relax,1,10,53,5,11.0,2.0,1.0,0.074091
fastmultrec_greedy,1,10,53,5,11.0,2.0,1.0,0.222682
lcamap,1,10,53,5,11.0,2.0,1.0,0.043089
segdup,1,10,53,10,21,2,1,114.378137
insider,1,10,53,10,21.0,2.0,1.0,0.074403
insider_relax,1,10,53,10,21.0,2.0,1.0,0.074945
fastmultrec_greedy,1,10,53,10,21.0,2.0,1.0,0.225808
lcamap,1,10,53,10,21.0,2.0,1.0,0.044141
segdup,1,10,53,15,31,2,1,102.929630
insider,1,10,53,15,31.0,2.0,1.0,0.078517
insider_relax,1,10,53,15,31.0,2.0,1.0,0.073520
fastmultrec_greedy,1,10,53,15,31.0,2.0,1.0,0.222939
lcamap,1,10,53,15,31.0,2.0,1.0,0.043575
segdup,1,10,53,20,41,2,1,63.254411
insider,1,10,53,20,41.0,2.0,1.0,0.077829
insider_relax,1,10,53,20,41.0,2.0,1.0,0.073544
fastmultrec_greedy,1,10,53,20,41.0,2.0,1.0,0.223316
lcamap,1,10,53,20,41.0,2.0,1.0,0.044630
segdup,1,11,53,5,5,1,0,119.083623
insider,1,11,53,5,5.0,1.0,0.0,0.078859
insider_relax,1,11,53,5,5.0,1.0,0.0,0.077680
fastmultrec_greedy,1,11,53,5,5.0,1.0,0.0,0.241762
lcamap,1,11,53,5,5.0,1.0,0.0,0.047441
segdup,1,11,53,10,10,1,0,116.740803
insider,1,11,53,10,10.0,1.0,0.0,0.079529
insider_relax,1,11,53,10,10.0,1.0,0.0,0.078467
fastmultrec_greedy,1,11,53,10,10.0,1.0,0.0,0.241195
lcamap,1,11,53,10,10.0,1.0,0.0,0.046237
segdup,1,11,53,15,15,1,0,115.596417
insider,1,11,53,15,15.0,1.0,0.0,0.081958
insider_relax,1,11,53,15,15.0,1.0,0.0,0.080308
fastmultrec_greedy,1,11,53,15,15.0,1.0,0.0,0.260505
lcamap,1,11,53,15,15.0,1.0,0.0,0.047308
segdup,1,11,53,20,20,1,0,66.887024
insider,1,11,53,20,20.0,1.0,0.0,0.078213
insider_relax,1,11,53,20,20.0,1.0,0.0,0.075209
fastmultrec_greedy,1,11,53,20,20.0,1.0,0.0,0.244512
lcamap,1,11,53,20,20.0,1.0,0.0,0.047782
segdup,2,7,53,5,4772,200,3772,417.357180
insider,2,7,53,5,4718.0,176.0,3838.0,0.398403
insider_relax,2,7,53,5,4718.0,176.0,3838.0,0.420320
fastmultrec_greedy,2,7,53,5,4719.0,178.0,3829.0,11.499455
lcamap,2,7,53,5,4772.0,200.0,3772.0,0.105776
segdup,2,7,53,10,5772,200,3772,403.274480
insider,2,7,53,10,5535.0,156.0,3975.0,0.607367
insider_relax,2,7,53,10,5535.0,156.0,3975.0,0.715776
fastmultrec_greedy,2,7,53,10,5558.0,164.0,3918.0,19.483100
lcamap,2,7,53,10,5772.0,200.0,3772.0,0.107127
segdup,2,7,53,15,6772,200,3772,411.514002
insider,2,7,53,15,6298.0,146.0,4108.0,0.989515
insider_relax,2,7,53,15,6298.0,146.0,4108.0,1.264717
fastmultrec_greedy,2,7,53,15,6378.0,164.0,3918.0,19.497714
lcamap,2,7,53,15,6772.0,200.0,3772.0,0.106627
segdup,2,7,53,20,7764,199,3784,407.213634
insider,2,7,53,20,7024.0,144.0,4144.0,1.951159
insider_relax,2,7,53,20,7024.0,144.0,4144.0,2.565174
fastmultrec_greedy,2,7,53,20,7198.0,164.0,3918.0,19.546186
lcamap,2,7,53,20,7772.0,200.0,3772.0,0.107968
segdup,2,8,53,5,843,90,393,149.056550
insider,2,8,53,5,842.0,89.0,397.0,0.208769
insider_relax,2,8,53,5,842.0,89.0,397.0,0.225172
fastmultrec_greedy,2,8,53,5,843.0,90.0,393.0,0.399540
lcamap,2,8,53,5,843.0,90.0,393.0,0.073732
segdup,2,8,53,10,1293,90,393,142.577229
insider,2,8,53,10,1282.0,87.0,412.0,0.336114
insider_relax,2,8,53,10,1282.0,87.0,412.0,0.412201
fastmultrec_greedy,2,8,53,10,1293.0,90.0,393.0,0.404884
lcamap,2,8,53,10,1293.0,90.0,393.0,0.076930
segdup,2,8,53,15,1743,90,393,144.599417
insider,2,8,53,15,1709.0,84.0,449.0,0.590924
insider_relax,2,8,53,15,1709.0,84.0,449.0,0.680908
fastmultrec_greedy,2,8,53,15,1743.0,90.0,393.0,0.410743
lcamap,2,8,53,15,1743.0,90.0,393.0,0.076563
segdup,2,8,53,20,2193,90,393,142.898827
insider,2,8,53,20,2122.0,79.0,542.0,1.288648
insider_relax,2,8,53,20,2122.0,79.0,542.0,1.743302
fastmultrec_greedy,2,8,53,20,2193.0,90.0,393.0,0.400680
lcamap,2,8,53,20,2193.0,90.0,393.0,0.075766
segdup,2,10,53,5,70,12,10,256.298064
insider,2,10,53,5,70.0,12.0,10.0,0.208398
insider_relax,2,10,53,5,70.0,12.0,10.0,0.234712
fastmultrec_greedy,2,10,53,5,70.0,12.0,10.0,0.799138
lcamap,2,10,53,5,70.0,12.0,10.0,0.120573
segdup,2,10,53,10,130,12,10,223.357254
insider,2,10,53,10,130.0,12.0,10.0,0.231605
insider_relax,2,10,53,10,130.0,12.0,10.0,0.241787
fastmultrec_greedy,2,10,53,10,130.0,12.0,10.0,0.798598
lcamap,2,10,53,10,130.0,12.0,10.0,0.120103
segdup,2,10,53,15,190,12,10,201.636687
insider,2,10,53,15,190.0,12.0,10.0,0.247759
insider_relax,2,10,53,15,190.0,12.0,10.0,0.238930
fastmultrec_greedy,2,10,53,15,190.0,12.0,10.0,0.809227
lcamap,2,10,53,15,190.0,12.0,10.0,0.116974
segdup,2,10,53,20,250,12,10,130.809228
insider,2,10,53,20,250.0,12.0,10.0,0.280676
insider_relax,2,10,53,20,250.0,12.0,10.0,0.271587
fastmultrec_greedy,2,10,53,20,250.0,12.0,10.0,0.802830
lcamap,2,10,53,20,250.0,12.0,10.0,0.120482
segdup,2,11,53,5,10,2,0,211.069886
insider,2,11,53,5,10.0,2.0,0.0,0.122843
insider_relax,2,11,53,5,10.0,2.0,0.0,0.120582
fastmultrec_greedy,2,11,53,5,10.0,2.0,0.0,0.411207
lcamap,2,11,53,5,10.0,2.0,0.0,0.070822
segdup,2,11,53,10,20,2,0,187.069376
insider,2,11,53,10,20.0,2.0,0.0,0.123630
insider_relax,2,11,53,10,20.0,2.0,0.0,0.125158
fastmultrec_greedy,2,11,53,10,20.0,2.0,0.0,0.412540
lcamap,2,11,53,10,20.0,2.0,0.0,0.070896
segdup,2,11,53,15,30,2,0,98.568144
insider,2,11,53,15,30.0,2.0,0.0,0.118196
insider_relax,2,11,53,15,30.0,2.0,0.0,0.126396
fastmultrec_greedy,2,11,53,15,30.0,2.0,0.0,0.417895
lcamap,2,11,53,15,30.0,2.0,0.0,0.071634
segdup,2,11,53,20,40,2,0,99.095705
insider,2,11,53,20,40.0,2.0,0.0,0.117479
insider_relax,2,11,53,20,40.0,2.0,0.0,0.120074
fastmultrec_greedy,2,11,53,20,40.0,2.0,0.0,0.414315
lcamap,2,11,53,20,40.0,2.0,0.0,0.067338
segdup,1,7,54,5,404,52,144,58.106261
insider,1,7,54,5,404.0,52.0,144.0,0.091918
insider_relax,1,7,54,5,404.0,52.0,144.0,0.114124
fastmultrec_greedy,1,7,54,5,404.0,52.0,144.0,0.269252
lcamap,1,7,54,5,406.0,53.0,141.0,0.030649
segdup,1,7,54,10,664,52,144,55.844598
insider,1,7,54,10,659.0,50.0,159.0,0.138067
insider_relax,1,7,54,10,659.0,50.0,159.0,0.158568
fastmultrec_greedy,1,7,54,10,664.0,52.0,144.0,0.278459
lcamap,1,7,54,10,671.0,53.0,141.0,0.031508
segdup,1,7,54,15,924,52,144,53.484950
insider,1,7,54,15,906.0,48.0,186.0,0.200356
insider_relax,1,7,54,15,906.0,48.0,186.0,0.221904
fastmultrec_greedy,1,7,54,15,924.0,52.0,144.0,0.275539
lcamap,1,7,54,15,936.0,53.0,141.0,0.030592
segdup,1,7,54,20,1184,52,144,53.089454
insider,1,7,54,20,1146.0,48.0,186.0,0.362030
insider_relax,1,7,54,20,1146.0,48.0,186.0,0.444538
fastmultrec_greedy,1,7,54,20,1179.0,51.0,159.0,0.396687
lcamap,1,7,54,20,1201.0,53.0,141.0,0.031892
segdup,1,8,54,5,96,14,26,106.483680
insider,1,8,54,5,96.0,14.0,26.0,0.083962
insider_relax,1,8,54,5,96.0,14.0,26.0,0.085141
fastmultrec_greedy,1,8,54,5,96.0,14.0,26.0,0.239795
lcamap,1,8,54,5,96.0,14.0,26.0,0.044952
segdup,1,8,54,10,166,14,26,101.266064
insider,1,8,54,10,166.0,14.0,26.0,0.086669
insider_relax,1,8,54,10,166.0,14.0,26.0,0.091838
fastmultrec_greedy,1,8,54,10,166.0,14.0,26.0,0.244186
lcamap,1,8,54,10,166.0,14.0,26.0,0.040770
segdup,1,8,54,15,236,14,26,96.303681
insider,1,8,54,15,236.0,14.0,26.0,0.093464
insider_relax,1,8,54,15,236.0,14.0,26.0,0.098216
fastmultrec_greedy,1,8,54,15,236.0,14.0,26.0,0.239353
lcamap,1,8,54,15,236.0,14.0,26.0,0.043897
segdup,1,8,54,20,306,14,26,91.420222
insider,1,8,54,20,306.0,14.0,26.0,0.108676
insider_relax,1,8,54,20,306.0,14.0,26.0,0.115101
fastmultrec_greedy,1,8,54,20,306.0,14.0,26.0,0.244501
lcamap,1,8,54,20,306.0,14.0,26.0,0.043433
segdup,1,9,54,5,60,11,5,116.790319
insider,1,9,54,5,60.0,11.0,5.0,0.083604
insider_relax,1,9,54,5,60.0,11.0,5.0,0.090653
fastmultrec_greedy,1,9,54,5,60.0,11.0,5.0,0.222796
lcamap,1,9,54,5,60.0,11.0,5.0,0.045718
segdup,1,9,54,10,115,11,5,111.163782
insider,1,9,54,10,115.0,11.0,5.0,0.088740
insider_relax,1,9,54,10,115.0,11.0,5.0,0.102425
fastmultrec_greedy,1,9,54,10,115.0,11.0,5.0,0.228899
lcamap,1,9,54,10,115.0,11.0,5.0,0.044255
segdup,1,9,54,15,170,11,5,94.034232
insider,1,9,54,15,170.0,11.0,5.0,0.099344
insider_relax,1,9,54,15,170.0,11.0,5.0,0.105809
fastmultrec_greedy,1,9,54,15,170.0,11.0,5.0,0.221484
lcamap,1,9,54,15,170.0,11.0,5.0,0.046496
segdup,1,9,54,20,225,11,5,64.800998
insider,1,9,54,20,225.0,11.0,5.0,0.130699
insider_relax,1,9,54,20,225.0,11.0,5.0,0.131301
fastmultrec_greedy,1,9,54,20,225.0,11.0,5.0,0.241230
lcamap,1,9,54,20,225.0,11.0,5.0,0.043126
segdup,1,10,54,5,8,1,3,73.248084
insider,1,10,54,5,8.0,1.0,3.0,0.056305
insider_relax,1,10,54,5,8.0,1.0,3.0,0.060569
fastmultrec_greedy,1,10,54,5,8.0,1.0,3.0,0.196408
lcamap,1,10,54,5,8.0,1.0,3.0,0.032672
segdup,1,10,54,10,13,1,3,74.828577
insider,1,10,54,10,13.0,1.0,3.0,0.057993
insider_relax,1,10,54,10,13.0,1.0,3.0,0.063608
fastmultrec_greedy,1,10,54,10,13.0,1.0,3.0,0.196656
lcamap,1,10,54,10,13.0,1.0,3.0,0.034290
segdup,1,10,54,15,18,1,3,71.267390
insider,1,10,54,15,18.0,1.0,3.0,0.057035
insider_relax,1,10,54,15,18.0,1.0,3.0,0.062732
fastmultrec_greedy,1,10,54,15,18.0,1.0,3.0,0.199036
lcamap,1,10,54,15,18.0,1.0,3.0,0.033435
segdup,1,10,54,20,23,1,3,48.218352
insider,1,10,54,20,23.0,1.0,3.0,0.055196
insider_relax,1,10,54,20,23.0,1.0,3.0,0.060541
fastmultrec_greedy,1,10,54,20,23.0,1.0,3.0,0.196149
lcamap,1,10,54,20,23.0,1.0,3.0,0.034608
segdup,1,11,54,5,5,1,0,141.127475
insider,1,11,54,5,5.0,1.0,0.0,0.090109
insider_relax,1,11,54,5,5.0,1.0,0.0,0.091426
fastmultrec_greedy,1,11,54,5,5.0,1.0,0.0,0.270572
lcamap,1,11,54,5,5.0,1.0,0.0,0.053810
segdup,1,11,54,10,10,1,0,139.192154
insider,1,11,54,10,10.0,1.0,0.0,0.090560
insider_relax,1,11,54,10,10.0,1.0,0.0,0.090163
fastmultrec_greedy,1,11,54,10,10.0,1.0,0.0,0.274590
lcamap,1,11,54,10,10.0,1.0,0.0,0.053776
segdup,1,11,54,15,15,1,0,107.722697
insider,1,11,54,15,15.0,1.0,0.0,0.088258
insider_relax,1,11,54,15,15.0,1.0,0.0,0.091775
fastmultrec_greedy,1,11,54,15,15.0,1.0,0.0,0.273572
lcamap,1,11,54,15,15.0,1.0,0.0,0.053913
segdup,1,11,54,20,20,1,0,78.087450
insider,1,11,54,20,20.0,1.0,0.0,0.089730
insider_relax,1,11,54,20,20.0,1.0,0.0,0.099545
fastmultrec_greedy,1,11,54,20,20.0,1.0,0.0,0.269593
lcamap,1,11,54,20,20.0,1.0,0.0,0.053895
segdup,2,7,54,5,3427,165,2602,369.463244
insider,2,7,54,5,3396.0,149.0,2651.0,0.373302
insider_relax,2,7,54,5,3396.0,149.0,2651.0,0.397832
fastmultrec_greedy,2,7,54,5,3398.0,151.0,2643.0,6.886694
lcamap,2,7,54,5,3427.0,165.0,2602.0,0.100391
segdup,2,7,54,10,4252,165,2602,370.570322
insider,2,7,54,10,4114.0,137.0,2744.0,0.536407
insider_relax,2,7,54,10,4114.0,136.0,2754.0,0.583318
fastmultrec_greedy,2,7,54,10,4130.0,141.0,2720.0,13.067933
lcamap,2,7,54,10,4252.0,165.0,2602.0,0.104871
segdup,2,7,54,15,5077,165,2602,365.835991
insider,2,7,54,15,4772.0,127.0,2867.0,0.748191
insider_relax,2,7,54,15,4772.0,127.0,2867.0,0.860783
fastmultrec_greedy,2,7,54,15,4827.0,139.0,2742.0,13.933793
lcamap,2,7,54,15,5077.0,165.0,2602.0,0.104452
segdup,2,7,54,20,5902,165,2602,367.223620
insider,2,7,54,20,5401.0,123.0,2941.0,1.099991
insider_relax,2,7,54,20,5401.0,123.0,2941.0,1.320946
fastmultrec_greedy,2,7,54,20,5521.0,138.0,2761.0,14.395512
lcamap,2,7,54,20,5902.0,165.0,2602.0,0.101785
segdup,2,8,54,5,240,40,40,231.568359
insider,2,8,54,5,240.0,40.0,40.0,0.239613
insider_relax,2,8,54,5,240.0,40.0,40.0,0.276296
fastmultrec_greedy,2,8,54,5,240.0,40.0,40.0,0.694555
lcamap,2,8,54,5,240.0,40.0,40.0,0.110511
segdup,2,8,54,10,440,40,40,214.970236
insider,2,8,54,10,436.0,39.0,46.0,0.306890
insider_relax,2,8,54,10,436.0,39.0,46.0,0.476210
fastmultrec_greedy,2,8,54,10,440.0,40.0,40.0,0.696634
lcamap,2,8,54,10,440.0,40.0,40.0,0.114537
segdup,2,8,54,15,640,40,40,167.309562
insider,2,8,54,15,631.0,39.0,46.0,0.685944
insider_relax,2,8,54,15,631.0,39.0,46.0,0.698957
fastmultrec_greedy,2,8,54,15,640.0,40.0,40.0,0.685637
lcamap,2,8,54,15,640.0,40.0,40.0,0.114927
segdup,2,8,54,20,840,40,40,170.659034
insider,2,8,54,20,826.0,39.0,46.0,1.988974
insider_relax,2,8,54,20,826.0,39.0,46.0,3.116413
fastmultrec_greedy,2,8,54,20,840.0,40.0,40.0,0.701841
lcamap,2,8,54,20,840.0,40.0,40.0,0.111512
segdup,2,9,54,5,86,15,11,329.667627
insider,2,9,54,5,86.0,15.0,11.0,0.230063
insider_relax,2,9,54,5,86.0,15.0,11.0,0.237470
fastmultrec_greedy,2,9,54,5,86.0,15.0,11.0,0.744460
lcamap,2,9,54,5,86.0,15.0,11.0,0.130797
segdup,2,9,54,10,161,15,11,263.887750
insider,2,9,54,10,160.0,14.0,20.0,0.245716
insider_relax,2,9,54,10,160.0,14.0,20.0,0.262002
fastmultrec_greedy,2,9,54,10,161.0,15.0,11.0,0.738976
lcamap,2,9,54,10,161.0,15.0,11.0,0.131407
segdup,2,9,54,15,236,15,11,279.896157
insider,2,9,54,15,230.0,14.0,20.0,0.253909
insider_relax,2,9,54,15,230.0,14.0,20.0,0.254081
fastmultrec_greedy,2,9,54,15,236.0,15.0,11.0,0.740314
lcamap,2,9,54,15,236.0,15.0,11.0,0.127500
segdup,2,9,54,20,311,15,11,269.756866
insider,2,9,54,20,300.0,14.0,20.0,0.298116
insider_relax,2,9,54,20,300.0,14.0,20.0,0.284207
fastmultrec_greedy,2,9,54,20,311.0,15.0,11.0,0.737417
lcamap,2,9,54,20,311.0,15.0,11.0,0.132120
segdup,2,10,54,5,18,3,3,247.820951
insider,2,10,54,5,18.0,3.0,3.0,0.162948
insider_relax,2,10,54,5,18.0,3.0,3.0,0.162973
fastmultrec_greedy,2,10,54,5,18.0,3.0,3.0,0.553114
lcamap,2,10,54,5,18.0,3.0,3.0,0.090906
segdup,2,10,54,10,33,3,3,214.041796
insider,2,10,54,10,33.0,3.0,3.0,0.163368
insider_relax,2,10,54,10,33.0,3.0,3.0,0.161533
fastmultrec_greedy,2,10,54,10,33.0,3.0,3.0,0.549614
lcamap,2,10,54,10,33.0,3.0,3.0,0.093942
segdup,2,10,54,15,48,3,3,195.807042
insider,2,10,54,15,48.0,3.0,3.0,0.167497
insider_relax,2,10,54,15,48.0,3.0,3.0,0.168860
fastmultrec_greedy,2,10,54,15,48.0,3.0,3.0,0.550007
lcamap,2,10,54,15,48.0,3.0,3.0,0.096127
segdup,2,10,54,20,63,3,3,110.637749
insider,2,10,54,20,63.0,3.0,3.0,0.169736
insider_relax,2,10,54,20,63.0,3.0,3.0,0.163194
fastmultrec_greedy,2,10,54,20,63.0,3.0,3.0,0.551870
lcamap,2,10,54,20,63.0,3.0,3.0,0.094969
segdup,2,11,54,5,16,3,1,287.145552
insider,2,11,54,5,16.0,3.0,1.0,0.192586
insider_relax,2,11,54,5,16.0,3.0,1.0,0.196282
fastmultrec_greedy,2,11,54,5,16.0,3.0,1.0,0.684715
lcamap,2,11,54,5,16.0,3.0,1.0,0.112595
segdup,2,11,54,10,31,3,1,265.588874
insider,2,11,54,10,31.0,3.0,1.0,0.204675
insider_relax,2,11,54,10,31.0,3.0,1.0,0.194600
fastmultrec_greedy,2,11,54,10,31.0,3.0,1.0,0.684690
lcamap,2,11,54,10,31.0,3.0,1.0,0.111255
segdup,2,11,54,15,46,3,1,218.194102
insider,2,11,54,15,46.0,3.0,1.0,0.196699
insider_relax,2,11,54,15,46.0,3.0,1.0,0.193646
fastmultrec_greedy,2,11,54,15,46.0,3.0,1.0,0.685517
lcamap,2,11,54,15,46.0,3.0,1.0,0.111866
segdup,2,11,54,20,61,3,1,131.131175
insider,2,11,54,20,61.0,3.0,1.0,0.194502
insider_relax,2,11,54,20,61.0,3.0,1.0,0.196005
fastmultrec_greedy,2,11,54,20,61.0,3.0,1.0,0.684295
lcamap,2,11,54,20,61.0,3.0,1.0,0.112990
segdup,1,7,55,5,4450,258,3160,340.412523
insider,1,7,55,5,4388.0,230.0,3238.0,0.404014
insider_relax,1,7,55,5,4388.0,230.0,3238.0,0.447411
fastmultrec_greedy,1,7,55,5,4390.0,232.0,3230.0,13.579508
lcamap,1,7,55,5,4450.0,258.0,3160.0,0.112439
segdup,1,7,55,10,5740,258,3160,336.812997
insider,1,7,55,10,5458.0,204.0,3418.0,0.669877
insider_relax,1,7,55,10,5458.0,204.0,3418.0,0.809475
fastmultrec_greedy,1,7,55,10,5514.0,221.0,3304.0,19.703687
lcamap,1,7,55,10,5740.0,258.0,3160.0,0.112654
segdup,1,7,55,15,7030,258,3160,345.664093
insider,1,7,55,15,6434.0,189.0,3599.0,1.214822
insider_relax,1,7,55,15,6434.0,189.0,3599.0,1.389581
fastmultrec_greedy,1,7,55,15,6604.0,216.0,3364.0,23.269006
lcamap,1,7,55,15,7030.0,258.0,3160.0,0.110837
segdup,1,7,55,20,8320,258,3160,335.790963
insider,1,7,55,20,7363.0,183.0,3703.0,1.969980
insider_relax,1,7,55,20,7363.0,183.0,3703.0,2.450982
fastmultrec_greedy,1,7,55,20,7679.0,214.0,3399.0,24.357710
lcamap,1,7,55,20,8320.0,258.0,3160.0,0.110158
segdup,1,8,55,5,48,9,3,84.329065
insider,1,8,55,5,48.0,9.0,3.0,0.069094
insider_relax,1,8,55,5,48.0,9.0,3.0,0.075881
fastmultrec_greedy,1,8,55,5,48.0,9.0,3.0,0.221689
lcamap,1,8,55,5,48.0,9.0,3.0,0.034959
segdup,1,8,55,10,93,9,3,83.865238
insider,1,8,55,10,93.0,9.0,3.0,0.075233
insider_relax,1,8,55,10,93.0,9.0,3.0,0.090312
fastmultrec_greedy,1,8,55,10,93.0,9.0,3.0,0.223122
lcamap,1,8,55,10,93.0,9.0,3.0,0.034757
segdup,1,8,55,15,138,9,3,54.903419
insider,1,8,55,15,138.0,9.0,3.0,0.094188
insider_relax,1,8,55,15,138.0,9.0,3.0,0.098451
fastmultrec_greedy,1,8,55,15,138.0,9.0,3.0,0.218982
lcamap,1,8,55,15,138.0,9.0,3.0,0.035656
segdup,1,8,55,20,183,9,3,51.442772
insider,1,8,55,20,183.0,9.0,3.0,0.123695
insider_relax,1,8,55,20,183.0,9.0,3.0,0.129351
fastmultrec_greedy,1,8,55,20,183.0,9.0,3.0,0.226400
lcamap,1,8,55,20,183.0,9.0,3.0,0.032638
segdup,1,9,55,5,80,13,15,75.164466
insider,1,9,55,5,80.0,13.0,15.0,0.063540
insider_relax,1,9,55,5,80.0,13.0,15.0,0.080716
fastmultrec_greedy,1,9,55,5,80.0,13.0,15.0,0.164810
lcamap,1,9,55,5,80.0,13.0,15.0,0.029509
segdup,1,9,55,10,145,13,15,73.189712
insider,1,9,55,10,145.0,13.0,15.0,0.071594
insider_relax,1,9,55,10,145.0,13.0,15.0,0.088971
fastmultrec_greedy,1,9,55,10,145.0,13.0,15.0,0.166785
lcamap,1,9,55,10,145.0,13.0,15.0,0.028976
segdup,1,9,55,15,210,13,15,72.222056
insider,1,9,55,15,210.0,13.0,15.0,0.089305
insider_relax,1,9,55,15,210.0,13.0,15.0,0.090425
fastmultrec_greedy,1,9,55,15,210.0,13.0,15.0,0.160846
lcamap,1,9,55,15,210.0,13.0,15.0,0.030454
segdup,1,9,55,20,275,13,15,50.413225
insider,1,9,55,20,275.0,13.0,15.0,0.139092
insider_relax,1,9,55,20,275.0,13.0,15.0,0.161461
fastmultrec_greedy,1,9,55,20,275.0,13.0,15.0,0.164987
lcamap,1,9,55,20,275.0,13.0,15.0,0.029588
segdup,1,10,55,5,10,2,0,84.279278
insider,1,10,55,5,10.0,2.0,0.0,0.053926
insider_relax,1,10,55,5,10.0,2.0,0.0,0.054165
fastmultrec_greedy,1,10,55,5,10.0,2.0,0.0,0.162362
lcamap,1,10,55,5,10.0,2.0,0.0,0.030245
segdup,1,10,55,10,20,2,0,81.051457
insider,1,10,55,10,20.0,2.0,0.0,0.051382
insider_relax,1,10,55,10,20.0,2.0,0.0,0.054361
fastmultrec_greedy,1,10,55,10,20.0,2.0,0.0,0.164331
lcamap,1,10,55,10,20.0,2.0,0.0,0.029465
segdup,1,10,55,15,30,2,0,78.225245
insider,1,10,55,15,30.0,2.0,0.0,0.054688
insider_relax,1,10,55,15,30.0,2.0,0.0,0.055905
fastmultrec_greedy,1,10,55,15,30.0,2.0,0.0,0.167695
lcamap,1,10,55,15,30.0,2.0,0.0,0.028712
segdup,1,10,55,20,40,2,0,46.428878
insider,1,10,55,20,40.0,2.0,0.0,0.054795
insider_relax,1,10,55,20,40.0,2.0,0.0,0.057132
fastmultrec_greedy,1,10,55,20,40.0,2.0,0.0,0.168393
lcamap,1,10,55,20,40.0,2.0,0.0,0.031309
segdup,1,11,55,5,5,1,0,146.972822
insider,1,11,55,5,5.0,1.0,0.0,0.112286
insider_relax,1,11,55,5,5.0,1.0,0.0,0.110870
fastmultrec_greedy,1,11,55,5,5.0,1.0,0.0,0.416369
lcamap,1,11,55,5,5.0,1.0,0.0,0.071194
segdup,1,11,55,10,10,1,0,140.991375
insider,1,11,55,10,10.0,1.0,0.0,0.112629
insider_relax,1,11,55,10,10.0,1.0,0.0,0.117025
fastmultrec_greedy,1,11,55,10,10.0,1.0,0.0,0.419699
lcamap,1,11,55,10,10.0,1.0,0.0,0.069002
segdup,1,11,55,15,15,1,0,132.570595
insider,1,11,55,15,15.0,1.0,0.0,0.113224
insider_relax,1,11,55,15,15.0,1.0,0.0,0.107658
fastmultrec_greedy,1,11,55,15,15.0,1.0,0.0,0.417476
lcamap,1,11,55,15,15.0,1.0,0.0,0.069530
segdup,1,11,55,20,20,1,0,96.094836
insider,1,11,55,20,20.0,1.0,0.0,0.111148
insider_relax,1,11,55,20,20.0,1.0,0.0,0.112321
fastmultrec_greedy,1,11,55,20,20.0,1.0,0.0,0.416939
lcamap,1,11,55,20,20.0,1.0,0.0,0.067784
segdup,2,7,55,5,728,92,268,194.205593
insider,2,7,55,5,724.0,91.0,269.0,0.302802
insider_relax,2,7,55,5,724.0,91.0,269.0,0.341776
fastmultrec_greedy,2,7,55,5,724.0,91.0,269.0,0.891863
lcamap,2,7,55,5,728.0,92.0,268.0,0.096922
segdup,2,7,55,10,1188,92,268,191.392654
insider,2,7,55,10,1160.0,82.0,340.0,0.575089
insider_relax,2,7,55,10,1160.0,82.0,340.0,0.783308
fastmultrec_greedy,2,7,55,10,1179.0,91.0,269.0,0.904654
lcamap,2,7,55,10,1188.0,92.0,268.0,0.096200
segdup,2,7,55,15,1635,90,285,180.263820
insider,2,7,55,15,1564.0,78.0,394.0,1.687286
insider_relax,2,7,55,15,1564.0,78.0,394.0,2.395646
fastmultrec_greedy,2,7,55,15,1634.0,91.0,269.0,0.886603
lcamap,2,7,55,15,1648.0,92.0,268.0,0.098335
segdup,2,7,55,20,2095,91,275,187.052224
insider,2,7,55,20,1952.0,77.0,412.0,4.839756
insider_relax,2,7,55,20,1952.0,77.0,412.0,9.141496
fastmultrec_greedy,2,7,55,20,2089.0,91.0,269.0,0.896292
lcamap,2,7,55,20,2108.0,92.0,268.0,0.095576
segdup,2,8,55,5,463,68,123,193.204128
insider,2,8,55,5,463.0,68.0,123.0,0.273409
insider_relax,2,8,55,5,463.0,68.0,123.0,0.361259
fastmultrec_greedy,2,8,55,5,463.0,68.0,123.0,0.493122
lcamap,2,8,55,5,463.0,68.0,123.0,0.091620
segdup,2,8,55,10,803,68,123,186.000539
insider,2,8,55,10,784.0,60.0,184.0,0.697500
insider_relax,2,8,55,10,784.0,60.0,184.0,1.092714
fastmultrec_greedy,2,8,55,10,803.0,68.0,123.0,0.488417
lcamap,2,8,55,10,803.0,68.0,123.0,0.092528
segdup,2,8,55,15,1143,68,123,177.861500
insider,2,8,55,15,1077.0,56.0,237.0,3.163079
insider_relax,2,8,55,15,1077.0,56.0,237.0,6.903383
fastmultrec_greedy,2,8,55,15,1143.0,68.0,123.0,0.499057
lcamap,2,8,55,15,1143.0,68.0,123.0,0.096958
segdup,2,8,55,20,1483,68,123,176.734321
insider,2,8,55,20,1355.0,55.0,255.0,25.535918
insider_relax,2,8,55,20,1355.0,55.0,255.0,75.923690
fastmultrec_greedy,2,8,55,20,1483.0,68.0,123.0,0.495254
lcamap,2,8,55,20,1483.0,68.0,123.0,0.092611
segdup,2,10,55,5,11,2,1,283.154831
insider,2,10,55,5,11.0,2.0,1.0,0.189492
insider_relax,2,10,55,5,11.0,2.0,1.0,0.178223
fastmultrec_greedy,2,10,55,5,11.0,2.0,1.0,0.630401
lcamap,2,10,55,5,11.0,2.0,1.0,0.098059
segdup,2,10,55,10,21,2,1,250.858648
insider,2,10,55,10,21.0,2.0,1.0,0.178761
insider_relax,2,10,55,10,21.0,2.0,1.0,0.172871
fastmultrec_greedy,2,10,55,10,21.0,2.0,1.0,0.642949
lcamap,2,10,55,10,21.0,2.0,1.0,0.100052
segdup,2,10,55,15,31,2,1,130.023722
insider,2,10,55,15,31.0,2.0,1.0,0.179919
insider_relax,2,10,55,15,31.0,2.0,1.0,0.175780
fastmultrec_greedy,2,10,55,15,31.0,2.0,1.0,0.645285
lcamap,2,10,55,15,31.0,2.0,1.0,0.100129
segdup,2,10,55,20,41,2,1,125.801813
insider,2,10,55,20,41.0,2.0,1.0,0.183235
insider_relax,2,10,55,20,41.0,2.0,1.0,0.175356
fastmultrec_greedy,2,10,55,20,41.0,2.0,1.0,0.633034
lcamap,2,10,55,20,41.0,2.0,1.0,0.099035
segdup,2,11,55,5,10,2,0,220.557670
insider,2,11,55,5,10.0,2.0,0.0,0.151075
insider_relax,2,11,55,5,10.0,2.0,0.0,0.149488
fastmultrec_greedy,2,11,55,5,10.0,2.0,0.0,0.493437
lcamap,2,11,55,5,10.0,2.0,0.0,0.085900
segdup,2,11,55,10,20,2,0,204.231556
insider,2,11,55,10,20.0,2.0,0.0,0.148827
insider_relax,2,11,55,10,20.0,2.0,0.0,0.143490
fastmultrec_greedy,2,11,55,10,20.0,2.0,0.0,0.488846
lcamap,2,11,55,10,20.0,2.0,0.0,0.090355
segdup,2,11,55,15,30,2,0,167.096243
insider,2,11,55,15,30.0,2.0,0.0,0.148111
insider_relax,2,11,55,15,30.0,2.0,0.0,0.144789
fastmultrec_greedy,2,11,55,15,30.0,2.0,0.0,0.484876
lcamap,2,11,55,15,30.0,2.0,0.0,0.087833
segdup,2,11,55,20,40,2,0,98.834376
insider,2,11,55,20,40.0,2.0,0.0,0.149422
insider_relax,2,11,55,20,40.0,2.0,0.0,0.144037
fastmultrec_greedy,2,11,55,20,40.0,2.0,0.0,0.480423
lcamap,2,11,55,20,40.0,2.0,0.0,0.090810
segdup,1,7,56,5,3229,234,2059,255.342795
insider,1,7,56,5,3175.0,211.0,2120.0,0.326623
insider_relax,1,7,56,5,3175.0,211.0,2120.0,0.351794
fastmultrec_greedy,1,7,56,5,3175.0,211.0,2120.0,11.217764
lcamap,1,7,56,5,3229.0,234.0,2059.0,0.106784
segdup,1,7,56,10,4399,234,2059,256.483224
insider,1,7,56,10,4190.0,191.0,2280.0,0.556108
insider_relax,1,7,56,10,4190.0,191.0,2280.0,0.688597
fastmultrec_greedy,1,7,56,10,4218.0,205.0,2168.0,14.085342
lcamap,1,7,56,10,4399.0,234.0,2059.0,0.100897
segdup,1,7,56,15,5569,234,2059,251.925778
insider,1,7,56,15,5121.0,183.0,2376.0,1.163132
insider_relax,1,7,56,15,5121.0,183.0,2376.0,1.370192
fastmultrec_greedy,1,7,56,15,5227.0,201.0,2212.0,15.924639
lcamap,1,7,56,15,5569.0,234.0,2059.0,0.100901
segdup,1,7,56,20,6739,234,2059,251.212799
insider,1,7,56,20,6002.0,170.0,2602.0,2.948577
insider_relax,1,7,56,20,6002.0,170.0,2602.0,4.020047
fastmultrec_greedy,1,7,56,20,6218.0,198.0,2258.0,19.427547
lcamap,1,7,56,20,6739.0,234.0,2059.0,0.102846
segdup,1,8,56,5,457,66,127,81.829355
insider,1,8,56,5,454.0,64.0,134.0,0.130038
insider_relax,1,8,56,5,454.0,64.0,134.0,0.154140
fastmultrec_greedy,1,8,56,5,455.0,65.0,130.0,0.348717
lcamap,1,8,56,5,457.0,66.0,127.0,0.042823
segdup,1,8,56,10,787,66,127,81.136612
insider,1,8,56,10,762.0,58.0,182.0,0.315223
insider_relax,1,8,56,10,762.0,58.0,182.0,0.473409
fastmultrec_greedy,1,8,56,10,780.0,65.0,130.0,0.345063
lcamap,1,8,56,10,787.0,66.0,127.0,0.040796
segdup,1,8,56,15,1117,66,127,73.500349
insider,1,8,56,15,1047.0,55.0,222.0,1.164113
insider_relax,1,8,56,15,1047.0,55.0,222.0,1.872506
fastmultrec_greedy,1,8,56,15,1105.0,65.0,130.0,0.344446
lcamap,1,8,56,15,1117.0,66.0,127.0,0.041728
segdup,1,8,56,20,1447,66,127,79.929454
insider,1,8,56,20,1322.0,55.0,222.0,12.732798
insider_relax,1,8,56,20,1322.0,55.0,222.0,32.247356
fastmultrec_greedy,1,8,56,20,1423.0,63.0,163.0,0.647454
lcamap,1,8,56,20,1447.0,66.0,127.0,0.040768
segdup,1,9,56,5,69,12,9,120.599456
insider,1,9,56,5,69.0,12.0,9.0,0.113714
insider_relax,1,9,56,5,69.0,12.0,9.0,0.111108
fastmultrec_greedy,1,9,56,5,69.0,12.0,9.0,0.387689
lcamap,1,9,56,5,69.0,12.0,9.0,0.064714
segdup,1,9,56,10,129,12,9,129.847291
insider,1,9,56,10,129.0,12.0,9.0,0.118119
insider_relax,1,9,56,10,129.0,12.0,9.0,0.122868
fastmultrec_greedy,1,9,56,10,129.0,12.0,9.0,0.386071
lcamap,1,9,56,10,129.0,12.0,9.0,0.064085
segdup,1,9,56,15,189,12,9,123.273276
insider,1,9,56,15,189.0,12.0,9.0,0.124078
insider_relax,1,9,56,15,189.0,12.0,9.0,0.126478
fastmultrec_greedy,1,9,56,15,189.0,12.0,9.0,0.390422
lcamap,1,9,56,15,189.0,12.0,9.0,0.065246
segdup,1,9,56,20,249,12,9,101.910691
insider,1,9,56,20,249.0,12.0,9.0,0.131832
insider_relax,1,9,56,20,249.0,12.0,9.0,0.140054
fastmultrec_greedy,1,9,56,20,249.0,12.0,9.0,0.389522
lcamap,1,9,56,20,249.0,12.0,9.0,0.063684
segdup,1,10,56,5,10,2,0,70.423909
insider,1,10,56,5,10.0,2.0,0.0,0.054659
insider_relax,1,10,56,5,10.0,2.0,0.0,0.064439
fastmultrec_greedy,1,10,56,5,10.0,2.0,0.0,0.201615
lcamap,1,10,56,5,10.0,2.0,0.0,0.030438
segdup,1,10,56,10,20,2,0,68.550400
insider,1,10,56,10,20.0,2.0,0.0,0.060677
insider_relax,1,10,56,10,20.0,2.0,0.0,0.063067
fastmultrec_greedy,1,10,56,10,20.0,2.0,0.0,0.202788
lcamap,1,10,56,10,20.0,2.0,0.0,0.032180
segdup,1,10,56,15,30,2,0,47.073485
insider,1,10,56,15,30.0,2.0,0.0,0.057022
insider_relax,1,10,56,15,30.0,2.0,0.0,0.062692
fastmultrec_greedy,1,10,56,15,30.0,2.0,0.0,0.205266
lcamap,1,10,56,15,30.0,2.0,0.0,0.032118
segdup,1,10,56,20,40,2,0,45.924344
insider,1,10,56,20,40.0,2.0,0.0,0.063034
insider_relax,1,10,56,20,40.0,2.0,0.0,0.064503
fastmultrec_greedy,1,10,56,20,40.0,2.0,0.0,0.202045
lcamap,1,10,56,20,40.0,2.0,0.0,0.031428
segdup,1,11,56,5,5,1,0,132.789992
insider,1,11,56,5,5.0,1.0,0.0,0.084629
insider_relax,1,11,56,5,5.0,1.0,0.0,0.094904
fastmultrec_greedy,1,11,56,5,5.0,1.0,0.0,0.264119
lcamap,1,11,56,5,5.0,1.0,0.0,0.049492
segdup,1,11,56,10,10,1,0,118.310319
insider,1,11,56,10,10.0,1.0,0.0,0.082404
insider_relax,1,11,56,10,10.0,1.0,0.0,0.084657
fastmultrec_greedy,1,11,56,10,10.0,1.0,0.0,0.258611
lcamap,1,11,56,10,10.0,1.0,0.0,0.049863
segdup,1,11,56,15,15,1,0,119.113549
insider,1,11,56,15,15.0,1.0,0.0,0.084233
insider_relax,1,11,56,15,15.0,1.0,0.0,0.082669
fastmultrec_greedy,1,11,56,15,15.0,1.0,0.0,0.263942
lcamap,1,11,56,15,15.0,1.0,0.0,0.047515
segdup,1,11,56,20,20,1,0,72.004640
insider,1,11,56,20,20.0,1.0,0.0,0.083813
insider_relax,1,11,56,20,20.0,1.0,0.0,0.086016
fastmultrec_greedy,1,11,56,20,20.0,1.0,0.0,0.263726
lcamap,1,11,56,20,20.0,1.0,0.0,0.049577
segdup,2,7,56,5,2250,159,1455,323.416354
insider,2,7,56,5,2238.0,153.0,1473.0,0.353099
insider_relax,2,7,56,5,2238.0,153.0,1473.0,0.369323
fastmultrec_greedy,2,7,56,5,2238.0,154.0,1468.0,4.051717
lcamap,2,7,56,5,2250.0,159.0,1455.0,0.119472
segdup,2,7,56,10,3045,159,1455,314.808357
insider,2,7,56,10,2975.0,141.0,1565.0,0.573403
insider_relax,2,7,56,10,2975.0,140.0,1575.0,0.722722
fastmultrec_greedy,2,7,56,10,2987.0,147.0,1517.0,9.076650
lcamap,2,7,56,10,3045.0,159.0,1455.0,0.121330
segdup,2,7,56,15,3840,159,1455,302.728147
insider,2,7,56,15,3654.0,131.0,1689.0,1.166507
insider_relax,2,7,56,15,3654.0,131.0,1689.0,1.260841
fastmultrec_greedy,2,7,56,15,3717.0,146.0,1527.0,9.797012
lcamap,2,7,56,15,3840.0,159.0,1455.0,0.118762
segdup,2,7,56,20,4635,159,1455,309.398749
insider,2,7,56,20,4298.0,126.0,1778.0,2.027785
insider_relax,2,7,56,20,4298.0,126.0,1778.0,2.632763
fastmultrec_greedy,2,7,56,20,4441.0,144.0,1561.0,11.270981
lcamap,2,7,56,20,4635.0,159.0,1455.0,0.121706
segdup,2,8,56,5,150,24,30,151.307501
insider,2,8,56,5,150.0,24.0,30.0,0.180863
insider_relax,2,8,56,5,150.0,24.0,30.0,0.188821
fastmultrec_greedy,2,8,56,5,150.0,24.0,30.0,0.454845
lcamap,2,8,56,5,150.0,24.0,30.0,0.082464
segdup,2,8,56,10,270,24,30,154.373703
insider,2,8,56,10,270.0,24.0,30.0,0.212430
insider_relax,2,8,56,10,270.0,24.0,30.0,0.262761
fastmultrec_greedy,2,8,56,10,270.0,24.0,30.0,0.460680
lcamap,2,8,56,10,270.0,24.0,30.0,0.079330
segdup,2,8,56,15,390,24,30,133.139100
insider,2,8,56,15,390.0,24.0,30.0,0.317943
insider_relax,2,8,56,15,390.0,24.0,30.0,0.307534
fastmultrec_greedy,2,8,56,15,390.0,24.0,30.0,0.471956
lcamap,2,8,56,15,390.0,24.0,30.0,0.083331
segdup,2,8,56,20,510,24,30,93.918302
insider,2,8,56,20,510.0,24.0,30.0,0.527289
insider_relax,2,8,56,20,510.0,24.0,30.0,0.595632
fastmultrec_greedy,2,8,56,20,510.0,24.0,30.0,0.460841
lcamap,2,8,56,20,510.0,24.0,30.0,0.085248
segdup,2,9,56,5,106,18,16,101.196396
insider,2,9,56,5,106.0,18.0,16.0,0.134725
insider_relax,2,9,56,5,106.0,18.0,16.0,0.159031
fastmultrec_greedy,2,9,56,5,106.0,18.0,16.0,0.330776
lcamap,2,9,56,5,106.0,18.0,16.0,0.051158
segdup,2,9,56,10,196,18,16,92.768718
insider,2,9,56,10,192.0,17.0,22.0,0.167368
insider_relax,2,9,56,10,192.0,17.0,22.0,0.325970
fastmultrec_greedy,2,9,56,10,196.0,18.0,16.0,0.333456
lcamap,2,9,56,10,196.0,18.0,16.0,0.052437
segdup,2,9,56,15,286,18,16,83.992049
insider,2,9,56,15,277.0,17.0,22.0,0.403776
insider_relax,2,9,56,15,277.0,17.0,22.0,0.424104
fastmultrec_greedy,2,9,56,15,286.0,18.0,16.0,0.340404
lcamap,2,9,56,15,286.0,18.0,16.0,0.050232
segdup,2,9,56,20,362,17,22,63.703219
insider,2,9,56,20,362.0,17.0,22.0,0.653118
insider_relax,2,9,56,20,362.0,17.0,22.0,0.798731
fastmultrec_greedy,2,9,56,20,376.0,18.0,16.0,0.329904
lcamap,2,9,56,20,376.0,18.0,16.0,0.054042
segdup,2,10,56,5,11,2,1,288.989759
insider,2,10,56,5,11.0,2.0,1.0,0.172194
insider_relax,2,10,56,5,11.0,2.0,1.0,0.174083
fastmultrec_greedy,2,10,56,5,11.0,2.0,1.0,0.574638
lcamap,2,10,56,5,11.0,2.0,1.0,0.108963
segdup,2,10,56,10,21,2,1,259.812163
insider,2,10,56,10,21.0,2.0,1.0,0.174783
insider_relax,2,10,56,10,21.0,2.0,1.0,0.171380
fastmultrec_greedy,2,10,56,10,21.0,2.0,1.0,0.582310
lcamap,2,10,56,10,21.0,2.0,1.0,0.109140
segdup,2,10,56,15,31,2,1,126.333001
insider,2,10,56,15,31.0,2.0,1.0,0.175151
insider_relax,2,10,56,15,31.0,2.0,1.0,0.167193
fastmultrec_greedy,2,10,56,15,31.0,2.0,1.0,0.578678
lcamap,2,10,56,15,31.0,2.0,1.0,0.107913
segdup,2,10,56,20,41,2,1,131.185583
insider,2,10,56,20,41.0,2.0,1.0,0.179210
insider_relax,2,10,56,20,41.0,2.0,1.0,0.164194
fastmultrec_greedy,2,10,56,20,41.0,2.0,1.0,0.582382
lcamap,2,10,56,20,41.0,2.0,1.0,0.109404
segdup,2,11,56,5,94348,21,94243,503.322747
insider,2,11,56,5,94348.0,21.0,94243.0,0.305542
insider_relax,2,11,56,5,94348.0,21.0,94243.0,0.292315
fastmultrec_greedy,2,11,56,5,94348.0,21.0,94243.0,0.565560
lcamap,2,11,56,5,94348.0,21.0,94243.0,0.134226
segdup,2,11,56,10,94453,21,94243,491.363611
insider,2,11,56,10,94453.0,21.0,94243.0,0.304743
insider_relax,2,11,56,10,94453.0,21.0,94243.0,0.316629
fastmultrec_greedy,2,11,56,10,94453.0,21.0,94243.0,0.570911
lcamap,2,11,56,10,94453.0,21.0,94243.0,0.138113
segdup,2,11,56,15,94558,21,94243,510.943559
insider,2,11,56,15,94558.0,21.0,94243.0,0.302862
insider_relax,2,11,56,15,94558.0,21.0,94243.0,0.301577
fastmultrec_greedy,2,11,56,15,94558.0,21.0,94243.0,0.559061
lcamap,2,11,56,15,94558.0,21.0,94243.0,0.135571
segdup,2,11,56,20,94663,21,94243,509.619577
insider,2,11,56,20,94663.0,21.0,94243.0,0.300263
insider_relax,2,11,56,20,94663.0,21.0,94243.0,0.297818
fastmultrec_greedy,2,11,56,20,94663.0,21.0,94243.0,0.568819
lcamap,2,11,56,20,94663.0,21.0,94243.0,0.136026
segdup,1,7,57,5,953,96,473,106.514905
insider,1,7,57,5,948.0,94.0,478.0,0.153679
insider_relax,1,7,57,5,948.0,94.0,478.0,0.177959
fastmultrec_greedy,1,7,57,5,949.0,95.0,474.0,0.464173
lcamap,1,7,57,5,953.0,96.0,473.0,0.049446
segdup,1,7,57,10,1433,96,473,103.015444
insider,1,7,57,10,1403.0,88.0,523.0,0.269403
insider_relax,1,7,57,10,1403.0,88.0,523.0,0.319357
fastmultrec_greedy,1,7,57,10,1421.0,92.0,501.0,1.110492
lcamap,1,7,57,10,1433.0,96.0,473.0,0.050272
segdup,1,7,57,15,1904,94,494,99.472296
insider,1,7,57,15,1837.0,86.0,547.0,0.525630
insider_relax,1,7,57,15,1837.0,86.0,547.0,0.648158
fastmultrec_greedy,1,7,57,15,1881.0,92.0,501.0,1.130441
lcamap,1,7,57,15,1913.0,96.0,473.0,0.050290
segdup,1,7,57,20,2393,96,473,101.204169
insider,1,7,57,20,2251.0,82.0,611.0,1.039538
insider_relax,1,7,57,20,2251.0,82.0,611.0,1.551069
fastmultrec_greedy,1,7,57,20,2341.0,92.0,501.0,1.112820
lcamap,1,7,57,20,2393.0,96.0,473.0,0.049081
segdup,1,8,57,5,980,116,400,109.261670
insider,1,8,57,5,977.0,114.0,407.0,0.192384
insider_relax,1,8,57,5,977.0,114.0,407.0,0.237432
fastmultrec_greedy,1,8,57,5,977.0,114.0,407.0,0.811350
lcamap,1,8,57,5,980.0,116.0,400.0,0.059954
segdup,1,8,57,10,1560,116,400,106.853315
insider,1,8,57,10,1517.0,104.0,477.0,0.345168
insider_relax,1,8,57,10,1517.0,104.0,477.0,0.412036
fastmultrec_greedy,1,8,57,10,1547.0,114.0,407.0,0.818121
lcamap,1,8,57,10,1560.0,116.0,400.0,0.059926
segdup,1,8,57,15,2137,115,412,109.494774
insider,1,8,57,15,2029.0,100.0,529.0,0.601197
insider_relax,1,8,57,15,2029.0,100.0,529.0,0.720770
fastmultrec_greedy,1,8,57,15,2117.0,114.0,407.0,0.819763
lcamap,1,8,57,15,2140.0,116.0,400.0,0.062105
segdup,1,8,57,20,2720,116,400,104.420217
insider,1,8,57,20,2523.0,98.0,563.0,1.347162
insider_relax,1,8,57,20,2523.0,98.0,563.0,2.177629
fastmultrec_greedy,1,8,57,20,2687.0,114.0,407.0,0.816822
lcamap,1,8,57,20,2720.0,116.0,400.0,0.060702
segdup,1,9,57,5,96,17,11,89.178125
insider,1,9,57,5,96.0,17.0,11.0,0.085593
insider_relax,1,9,57,5,96.0,17.0,11.0,0.094786
fastmultrec_greedy,1,9,57,5,96.0,17.0,11.0,0.237079
lcamap,1,9,57,5,96.0,17.0,11.0,0.039293
segdup,1,9,57,10,181,17,11,84.974325
insider,1,9,57,10,181.0,17.0,11.0,0.094304
insider_relax,1,9,57,10,181.0,17.0,11.0,0.116291
fastmultrec_greedy,1,9,57,10,181.0,17.0,11.0,0.235661
lcamap,1,9,57,10,181.0,17.0,11.0,0.041390
segdup,1,9,57,15,266,17,11,87.708195
insider,1,9,57,15,266.0,17.0,11.0,0.130785
insider_relax,1,9,57,15,266.0,17.0,11.0,0.160710
fastmultrec_greedy,1,9,57,15,266.0,17.0,11.0,0.232668
lcamap,1,9,57,15,266.0,17.0,11.0,0.039497
segdup,1,9,57,20,351,17,11,69.103840
insider,1,9,57,20,351.0,17.0,11.0,0.244369
insider_relax,1,9,57,20,351.0,17.0,11.0,0.321134
fastmultrec_greedy,1,9,57,20,351.0,17.0,11.0,0.232800
lcamap,1,9,57,20,351.0,17.0,11.0,0.043466
segdup,1,10,57,5,20,4,0,112.773322
insider,1,10,57,5,20.0,4.0,0.0,0.070574
insider_relax,1,10,57,5,20.0,4.0,0.0,0.077168
fastmultrec_greedy,1,10,57,5,20.0,4.0,0.0,0.217725
lcamap,1,10,57,5,20.0,4.0,0.0,0.040568
segdup,1,10,57,10,40,4,0,109.087741
insider,1,10,57,10,40.0,4.0,0.0,0.070856
insider_relax,1,10,57,10,40.0,4.0,0.0,0.075338
fastmultrec_greedy,1,10,57,10,40.0,4.0,0.0,0.217773
lcamap,1,10,57,10,40.0,4.0,0.0,0.039927
segdup,1,10,57,15,60,4,0,89.902215
insider,1,10,57,15,60.0,4.0,0.0,0.075116
insider_relax,1,10,57,15,60.0,4.0,0.0,0.075754
fastmultrec_greedy,1,10,57,15,60.0,4.0,0.0,0.215683
lcamap,1,10,57,15,60.0,4.0,0.0,0.041096
segdup,1,10,57,20,80,4,0,89.404382
insider,1,10,57,20,80.0,4.0,0.0,0.071217
insider_relax,1,10,57,20,80.0,4.0,0.0,0.075434
fastmultrec_greedy,1,10,57,20,80.0,4.0,0.0,0.217648
lcamap,1,10,57,20,80.0,4.0,0.0,0.042249
segdup,1,11,57,5,5,1,0,137.119749
insider,1,11,57,5,5.0,1.0,0.0,0.089115
insider_relax,1,11,57,5,5.0,1.0,0.0,0.092516
fastmultrec_greedy,1,11,57,5,5.0,1.0,0.0,0.290357
lcamap,1,11,57,5,5.0,1.0,0.0,0.051159
segdup,1,11,57,10,10,1,0,129.968580
insider,1,11,57,10,10.0,1.0,0.0,0.088044
insider_relax,1,11,57,10,10.0,1.0,0.0,0.090557
fastmultrec_greedy,1,11,57,10,10.0,1.0,0.0,0.290555
lcamap,1,11,57,10,10.0,1.0,0.0,0.052955
segdup,1,11,57,15,15,1,0,81.709839
insider,1,11,57,15,15.0,1.0,0.0,0.091206
insider_relax,1,11,57,15,15.0,1.0,0.0,0.091193
fastmultrec_greedy,1,11,57,15,15.0,1.0,0.0,0.282491
lcamap,1,11,57,15,15.0,1.0,0.0,0.051038
segdup,1,11,57,20,20,1,0,103.675293
insider,1,11,57,20,20.0,1.0,0.0,0.088645
insider_relax,1,11,57,20,20.0,1.0,0.0,0.098352
fastmultrec_greedy,1,11,57,20,20.0,1.0,0.0,0.283554
lcamap,1,11,57,20,20.0,1.0,0.0,0.053632
segdup,2,7,57,5,3401,181,2496,260.349611
insider,2,7,57,5,3365.0,164.0,2545.0,0.286258
insider_relax,2,7,57,5,3365.0,164.0,2545.0,0.336035
fastmultrec_greedy,2,7,57,5,3368.0,166.0,2538.0,4.708332
lcamap,2,7,57,5,3401.0,181.0,2496.0,0.077259
segdup,2,7,57,10,4306,181,2496,256.998392
insider,2,7,57,10,4144.0,145.0,2694.0,0.534277
insider_relax,2,7,57,10,4144.0,145.0,2694.0,0.680321
fastmultrec_greedy,2,7,57,10,4169.0,157.0,2599.0,8.189258
lcamap,2,7,57,10,4306.0,181.0,2496.0,0.073817
segdup,2,7,57,15,5208,180,2508,258.169388
insider,2,7,57,15,4845.0,133.0,2850.0,1.184547
insider_relax,2,7,57,15,4845.0,133.0,2850.0,1.570448
fastmultrec_greedy,2,7,57,15,4938.0,153.0,2643.0,10.097606
lcamap,2,7,57,15,5211.0,181.0,2496.0,0.074400
segdup,2,7,57,20,6116,181,2496,259.809631
insider,2,7,57,20,5495.0,126.0,2975.0,2.993428
insider_relax,2,7,57,20,5495.0,126.0,2975.0,4.261800
fastmultrec_greedy,2,7,57,20,5703.0,153.0,2643.0,10.109569
lcamap,2,7,57,20,6116.0,181.0,2496.0,0.073722
segdup,2,8,57,5,357,55,82,121.018674
insider,2,8,57,5,357.0,55.0,82.0,0.217777
insider_relax,2,8,57,5,357.0,55.0,82.0,0.273099
fastmultrec_greedy,2,8,57,5,357.0,55.0,82.0,0.408236
lcamap,2,8,57,5,357.0,55.0,82.0,0.073291
segdup,2,8,57,10,632,55,82,121.889813
insider,2,8,57,10,630.0,53.0,100.0,0.365350
insider_relax,2,8,57,10,630.0,53.0,100.0,0.537174
fastmultrec_greedy,2,8,57,10,632.0,55.0,82.0,0.406379
lcamap,2,8,57,10,632.0,55.0,82.0,0.075763
segdup,2,8,57,15,907,55,82,110.564934
insider,2,8,57,15,892.0,51.0,127.0,0.817241
insider_relax,2,8,57,15,892.0,51.0,127.0,0.996117
fastmultrec_greedy,2,8,57,15,907.0,55.0,82.0,0.408979
lcamap,2,8,57,15,907.0,55.0,82.0,0.076363
segdup,2,8,57,20,1182,55,82,113.020829
insider,2,8,57,20,1134.0,48.0,174.0,2.744288
insider_relax,2,8,57,20,1134.0,48.0,174.0,5.812582
fastmultrec_greedy,2,8,57,20,1182.0,55.0,82.0,0.408912
lcamap,2,8,57,20,1182.0,55.0,82.0,0.073046
segdup,2,9,57,5,114,20,14,291.238463
insider,2,9,57,5,114.0,20.0,14.0,0.215337
insider_relax,2,9,57,5,114.0,20.0,14.0,0.235916
fastmultrec_greedy,2,9,57,5,114.0,20.0,14.0,0.743262
lcamap,2,9,57,5,114.0,20.0,14.0,0.115798
segdup,2,9,57,10,214,20,14,266.946573
insider,2,9,57,10,214.0,20.0,14.0,0.255878
insider_relax,2,9,57,10,214.0,20.0,14.0,0.291722
fastmultrec_greedy,2,9,57,10,214.0,20.0,14.0,0.740714
lcamap,2,9,57,10,214.0,20.0,14.0,0.120368
segdup,2,9,57,15,314,20,14,194.525568
insider,2,9,57,15,314.0,20.0,14.0,0.333039
insider_relax,2,9,57,15,314.0,20.0,14.0,0.344267
fastmultrec_greedy,2,9,57,15,314.0,20.0,14.0,0.737592
lcamap,2,9,57,15,314.0,20.0,14.0,0.116532
segdup,2,9,57,20,414,20,14,191.613472
insider,2,9,57,20,414.0,20.0,14.0,0.465197
insider_relax,2,9,57,20,414.0,20.0,14.0,0.552558
fastmultrec_greedy,2,9,57,20,414.0,20.0,14.0,0.746002
lcamap,2,9,57,20,414.0,20.0,14.0,0.119303
segdup,1,7,58,5,1596,151,841,129.551456
insider,1,7,58,5,1576.0,140.0,876.0,0.211455
insider_relax,1,7,58,5,1576.0,140.0,876.0,0.236178
fastmultrec_greedy,1,7,58,5,1576.0,142.0,866.0,2.997240
lcamap,1,7,58,5,1596.0,151.0,841.0,0.062290
segdup,1,7,58,10,2351,151,841,128.470951
insider,1,7,58,10,2245.0,130.0,945.0,0.416066
insider_relax,1,7,58,10,2245.0,130.0,945.0,0.514291
fastmultrec_greedy,1,7,58,10,2281.0,140.0,881.0,3.624964
lcamap,1,7,58,10,2351.0,151.0,841.0,0.064811
segdup,1,7,58,15,3106,151,841,126.479934
insider,1,7,58,15,2885.0,124.0,1025.0,0.966531
insider_relax,1,7,58,15,2885.0,124.0,1025.0,1.313316
fastmultrec_greedy,1,7,58,15,2978.0,139.0,893.0,3.916736
lcamap,1,7,58,15,3106.0,151.0,841.0,0.061868
segdup,1,7,58,20,3861,151,841,125.932572
insider,1,7,58,20,3495.0,119.0,1115.0,3.319951
insider_relax,1,7,58,20,3495.0,119.0,1115.0,5.471877
fastmultrec_greedy,1,7,58,20,3671.0,138.0,911.0,4.253255
lcamap,1,7,58,20,3861.0,151.0,841.0,0.061940
segdup,1,8,58,5,681,93,216,128.372734
insider,1,8,58,5,681.0,93.0,216.0,0.207721
insider_relax,1,8,58,5,681.0,93.0,216.0,0.244714
fastmultrec_greedy,1,8,58,5,681.0,93.0,216.0,0.637609
lcamap,1,8,58,5,683.0,94.0,213.0,0.075402
segdup,1,8,58,10,1153,94,213,126.029990
insider,1,8,58,10,1127.0,86.0,267.0,0.394521
insider_relax,1,8,58,10,1127.0,86.0,267.0,0.564082
fastmultrec_greedy,1,8,58,10,1146.0,93.0,216.0,0.637341
lcamap,1,8,58,10,1153.0,94.0,213.0,0.074823
segdup,1,8,58,15,1623,94,213,122.352097
insider,1,8,58,15,1548.0,81.0,333.0,1.502369
insider_relax,1,8,58,15,1548.0,81.0,333.0,2.237517
fastmultrec_greedy,1,8,58,15,1611.0,93.0,216.0,0.645821
lcamap,1,8,58,15,1623.0,94.0,213.0,0.071869
segdup,1,8,58,20,2078,93,218,121.836586
insider,1,8,58,20,1941.0,77.0,401.0,9.653769
insider_relax,1,8,58,20,1941.0,77.0,401.0,20.738475
fastmultrec_greedy,1,8,58,20,2076.0,93.0,216.0,0.634097
lcamap,1,8,58,20,2093.0,94.0,213.0,0.075523
segdup,1,9,58,5,219,37,34,123.436020
insider,1,9,58,5,219.0,37.0,34.0,0.133175
insider_relax,1,9,58,5,219.0,37.0,34.0,0.154874
fastmultrec_greedy,1,9,58,5,219.0,37.0,34.0,0.323580
lcamap,1,9,58,5,219.0,37.0,34.0,0.063123
segdup,1,9,58,10,404,37,34,111.656304
insider,1,9,58,10,403.0,36.0,43.0,0.170912
insider_relax,1,9,58,10,403.0,36.0,43.0,0.231707
fastmultrec_greedy,1,9,58,10,404.0,37.0,34.0,0.321874
lcamap,1,9,58,10,404.0,37.0,34.0,0.065283
segdup,1,9,58,15,589,37,34,111.281162
insider,1,9,58,15,583.0,36.0,43.0,0.269418
insider_relax,1,9,58,15,583.0,36.0,43.0,0.378326
fastmultrec_greedy,1,9,58,15,589.0,37.0,34.0,0.326100
lcamap,1,9,58,15,589.0,37.0,34.0,0.063112
segdup,1,9,58,20,774,37,34,110.328673
insider,1,9,58,20,763.0,36.0,43.0,1.128936
insider_relax,1,9,58,20,763.0,36.0,43.0,1.675066
fastmultrec_greedy,1,9,58,20,774.0,37.0,34.0,0.322709
lcamap,1,9,58,20,774.0,37.0,34.0,0.065879
segdup,1,10,58,5,10,2,0,88.997370
insider,1,10,58,5,10.0,2.0,0.0,0.061145
insider_relax,1,10,58,5,10.0,2.0,0.0,0.067438
fastmultrec_greedy,1,10,58,5,10.0,2.0,0.0,0.219274
lcamap,1,10,58,5,10.0,2.0,0.0,0.040945
segdup,1,10,58,10,20,2,0,78.647597
insider,1,10,58,10,20.0,2.0,0.0,0.065817
insider_relax,1,10,58,10,20.0,2.0,0.0,0.065558
fastmultrec_greedy,1,10,58,10,20.0,2.0,0.0,0.219387
lcamap,1,10,58,10,20.0,2.0,0.0,0.039388
segdup,1,10,58,15,30,2,0,56.909629
insider,1,10,58,15,30.0,2.0,0.0,0.064147
insider_relax,1,10,58,15,30.0,2.0,0.0,0.069345
fastmultrec_greedy,1,10,58,15,30.0,2.0,0.0,0.218141
lcamap,1,10,58,15,30.0,2.0,0.0,0.037010
segdup,1,10,58,20,40,2,0,70.819789
insider,1,10,58,20,40.0,2.0,0.0,0.065321
insider_relax,1,10,58,20,40.0,2.0,0.0,0.071753
fastmultrec_greedy,1,10,58,20,40.0,2.0,0.0,0.220843
lcamap,1,10,58,20,40.0,2.0,0.0,0.036577
segdup,1,11,58,5,5,1,0,191.908984
insider,1,11,58,5,5.0,1.0,0.0,0.119134
insider_relax,1,11,58,5,5.0,1.0,0.0,0.114443
fastmultrec_greedy,1,11,58,5,5.0,1.0,0.0,0.407647
lcamap,1,11,58,5,5.0,1.0,0.0,0.075876
segdup,1,11,58,10,10,1,0,178.084287
insider,1,11,58,10,10.0,1.0,0.0,0.117939
insider_relax,1,11,58,10,10.0,1.0,0.0,0.118894
fastmultrec_greedy,1,11,58,10,10.0,1.0,0.0,0.386718
lcamap,1,11,58,10,10.0,1.0,0.0,0.073373
segdup,1,11,58,15,15,1,0,160.820658
insider,1,11,58,15,15.0,1.0,0.0,0.116958
insider_relax,1,11,58,15,15.0,1.0,0.0,0.113394
fastmultrec_greedy,1,11,58,15,15.0,1.0,0.0,0.386258
lcamap,1,11,58,15,15.0,1.0,0.0,0.070560
segdup,1,11,58,20,20,1,0,101.454035
insider,1,11,58,20,20.0,1.0,0.0,0.114626
insider_relax,1,11,58,20,20.0,1.0,0.0,0.114518
fastmultrec_greedy,1,11,58,20,20.0,1.0,0.0,0.391124
lcamap,1,11,58,20,20.0,1.0,0.0,0.077218
segdup,2,7,58,5,6542,213,5477,570.944690
insider,2,7,58,5,6486.0,188.0,5546.0,0.474849
insider_relax,2,7,58,5,6486.0,188.0,5546.0,0.530096
fastmultrec_greedy,2,7,58,5,6487.0,189.0,5542.0,13.983368
lcamap,2,7,58,5,6545.0,214.0,5475.0,0.123272
segdup,2,7,58,10,7615,214,5475,561.720680
insider,2,7,58,10,7383.0,170.0,5683.0,0.741941
insider_relax,2,7,58,10,7383.0,170.0,5683.0,0.834361
fastmultrec_greedy,2,7,58,10,7411.0,183.0,5581.0,18.635347
lcamap,2,7,58,10,7615.0,214.0,5475.0,0.122639
segdup,2,7,58,15,8685,214,5475,572.379376
insider,2,7,58,15,8214.0,159.0,5829.0,1.224550
insider_relax,2,7,58,15,8214.0,160.0,5814.0,1.413459
fastmultrec_greedy,2,7,58,15,8298.0,175.0,5673.0,24.208322
lcamap,2,7,58,15,8685.0,214.0,5475.0,0.123667
segdup,2,7,58,20,9755,214,5475,565.527023
insider,2,7,58,20,9002.0,153.0,5942.0,2.036686
insider_relax,2,7,58,20,9002.0,153.0,5942.0,2.367591
fastmultrec_greedy,2,7,58,20,9161.0,172.0,5721.0,25.207955
lcamap,2,7,58,20,9755.0,214.0,5475.0,0.128763
segdup,2,8,58,5,364,47,129,75.215527
insider,2,8,58,5,362.0,46.0,132.0,0.131640
insider_relax,2,8,58,5,362.0,46.0,132.0,0.150944
fastmultrec_greedy,2,8,58,5,362.0,46.0,132.0,0.337948
lcamap,2,8,58,5,364.0,47.0,129.0,0.040330
segdup,2,8,58,10,599,47,129,71.532123
insider,2,8,58,10,579.0,42.0,159.0,0.213100
insider_relax,2,8,58,10,579.0,42.0,159.0,0.254585
fastmultrec_greedy,2,8,58,10,588.0,45.0,138.0,0.484722
lcamap,2,8,58,10,599.0,47.0,129.0,0.037311
segdup,2,8,58,15,834,47,129,73.632852
insider,2,8,58,15,786.0,41.0,171.0,0.380030
insider_relax,2,8,58,15,786.0,41.0,171.0,0.444952
fastmultrec_greedy,2,8,58,15,813.0,45.0,138.0,0.486180
lcamap,2,8,58,15,834.0,47.0,129.0,0.037511
segdup,2,8,58,20,1069,47,129,66.363765
insider,2,8,58,20,988.0,40.0,188.0,0.796628
insider_relax,2,8,58,20,988.0,40.0,188.0,1.099315
fastmultrec_greedy,2,8,58,20,1038.0,45.0,138.0,0.482976
lcamap,2,8,58,20,1069.0,47.0,129.0,0.042551
segdup,2,9,58,5,84,15,9,202.365950
insider,2,9,58,5,84.0,15.0,9.0,0.176377
insider_relax,2,9,58,5,84.0,15.0,9.0,0.179538
fastmultrec_greedy,2,9,58,5,84.0,15.0,9.0,0.550183
lcamap,2,9,58,5,84.0,15.0,9.0,0.094405
segdup,2,9,58,10,159,15,9,175.922965
insider,2,9,58,10,159.0,15.0,9.0,0.187164
insider_relax,2,9,58,10,159.0,15.0,9.0,0.204954
fastmultrec_greedy,2,9,58,10,159.0,15.0,9.0,0.548279
lcamap,2,9,58,10,159.0,15.0,9.0,0.096289
segdup,2,9,58,15,234,15,9,111.290180
insider,2,9,58,15,234.0,15.0,9.0,0.207614
insider_relax,2,9,58,15,234.0,15.0,9.0,0.209575
fastmultrec_greedy,2,9,58,15,234.0,15.0,9.0,0.550742
lcamap,2,9,58,15,234.0,15.0,9.0,0.093780
segdup,2,9,58,20,309,15,9,110.894561
insider,2,9,58,20,309.0,15.0,9.0,0.256907
insider_relax,2,9,58,20,309.0,15.0,9.0,0.245548
fastmultrec_greedy,2,9,58,20,309.0,15.0,9.0,0.544662
lcamap,2,9,58,20,309.0,15.0,9.0,0.088958
segdup,2,10,58,5,10,2,0,163.273604
insider,2,10,58,5,10.0,2.0,0.0,0.126951
insider_relax,2,10,58,5,10.0,2.0,0.0,0.131371
fastmultrec_greedy,2,10,58,5,10.0,2.0,0.0,0.445158
lcamap,2,10,58,5,10.0,2.0,0.0,0.075625
segdup,2,10,58,10,20,2,0,141.561715
insider,2,10,58,10,20.0,2.0,0.0,0.131339
insider_relax,2,10,58,10,20.0,2.0,0.0,0.131851
fastmultrec_greedy,2,10,58,10,20.0,2.0,0.0,0.442232
lcamap,2,10,58,10,20.0,2.0,0.0,0.073630
segdup,2,10,58,15,30,2,0,112.738547
insider,2,10,58,15,30.0,2.0,0.0,0.130594
insider_relax,2,10,58,15,30.0,2.0,0.0,0.130643
fastmultrec_greedy,2,10,58,15,30.0,2.0,0.0,0.445131
lcamap,2,10,58,15,30.0,2.0,0.0,0.075890
segdup,2,10,58,20,40,2,0,82.683215
insider,2,10,58,20,40.0,2.0,0.0,0.125870
insider_relax,2,10,58,20,40.0,2.0,0.0,0.134563
fastmultrec_greedy,2,10,58,20,40.0,2.0,0.0,0.450091
lcamap,2,10,58,20,40.0,2.0,0.0,0.074062
segdup,2,11,58,5,10,2,0,261.938962
insider,2,11,58,5,10.0,2.0,0.0,0.171908
insider_relax,2,11,58,5,10.0,2.0,0.0,0.168607
fastmultrec_greedy,2,11,58,5,10.0,2.0,0.0,0.603307
lcamap,2,11,58,5,10.0,2.0,0.0,0.105417
segdup,2,11,58,10,20,2,0,238.329357
insider,2,11,58,10,20.0,2.0,0.0,0.181491
insider_relax,2,11,58,10,20.0,2.0,0.0,0.178075
fastmultrec_greedy,2,11,58,10,20.0,2.0,0.0,0.603974
lcamap,2,11,58,10,20.0,2.0,0.0,0.102550
segdup,2,11,58,15,30,2,0,130.304328
insider,2,11,58,15,30.0,2.0,0.0,0.176748
insider_relax,2,11,58,15,30.0,2.0,0.0,0.169278
fastmultrec_greedy,2,11,58,15,30.0,2.0,0.0,0.598462
lcamap,2,11,58,15,30.0,2.0,0.0,0.101968
segdup,2,11,58,20,40,2,0,127.719950
insider,2,11,58,20,40.0,2.0,0.0,0.173817
insider_relax,2,11,58,20,40.0,2.0,0.0,0.170322
fastmultrec_greedy,2,11,58,20,40.0,2.0,0.0,0.598758
lcamap,2,11,58,20,40.0,2.0,0.0,0.106683
segdup,1,7,59,5,868,91,413,99.580483
insider,1,7,59,5,857.0,86.0,427.0,0.177170
insider_relax,1,7,59,5,857.0,86.0,427.0,0.204419
fastmultrec_greedy,1,7,59,5,857.0,86.0,427.0,1.123047
lcamap,1,7,59,5,868.0,91.0,413.0,0.046274
segdup,1,7,59,10,1323,91,413,96.480771
insider,1,7,59,10,1262.0,77.0,492.0,0.331751
insider_relax,1,7,59,10,1262.0,77.0,492.0,0.422778
fastmultrec_greedy,1,7,59,10,1285.0,83.0,455.0,1.650264
lcamap,1,7,59,10,1323.0,91.0,413.0,0.041456
segdup,1,7,59,15,1769,88,449,101.573996
insider,1,7,59,15,1634.0,73.0,539.0,0.843532
insider_relax,1,7,59,15,1634.0,73.0,539.0,1.216635
fastmultrec_greedy,1,7,59,15,1697.0,82.0,467.0,1.861100
lcamap,1,7,59,15,1778.0,91.0,413.0,0.044151
segdup,1,7,59,20,2231,89,451,95.798623
insider,1,7,59,20,1985.0,67.0,645.0,2.429922
insider_relax,1,7,59,20,1985.0,67.0,645.0,4.948430
fastmultrec_greedy,1,7,59,20,2103.0,81.0,483.0,2.035548
lcamap,1,7,59,20,2233.0,91.0,413.0,0.040199
segdup,1,8,59,5,218,35,43,72.766543
insider,1,8,59,5,218.0,35.0,43.0,0.092177
insider_relax,1,8,59,5,218.0,35.0,43.0,0.111246
fastmultrec_greedy,1,8,59,5,218.0,35.0,43.0,0.264465
lcamap,1,8,59,5,218.0,35.0,43.0,0.042164
segdup,1,8,59,10,393,35,43,61.346081
insider,1,8,59,10,392.0,34.0,52.0,0.124326
insider_relax,1,8,59,10,392.0,34.0,52.0,0.206879
fastmultrec_greedy,1,8,59,10,393.0,35.0,43.0,0.271520
lcamap,1,8,59,10,393.0,35.0,43.0,0.038123
segdup,1,8,59,15,568,35,43,59.936954
insider,1,8,59,15,562.0,34.0,52.0,0.262153
insider_relax,1,8,59,15,562.0,34.0,52.0,0.277732
fastmultrec_greedy,1,8,59,15,568.0,35.0,43.0,0.263697
lcamap,1,8,59,15,568.0,35.0,43.0,0.037506
segdup,1,8,59,20,743,35,43,58.594787
insider,1,8,59,20,732.0,34.0,52.0,1.285420
insider_relax,1,8,59,20,732.0,34.0,52.0,1.540863
fastmultrec_greedy,1,8,59,20,743.0,35.0,43.0,0.263088
lcamap,1,8,59,20,743.0,35.0,43.0,0.036530
segdup,1,9,59,5,17,3,2,93.997439
insider,1,9,59,5,17.0,3.0,2.0,0.059458
insider_relax,1,9,59,5,17.0,3.0,2.0,0.067874
fastmultrec_greedy,1,9,59,5,17.0,3.0,2.0,0.195064
lcamap,1,9,59,5,17.0,3.0,2.0,0.035752
segdup,1,9,59,10,32,3,2,87.826156
insider,1,9,59,10,32.0,3.0,2.0,0.062974
insider_relax,1,9,59,10,32.0,3.0,2.0,0.066271
fastmultrec_greedy,1,9,59,10,32.0,3.0,2.0,0.190343
lcamap,1,9,59,10,32.0,3.0,2.0,0.035661
segdup,1,9,59,15,47,3,2,85.867171
insider,1,9,59,15,47.0,3.0,2.0,0.062227
insider_relax,1,9,59,15,47.0,3.0,2.0,0.064925
fastmultrec_greedy,1,9,59,15,47.0,3.0,2.0,0.203602
lcamap,1,9,59,15,47.0,3.0,2.0,0.033503
segdup,1,9,59,20,62,3,2,72.262901
insider,1,9,59,20,62.0,3.0,2.0,0.063797
insider_relax,1,9,59,20,62.0,3.0,2.0,0.068150
fastmultrec_greedy,1,9,59,20,62.0,3.0,2.0,0.191162
lcamap,1,9,59,20,62.0,3.0,2.0,0.032363
segdup,1,10,59,5,5,1,0,124.253524
insider,1,10,59,5,5.0,1.0,0.0,0.074574
insider_relax,1,10,59,5,5.0,1.0,0.0,0.077625
fastmultrec_greedy,1,10,59,5,5.0,1.0,0.0,0.235169
lcamap,1,10,59,5,5.0,1.0,0.0,0.045575
segdup,1,10,59,10,10,1,0,117.545011
insider,1,10,59,10,10.0,1.0,0.0,0.081077
insider_relax,1,10,59,10,10.0,1.0,0.0,0.074751
fastmultrec_greedy,1,10,59,10,10.0,1.0,0.0,0.238443
lcamap,1,10,59,10,10.0,1.0,0.0,0.042149
segdup,1,10,59,15,15,1,0,69.882572
insider,1,10,59,15,15.0,1.0,0.0,0.077753
insider_relax,1,10,59,15,15.0,1.0,0.0,0.079541
fastmultrec_greedy,1,10,59,15,15.0,1.0,0.0,0.235887
lcamap,1,10,59,15,15.0,1.0,0.0,0.046072
segdup,1,10,59,20,20,1,0,67.928818
insider,1,10,59,20,20.0,1.0,0.0,0.074678
insider_relax,1,10,59,20,20.0,1.0,0.0,0.074761
fastmultrec_greedy,1,10,59,20,20.0,1.0,0.0,0.232380
lcamap,1,10,59,20,20.0,1.0,0.0,0.045133
segdup,1,11,59,5,6,1,1,116.674877
insider,1,11,59,5,6.0,1.0,1.0,0.073023
insider_relax,1,11,59,5,6.0,1.0,1.0,0.070248
fastmultrec_greedy,1,11,59,5,6.0,1.0,1.0,0.234976
lcamap,1,11,59,5,6.0,1.0,1.0,0.042988
segdup,1,11,59,10,11,1,1,111.440570
insider,1,11,59,10,11.0,1.0,1.0,0.070306
insider_relax,1,11,59,10,11.0,1.0,1.0,0.073394
fastmultrec_greedy,1,11,59,10,11.0,1.0,1.0,0.234856
lcamap,1,11,59,10,11.0,1.0,1.0,0.039615
segdup,1,11,59,15,16,1,1,94.843590
insider,1,11,59,15,16.0,1.0,1.0,0.068856
insider_relax,1,11,59,15,16.0,1.0,1.0,0.079468
fastmultrec_greedy,1,11,59,15,16.0,1.0,1.0,0.238345
lcamap,1,11,59,15,16.0,1.0,1.0,0.040409
segdup,1,11,59,20,21,1,1,62.505619
insider,1,11,59,20,21.0,1.0,1.0,0.073947
insider_relax,1,11,59,20,21.0,1.0,1.0,0.070213
fastmultrec_greedy,1,11,59,20,21.0,1.0,1.0,0.233432
lcamap,1,11,59,20,21.0,1.0,1.0,0.041868
segdup,2,7,59,5,1059,96,579,170.016141
insider,2,7,59,5,1056.0,94.0,586.0,0.245550
insider_relax,2,7,59,5,1056.0,94.0,586.0,0.255695
fastmultrec_greedy,2,7,59,5,1057.0,95.0,582.0,0.654618
lcamap,2,7,59,5,1059.0,96.0,579.0,0.068501
segdup,2,7,59,10,1539,96,579,166.091578
insider,2,7,59,10,1503.0,86.0,643.0,0.398918
insider_relax,2,7,59,10,1503.0,86.0,643.0,0.457763
fastmultrec_greedy,2,7,59,10,1522.0,91.0,612.0,1.912033
lcamap,2,7,59,10,1539.0,96.0,579.0,0.070088
segdup,2,7,59,15,2019,96,579,163.354405
insider,2,7,59,15,1923.0,82.0,693.0,0.767887
insider_relax,2,7,59,15,1923.0,82.0,693.0,0.867342
fastmultrec_greedy,2,7,59,15,1977.0,91.0,612.0,1.907397
lcamap,2,7,59,15,2019.0,96.0,579.0,0.069513
segdup,2,7,59,20,2499,96,579,165.251139
insider,2,7,59,20,2325.0,78.0,765.0,1.440385
insider_relax,2,7,59,20,2325.0,78.0,765.0,1.891035
fastmultrec_greedy,2,7,59,20,2420.0,88.0,660.0,2.851518
lcamap,2,7,59,20,2499.0,96.0,579.0,0.068090
segdup,2,8,59,5,1377,143,662,297.040707
insider,2,8,59,5,1367.0,138.0,677.0,0.387775
insider_relax,2,8,59,5,1367.0,138.0,677.0,0.436989
fastmultrec_greedy,2,8,59,5,1367.0,138.0,677.0,5.118656
lcamap,2,8,59,5,1377.0,143.0,662.0,0.136498
segdup,2,8,59,10,2092,143,662,278.199205
insider,2,8,59,10,2045.0,129.0,755.0,0.779506
insider_relax,2,8,59,10,2045.0,129.0,755.0,1.057762
fastmultrec_greedy,2,8,59,10,2055.0,136.0,695.0,6.963489
lcamap,2,8,59,10,2092.0,143.0,662.0,0.140178
segdup,2,8,59,15,2807,143,662,282.571345
insider,2,8,59,15,2674.0,124.0,814.0,2.129914
insider_relax,2,8,59,15,2674.0,124.0,814.0,3.320076
fastmultrec_greedy,2,8,59,15,2735.0,136.0,695.0,6.979382
lcamap,2,8,59,15,2807.0,143.0,662.0,0.137829
segdup,2,8,59,20,3522,143,662,280.497912
insider,2,8,59,20,3279.0,119.0,899.0,16.201434
insider_relax,2,8,59,20,3279.0,119.0,899.0,30.100112
fastmultrec_greedy,2,8,59,20,3415.0,136.0,695.0,6.965242
lcamap,2,8,59,20,3522.0,143.0,662.0,0.141046
segdup,2,9,59,5,81,14,11,213.756856
insider,2,9,59,5,81.0,14.0,11.0,0.176421
insider_relax,2,9,59,5,81.0,14.0,11.0,0.178702
fastmultrec_greedy,2,9,59,5,81.0,14.0,11.0,0.497914
lcamap,2,9,59,5,81.0,14.0,11.0,0.092807
segdup,2,9,59,10,151,14,11,170.841348
insider,2,9,59,10,151.0,14.0,11.0,0.195892
insider_relax,2,9,59,10,151.0,14.0,11.0,0.217843
fastmultrec_greedy,2,9,59,10,151.0,14.0,11.0,0.482383
lcamap,2,9,59,10,151.0,14.0,11.0,0.093887
segdup,2,9,59,15,221,14,11,159.446896
insider,2,9,59,15,221.0,14.0,11.0,0.235042
insider_relax,2,9,59,15,221.0,14.0,11.0,0.250775
fastmultrec_greedy,2,9,59,15,221.0,14.0,11.0,0.486132
lcamap,2,9,59,15,221.0,14.0,11.0,0.093717
segdup,2,9,59,20,291,14,11,152.371886
insider,2,9,59,20,291.0,14.0,11.0,0.324919
insider_relax,2,9,59,20,291.0,14.0,11.0,0.358273
fastmultrec_greedy,2,9,59,20,291.0,14.0,11.0,0.487799
lcamap,2,9,59,20,291.0,14.0,11.0,0.092741
segdup,2,10,59,5,10,2,0,160.643656
insider,2,10,59,5,10.0,2.0,0.0,0.103900
insider_relax,2,10,59,5,10.0,2.0,0.0,0.108923
fastmultrec_greedy,2,10,59,5,10.0,2.0,0.0,0.330299
lcamap,2,10,59,5,10.0,2.0,0.0,0.056601
segdup,2,10,59,10,20,2,0,139.072788
insider,2,10,59,10,20.0,2.0,0.0,0.104377
insider_relax,2,10,59,10,20.0,2.0,0.0,0.108746
fastmultrec_greedy,2,10,59,10,20.0,2.0,0.0,0.327762
lcamap,2,10,59,10,20.0,2.0,0.0,0.058217
segdup,2,10,59,15,30,2,0,149.683865
insider,2,10,59,15,30.0,2.0,0.0,0.102519
insider_relax,2,10,59,15,30.0,2.0,0.0,0.109200
fastmultrec_greedy,2,10,59,15,30.0,2.0,0.0,0.333599
lcamap,2,10,59,15,30.0,2.0,0.0,0.061215
segdup,2,10,59,20,40,2,0,70.848835
insider,2,10,59,20,40.0,2.0,0.0,0.101367
insider_relax,2,10,59,20,40.0,2.0,0.0,0.107612
fastmultrec_greedy,2,10,59,20,40.0,2.0,0.0,0.328310
lcamap,2,10,59,20,40.0,2.0,0.0,0.057506
segdup,2,11,59,5,15,3,0,180.167259
insider,2,11,59,5,15.0,3.0,0.0,0.124629
insider_relax,2,11,59,5,15.0,3.0,0.0,0.127843
fastmultrec_greedy,2,11,59,5,15.0,3.0,0.0,0.393893
lcamap,2,11,59,5,15.0,3.0,0.0,0.072721
segdup,2,11,59,10,30,3,0,178.520957
insider,2,11,59,10,30.0,3.0,0.0,0.119130
insider_relax,2,11,59,10,30.0,3.0,0.0,0.129177
fastmultrec_greedy,2,11,59,10,30.0,3.0,0.0,0.394432
lcamap,2,11,59,10,30.0,3.0,0.0,0.071883
segdup,2,11,59,15,45,3,0,84.703906
insider,2,11,59,15,45.0,3.0,0.0,0.128623
insider_relax,2,11,59,15,45.0,3.0,0.0,0.126233
fastmultrec_greedy,2,11,59,15,45.0,3.0,0.0,0.393278
lcamap,2,11,59,15,45.0,3.0,0.0,0.073655
segdup,2,11,59,20,60,3,0,79.395653
insider,2,11,59,20,60.0,3.0,0.0,0.123628
insider_relax,2,11,59,20,60.0,3.0,0.0,0.134569
fastmultrec_greedy,2,11,59,20,60.0,3.0,0.0,0.395069
lcamap,2,11,59,20,60.0,3.0,0.0,0.073204
segdup,1,7,60,5,2797,220,1697,160.521954
insider,1,7,60,5,2753.0,202.0,1743.0,0.234782
insider_relax,1,7,60,5,2753.0,202.0,1743.0,0.281154
fastmultrec_greedy,1,7,60,5,2754.0,203.0,1739.0,4.888319
lcamap,1,7,60,5,2797.0,220.0,1697.0,0.067064
segdup,1,7,60,10,3897,220,1697,155.881613
insider,1,7,60,10,3708.0,183.0,1878.0,0.500295
insider_relax,1,7,60,10,3708.0,183.0,1878.0,0.595832
fastmultrec_greedy,1,7,60,10,3745.0,196.0,1785.0,7.114870
lcamap,1,7,60,10,3897.0,220.0,1697.0,0.066615
segdup,1,7,60,15,4995,218,1725,154.746406
insider,1,7,60,15,4596.0,171.0,2031.0,1.358397
insider_relax,1,7,60,15,4596.0,171.0,2031.0,1.895889
fastmultrec_greedy,1,7,60,15,4716.0,192.0,1836.0,8.210700
lcamap,1,7,60,15,4997.0,220.0,1697.0,0.064394
segdup,1,7,60,20,6079,219,1699,156.316865
insider,1,7,60,20,5433.0,163.0,2173.0,5.742390
insider_relax,1,7,60,20,5433.0,163.0,2173.0,10.461407
fastmultrec_greedy,1,7,60,20,5665.0,189.0,1885.0,9.038899
lcamap,1,7,60,20,6097.0,220.0,1697.0,0.067113
segdup,1,8,60,5,430,62,120,111.219405
insider,1,8,60,5,430.0,62.0,120.0,0.154469
insider_relax,1,8,60,5,430.0,62.0,120.0,0.191803
fastmultrec_greedy,1,8,60,5,430.0,62.0,120.0,0.326593
lcamap,1,8,60,5,430.0,62.0,120.0,0.057356
segdup,1,8,60,10,740,62,120,110.602329
insider,1,8,60,10,730.0,55.0,180.0,0.299127
insider_relax,1,8,60,10,730.0,55.0,180.0,0.457558
fastmultrec_greedy,1,8,60,10,740.0,62.0,120.0,0.330555
lcamap,1,8,60,10,740.0,62.0,120.0,0.056111
segdup,1,8,60,15,1050,62,120,107.498973
insider,1,8,60,15,1005.0,55.0,180.0,0.963577
insider_relax,1,8,60,15,1005.0,55.0,180.0,1.264188
fastmultrec_greedy,1,8,60,15,1050.0,62.0,120.0,0.320001
lcamap,1,8,60,15,1050.0,62.0,120.0,0.055877
segdup,1,8,60,20,1360,62,120,103.578426
insider,1,8,60,20,1278.0,54.0,198.0,5.577628
insider_relax,1,8,60,20,1278.0,54.0,198.0,11.619224
fastmultrec_greedy,1,8,60,20,1360.0,62.0,120.0,0.323081
lcamap,1,8,60,20,1360.0,62.0,120.0,0.058549
segdup,1,9,60,5,93,13,28,83.331151
insider,1,9,60,5,93.0,13.0,28.0,0.066986
insider_relax,1,9,60,5,93.0,13.0,28.0,0.075256
fastmultrec_greedy,1,9,60,5,93.0,13.0,28.0,0.179201
lcamap,1,9,60,5,93.0,13.0,28.0,0.031384
segdup,1,9,60,10,158,13,28,79.608191
insider,1,9,60,10,158.0,13.0,28.0,0.080375
insider_relax,1,9,60,10,158.0,13.0,28.0,0.098928
fastmultrec_greedy,1,9,60,10,158.0,13.0,28.0,0.178056
lcamap,1,9,60,10,158.0,13.0,28.0,0.031662
segdup,1,9,60,15,223,13,28,70.470224
insider,1,9,60,15,223.0,13.0,28.0,0.103611
insider_relax,1,9,60,15,223.0,13.0,28.0,0.106009
fastmultrec_greedy,1,9,60,15,223.0,13.0,28.0,0.177298
lcamap,1,9,60,15,223.0,13.0,28.0,0.032311
segdup,1,9,60,20,288,13,28,71.190092
insider,1,9,60,20,288.0,13.0,28.0,0.148978
insider_relax,1,9,60,20,288.0,13.0,28.0,0.181098
fastmultrec_greedy,1,9,60,20,288.0,13.0,28.0,0.181931
lcamap,1,9,60,20,288.0,13.0,28.0,0.030549
segdup,1,10,60,5,5,1,0,61.588232
insider,1,10,60,5,5.0,1.0,0.0,0.042018
insider_relax,1,10,60,5,5.0,1.0,0.0,0.040908
fastmultrec_greedy,1,10,60,5,5.0,1.0,0.0,0.108599
lcamap,1,10,60,5,5.0,1.0,0.0,0.021531
segdup,1,10,60,10,10,1,0,59.434747
insider,1,10,60,10,10.0,1.0,0.0,0.042858
insider_relax,1,10,60,10,10.0,1.0,0.0,0.040125
fastmultrec_greedy,1,10,60,10,10.0,1.0,0.0,0.109680
lcamap,1,10,60,10,10.0,1.0,0.0,0.020911
segdup,1,10,60,15,15,1,0,56.437449
insider,1,10,60,15,15.0,1.0,0.0,0.042493
insider_relax,1,10,60,15,15.0,1.0,0.0,0.040322
fastmultrec_greedy,1,10,60,15,15.0,1.0,0.0,0.107590
lcamap,1,10,60,15,15.0,1.0,0.0,0.021494
segdup,1,10,60,20,20,1,0,33.952617
insider,1,10,60,20,20.0,1.0,0.0,0.040605
insider_relax,1,10,60,20,20.0,1.0,0.0,0.041542
fastmultrec_greedy,1,10,60,20,20.0,1.0,0.0,0.110021
lcamap,1,10,60,20,20.0,1.0,0.0,0.021152
segdup,1,11,60,5,5,1,0,174.337834
insider,1,11,60,5,5.0,1.0,0.0,0.101674
insider_relax,1,11,60,5,5.0,1.0,0.0,0.105058
fastmultrec_greedy,1,11,60,5,5.0,1.0,0.0,0.331138
lcamap,1,11,60,5,5.0,1.0,0.0,0.066239
segdup,1,11,60,10,10,1,0,166.952805
insider,1,11,60,10,10.0,1.0,0.0,0.103121
insider_relax,1,11,60,10,10.0,1.0,0.0,0.102368
fastmultrec_greedy,1,11,60,10,10.0,1.0,0.0,0.337439
lcamap,1,11,60,10,10.0,1.0,0.0,0.064522
segdup,1,11,60,15,15,1,0,154.845824
insider,1,11,60,15,15.0,1.0,0.0,0.099260
insider_relax,1,11,60,15,15.0,1.0,0.0,0.104891
fastmultrec_greedy,1,11,60,15,15.0,1.0,0.0,0.332722
lcamap,1,11,60,15,15.0,1.0,0.0,0.064079
segdup,1,11,60,20,20,1,0,93.674485
insider,1,11,60,20,20.0,1.0,0.0,0.100984
insider_relax,1,11,60,20,20.0,1.0,0.0,0.106921
fastmultrec_greedy,1,11,60,20,20.0,1.0,0.0,0.347708
lcamap,1,11,60,20,20.0,1.0,0.0,0.065366
segdup,2,7,60,5,4085,192,3125,332.553041
insider,2,7,60,5,4024.0,165.0,3199.0,0.355092
insider_relax,2,7,60,5,4024.0,164.0,3204.0,0.365226
fastmultrec_greedy,2,7,60,5,4026.0,169.0,3181.0,11.000175
lcamap,2,7,60,5,4085.0,192.0,3125.0,0.086553
segdup,2,7,60,10,5045,192,3125,334.125754
insider,2,7,60,10,4799.0,148.0,3319.0,0.500973
insider_relax,2,7,60,10,4799.0,148.0,3319.0,0.551416
fastmultrec_greedy,2,7,60,10,4832.0,158.0,3252.0,18.519565
lcamap,2,7,60,10,5045.0,192.0,3125.0,0.089808
segdup,2,7,60,15,6005,192,3125,324.063923
insider,2,7,60,15,5523.0,139.0,3438.0,0.825597
insider_relax,2,7,60,15,5523.0,139.0,3438.0,0.913431
fastmultrec_greedy,2,7,60,15,5609.0,155.0,3284.0,19.936737
lcamap,2,7,60,15,6005.0,192.0,3125.0,0.088134
segdup,2,7,60,20,6965,192,3125,316.579107
insider,2,7,60,20,6203.0,132.0,3563.0,1.716690
insider_relax,2,7,60,20,6203.0,132.0,3563.0,2.499391
fastmultrec_greedy,2,7,60,20,6349.0,147.0,3409.0,27.099501
lcamap,2,7,60,20,6965.0,192.0,3125.0,0.098179
segdup,2,8,60,5,317,44,97,82.789477
insider,2,8,60,5,317.0,44.0,97.0,0.136790
insider_relax,2,8,60,5,317.0,44.0,97.0,0.169297
fastmultrec_greedy,2,8,60,5,317.0,44.0,97.0,0.235910
lcamap,2,8,60,5,317.0,44.0,97.0,0.042193
segdup,2,8,60,10,537,44,97,82.278208
insider,2,8,60,10,537.0,44.0,97.0,0.265181
insider_relax,2,8,60,10,537.0,44.0,97.0,0.457752
fastmultrec_greedy,2,8,60,10,537.0,44.0,97.0,0.226090
lcamap,2,8,60,10,537.0,44.0,97.0,0.039204
segdup,2,8,60,15,757,44,97,80.629324
insider,2,8,60,15,748.0,41.0,133.0,0.875422
insider_relax,2,8,60,15,748.0,41.0,133.0,1.731381
fastmultrec_greedy,2,8,60,15,757.0,44.0,97.0,0.221613
lcamap,2,8,60,15,757.0,44.0,97.0,0.041091
segdup,2,8,60,20,977,44,97,79.265176
insider,2,8,60,20,947.0,38.0,187.0,4.776354
insider_relax,2,8,60,20,947.0,38.0,187.0,10.275129
fastmultrec_greedy,2,8,60,20,977.0,44.0,97.0,0.219873
lcamap,2,8,60,20,977.0,44.0,97.0,0.042375
segdup,2,9,60,5,17,3,2,105.379288
insider,2,9,60,5,17.0,3.0,2.0,0.062908
insider_relax,2,9,60,5,17.0,3.0,2.0,0.066772
fastmultrec_greedy,2,9,60,5,17.0,3.0,2.0,0.185700
lcamap,2,9,60,5,17.0,3.0,2.0,0.033700
segdup,2,9,60,10,32,3,2,97.062153
insider,2,9,60,10,32.0,3.0,2.0,0.066326
insider_relax,2,9,60,10,32.0,3.0,2.0,0.071445
fastmultrec_greedy,2,9,60,10,32.0,3.0,2.0,0.182482
lcamap,2,9,60,10,32.0,3.0,2.0,0.033453
segdup,2,9,60,15,47,3,2,49.223679
insider,2,9,60,15,47.0,3.0,2.0,0.067725
insider_relax,2,9,60,15,47.0,3.0,2.0,0.069058
fastmultrec_greedy,2,9,60,15,47.0,3.0,2.0,0.180202
lcamap,2,9,60,15,47.0,3.0,2.0,0.033458
segdup,2,9,60,20,62,3,2,48.916071
insider,2,9,60,20,62.0,3.0,2.0,0.068783
insider_relax,2,9,60,20,62.0,3.0,2.0,0.068752
fastmultrec_greedy,2,9,60,20,62.0,3.0,2.0,0.184734
lcamap,2,9,60,20,62.0,3.0,2.0,0.034656
segdup,2,10,60,5,17,3,2,272.332245
insider,2,10,60,5,17.0,3.0,2.0,0.199606
insider_relax,2,10,60,5,17.0,3.0,2.0,0.205219
fastmultrec_greedy,2,10,60,5,17.0,3.0,2.0,0.714516
lcamap,2,10,60,5,17.0,3.0,2.0,0.125835
segdup,2,10,60,10,32,3,2,243.480516
insider,2,10,60,10,32.0,3.0,2.0,0.201503
insider_relax,2,10,60,10,32.0,3.0,2.0,0.197574
fastmultrec_greedy,2,10,60,10,32.0,3.0,2.0,0.743411
lcamap,2,10,60,10,32.0,3.0,2.0,0.119214
segdup,2,10,60,15,47,3,2,204.248927
insider,2,10,60,15,47.0,3.0,2.0,0.207123
insider_relax,2,10,60,15,47.0,3.0,2.0,0.203218
fastmultrec_greedy,2,10,60,15,47.0,3.0,2.0,0.717807
lcamap,2,10,60,15,47.0,3.0,2.0,0.121292
segdup,2,10,60,20,62,3,2,141.231527
insider,2,10,60,20,62.0,3.0,2.0,0.212556
insider_relax,2,10,60,20,62.0,3.0,2.0,0.199612
fastmultrec_greedy,2,10,60,20,62.0,3.0,2.0,0.713780
lcamap,2,10,60,20,62.0,3.0,2.0,0.128234
segdup,2,11,60,5,10,2,0,177.300666
insider,2,11,60,5,10.0,2.0,0.0,0.121178
insider_relax,2,11,60,5,10.0,2.0,0.0,0.121694
fastmultrec_greedy,2,11,60,5,10.0,2.0,0.0,0.355029
lcamap,2,11,60,5,10.0,2.0,0.0,0.073268
segdup,2,11,60,10,20,2,0,155.784422
insider,2,11,60,10,20.0,2.0,0.0,0.120732
insider_relax,2,11,60,10,20.0,2.0,0.0,0.124010
fastmultrec_greedy,2,11,60,10,20.0,2.0,0.0,0.353993
lcamap,2,11,60,10,20.0,2.0,0.0,0.072422
segdup,2,11,60,15,30,2,0,75.427412
insider,2,11,60,15,30.0,2.0,0.0,0.117681
insider_relax,2,11,60,15,30.0,2.0,0.0,0.122384
fastmultrec_greedy,2,11,60,15,30.0,2.0,0.0,0.354409
lcamap,2,11,60,15,30.0,2.0,0.0,0.069896
segdup,2,11,60,20,40,2,0,74.655713
insider,2,11,60,20,40.0,2.0,0.0,0.122826
insider_relax,2,11,60,20,40.0,2.0,0.0,0.122784
fastmultrec_greedy,2,11,60,20,40.0,2.0,0.0,0.356575
lcamap,2,11,60,20,40.0,2.0,0.0,0.071275
segdup,1,7,61,5,2004,142,1294,141.372067
insider,1,7,61,5,1965.0,124.0,1345.0,0.184002
insider_relax,1,7,61,5,1965.0,124.0,1345.0,0.208918
fastmultrec_greedy,1,7,61,5,1966.0,126.0,1336.0,3.805932
lcamap,1,7,61,5,2004.0,142.0,1294.0,0.047558
segdup,1,7,61,10,2714,142,1294,137.168851
insider,1,7,61,10,2546.0,111.0,1436.0,0.305603
insider_relax,1,7,61,10,2546.0,111.0,1436.0,0.343725
fastmultrec_greedy,1,7,61,10,2575.0,119.0,1385.0,5.446838
lcamap,1,7,61,10,2714.0,142.0,1294.0,0.045760
segdup,1,7,61,15,3424,142,1294,139.528767
insider,1,7,61,15,3093.0,107.0,1488.0,0.573653
insider_relax,1,7,61,15,3093.0,107.0,1488.0,0.715325
fastmultrec_greedy,1,7,61,15,3161.0,116.0,1421.0,6.568085
lcamap,1,7,61,15,3424.0,142.0,1294.0,0.047431
segdup,1,7,61,20,4134,142,1294,140.226165
insider,1,7,61,20,3623.0,105.0,1523.0,2.081946
insider_relax,1,7,61,20,3623.0,105.0,1523.0,3.166231
fastmultrec_greedy,1,7,61,20,3731.0,113.0,1471.0,8.006026
lcamap,1,7,61,20,4134.0,142.0,1294.0,0.048360
segdup,1,8,61,5,148,23,33,120.105213
insider,1,8,61,5,148.0,23.0,33.0,0.098170
insider_relax,1,8,61,5,148.0,23.0,33.0,0.111339
fastmultrec_greedy,1,8,61,5,148.0,23.0,33.0,0.294352
lcamap,1,8,61,5,148.0,23.0,33.0,0.048903
segdup,1,8,61,10,263,23,33,123.515809
insider,1,8,61,10,263.0,23.0,33.0,0.117724
insider_relax,1,8,61,10,263.0,23.0,33.0,0.167233
fastmultrec_greedy,1,8,61,10,263.0,23.0,33.0,0.295705
lcamap,1,8,61,10,263.0,23.0,33.0,0.045068
segdup,1,8,61,15,378,23,33,103.048669
insider,1,8,61,15,378.0,23.0,33.0,0.202890
insider_relax,1,8,61,15,378.0,23.0,33.0,0.214823
fastmultrec_greedy,1,8,61,15,378.0,23.0,33.0,0.282182
lcamap,1,8,61,15,378.0,23.0,33.0,0.046541
segdup,1,8,61,20,493,23,33,102.315021
insider,1,8,61,20,493.0,23.0,33.0,0.975742
insider_relax,1,8,61,20,493.0,23.0,33.0,1.034050
fastmultrec_greedy,1,8,61,20,493.0,23.0,33.0,0.288527
lcamap,1,8,61,20,493.0,23.0,33.0,0.046774
segdup,1,9,61,5,49,9,4,176.945272
insider,1,9,61,5,49.0,9.0,4.0,0.106743
insider_relax,1,9,61,5,49.0,9.0,4.0,0.116193
fastmultrec_greedy,1,9,61,5,49.0,9.0,4.0,0.326712
lcamap,1,9,61,5,49.0,9.0,4.0,0.066261
segdup,1,9,61,10,94,9,4,171.035518
insider,1,9,61,10,94.0,9.0,4.0,0.115525
insider_relax,1,9,61,10,94.0,9.0,4.0,0.117746
fastmultrec_greedy,1,9,61,10,94.0,9.0,4.0,0.324343
lcamap,1,9,61,10,94.0,9.0,4.0,0.063784
segdup,1,9,61,15,139,9,4,141.444092
insider,1,9,61,15,139.0,9.0,4.0,0.117136
insider_relax,1,9,61,15,139.0,9.0,4.0,0.116463
fastmultrec_greedy,1,9,61,15,139.0,9.0,4.0,0.326737
lcamap,1,9,61,15,139.0,9.0,4.0,0.070230
segdup,1,9,61,20,184,9,4,97.395462
insider,1,9,61,20,184.0,9.0,4.0,0.130935
insider_relax,1,9,61,20,184.0,9.0,4.0,0.131450
fastmultrec_greedy,1,9,61,20,184.0,9.0,4.0,0.326475
lcamap,1,9,61,20,184.0,9.0,4.0,0.069350
segdup,1,10,61,5,5,1,0,149.554527
insider,1,10,61,5,5.0,1.0,0.0,0.096598
insider_relax,1,10,61,5,5.0,1.0,0.0,0.097666
fastmultrec_greedy,1,10,61,5,5.0,1.0,0.0,0.313766
lcamap,1,10,61,5,5.0,1.0,0.0,0.056234
segdup,1,10,61,10,10,1,0,145.648396
insider,1,10,61,10,10.0,1.0,0.0,0.097643
insider_relax,1,10,61,10,10.0,1.0,0.0,0.098827
fastmultrec_greedy,1,10,61,10,10.0,1.0,0.0,0.313345
lcamap,1,10,61,10,10.0,1.0,0.0,0.060884
segdup,1,10,61,15,15,1,0,132.463993
insider,1,10,61,15,15.0,1.0,0.0,0.092370
insider_relax,1,10,61,15,15.0,1.0,0.0,0.098654
fastmultrec_greedy,1,10,61,15,15.0,1.0,0.0,0.311993
lcamap,1,10,61,15,15.0,1.0,0.0,0.055314
segdup,1,10,61,20,20,1,0,88.151047
insider,1,10,61,20,20.0,1.0,0.0,0.095389
insider_relax,1,10,61,20,20.0,1.0,0.0,0.096828
fastmultrec_greedy,1,10,61,20,20.0,1.0,0.0,0.330480
lcamap,1,10,61,20,20.0,1.0,0.0,0.059459
segdup,1,11,61,5,5,1,0,138.828099
insider,1,11,61,5,5.0,1.0,0.0,0.089726
insider_relax,1,11,61,5,5.0,1.0,0.0,0.101240
fastmultrec_greedy,1,11,61,5,5.0,1.0,0.0,0.292299
lcamap,1,11,61,5,5.0,1.0,0.0,0.052856
segdup,1,11,61,10,10,1,0,131.937023
insider,1,11,61,10,10.0,1.0,0.0,0.086538
insider_relax,1,11,61,10,10.0,1.0,0.0,0.088644
fastmultrec_greedy,1,11,61,10,10.0,1.0,0.0,0.283484
lcamap,1,11,61,10,10.0,1.0,0.0,0.052411
segdup,1,11,61,15,15,1,0,109.051493
insider,1,11,61,15,15.0,1.0,0.0,0.089586
insider_relax,1,11,61,15,15.0,1.0,0.0,0.091913
fastmultrec_greedy,1,11,61,15,15.0,1.0,0.0,0.281636
lcamap,1,11,61,15,15.0,1.0,0.0,0.052261
segdup,1,11,61,20,20,1,0,75.375244
insider,1,11,61,20,20.0,1.0,0.0,0.087438
insider_relax,1,11,61,20,20.0,1.0,0.0,0.092436
fastmultrec_greedy,1,11,61,20,20.0,1.0,0.0,0.301631
lcamap,1,11,61,20,20.0,1.0,0.0,0.050670
segdup,2,7,61,5,2322,153,1557,306.010251
insider,2,7,61,5,2305.0,145.0,1580.0,0.371355
insider_relax,2,7,61,5,2305.0,144.0,1585.0,0.380128
fastmultrec_greedy,2,7,61,5,2306.0,146.0,1576.0,5.610574
lcamap,2,7,61,5,2322.0,153.0,1557.0,0.116065
segdup,2,7,61,10,3087,153,1557,299.674432
insider,2,7,61,10,2996.0,135.0,1646.0,0.538516
insider_relax,2,7,61,10,2996.0,135.0,1646.0,0.610350
fastmultrec_greedy,2,7,61,10,3020.0,142.0,1600.0,8.605697
lcamap,2,7,61,10,3087.0,153.0,1557.0,0.118458
segdup,2,7,61,15,3852,153,1557,295.046711
insider,2,7,61,15,3652.0,128.0,1732.0,1.063770
insider_relax,2,7,61,15,3652.0,128.0,1732.0,1.252483
fastmultrec_greedy,2,7,61,15,3727.0,141.0,1612.0,9.276351
lcamap,2,7,61,15,3852.0,153.0,1557.0,0.120005
segdup,2,7,61,20,4617,153,1557,281.217062
insider,2,7,61,20,4287.0,125.0,1787.0,1.919028
insider_relax,2,7,61,20,4287.0,125.0,1787.0,2.921851
fastmultrec_greedy,2,7,61,20,4425.0,139.0,1645.0,10.772953
lcamap,2,7,61,20,4617.0,153.0,1557.0,0.115594
segdup,2,8,61,5,1032,108,492,230.650815
insider,2,8,61,5,1029.0,106.0,499.0,0.316023
insider_relax,2,8,61,5,1029.0,106.0,499.0,0.346629
fastmultrec_greedy,2,8,61,5,1030.0,107.0,495.0,1.030345
lcamap,2,8,61,5,1032.0,108.0,492.0,0.096184
segdup,2,8,61,10,1572,108,492,213.745855
insider,2,8,61,10,1537.0,99.0,547.0,0.588969
insider_relax,2,8,61,10,1537.0,99.0,547.0,0.734137
fastmultrec_greedy,2,8,61,10,1557.0,105.0,507.0,2.024785
lcamap,2,8,61,10,1572.0,108.0,492.0,0.099962
segdup,2,8,61,15,2112,108,492,204.799203
insider,2,8,61,15,2023.0,94.0,613.0,1.738499
insider_relax,2,8,61,15,2023.0,94.0,613.0,2.105739
fastmultrec_greedy,2,8,61,15,2079.0,104.0,519.0,2.556138
lcamap,2,8,61,15,2112.0,108.0,492.0,0.095485
segdup,2,8,61,20,2634,105,534,204.373308
insider,2,8,61,20,2483.0,90.0,683.0,7.144586
insider_relax,2,8,61,20,2483.0,90.0,683.0,11.168767
fastmultrec_greedy,2,8,61,20,2599.0,104.0,519.0,2.552864
lcamap,2,8,61,20,2652.0,108.0,492.0,0.096279
segdup,2,9,61,5,78,14,8,149.757242
insider,2,9,61,5,78.0,14.0,8.0,0.129256
insider_relax,2,9,61,5,78.0,14.0,8.0,0.142091
fastmultrec_greedy,2,9,61,5,78.0,14.0,8.0,0.355486
lcamap,2,9,61,5,78.0,14.0,8.0,0.066596
segdup,2,9,61,10,148,14,8,131.703552
insider,2,9,61,10,146.0,13.0,16.0,0.146436
insider_relax,2,9,61,10,146.0,13.0,16.0,0.164642
fastmultrec_greedy,2,9,61,10,148.0,14.0,8.0,0.344970
lcamap,2,9,61,10,148.0,14.0,8.0,0.066018
segdup,2,9,61,15,218,14,8,124.694170
insider,2,9,61,15,211.0,13.0,16.0,0.185461
insider_relax,2,9,61,15,211.0,13.0,16.0,0.187741
fastmultrec_greedy,2,9,61,15,218.0,14.0,8.0,0.347166
lcamap,2,9,61,15,218.0,14.0,8.0,0.063427
segdup,2,9,61,20,288,14,8,115.891799
insider,2,9,61,20,276.0,13.0,16.0,0.249338
insider_relax,2,9,61,20,276.0,13.0,16.0,0.259167
fastmultrec_greedy,2,9,61,20,288.0,14.0,8.0,0.348362
lcamap,2,9,61,20,288.0,14.0,8.0,0.067469
segdup,2,10,61,5,16,3,1,113.732114
insider,2,10,61,5,16.0,3.0,1.0,0.071023
insider_relax,2,10,61,5,16.0,3.0,1.0,0.071197
fastmultrec_greedy,2,10,61,5,16.0,3.0,1.0,0.206858
lcamap,2,10,61,5,16.0,3.0,1.0,0.035377
segdup,2,10,61,10,31,3,1,100.124173
insider,2,10,61,10,31.0,3.0,1.0,0.083717
insider_relax,2,10,61,10,31.0,3.0,1.0,0.076461
fastmultrec_greedy,2,10,61,10,31.0,3.0,1.0,0.207570
lcamap,2,10,61,10,31.0,3.0,1.0,0.038483
segdup,2,10,61,15,46,3,1,93.378951
insider,2,10,61,15,46.0,3.0,1.0,0.070562
insider_relax,2,10,61,15,46.0,3.0,1.0,0.073126
fastmultrec_greedy,2,10,61,15,46.0,3.0,1.0,0.205216
lcamap,2,10,61,15,46.0,3.0,1.0,0.035384
segdup,2,10,61,20,61,3,1,82.030390
insider,2,10,61,20,61.0,3.0,1.0,0.077506
insider_relax,2,10,61,20,61.0,3.0,1.0,0.074849
fastmultrec_greedy,2,10,61,20,61.0,3.0,1.0,0.212982
lcamap,2,10,61,20,61.0,3.0,1.0,0.035542
segdup,2,11,61,5,10,2,0,112.110883
insider,2,11,61,5,10.0,2.0,0.0,0.098134
insider_relax,2,11,61,5,10.0,2.0,0.0,0.104472
fastmultrec_greedy,2,11,61,5,10.0,2.0,0.0,0.337786
lcamap,2,11,61,5,10.0,2.0,0.0,0.056208
segdup,2,11,61,10,20,2,0,103.483978
insider,2,11,61,10,20.0,2.0,0.0,0.102154
insider_relax,2,11,61,10,20.0,2.0,0.0,0.108734
fastmultrec_greedy,2,11,61,10,20.0,2.0,0.0,0.340622
lcamap,2,11,61,10,20.0,2.0,0.0,0.056326
segdup,2,11,61,15,30,2,0,57.369707
insider,2,11,61,15,30.0,2.0,0.0,0.103680
insider_relax,2,11,61,15,30.0,2.0,0.0,0.109036
fastmultrec_greedy,2,11,61,15,30.0,2.0,0.0,0.341938
lcamap,2,11,61,15,30.0,2.0,0.0,0.056392
segdup,2,11,61,20,40,2,0,57.817962
insider,2,11,61,20,40.0,2.0,0.0,0.103312
insider_relax,2,11,61,20,40.0,2.0,0.0,0.108605
fastmultrec_greedy,2,11,61,20,40.0,2.0,0.0,0.340392
lcamap,2,11,61,20,40.0,2.0,0.0,0.058377
segdup,1,7,62,5,1784,155,1009,155.085338
insider,1,7,62,5,1757.0,142.0,1047.0,0.210770
insider_relax,1,7,62,5,1757.0,142.0,1047.0,0.221226
fastmultrec_greedy,1,7,62,5,1757.0,142.0,1047.0,4.068211
lcamap,1,7,62,5,1784.0,155.0,1009.0,0.069877
segdup,1,7,62,10,2559,155,1009,156.627096
insider,1,7,62,10,2426.0,128.0,1146.0,0.381141
insider_relax,1,7,62,10,2426.0,127.0,1156.0,0.421241
fastmultrec_greedy,1,7,62,10,2442.0,135.0,1092.0,6.147614
lcamap,1,7,62,10,2559.0,155.0,1009.0,0.067940
segdup,1,7,62,15,3334,155,1009,153.308193
insider,1,7,62,15,3056.0,125.0,1181.0,0.675684
insider_relax,1,7,62,15,3056.0,125.0,1181.0,0.794486
fastmultrec_greedy,1,7,62,15,3109.0,133.0,1114.0,7.380753
lcamap,1,7,62,15,3334.0,155.0,1009.0,0.065827
segdup,1,7,62,20,4109,155,1009,153.673442
insider,1,7,62,20,3666.0,117.0,1326.0,1.392775
insider_relax,1,7,62,20,3666.0,117.0,1326.0,1.884738
fastmultrec_greedy,1,7,62,20,3766.0,130.0,1166.0,8.248311
lcamap,1,7,62,20,4109.0,155.0,1009.0,0.073592
segdup,1,8,62,5,634,88,194,155.382525
insider,1,8,62,5,630.0,86.0,200.0,0.224072
insider_relax,1,8,62,5,630.0,86.0,200.0,0.261880
fastmultrec_greedy,1,8,62,5,630.0,86.0,200.0,1.192604
lcamap,1,8,62,5,634.0,88.0,194.0,0.078780
segdup,1,8,62,10,1069,87,199,150.801139
insider,1,8,62,10,1047.0,79.0,257.0,0.431646
insider_relax,1,8,62,10,1047.0,79.0,257.0,0.708969
fastmultrec_greedy,1,8,62,10,1056.0,85.0,206.0,1.619528
lcamap,1,8,62,10,1074.0,88.0,194.0,0.079737
segdup,1,8,62,15,1504,87,199,150.085375
insider,1,8,62,15,1431.0,72.0,351.0,1.419165
insider_relax,1,8,62,15,1431.0,72.0,351.0,2.869486
fastmultrec_greedy,1,8,62,15,1481.0,85.0,206.0,1.607190
lcamap,1,8,62,15,1514.0,88.0,194.0,0.080155
segdup,1,8,62,20,1954,88,194,142.084227
insider,1,8,62,20,1784.0,69.0,404.0,8.125107
insider_relax,1,8,62,20,1784.0,69.0,404.0,13.876353
fastmultrec_greedy,1,8,62,20,1899.0,83.0,239.0,2.402767
lcamap,1,8,62,20,1954.0,88.0,194.0,0.078859
segdup,1,9,62,5,44,8,4,149.955940
insider,1,9,62,5,44.0,8.0,4.0,0.100943
insider_relax,1,9,62,5,44.0,8.0,4.0,0.113830
fastmultrec_greedy,1,9,62,5,44.0,8.0,4.0,0.305868
lcamap,1,9,62,5,44.0,8.0,4.0,0.061111
segdup,1,9,62,10,84,8,4,148.604808
insider,1,9,62,10,84.0,8.0,4.0,0.108868
insider_relax,1,9,62,10,84.0,8.0,4.0,0.114317
fastmultrec_greedy,1,9,62,10,84.0,8.0,4.0,0.307146
lcamap,1,9,62,10,84.0,8.0,4.0,0.061046
segdup,1,9,62,15,124,8,4,84.762606
insider,1,9,62,15,124.0,8.0,4.0,0.117595
insider_relax,1,9,62,15,124.0,8.0,4.0,0.116645
fastmultrec_greedy,1,9,62,15,124.0,8.0,4.0,0.308519
lcamap,1,9,62,15,124.0,8.0,4.0,0.061271
segdup,1,9,62,20,164,8,4,143.864494
insider,1,9,62,20,164.0,8.0,4.0,0.123476
insider_relax,1,9,62,20,164.0,8.0,4.0,0.127173
fastmultrec_greedy,1,9,62,20,164.0,8.0,4.0,0.304762
lcamap,1,9,62,20,164.0,8.0,4.0,0.057928
segdup,1,10,62,5,11,2,1,201.640945
insider,1,10,62,5,11.0,2.0,1.0,0.124241
insider_relax,1,10,62,5,11.0,2.0,1.0,0.131542
fastmultrec_greedy,1,10,62,5,11.0,2.0,1.0,0.479128
lcamap,1,10,62,5,11.0,2.0,1.0,0.082035
segdup,1,10,62,10,21,2,1,182.054716
insider,1,10,62,10,21.0,2.0,1.0,0.125435
insider_relax,1,10,62,10,21.0,2.0,1.0,0.127141
fastmultrec_greedy,1,10,62,10,21.0,2.0,1.0,0.486710
lcamap,1,10,62,10,21.0,2.0,1.0,0.079015
segdup,1,10,62,15,31,2,1,199.140892
insider,1,10,62,15,31.0,2.0,1.0,0.127048
insider_relax,1,10,62,15,31.0,2.0,1.0,0.137055
fastmultrec_greedy,1,10,62,15,31.0,2.0,1.0,0.474847
lcamap,1,10,62,15,31.0,2.0,1.0,0.076671
segdup,1,10,62,20,41,2,1,121.768313
insider,1,10,62,20,41.0,2.0,1.0,0.128499
insider_relax,1,10,62,20,41.0,2.0,1.0,0.123982
fastmultrec_greedy,1,10,62,20,41.0,2.0,1.0,0.483243
lcamap,1,10,62,20,41.0,2.0,1.0,0.077630
segdup,1,11,62,5,5,1,0,124.100639
insider,1,11,62,5,5.0,1.0,0.0,0.079705
insider_relax,1,11,62,5,5.0,1.0,0.0,0.078080
fastmultrec_greedy,1,11,62,5,5.0,1.0,0.0,0.244250
lcamap,1,11,62,5,5.0,1.0,0.0,0.043989
segdup,1,11,62,10,10,1,0,116.732547
insider,1,11,62,10,10.0,1.0,0.0,0.081531
insider_relax,1,11,62,10,10.0,1.0,0.0,0.078424
fastmultrec_greedy,1,11,62,10,10.0,1.0,0.0,0.245627
lcamap,1,11,62,10,10.0,1.0,0.0,0.047588
segdup,1,11,62,15,15,1,0,86.858403
insider,1,11,62,15,15.0,1.0,0.0,0.079058
insider_relax,1,11,62,15,15.0,1.0,0.0,0.078048
fastmultrec_greedy,1,11,62,15,15.0,1.0,0.0,0.245888
lcamap,1,11,62,15,15.0,1.0,0.0,0.044854
segdup,1,11,62,20,20,1,0,72.515832
insider,1,11,62,20,20.0,1.0,0.0,0.080616
insider_relax,1,11,62,20,20.0,1.0,0.0,0.078760
fastmultrec_greedy,1,11,62,20,20.0,1.0,0.0,0.250434
lcamap,1,11,62,20,20.0,1.0,0.0,0.046745
segdup,2,7,62,5,3902,248,2662,631.505148
insider,2,7,62,5,3849.0,221.0,2744.0,0.655986
insider_relax,2,7,62,5,3849.0,221.0,2744.0,0.735489
fastmultrec_greedy,2,7,62,5,3850.0,221.0,2745.0,34.961318
lcamap,2,7,62,5,3902.0,248.0,2662.0,0.209971
segdup,2,7,62,10,5142,248,2662,603.266934
insider,2,7,62,10,4893.0,199.0,2903.0,1.012805
insider_relax,2,7,62,10,4893.0,199.0,2903.0,1.186160
fastmultrec_greedy,2,7,62,10,4923.0,208.0,2843.0,52.475891
lcamap,2,7,62,10,5142.0,248.0,2662.0,0.205007
segdup,2,7,62,15,6382,248,2662,596.853362
insider,2,7,62,15,5863.0,187.0,3058.0,1.786810
insider_relax,2,7,62,15,5863.0,187.0,3058.0,2.224344
fastmultrec_greedy,2,7,62,15,5952.0,204.0,2892.0,58.009678
lcamap,2,7,62,15,6382.0,248.0,2662.0,0.210208
segdup,2,7,62,20,7605,247,2665,610.055058
insider,2,7,62,20,6770.0,175.0,3270.0,3.546465
insider_relax,2,7,62,20,6770.0,175.0,3270.0,4.850153
fastmultrec_greedy,2,7,62,20,6960.0,201.0,2940.0,61.486569
lcamap,2,7,62,20,7622.0,248.0,2662.0,0.211462
segdup,2,8,62,5,255,33,90,54.301394
insider,2,8,62,5,255.0,33.0,90.0,0.095261
insider_relax,2,8,62,5,255.0,33.0,90.0,0.105826
fastmultrec_greedy,2,8,62,5,255.0,33.0,90.0,0.156067
lcamap,2,8,62,5,255.0,33.0,90.0,0.031784
segdup,2,8,62,10,420,33,90,51.762234
insider,2,8,62,10,420.0,33.0,90.0,0.125574
insider_relax,2,8,62,10,420.0,33.0,90.0,0.165800
fastmultrec_greedy,2,8,62,10,420.0,33.0,90.0,0.157763
lcamap,2,8,62,10,420.0,33.0,90.0,0.033022
segdup,2,8,62,15,585,33,90,40.980547
insider,2,8,62,15,585.0,33.0,90.0,0.221554
insider_relax,2,8,62,15,585.0,33.0,90.0,0.246537
fastmultrec_greedy,2,8,62,15,585.0,33.0,90.0,0.153846
lcamap,2,8,62,15,585.0,33.0,90.0,0.030614
segdup,2,8,62,20,750,33,90,40.070129
insider,2,8,62,20,745.0,32.0,105.0,0.420456
insider_relax,2,8,62,20,745.0,32.0,105.0,0.687087
fastmultrec_greedy,2,8,62,20,750.0,33.0,90.0,0.151274
lcamap,2,8,62,20,750.0,33.0,90.0,0.030912
segdup,2,9,62,5,113,19,18,78.070607
insider,2,9,62,5,113.0,19.0,18.0,0.121181
insider_relax,2,9,62,5,113.0,19.0,18.0,0.137101
fastmultrec_greedy,2,9,62,5,113.0,19.0,18.0,0.309240
lcamap,2,9,62,5,113.0,19.0,18.0,0.051865
segdup,2,9,62,10,208,19,18,73.625088
insider,2,9,62,10,208.0,19.0,18.0,0.140389
insider_relax,2,9,62,10,208.0,19.0,18.0,0.192590
fastmultrec_greedy,2,9,62,10,208.0,19.0,18.0,0.309662
lcamap,2,9,62,10,208.0,19.0,18.0,0.050079
segdup,2,9,62,15,303,19,18,55.922444
insider,2,9,62,15,303.0,19.0,18.0,0.250015
insider_relax,2,9,62,15,303.0,19.0,18.0,0.276477
fastmultrec_greedy,2,9,62,15,303.0,19.0,18.0,0.303928
lcamap,2,9,62,15,303.0,19.0,18.0,0.049784
segdup,2,9,62,20,398,19,18,56.357297
insider,2,9,62,20,398.0,19.0,18.0,0.437467
insider_relax,2,9,62,20,398.0,19.0,18.0,0.581269
fastmultrec_greedy,2,9,62,20,398.0,19.0,18.0,0.306490
lcamap,2,9,62,20,398.0,19.0,18.0,0.051331
segdup,2,10,62,5,21,4,1,283.188359
insider,2,10,62,5,21.0,4.0,1.0,0.186684
insider_relax,2,10,62,5,21.0,4.0,1.0,0.185518
fastmultrec_greedy,2,10,62,5,21.0,4.0,1.0,0.602064
lcamap,2,10,62,5,21.0,4.0,1.0,0.111419
segdup,2,10,62,10,41,4,1,261.671780
insider,2,10,62,10,41.0,4.0,1.0,0.187405
insider_relax,2,10,62,10,41.0,4.0,1.0,0.186829
fastmultrec_greedy,2,10,62,10,41.0,4.0,1.0,0.604203
lcamap,2,10,62,10,41.0,4.0,1.0,0.110532
segdup,2,10,62,15,61,4,1,130.046385
insider,2,10,62,15,61.0,4.0,1.0,0.190680
insider_relax,2,10,62,15,61.0,4.0,1.0,0.187116
fastmultrec_greedy,2,10,62,15,61.0,4.0,1.0,0.604813
lcamap,2,10,62,15,61.0,4.0,1.0,0.113251
segdup,2,10,62,20,81,4,1,128.789796
insider,2,10,62,20,81.0,4.0,1.0,0.191325
insider_relax,2,10,62,20,81.0,4.0,1.0,0.191895
fastmultrec_greedy,2,10,62,20,81.0,4.0,1.0,0.604896
lcamap,2,10,62,20,81.0,4.0,1.0,0.112590
segdup,2,11,62,5,10,2,0,110.880314
insider,2,11,62,5,10.0,2.0,0.0,0.086376
insider_relax,2,11,62,5,10.0,2.0,0.0,0.088899
fastmultrec_greedy,2,11,62,5,10.0,2.0,0.0,0.250478
lcamap,2,11,62,5,10.0,2.0,0.0,0.044375
segdup,2,11,62,10,20,2,0,103.702893
insider,2,11,62,10,20.0,2.0,0.0,0.087741
insider_relax,2,11,62,10,20.0,2.0,0.0,0.087493
fastmultrec_greedy,2,11,62,10,20.0,2.0,0.0,0.246056
lcamap,2,11,62,10,20.0,2.0,0.0,0.046153
segdup,2,11,62,15,30,2,0,87.477115
insider,2,11,62,15,30.0,2.0,0.0,0.088163
insider_relax,2,11,62,15,30.0,2.0,0.0,0.088764
fastmultrec_greedy,2,11,62,15,30.0,2.0,0.0,0.253369
lcamap,2,11,62,15,30.0,2.0,0.0,0.045451
segdup,2,11,62,20,40,2,0,48.174496
insider,2,11,62,20,40.0,2.0,0.0,0.087641
insider_relax,2,11,62,20,40.0,2.0,0.0,0.090291
fastmultrec_greedy,2,11,62,20,40.0,2.0,0.0,0.250971
lcamap,2,11,62,20,40.0,2.0,0.0,0.046972
segdup,1,7,63,5,819,82,409,58.098829
insider,1,7,63,5,810.0,77.0,425.0,0.089397
insider_relax,1,7,63,5,810.0,77.0,425.0,0.113768
fastmultrec_greedy,1,7,63,5,810.0,77.0,425.0,0.525605
lcamap,1,7,63,5,819.0,82.0,409.0,0.023901
segdup,1,7,63,10,1229,82,409,55.771873
insider,1,7,63,10,1184.0,73.0,454.0,0.144422
insider_relax,1,7,63,10,1184.0,73.0,454.0,0.181584
fastmultrec_greedy,1,7,63,10,1188.0,75.0,438.0,0.696812
lcamap,1,7,63,10,1229.0,82.0,409.0,0.022034
segdup,1,7,63,15,1639,82,409,55.247127
insider,1,7,63,15,1544.0,72.0,464.0,0.296179
insider_relax,1,7,63,15,1544.0,72.0,464.0,0.379766
fastmultrec_greedy,1,7,63,15,1563.0,75.0,438.0,0.682343
lcamap,1,7,63,15,1639.0,82.0,409.0,0.023183
segdup,1,7,63,20,2038,80,438,52.280661
insider,1,7,63,20,1892.0,68.0,532.0,0.861455
insider_relax,1,7,63,20,1892.0,68.0,532.0,1.162067
fastmultrec_greedy,1,7,63,20,1932.0,73.0,472.0,0.852225
lcamap,1,7,63,20,2049.0,82.0,409.0,0.022656
segdup,1,8,63,5,484,70,134,110.864080
insider,1,8,63,5,480.0,68.0,140.0,0.173214
insider_relax,1,8,63,5,480.0,68.0,140.0,0.191200
fastmultrec_greedy,1,8,63,5,480.0,68.0,140.0,0.863205
lcamap,1,8,63,5,484.0,70.0,134.0,0.064172
segdup,1,8,63,10,834,70,134,112.932245
insider,1,8,63,10,814.0,65.0,164.0,0.242678
insider_relax,1,8,63,10,814.0,65.0,164.0,0.316256
fastmultrec_greedy,1,8,63,10,819.0,67.0,149.0,1.146325
lcamap,1,8,63,10,834.0,70.0,134.0,0.066755
segdup,1,8,63,15,1184,70,134,106.943336
insider,1,8,63,15,1132.0,62.0,202.0,0.465194
insider_relax,1,8,63,15,1132.0,62.0,202.0,0.583448
fastmultrec_greedy,1,8,63,15,1154.0,67.0,149.0,1.135122
lcamap,1,8,63,15,1184.0,70.0,134.0,0.064414
segdup,1,8,63,20,1534,70,134,106.506791
insider,1,8,63,20,1442.0,62.0,202.0,1.531241
insider_relax,1,8,63,20,1442.0,62.0,202.0,2.571834
fastmultrec_greedy,1,8,63,20,1489.0,67.0,149.0,1.158794
lcamap,1,8,63,20,1534.0,70.0,134.0,0.065345
segdup,1,9,63,5,103,18,13,84.543514
insider,1,9,63,5,103.0,18.0,13.0,0.076925
insider_relax,1,9,63,5,103.0,18.0,13.0,0.088934
fastmultrec_greedy,1,9,63,5,103.0,18.0,13.0,0.179119
lcamap,1,9,63,5,103.0,18.0,13.0,0.035337
segdup,1,9,63,10,193,18,13,82.746648
insider,1,9,63,10,193.0,18.0,13.0,0.097528
insider_relax,1,9,63,10,193.0,18.0,13.0,0.121779
fastmultrec_greedy,1,9,63,10,193.0,18.0,13.0,0.182936
lcamap,1,9,63,10,193.0,18.0,13.0,0.036774
segdup,1,9,63,15,283,18,13,70.008921
insider,1,9,63,15,283.0,18.0,13.0,0.118540
insider_relax,1,9,63,15,283.0,18.0,13.0,0.139483
fastmultrec_greedy,1,9,63,15,283.0,18.0,13.0,0.178648
lcamap,1,9,63,15,283.0,18.0,13.0,0.038707
segdup,1,9,63,20,373,18,13,67.955323
insider,1,9,63,20,373.0,18.0,13.0,0.389478
insider_relax,1,9,63,20,373.0,18.0,13.0,0.455942
fastmultrec_greedy,1,9,63,20,373.0,18.0,13.0,0.174808
lcamap,1,9,63,20,373.0,18.0,13.0,0.036314
segdup,1,10,63,5,5,1,0,114.297282
insider,1,10,63,5,5.0,1.0,0.0,0.069849
insider_relax,1,10,63,5,5.0,1.0,0.0,0.075002
fastmultrec_greedy,1,10,63,5,5.0,1.0,0.0,0.221679
lcamap,1,10,63,5,5.0,1.0,0.0,0.044837
segdup,1,10,63,10,10,1,0,100.915034
insider,1,10,63,10,10.0,1.0,0.0,0.073678
insider_relax,1,10,63,10,10.0,1.0,0.0,0.070802
fastmultrec_greedy,1,10,63,10,10.0,1.0,0.0,0.221300
lcamap,1,10,63,10,10.0,1.0,0.0,0.045533
segdup,1,10,63,15,15,1,0,101.350674
insider,1,10,63,15,15.0,1.0,0.0,0.066721
insider_relax,1,10,63,15,15.0,1.0,0.0,0.071836
fastmultrec_greedy,1,10,63,15,15.0,1.0,0.0,0.220126
lcamap,1,10,63,15,15.0,1.0,0.0,0.039738
segdup,1,10,63,20,20,1,0,64.667838
insider,1,10,63,20,20.0,1.0,0.0,0.071490
insider_relax,1,10,63,20,20.0,1.0,0.0,0.071801
fastmultrec_greedy,1,10,63,20,20.0,1.0,0.0,0.221536
lcamap,1,10,63,20,20.0,1.0,0.0,0.043001
segdup,1,11,63,5,5,1,0,131.885587
insider,1,11,63,5,5.0,1.0,0.0,0.090875
insider_relax,1,11,63,5,5.0,1.0,0.0,0.093675
fastmultrec_greedy,1,11,63,5,5.0,1.0,0.0,0.336633
lcamap,1,11,63,5,5.0,1.0,0.0,0.058993
segdup,1,11,63,10,10,1,0,121.674191
insider,1,11,63,10,10.0,1.0,0.0,0.093632
insider_relax,1,11,63,10,10.0,1.0,0.0,0.094274
fastmultrec_greedy,1,11,63,10,10.0,1.0,0.0,0.331949
lcamap,1,11,63,10,10.0,1.0,0.0,0.058999
segdup,1,11,63,15,15,1,0,100.002769
insider,1,11,63,15,15.0,1.0,0.0,0.092994
insider_relax,1,11,63,15,15.0,1.0,0.0,0.095397
fastmultrec_greedy,1,11,63,15,15.0,1.0,0.0,0.330227
lcamap,1,11,63,15,15.0,1.0,0.0,0.060161
segdup,1,11,63,20,20,1,0,78.780643
insider,1,11,63,20,20.0,1.0,0.0,0.096315
insider_relax,1,11,63,20,20.0,1.0,0.0,0.098149
fastmultrec_greedy,1,11,63,20,20.0,1.0,0.0,0.328712
lcamap,1,11,63,20,20.0,1.0,0.0,0.056696
segdup,2,7,63,5,1442,120,842,337.261452
insider,2,7,63,5,1429.0,114.0,859.0,0.390302
insider_relax,2,7,63,5,1429.0,114.0,859.0,0.394502
fastmultrec_greedy,2,7,63,5,1429.0,114.0,859.0,4.093257
lcamap,2,7,63,5,1442.0,120.0,842.0,0.128603
segdup,2,7,63,10,2042,120,842,337.050493
insider,2,7,63,10,1981.0,105.0,931.0,0.532890
insider_relax,2,7,63,10,1981.0,105.0,931.0,0.570463
fastmultrec_greedy,2,7,63,10,1989.0,110.0,889.0,6.490977
lcamap,2,7,63,10,2042.0,120.0,842.0,0.121011
segdup,2,7,63,15,2642,120,842,340.040354
insider,2,7,63,15,2497.0,100.0,997.0,0.800221
insider_relax,2,7,63,15,2497.0,100.0,997.0,0.906758
fastmultrec_greedy,2,7,63,15,2529.0,108.0,909.0,8.914104
lcamap,2,7,63,15,2642.0,120.0,842.0,0.122065
segdup,2,7,63,20,3242,120,842,334.719256
insider,2,7,63,20,2986.0,96.0,1066.0,1.367094
insider_relax,2,7,63,20,2986.0,96.0,1066.0,1.928402
fastmultrec_greedy,2,7,63,20,3067.0,107.0,927.0,9.580375
lcamap,2,7,63,20,3242.0,120.0,842.0,0.123725
segdup,2,9,63,5,91,16,11,159.628495
insider,2,9,63,5,91.0,16.0,11.0,0.151038
insider_relax,2,9,63,5,91.0,16.0,11.0,0.153121
fastmultrec_greedy,2,9,63,5,91.0,16.0,11.0,0.410277
lcamap,2,9,63,5,91.0,16.0,11.0,0.078152
segdup,2,9,63,10,171,16,11,146.880236
insider,2,9,63,10,171.0,16.0,11.0,0.156377
insider_relax,2,9,63,10,171.0,16.0,11.0,0.177121
fastmultrec_greedy,2,9,63,10,171.0,16.0,11.0,0.413733
lcamap,2,9,63,10,171.0,16.0,11.0,0.073981
segdup,2,9,63,15,251,16,11,93.300195
insider,2,9,63,15,251.0,16.0,11.0,0.188528
insider_relax,2,9,63,15,251.0,16.0,11.0,0.181814
fastmultrec_greedy,2,9,63,15,251.0,16.0,11.0,0.409851
lcamap,2,9,63,15,251.0,16.0,11.0,0.073421
segdup,2,9,63,20,331,16,11,92.246035
insider,2,9,63,20,331.0,16.0,11.0,0.216897
insider_relax,2,9,63,20,331.0,16.0,11.0,0.222243
fastmultrec_greedy,2,9,63,20,331.0,16.0,11.0,0.408044
lcamap,2,9,63,20,331.0,16.0,11.0,0.073334
segdup,2,10,63,5,15,3,0,321.549967
insider,2,10,63,5,15.0,3.0,0.0,0.199132
insider_relax,2,10,63,5,15.0,3.0,0.0,0.193732
fastmultrec_greedy,2,10,63,5,15.0,3.0,0.0,0.691819
lcamap,2,10,63,5,15.0,3.0,0.0,0.123448
segdup,2,10,63,10,30,3,0,262.237298
insider,2,10,63,10,30.0,3.0,0.0,0.194890
insider_relax,2,10,63,10,30.0,3.0,0.0,0.199515
fastmultrec_greedy,2,10,63,10,30.0,3.0,0.0,0.689486
lcamap,2,10,63,10,30.0,3.0,0.0,0.123929
segdup,2,10,63,15,45,3,0,223.885975
insider,2,10,63,15,45.0,3.0,0.0,0.199866
insider_relax,2,10,63,15,45.0,3.0,0.0,0.196410
fastmultrec_greedy,2,10,63,15,45.0,3.0,0.0,0.686443
lcamap,2,10,63,15,45.0,3.0,0.0,0.126004
segdup,2,10,63,20,60,3,0,137.683898
insider,2,10,63,20,60.0,3.0,0.0,0.200835
insider_relax,2,10,63,20,60.0,3.0,0.0,0.201558
fastmultrec_greedy,2,10,63,20,60.0,3.0,0.0,0.695335
lcamap,2,10,63,20,60.0,3.0,0.0,0.126169
segdup,2,11,63,5,10,2,0,177.684075
insider,2,11,63,5,10.0,2.0,0.0,0.130812
insider_relax,2,11,63,5,10.0,2.0,0.0,0.134151
fastmultrec_greedy,2,11,63,5,10.0,2.0,0.0,0.423825
lcamap,2,11,63,5,10.0,2.0,0.0,0.079379
segdup,2,11,63,10,20,2,0,145.528787
insider,2,11,63,10,20.0,2.0,0.0,0.133573
insider_relax,2,11,63,10,20.0,2.0,0.0,0.129435
fastmultrec_greedy,2,11,63,10,20.0,2.0,0.0,0.422579
lcamap,2,11,63,10,20.0,2.0,0.0,0.077476
segdup,2,11,63,15,30,2,0,146.510373
insider,2,11,63,15,30.0,2.0,0.0,0.129653
insider_relax,2,11,63,15,30.0,2.0,0.0,0.134088
fastmultrec_greedy,2,11,63,15,30.0,2.0,0.0,0.421630
lcamap,2,11,63,15,30.0,2.0,0.0,0.080720
segdup,2,11,63,20,40,2,0,88.385995
insider,2,11,63,20,40.0,2.0,0.0,0.134921
insider_relax,2,11,63,20,40.0,2.0,0.0,0.127258
fastmultrec_greedy,2,11,63,20,40.0,2.0,0.0,0.417299
lcamap,2,11,63,20,40.0,2.0,0.0,0.080086
segdup,1,7,64,5,4364,260,3064,238.596202
insider,1,7,64,5,4300.0,233.0,3135.0,0.320310
insider_relax,1,7,64,5,4300.0,233.0,3135.0,0.355312
fastmultrec_greedy,1,7,64,5,4305.0,237.0,3120.0,8.048258
lcamap,1,7,64,5,4364.0,260.0,3064.0,0.079806
segdup,1,7,64,10,5664,260,3064,236.125876
insider,1,7,64,10,5389.0,207.0,3319.0,0.585185
insider_relax,1,7,64,10,5389.0,207.0,3319.0,0.691896
fastmultrec_greedy,1,7,64,10,5443.0,224.0,3203.0,13.394049
lcamap,1,7,64,10,5664.0,260.0,3064.0,0.084324
segdup,1,7,64,15,6956,258,3086,236.854676
insider,1,7,64,15,6394.0,193.0,3499.0,1.131179
insider_relax,1,7,64,15,6394.0,193.0,3499.0,1.567069
fastmultrec_greedy,1,7,64,15,6524.0,216.0,3284.0,19.391588
lcamap,1,7,64,15,6964.0,260.0,3064.0,0.084942
segdup,1,7,64,20,8264,260,3064,236.390008
insider,1,7,64,20,7345.0,184.0,3665.0,3.137541
insider_relax,1,7,64,20,7345.0,184.0,3665.0,4.169404
fastmultrec_greedy,1,7,64,20,7595.0,212.0,3355.0,21.059009
lcamap,1,7,64,20,8264.0,260.0,3064.0,0.080968
segdup,1,8,64,5,373,49,128,55.037764
insider,1,8,64,5,371.0,48.0,131.0,0.090997
insider_relax,1,8,64,5,371.0,48.0,131.0,0.112959
fastmultrec_greedy,1,8,64,5,372.0,49.0,127.0,0.307995
lcamap,1,8,64,5,374.0,50.0,124.0,0.029706
segdup,1,8,64,10,618,49,128,53.602381
insider,1,8,64,10,600.0,43.0,170.0,0.136193
insider_relax,1,8,64,10,600.0,43.0,170.0,0.174258
fastmultrec_greedy,1,8,64,10,617.0,49.0,127.0,0.306146
lcamap,1,8,64,10,624.0,50.0,124.0,0.026851
segdup,1,8,64,15,865,49,130,52.161957
insider,1,8,64,15,813.0,41.0,198.0,0.201097
insider_relax,1,8,64,15,813.0,41.0,198.0,0.235044
fastmultrec_greedy,1,8,64,15,862.0,49.0,127.0,0.305116
lcamap,1,8,64,15,874.0,50.0,124.0,0.027097
segdup,1,8,64,20,1091,48,131,51.773924
insider,1,8,64,20,1018.0,41.0,198.0,0.345599
insider_relax,1,8,64,20,1018.0,41.0,198.0,0.590980
fastmultrec_greedy,1,8,64,20,1107.0,49.0,127.0,0.302940
lcamap,1,8,64,20,1124.0,50.0,124.0,0.026820
segdup,1,9,64,5,71,11,16,129.438968
insider,1,9,64,5,71.0,11.0,16.0,0.110949
insider_relax,1,9,64,5,71.0,11.0,16.0,0.115741
fastmultrec_greedy,1,9,64,5,71.0,11.0,16.0,0.347048
lcamap,1,9,64,5,71.0,11.0,16.0,0.064528
segdup,1,9,64,10,126,11,16,118.950509
insider,1,9,64,10,122.0,10.0,22.0,0.117078
insider_relax,1,9,64,10,122.0,10.0,22.0,0.119959
fastmultrec_greedy,1,9,64,10,126.0,11.0,16.0,0.346171
lcamap,1,9,64,10,126.0,11.0,16.0,0.064100
segdup,1,9,64,15,172,10,22,114.717106
insider,1,9,64,15,172.0,10.0,22.0,0.128754
insider_relax,1,9,64,15,172.0,10.0,22.0,0.133784
fastmultrec_greedy,1,9,64,15,181.0,11.0,16.0,0.342521
lcamap,1,9,64,15,181.0,11.0,16.0,0.064488
segdup,1,9,64,20,222,10,22,93.045011
insider,1,9,64,20,222.0,10.0,22.0,0.135320
insider_relax,1,9,64,20,222.0,10.0,22.0,0.138347
fastmultrec_greedy,1,9,64,20,236.0,11.0,16.0,0.343121
lcamap,1,9,64,20,236.0,11.0,16.0,0.064398
segdup,1,10,64,5,16,3,1,123.793450
insider,1,10,64,5,16.0,3.0,1.0,0.081892
insider_relax,1,10,64,5,16.0,3.0,1.0,0.081673
fastmultrec_greedy,1,10,64,5,16.0,3.0,1.0,0.244694
lcamap,1,10,64,5,16.0,3.0,1.0,0.049067
segdup,1,10,64,10,31,3,1,120.053618
insider,1,10,64,10,31.0,3.0,1.0,0.081453
insider_relax,1,10,64,10,31.0,3.0,1.0,0.083866
fastmultrec_greedy,1,10,64,10,31.0,3.0,1.0,0.240457
lcamap,1,10,64,10,31.0,3.0,1.0,0.048297
segdup,1,10,64,15,46,3,1,114.243166
insider,1,10,64,15,46.0,3.0,1.0,0.089509
insider_relax,1,10,64,15,46.0,3.0,1.0,0.090911
fastmultrec_greedy,1,10,64,15,46.0,3.0,1.0,0.243365
lcamap,1,10,64,15,46.0,3.0,1.0,0.048096
segdup,1,10,64,20,61,3,1,68.173469
insider,1,10,64,20,61.0,3.0,1.0,0.085884
insider_relax,1,10,64,20,61.0,3.0,1.0,0.090877
fastmultrec_greedy,1,10,64,20,61.0,3.0,1.0,0.244350
lcamap,1,10,64,20,61.0,3.0,1.0,0.048214
segdup,1,11,64,5,5,1,0,73.962014
insider,1,11,64,5,5.0,1.0,0.0,0.046658
insider_relax,1,11,64,5,5.0,1.0,0.0,0.047453
fastmultrec_greedy,1,11,64,5,5.0,1.0,0.0,0.142569
lcamap,1,11,64,5,5.0,1.0,0.0,0.025509
segdup,1,11,64,10,10,1,0,72.348152
insider,1,11,64,10,10.0,1.0,0.0,0.047380
insider_relax,1,11,64,10,10.0,1.0,0.0,0.049912
fastmultrec_greedy,1,11,64,10,10.0,1.0,0.0,0.145317
lcamap,1,11,64,10,10.0,1.0,0.0,0.025748
segdup,1,11,64,15,15,1,0,42.840405
insider,1,11,64,15,15.0,1.0,0.0,0.048365
insider_relax,1,11,64,15,15.0,1.0,0.0,0.048599
fastmultrec_greedy,1,11,64,15,15.0,1.0,0.0,0.143467
lcamap,1,11,64,15,15.0,1.0,0.0,0.025157
segdup,1,11,64,20,20,1,0,40.584291
insider,1,11,64,20,20.0,1.0,0.0,0.043660
insider_relax,1,11,64,20,20.0,1.0,0.0,0.049548
fastmultrec_greedy,1,11,64,20,20.0,1.0,0.0,0.140384
lcamap,1,11,64,20,20.0,1.0,0.0,0.024146
segdup,2,7,64,5,1043,101,538,190.289125
insider,2,7,64,5,1039.0,99.0,544.0,0.278454
insider_relax,2,7,64,5,1039.0,99.0,544.0,0.289976
fastmultrec_greedy,2,7,64,5,1039.0,99.0,544.0,1.301501
lcamap,2,7,64,5,1043.0,101.0,538.0,0.081127
segdup,2,7,64,10,1548,101,538,200.846854
insider,2,7,64,10,1513.0,91.0,603.0,0.459105
insider_relax,2,7,64,10,1513.0,91.0,603.0,0.542845
fastmultrec_greedy,2,7,64,10,1530.0,98.0,550.0,2.162731
lcamap,2,7,64,10,1548.0,101.0,538.0,0.080763
segdup,2,7,64,15,2053,101,538,188.877035
insider,2,7,64,15,1954.0,85.0,679.0,0.887623
insider_relax,2,7,64,15,1954.0,85.0,679.0,1.084134
fastmultrec_greedy,2,7,64,15,2014.0,96.0,574.0,3.067074
lcamap,2,7,64,15,2053.0,101.0,538.0,0.082297
segdup,2,7,64,20,2558,101,538,186.938650
insider,2,7,64,20,2373.0,82.0,733.0,1.493331
insider_relax,2,7,64,20,2373.0,82.0,733.0,1.910678
fastmultrec_greedy,2,7,64,20,2489.0,95.0,589.0,3.519535
lcamap,2,7,64,20,2558.0,101.0,538.0,0.078282
segdup,2,8,64,5,490,65,165,128.468146
insider,2,8,64,5,490.0,65.0,165.0,0.211991
insider_relax,2,8,64,5,490.0,65.0,165.0,0.245803
fastmultrec_greedy,2,8,64,5,490.0,65.0,165.0,0.364633
lcamap,2,8,64,5,490.0,65.0,165.0,0.062916
segdup,2,8,64,10,815,65,165,127.442910
insider,2,8,64,10,803.0,59.0,213.0,0.381870
insider_relax,2,8,64,10,803.0,59.0,213.0,0.485969
fastmultrec_greedy,2,8,64,10,814.0,64.0,174.0,0.647358
lcamap,2,8,64,10,815.0,65.0,165.0,0.062599
segdup,2,8,64,15,1140,65,165,127.035608
insider,2,8,64,15,1095.0,58.0,225.0,0.768229
insider_relax,2,8,64,15,1095.0,58.0,225.0,0.954420
fastmultrec_greedy,2,8,64,15,1134.0,64.0,174.0,0.645157
lcamap,2,8,64,15,1140.0,65.0,165.0,0.060621
segdup,2,8,64,20,1465,65,165,125.911830
insider,2,8,64,20,1377.0,55.0,277.0,2.148918
insider_relax,2,8,64,20,1377.0,55.0,277.0,4.053861
fastmultrec_greedy,2,8,64,20,1454.0,64.0,174.0,0.652414
lcamap,2,8,64,20,1465.0,65.0,165.0,0.063112
segdup,2,9,64,5,59,10,9,201.191434
insider,2,9,64,5,59.0,10.0,9.0,0.145514
insider_relax,2,9,64,5,59.0,10.0,9.0,0.152287
fastmultrec_greedy,2,9,64,5,59.0,10.0,9.0,0.423751
lcamap,2,9,64,5,59.0,10.0,9.0,0.077486
segdup,2,9,64,10,109,10,9,181.366771
insider,2,9,64,10,109.0,10.0,9.0,0.153234
insider_relax,2,9,64,10,109.0,10.0,9.0,0.180834
fastmultrec_greedy,2,9,64,10,109.0,10.0,9.0,0.417879
lcamap,2,9,64,10,109.0,10.0,9.0,0.074641
segdup,2,9,64,15,159,10,9,153.192075
insider,2,9,64,15,159.0,10.0,9.0,0.187320
insider_relax,2,9,64,15,159.0,10.0,9.0,0.188231
fastmultrec_greedy,2,9,64,15,159.0,10.0,9.0,0.417707
lcamap,2,9,64,15,159.0,10.0,9.0,0.075990
segdup,2,9,64,20,209,10,9,153.909147
insider,2,9,64,20,209.0,10.0,9.0,0.256918
insider_relax,2,9,64,20,209.0,10.0,9.0,0.257977
fastmultrec_greedy,2,9,64,20,209.0,10.0,9.0,0.418823
lcamap,2,9,64,20,209.0,10.0,9.0,0.077118
segdup,2,10,64,5,26,5,1,134.433503
insider,2,10,64,5,26.0,5.0,1.0,0.096024
insider_relax,2,10,64,5,26.0,5.0,1.0,0.104996
fastmultrec_greedy,2,10,64,5,26.0,5.0,1.0,0.256060
lcamap,2,10,64,5,26.0,5.0,1.0,0.045903
segdup,2,10,64,10,51,5,1,119.471670
insider,2,10,64,10,51.0,5.0,1.0,0.098060
insider_relax,2,10,64,10,51.0,5.0,1.0,0.111662
fastmultrec_greedy,2,10,64,10,51.0,5.0,1.0,0.261316
lcamap,2,10,64,10,51.0,5.0,1.0,0.046073
segdup,2,10,64,15,76,5,1,89.484963
insider,2,10,64,15,76.0,5.0,1.0,0.111569
insider_relax,2,10,64,15,76.0,5.0,1.0,0.113813
fastmultrec_greedy,2,10,64,15,76.0,5.0,1.0,0.259953
lcamap,2,10,64,15,76.0,5.0,1.0,0.042790
segdup,2,10,64,20,101,5,1,58.718609
insider,2,10,64,20,101.0,5.0,1.0,0.121963
insider_relax,2,10,64,20,101.0,5.0,1.0,0.128272
fastmultrec_greedy,2,10,64,20,101.0,5.0,1.0,0.260016
lcamap,2,10,64,20,101.0,5.0,1.0,0.045627
segdup,2,11,64,5,10,2,0,117.831954
insider,2,11,64,5,10.0,2.0,0.0,0.091419
insider_relax,2,11,64,5,10.0,2.0,0.0,0.097954
fastmultrec_greedy,2,11,64,5,10.0,2.0,0.0,0.301569
lcamap,2,11,64,5,10.0,2.0,0.0,0.051337
segdup,2,11,64,10,20,2,0,110.603671
insider,2,11,64,10,20.0,2.0,0.0,0.090678
insider_relax,2,11,64,10,20.0,2.0,0.0,0.094152
fastmultrec_greedy,2,11,64,10,20.0,2.0,0.0,0.302215
lcamap,2,11,64,10,20.0,2.0,0.0,0.049760
segdup,2,11,64,15,30,2,0,57.925693
insider,2,11,64,15,30.0,2.0,0.0,0.092345
insider_relax,2,11,64,15,30.0,2.0,0.0,0.097700
fastmultrec_greedy,2,11,64,15,30.0,2.0,0.0,0.300558
lcamap,2,11,64,15,30.0,2.0,0.0,0.048838
segdup,2,11,64,20,40,2,0,57.758345
insider,2,11,64,20,40.0,2.0,0.0,0.090987
insider_relax,2,11,64,20,40.0,2.0,0.0,0.104188
fastmultrec_greedy,2,11,64,20,40.0,2.0,0.0,0.298767
lcamap,2,11,64,20,40.0,2.0,0.0,0.050073
segdup,1,7,65,5,1390,123,775,129.513484
insider,1,7,65,5,1380.0,119.0,785.0,0.177573
insider_relax,1,7,65,5,1380.0,119.0,785.0,0.189071
fastmultrec_greedy,1,7,65,5,1380.0,119.0,785.0,1.352129
lcamap,1,7,65,5,1390.0,123.0,775.0,0.055042
segdup,1,7,65,10,2004,122,784,122.482986
insider,1,7,65,10,1954.0,113.0,824.0,0.302575
insider_relax,1,7,65,10,1954.0,113.0,824.0,0.365609
fastmultrec_greedy,1,7,65,10,1967.0,117.0,797.0,1.915302
lcamap,1,7,65,10,2005.0,123.0,775.0,0.056238
segdup,1,7,65,15,2620,123,775,120.262502
insider,1,7,65,15,2496.0,105.0,921.0,0.660498
insider_relax,1,7,65,15,2496.0,105.0,921.0,0.757675
fastmultrec_greedy,1,7,65,15,2546.0,115.0,821.0,2.446927
lcamap,1,7,65,15,2620.0,123.0,775.0,0.054634
segdup,1,7,65,20,3215,120,815,120.790430
insider,1,7,65,20,3009.0,102.0,969.0,1.849808
insider_relax,1,7,65,20,3009.0,102.0,969.0,3.107412
fastmultrec_greedy,1,7,65,20,3118.0,113.0,858.0,2.997068
lcamap,1,7,65,20,3235.0,123.0,775.0,0.056268
segdup,1,8,65,5,307,49,62,90.068674
insider,1,8,65,5,307.0,49.0,62.0,0.129662
insider_relax,1,8,65,5,307.0,49.0,62.0,0.154873
fastmultrec_greedy,1,8,65,5,307.0,49.0,62.0,0.258448
lcamap,1,8,65,5,307.0,49.0,62.0,0.047053
segdup,1,8,65,10,552,49,62,92.515659
insider,1,8,65,10,539.0,45.0,89.0,0.211441
insider_relax,1,8,65,10,539.0,45.0,89.0,0.285330
fastmultrec_greedy,1,8,65,10,552.0,49.0,62.0,0.254452
lcamap,1,8,65,10,552.0,49.0,62.0,0.046165
segdup,1,8,65,15,797,49,62,87.332488
insider,1,8,65,15,764.0,45.0,89.0,0.370876
insider_relax,1,8,65,15,764.0,45.0,89.0,0.443704
fastmultrec_greedy,1,8,65,15,797.0,49.0,62.0,0.259004
lcamap,1,8,65,15,797.0,49.0,62.0,0.047461
segdup,1,8,65,20,1042,49,62,86.302050
insider,1,8,65,20,989.0,45.0,89.0,0.842116
insider_relax,1,8,65,20,989.0,45.0,89.0,1.241177
fastmultrec_greedy,1,8,65,20,1042.0,49.0,62.0,0.254479
lcamap,1,8,65,20,1042.0,49.0,62.0,0.044951
segdup,1,9,65,5,55,10,5,98.117776
insider,1,9,65,5,55.0,10.0,5.0,0.073869
insider_relax,1,9,65,5,55.0,10.0,5.0,0.082193
fastmultrec_greedy,1,9,65,5,55.0,10.0,5.0,0.212210
lcamap,1,9,65,5,55.0,10.0,5.0,0.038153
segdup,1,9,65,10,105,10,5,98.018115
insider,1,9,65,10,105.0,10.0,5.0,0.084500
insider_relax,1,9,65,10,105.0,10.0,5.0,0.102272
fastmultrec_greedy,1,9,65,10,105.0,10.0,5.0,0.214210
lcamap,1,9,65,10,105.0,10.0,5.0,0.036925
segdup,1,9,65,15,155,10,5,63.347879
insider,1,9,65,15,155.0,10.0,5.0,0.109244
insider_relax,1,9,65,15,155.0,10.0,5.0,0.107062
fastmultrec_greedy,1,9,65,15,155.0,10.0,5.0,0.212850
lcamap,1,9,65,15,155.0,10.0,5.0,0.036516
segdup,1,9,65,20,205,10,5,60.330083
insider,1,9,65,20,205.0,10.0,5.0,0.151696
insider_relax,1,9,65,20,205.0,10.0,5.0,0.147677
fastmultrec_greedy,1,9,65,20,205.0,10.0,5.0,0.214998
lcamap,1,9,65,20,205.0,10.0,5.0,0.039444
segdup,1,10,65,5,5,1,0,72.858264
insider,1,10,65,5,5.0,1.0,0.0,0.049638
insider_relax,1,10,65,5,5.0,1.0,0.0,0.049859
fastmultrec_greedy,1,10,65,5,5.0,1.0,0.0,0.160088
lcamap,1,10,65,5,5.0,1.0,0.0,0.026662
segdup,1,10,65,10,10,1,0,74.280193
insider,1,10,65,10,10.0,1.0,0.0,0.049896
insider_relax,1,10,65,10,10.0,1.0,0.0,0.050064
fastmultrec_greedy,1,10,65,10,10.0,1.0,0.0,0.160928
lcamap,1,10,65,10,10.0,1.0,0.0,0.025748
segdup,1,10,65,15,15,1,0,65.733636
insider,1,10,65,15,15.0,1.0,0.0,0.048521
insider_relax,1,10,65,15,15.0,1.0,0.0,0.050146
fastmultrec_greedy,1,10,65,15,15.0,1.0,0.0,0.160434
lcamap,1,10,65,15,15.0,1.0,0.0,0.026382
segdup,1,10,65,20,20,1,0,40.846210
insider,1,10,65,20,20.0,1.0,0.0,0.045676
insider_relax,1,10,65,20,20.0,1.0,0.0,0.054501
fastmultrec_greedy,1,10,65,20,20.0,1.0,0.0,0.157815
lcamap,1,10,65,20,20.0,1.0,0.0,0.025747
segdup,1,11,65,5,5,1,0,154.913182
insider,1,11,65,5,5.0,1.0,0.0,0.101029
insider_relax,1,11,65,5,5.0,1.0,0.0,0.104803
fastmultrec_greedy,1,11,65,5,5.0,1.0,0.0,0.320725
lcamap,1,11,65,5,5.0,1.0,0.0,0.054072
segdup,1,11,65,10,10,1,0,150.089864
insider,1,11,65,10,10.0,1.0,0.0,0.089667
insider_relax,1,11,65,10,10.0,1.0,0.0,0.097249
fastmultrec_greedy,1,11,65,10,10.0,1.0,0.0,0.315083
lcamap,1,11,65,10,10.0,1.0,0.0,0.053944
segdup,1,11,65,15,15,1,0,121.784811
insider,1,11,65,15,15.0,1.0,0.0,0.092258
insider_relax,1,11,65,15,15.0,1.0,0.0,0.096194
fastmultrec_greedy,1,11,65,15,15.0,1.0,0.0,0.316957
lcamap,1,11,65,15,15.0,1.0,0.0,0.054830
segdup,1,11,65,20,20,1,0,89.364478
insider,1,11,65,20,20.0,1.0,0.0,0.100289
insider_relax,1,11,65,20,20.0,1.0,0.0,0.098495
fastmultrec_greedy,1,11,65,20,20.0,1.0,0.0,0.313022
lcamap,1,11,65,20,20.0,1.0,0.0,0.056437
segdup,2,7,65,5,3367,217,2282,425.846344
insider,2,7,65,5,3334.0,201.0,2329.0,0.475754
insider_relax,2,7,65,5,3334.0,201.0,2329.0,0.514415
fastmultrec_greedy,2,7,65,5,3334.0,202.0,2324.0,11.255348
lcamap,2,7,65,5,3367.0,217.0,2282.0,0.149749
segdup,2,7,65,10,4452,217,2282,429.537479
insider,2,7,65,10,4273.0,177.0,2503.0,0.878931
insider_relax,2,7,65,10,4273.0,177.0,2503.0,1.014173
fastmultrec_greedy,2,7,65,10,4311.0,191.0,2401.0,19.116316
lcamap,2,7,65,10,4452.0,217.0,2282.0,0.151018
segdup,2,7,65,15,5537,217,2282,431.244399
insider,2,7,65,15,5135.0,168.0,2615.0,1.618632
insider_relax,2,7,65,15,5135.0,168.0,2615.0,2.045195
fastmultrec_greedy,2,7,65,15,5254.0,189.0,2419.0,22.898021
lcamap,2,7,65,15,5537.0,217.0,2282.0,0.148127
segdup,2,7,65,20,6622,217,2282,427.430025
insider,2,7,65,20,5964.0,164.0,2684.0,3.372609
insider_relax,2,7,65,20,5964.0,164.0,2684.0,4.828851
fastmultrec_greedy,2,7,65,20,6190.0,187.0,2450.0,24.257215
lcamap,2,7,65,20,6622.0,217.0,2282.0,0.148688
segdup,2,8,65,5,481,69,136,196.556163
insider,2,8,65,5,480.0,68.0,140.0,0.263497
insider_relax,2,8,65,5,480.0,68.0,140.0,0.309796
fastmultrec_greedy,2,8,65,5,481.0,69.0,136.0,0.539719
lcamap,2,8,65,5,481.0,69.0,136.0,0.096888
segdup,2,8,65,10,826,69,136,188.157122
insider,2,8,65,10,806.0,63.0,176.0,0.429445
insider_relax,2,8,65,10,806.0,63.0,176.0,0.583506
fastmultrec_greedy,2,8,65,10,826.0,69.0,136.0,0.544874
lcamap,2,8,65,10,826.0,69.0,136.0,0.094601
segdup,2,8,65,15,1171,69,136,174.599588
insider,2,8,65,15,1115.0,60.0,215.0,0.779988
insider_relax,2,8,65,15,1115.0,60.0,215.0,0.981549
fastmultrec_greedy,2,8,65,15,1171.0,69.0,136.0,0.536542
lcamap,2,8,65,15,1171.0,69.0,136.0,0.096512
segdup,2,8,65,20,1516,69,136,176.975086
insider,2,8,65,20,1413.0,59.0,233.0,2.101378
insider_relax,2,8,65,20,1413.0,59.0,233.0,3.385407
fastmultrec_greedy,2,8,65,20,1516.0,69.0,136.0,0.541656
lcamap,2,8,65,20,1516.0,69.0,136.0,0.090912
segdup,2,9,65,5,37,7,2,393.589460
insider,2,9,65,5,37.0,7.0,2.0,0.205224
insider_relax,2,9,65,5,37.0,7.0,2.0,0.204310
fastmultrec_greedy,2,9,65,5,37.0,7.0,2.0,0.706580
lcamap,2,9,65,5,37.0,7.0,2.0,0.122459
segdup,2,9,65,10,72,7,2,400.031284
insider,2,9,65,10,72.0,7.0,2.0,0.208577
insider_relax,2,9,65,10,72.0,7.0,2.0,0.207414
fastmultrec_greedy,2,9,65,10,72.0,7.0,2.0,0.707702
lcamap,2,9,65,10,72.0,7.0,2.0,0.123243
segdup,2,9,65,15,107,7,2,322.203363
insider,2,9,65,15,107.0,7.0,2.0,0.215592
insider_relax,2,9,65,15,107.0,7.0,2.0,0.208834
fastmultrec_greedy,2,9,65,15,107.0,7.0,2.0,0.709920
lcamap,2,9,65,15,107.0,7.0,2.0,0.126145
segdup,2,9,65,20,142,7,2,265.054968
insider,2,9,65,20,142.0,7.0,2.0,0.236141
insider_relax,2,9,65,20,142.0,7.0,2.0,0.214230
fastmultrec_greedy,2,9,65,20,142.0,7.0,2.0,0.716215
lcamap,2,9,65,20,142.0,7.0,2.0,0.120009
segdup,2,10,65,5,17,3,2,157.187397
insider,2,10,65,5,17.0,3.0,2.0,0.111541
insider_relax,2,10,65,5,17.0,3.0,2.0,0.112287
fastmultrec_greedy,2,10,65,5,17.0,3.0,2.0,0.338295
lcamap,2,10,65,5,17.0,3.0,2.0,0.056204
segdup,2,10,65,10,32,3,2,143.924535
insider,2,10,65,10,32.0,3.0,2.0,0.115538
insider_relax,2,10,65,10,32.0,3.0,2.0,0.112211
fastmultrec_greedy,2,10,65,10,32.0,3.0,2.0,0.340825
lcamap,2,10,65,10,32.0,3.0,2.0,0.054249
segdup,2,10,65,15,47,3,2,70.517046
insider,2,10,65,15,47.0,3.0,2.0,0.116464
insider_relax,2,10,65,15,47.0,3.0,2.0,0.109739
fastmultrec_greedy,2,10,65,15,47.0,3.0,2.0,0.344782
lcamap,2,10,65,15,47.0,3.0,2.0,0.057207
segdup,2,10,65,20,62,3,2,69.907460
insider,2,10,65,20,62.0,3.0,2.0,0.114196
insider_relax,2,10,65,20,62.0,3.0,2.0,0.113178
fastmultrec_greedy,2,10,65,20,62.0,3.0,2.0,0.343296
lcamap,2,10,65,20,62.0,3.0,2.0,0.056987
segdup,2,11,65,5,10,2,0,82.013136
insider,2,11,65,5,10.0,2.0,0.0,0.057732
insider_relax,2,11,65,5,10.0,2.0,0.0,0.060997
fastmultrec_greedy,2,11,65,5,10.0,2.0,0.0,0.164681
lcamap,2,11,65,5,10.0,2.0,0.0,0.030070
segdup,2,11,65,10,20,2,0,78.764382
insider,2,11,65,10,20.0,2.0,0.0,0.055977
insider_relax,2,11,65,10,20.0,2.0,0.0,0.061708
fastmultrec_greedy,2,11,65,10,20.0,2.0,0.0,0.164493
lcamap,2,11,65,10,20.0,2.0,0.0,0.030914
segdup,2,11,65,15,30,2,0,72.947640
insider,2,11,65,15,30.0,2.0,0.0,0.056174
insider_relax,2,11,65,15,30.0,2.0,0.0,0.060723
fastmultrec_greedy,2,11,65,15,30.0,2.0,0.0,0.165950
lcamap,2,11,65,15,30.0,2.0,0.0,0.030449
segdup,2,11,65,20,40,2,0,35.216093
insider,2,11,65,20,40.0,2.0,0.0,0.056026
insider_relax,2,11,65,20,40.0,2.0,0.0,0.064497
fastmultrec_greedy,2,11,65,20,40.0,2.0,0.0,0.161168
lcamap,2,11,65,20,40.0,2.0,0.0,0.031699
segdup,1,7,66,5,2188,150,1438,159.484291
insider,1,7,66,5,2138.0,132.0,1478.0,0.195305
insider_relax,1,7,66,5,2138.0,132.0,1478.0,0.212819
fastmultrec_greedy,1,7,66,5,2142.0,134.0,1472.0,4.058216
lcamap,1,7,66,5,2188.0,150.0,1438.0,0.053965
segdup,1,7,66,10,2938,150,1438,162.164244
insider,1,7,66,10,2777.0,125.0,1527.0,0.344106
insider_relax,1,7,66,10,2777.0,125.0,1527.0,0.401701
fastmultrec_greedy,1,7,66,10,2792.0,128.0,1512.0,6.515866
lcamap,1,7,66,10,2938.0,150.0,1438.0,0.053596
segdup,1,7,66,15,3688,150,1438,160.714378
insider,1,7,66,15,3383.0,114.0,1673.0,0.664530
insider_relax,1,7,66,15,3383.0,114.0,1673.0,0.804268
fastmultrec_greedy,1,7,66,15,3421.0,125.0,1546.0,7.681870
lcamap,1,7,66,15,3688.0,150.0,1438.0,0.052640
segdup,1,7,66,20,4438,150,1438,151.776852
insider,1,7,66,20,3937.0,106.0,1817.0,1.180615
insider_relax,1,7,66,20,3937.0,106.0,1817.0,1.563402
fastmultrec_greedy,1,7,66,20,4041.0,124.0,1561.0,7.968464
lcamap,1,7,66,20,4438.0,150.0,1438.0,0.050648
segdup,1,8,66,5,487,73,122,79.957863
insider,1,8,66,5,487.0,73.0,122.0,0.144246
insider_relax,1,8,66,5,487.0,73.0,122.0,0.190193
fastmultrec_greedy,1,8,66,5,487.0,73.0,122.0,0.416838
lcamap,1,8,66,5,491.0,74.0,121.0,0.044823
segdup,1,8,66,10,852,73,122,77.263819
insider,1,8,66,10,846.0,70.0,146.0,0.293948
insider_relax,1,8,66,10,846.0,70.0,146.0,0.468955
fastmultrec_greedy,1,8,66,10,852.0,73.0,122.0,0.409367
lcamap,1,8,66,10,861.0,74.0,121.0,0.044465
segdup,1,8,66,15,1210,72,130,73.575040
insider,1,8,66,15,1184.0,65.0,209.0,1.155213
insider_relax,1,8,66,15,1184.0,65.0,209.0,1.881014
fastmultrec_greedy,1,8,66,15,1217.0,73.0,122.0,0.410564
lcamap,1,8,66,15,1231.0,74.0,121.0,0.046231
segdup,1,8,66,20,1582,73,122,72.198626
insider,1,8,66,20,1500.0,61.0,280.0,8.948093
insider_relax,1,8,66,20,1500.0,61.0,280.0,20.231623
fastmultrec_greedy,1,8,66,20,1582.0,73.0,122.0,0.411484
lcamap,1,8,66,20,1601.0,74.0,121.0,0.041525
segdup,1,9,66,5,19,3,4,77.839751
insider,1,9,66,5,19.0,3.0,4.0,0.049418
insider_relax,1,9,66,5,19.0,3.0,4.0,0.054224
fastmultrec_greedy,1,9,66,5,19.0,3.0,4.0,0.150191
lcamap,1,9,66,5,19.0,3.0,4.0,0.024156
segdup,1,9,66,10,34,3,4,72.463418
insider,1,9,66,10,34.0,3.0,4.0,0.052690
insider_relax,1,9,66,10,34.0,3.0,4.0,0.051573
fastmultrec_greedy,1,9,66,10,34.0,3.0,4.0,0.148471
lcamap,1,9,66,10,34.0,3.0,4.0,0.023985
segdup,1,9,66,15,49,3,4,43.337118
insider,1,9,66,15,49.0,3.0,4.0,0.050460
insider_relax,1,9,66,15,49.0,3.0,4.0,0.055899
fastmultrec_greedy,1,9,66,15,49.0,3.0,4.0,0.145339
lcamap,1,9,66,15,49.0,3.0,4.0,0.024601
segdup,1,9,66,20,64,3,4,45.116951
insider,1,9,66,20,64.0,3.0,4.0,0.055417
insider_relax,1,9,66,20,64.0,3.0,4.0,0.053499
fastmultrec_greedy,1,9,66,20,64.0,3.0,4.0,0.151417
lcamap,1,9,66,20,64.0,3.0,4.0,0.025628
segdup,1,10,66,5,5,1,0,77.193345
insider,1,10,66,5,5.0,1.0,0.0,0.050619
insider_relax,1,10,66,5,5.0,1.0,0.0,0.050074
fastmultrec_greedy,1,10,66,5,5.0,1.0,0.0,0.159892
lcamap,1,10,66,5,5.0,1.0,0.0,0.026172
segdup,1,10,66,10,10,1,0,75.203012
insider,1,10,66,10,10.0,1.0,0.0,0.051849
insider_relax,1,10,66,10,10.0,1.0,0.0,0.051788
fastmultrec_greedy,1,10,66,10,10.0,1.0,0.0,0.160563
lcamap,1,10,66,10,10.0,1.0,0.0,0.025823
segdup,1,10,66,15,15,1,0,61.660218
insider,1,10,66,15,15.0,1.0,0.0,0.048328
insider_relax,1,10,66,15,15.0,1.0,0.0,0.051438
fastmultrec_greedy,1,10,66,15,15.0,1.0,0.0,0.164284
lcamap,1,10,66,15,15.0,1.0,0.0,0.026728
segdup,1,10,66,20,20,1,0,42.890946
insider,1,10,66,20,20.0,1.0,0.0,0.050291
insider_relax,1,10,66,20,20.0,1.0,0.0,0.051131
fastmultrec_greedy,1,10,66,20,20.0,1.0,0.0,0.160646
lcamap,1,10,66,20,20.0,1.0,0.0,0.026510
segdup,1,11,66,5,5,1,0,56.346801
insider,1,11,66,5,5.0,1.0,0.0,0.049784
insider_relax,1,11,66,5,5.0,1.0,0.0,0.052167
fastmultrec_greedy,1,11,66,5,5.0,1.0,0.0,0.172323
lcamap,1,11,66,5,5.0,1.0,0.0,0.025982
segdup,1,11,66,10,10,1,0,58.306138
insider,1,11,66,10,10.0,1.0,0.0,0.047279
insider_relax,1,11,66,10,10.0,1.0,0.0,0.048777
fastmultrec_greedy,1,11,66,10,10.0,1.0,0.0,0.173438
lcamap,1,11,66,10,10.0,1.0,0.0,0.027537
segdup,1,11,66,15,15,1,0,39.255626
insider,1,11,66,15,15.0,1.0,0.0,0.048963
insider_relax,1,11,66,15,15.0,1.0,0.0,0.049864
fastmultrec_greedy,1,11,66,15,15.0,1.0,0.0,0.172522
lcamap,1,11,66,15,15.0,1.0,0.0,0.026401
segdup,1,11,66,20,20,1,0,39.851828
insider,1,11,66,20,20.0,1.0,0.0,0.050011
insider_relax,1,11,66,20,20.0,1.0,0.0,0.050530
fastmultrec_greedy,1,11,66,20,20.0,1.0,0.0,0.171692
lcamap,1,11,66,20,20.0,1.0,0.0,0.025058
segdup,2,7,66,5,1954,151,1199,461.608936
insider,2,7,66,5,1940.0,145.0,1215.0,0.499240
insider_relax,2,7,66,5,1940.0,145.0,1215.0,0.542686
fastmultrec_greedy,2,7,66,5,1940.0,145.0,1215.0,5.987701
lcamap,2,7,66,5,1954.0,151.0,1199.0,0.164499
segdup,2,7,66,10,2709,151,1199,459.258471
insider,2,7,66,10,2637.0,132.0,1317.0,0.838846
insider_relax,2,7,66,10,2637.0,132.0,1317.0,0.997348
fastmultrec_greedy,2,7,66,10,2657.0,143.0,1227.0,7.718339
lcamap,2,7,66,10,2709.0,151.0,1199.0,0.173998
segdup,2,7,66,15,3464,151,1199,417.227221
insider,2,7,66,15,3285.0,126.0,1395.0,1.720795
insider_relax,2,7,66,15,3285.0,126.0,1395.0,2.203631
fastmultrec_greedy,2,7,66,15,3369.0,142.0,1239.0,8.596792
lcamap,2,7,66,15,3464.0,151.0,1199.0,0.166313
segdup,2,7,66,20,4219,151,1199,452.503748
insider,2,7,66,20,3898.0,121.0,1478.0,3.391230
insider_relax,2,7,66,20,3898.0,121.0,1478.0,4.728505
fastmultrec_greedy,2,7,66,20,4067.0,139.0,1287.0,11.275016
lcamap,2,7,66,20,4219.0,151.0,1199.0,0.167669
segdup,2,8,66,5,822,91,367,179.601224
insider,2,8,66,5,816.0,88.0,376.0,0.274179
insider_relax,2,8,66,5,816.0,88.0,376.0,0.301739
fastmultrec_greedy,2,8,66,5,816.0,88.0,376.0,1.686219
lcamap,2,8,66,5,822.0,91.0,367.0,0.090131
segdup,2,8,66,10,1277,91,367,185.277408
insider,2,8,66,10,1249.0,84.0,409.0,0.441666
insider_relax,2,8,66,10,1249.0,84.0,409.0,0.650131
fastmultrec_greedy,2,8,66,10,1255.0,87.0,385.0,2.117282
lcamap,2,8,66,10,1277.0,91.0,367.0,0.092954
segdup,2,8,66,15,1732,91,367,169.830664
insider,2,8,66,15,1663.0,80.0,463.0,1.272439
insider_relax,2,8,66,15,1663.0,80.0,463.0,2.204285
fastmultrec_greedy,2,8,66,15,1690.0,87.0,385.0,2.115307
lcamap,2,8,66,15,1732.0,91.0,367.0,0.094000
segdup,2,8,66,20,2165,89,385,173.399899
insider,2,8,66,20,2052.0,76.0,532.0,7.233636
insider_relax,2,8,66,20,2052.0,76.0,532.0,13.042061
fastmultrec_greedy,2,8,66,20,2125.0,87.0,385.0,2.119072
lcamap,2,8,66,20,2187.0,91.0,367.0,0.091657
segdup,2,9,66,5,100,16,20,82.810887
insider,2,9,66,5,100.0,16.0,20.0,0.110123
insider_relax,2,9,66,5,100.0,16.0,20.0,0.126328
fastmultrec_greedy,2,9,66,5,100.0,16.0,20.0,0.288223
lcamap,2,9,66,5,100.0,16.0,20.0,0.048112
segdup,2,9,66,10,180,16,20,80.200744
insider,2,9,66,10,180.0,16.0,20.0,0.131314
insider_relax,2,9,66,10,180.0,16.0,20.0,0.156848
fastmultrec_greedy,2,9,66,10,180.0,16.0,20.0,0.283615
lcamap,2,9,66,10,180.0,16.0,20.0,0.048482
segdup,2,9,66,15,260,16,20,54.750478
insider,2,9,66,15,260.0,16.0,20.0,0.179114
insider_relax,2,9,66,15,260.0,16.0,20.0,0.178135
fastmultrec_greedy,2,9,66,15,260.0,16.0,20.0,0.281720
lcamap,2,9,66,15,260.0,16.0,20.0,0.048235
segdup,2,9,66,20,340,16,20,53.841006
insider,2,9,66,20,340.0,16.0,20.0,0.245702
insider_relax,2,9,66,20,340.0,16.0,20.0,0.311610
fastmultrec_greedy,2,9,66,20,340.0,16.0,20.0,0.280449
lcamap,2,9,66,20,340.0,16.0,20.0,0.049707
segdup,2,10,66,5,23,4,3,194.453289
insider,2,10,66,5,23.0,4.0,3.0,0.127671
insider_relax,2,10,66,5,23.0,4.0,3.0,0.136840
fastmultrec_greedy,2,10,66,5,23.0,4.0,3.0,0.394720
lcamap,2,10,66,5,23.0,4.0,3.0,0.073408
segdup,2,10,66,10,43,4,3,174.654904
insider,2,10,66,10,43.0,4.0,3.0,0.132352
insider_relax,2,10,66,10,43.0,4.0,3.0,0.140926
fastmultrec_greedy,2,10,66,10,43.0,4.0,3.0,0.396258
lcamap,2,10,66,10,43.0,4.0,3.0,0.070859
segdup,2,10,66,15,63,4,3,82.730678
insider,2,10,66,15,63.0,4.0,3.0,0.137142
insider_relax,2,10,66,15,63.0,4.0,3.0,0.132776
fastmultrec_greedy,2,10,66,15,63.0,4.0,3.0,0.396980
lcamap,2,10,66,15,63.0,4.0,3.0,0.072768
segdup,2,10,66,20,83,4,3,82.150071
insider,2,10,66,20,83.0,4.0,3.0,0.138453
insider_relax,2,10,66,20,83.0,4.0,3.0,0.138464
fastmultrec_greedy,2,10,66,20,83.0,4.0,3.0,0.400442
lcamap,2,10,66,20,83.0,4.0,3.0,0.069809
segdup,2,11,66,5,10,2,0,150.855773
insider,2,11,66,5,10.0,2.0,0.0,0.114631
insider_relax,2,11,66,5,10.0,2.0,0.0,0.121097
fastmultrec_greedy,2,11,66,5,10.0,2.0,0.0,0.370283
lcamap,2,11,66,5,10.0,2.0,0.0,0.064496
segdup,2,11,66,10,20,2,0,141.595415
insider,2,11,66,10,20.0,2.0,0.0,0.110000
insider_relax,2,11,66,10,20.0,2.0,0.0,0.117137
fastmultrec_greedy,2,11,66,10,20.0,2.0,0.0,0.386079
lcamap,2,11,66,10,20.0,2.0,0.0,0.064002
segdup,2,11,66,15,30,2,0,63.554667
insider,2,11,66,15,30.0,2.0,0.0,0.113989
insider_relax,2,11,66,15,30.0,2.0,0.0,0.110678
fastmultrec_greedy,2,11,66,15,30.0,2.0,0.0,0.367578
lcamap,2,11,66,15,30.0,2.0,0.0,0.062899
segdup,2,11,66,20,40,2,0,104.433521
insider,2,11,66,20,40.0,2.0,0.0,0.112130
insider_relax,2,11,66,20,40.0,2.0,0.0,0.112089
fastmultrec_greedy,2,11,66,20,40.0,2.0,0.0,0.367215
lcamap,2,11,66,20,40.0,2.0,0.0,0.064974
segdup,1,7,67,5,1618,138,928,118.713954
insider,1,7,67,5,1593.0,126.0,963.0,0.175447
insider_relax,1,7,67,5,1593.0,126.0,963.0,0.191656
fastmultrec_greedy,1,7,67,5,1594.0,127.0,959.0,2.953587
lcamap,1,7,67,5,1618.0,138.0,928.0,0.049444
segdup,1,7,67,10,2308,138,928,123.087560
insider,1,7,67,10,2189.0,114.0,1049.0,0.281257
insider_relax,1,7,67,10,2189.0,114.0,1049.0,0.345130
fastmultrec_greedy,1,7,67,10,2211.0,121.0,1001.0,4.733665
lcamap,1,7,67,10,2308.0,138.0,928.0,0.048801
segdup,1,7,67,15,2995,136,955,115.687767
insider,1,7,67,15,2740.0,107.0,1135.0,0.452094
insider_relax,1,7,67,15,2740.0,106.0,1150.0,0.548167
fastmultrec_greedy,1,7,67,15,2801.0,115.0,1076.0,6.190658
lcamap,1,7,67,15,2998.0,138.0,928.0,0.047709
segdup,1,7,67,20,3670,136,950,120.597986
insider,1,7,67,20,3261.0,101.0,1241.0,1.112757
insider_relax,1,7,67,20,3261.0,101.0,1241.0,1.537713
fastmultrec_greedy,1,7,67,20,3364.0,112.0,1124.0,6.945109
lcamap,1,7,67,20,3688.0,138.0,928.0,0.047016
segdup,1,8,67,5,569,82,159,116.188475
insider,1,8,67,5,569.0,82.0,159.0,0.184473
insider_relax,1,8,67,5,569.0,82.0,159.0,0.222407
fastmultrec_greedy,1,8,67,5,569.0,82.0,159.0,0.347333
lcamap,1,8,67,5,569.0,82.0,159.0,0.070109
segdup,1,8,67,10,979,82,159,115.580332
insider,1,8,67,10,966.0,75.0,216.0,0.312427
insider_relax,1,8,67,10,966.0,75.0,216.0,0.498667
fastmultrec_greedy,1,8,67,10,974.0,80.0,174.0,0.887841
lcamap,1,8,67,10,979.0,82.0,159.0,0.071022
segdup,1,8,67,15,1389,82,159,110.824367
insider,1,8,67,15,1333.0,72.0,253.0,0.823624
insider_relax,1,8,67,15,1333.0,72.0,253.0,1.154961
fastmultrec_greedy,1,8,67,15,1374.0,80.0,174.0,0.871328
lcamap,1,8,67,15,1389.0,82.0,159.0,0.073076
segdup,1,8,67,20,1799,82,159,109.937375
insider,1,8,67,20,1689.0,70.0,289.0,4.388612
insider_relax,1,8,67,20,1689.0,70.0,289.0,7.012342
fastmultrec_greedy,1,8,67,20,1774.0,80.0,174.0,0.873166
lcamap,1,8,67,20,1799.0,82.0,159.0,0.069853
segdup,1,9,67,5,82,14,12,77.336860
insider,1,9,67,5,82.0,14.0,12.0,0.068417
insider_relax,1,9,67,5,82.0,14.0,12.0,0.077059
fastmultrec_greedy,1,9,67,5,82.0,14.0,12.0,0.186375
lcamap,1,9,67,5,82.0,14.0,12.0,0.034024
segdup,1,9,67,10,152,14,12,81.318800
insider,1,9,67,10,152.0,14.0,12.0,0.079319
insider_relax,1,9,67,10,152.0,14.0,12.0,0.088495
fastmultrec_greedy,1,9,67,10,152.0,14.0,12.0,0.189620
lcamap,1,9,67,10,152.0,14.0,12.0,0.034216
segdup,1,9,67,15,222,14,12,75.054863
insider,1,9,67,15,222.0,14.0,12.0,0.092381
insider_relax,1,9,67,15,222.0,14.0,12.0,0.092491
fastmultrec_greedy,1,9,67,15,222.0,14.0,12.0,0.188652
lcamap,1,9,67,15,222.0,14.0,12.0,0.036600
segdup,1,9,67,20,292,14,12,68.128386
insider,1,9,67,20,292.0,14.0,12.0,0.106750
insider_relax,1,9,67,20,292.0,14.0,12.0,0.122421
fastmultrec_greedy,1,9,67,20,292.0,14.0,12.0,0.187019
lcamap,1,9,67,20,292.0,14.0,12.0,0.032859
segdup,1,10,67,5,11,2,1,207.408402
insider,1,10,67,5,11.0,2.0,1.0,0.120982
insider_relax,1,10,67,5,11.0,2.0,1.0,0.129979
fastmultrec_greedy,1,10,67,5,11.0,2.0,1.0,0.400553
lcamap,1,10,67,5,11.0,2.0,1.0,0.075521
segdup,1,10,67,10,21,2,1,200.158630
insider,1,10,67,10,21.0,2.0,1.0,0.121465
insider_relax,1,10,67,10,21.0,2.0,1.0,0.121174
fastmultrec_greedy,1,10,67,10,21.0,2.0,1.0,0.406049
lcamap,1,10,67,10,21.0,2.0,1.0,0.076545
segdup,1,10,67,15,31,2,1,155.030010
insider,1,10,67,15,31.0,2.0,1.0,0.122579
insider_relax,1,10,67,15,31.0,2.0,1.0,0.123038
fastmultrec_greedy,1,10,67,15,31.0,2.0,1.0,0.402194
lcamap,1,10,67,15,31.0,2.0,1.0,0.078120
segdup,1,10,67,20,41,2,1,159.017038
insider,1,10,67,20,41.0,2.0,1.0,0.117423
insider_relax,1,10,67,20,41.0,2.0,1.0,0.118942
fastmultrec_greedy,1,10,67,20,41.0,2.0,1.0,0.400026
lcamap,1,10,67,20,41.0,2.0,1.0,0.076545
segdup,1,11,67,5,5,1,0,93.409456
insider,1,11,67,5,5.0,1.0,0.0,0.064655
insider_relax,1,11,67,5,5.0,1.0,0.0,0.068035
fastmultrec_greedy,1,11,67,5,5.0,1.0,0.0,0.207858
lcamap,1,11,67,5,5.0,1.0,0.0,0.037970
segdup,1,11,67,10,10,1,0,87.481944
insider,1,11,67,10,10.0,1.0,0.0,0.062408
insider_relax,1,11,67,10,10.0,1.0,0.0,0.066991
fastmultrec_greedy,1,11,67,10,10.0,1.0,0.0,0.209013
lcamap,1,11,67,10,10.0,1.0,0.0,0.036403
segdup,1,11,67,15,15,1,0,87.825902
insider,1,11,67,15,15.0,1.0,0.0,0.062150
insider_relax,1,11,67,15,15.0,1.0,0.0,0.068396
fastmultrec_greedy,1,11,67,15,15.0,1.0,0.0,0.211808
lcamap,1,11,67,15,15.0,1.0,0.0,0.035444
segdup,1,11,67,20,20,1,0,50.728540
insider,1,11,67,20,20.0,1.0,0.0,0.063896
insider_relax,1,11,67,20,20.0,1.0,0.0,0.069003
fastmultrec_greedy,1,11,67,20,20.0,1.0,0.0,0.210519
lcamap,1,11,67,20,20.0,1.0,0.0,0.039268
segdup,2,8,67,5,762,106,232,206.450220
insider,2,8,67,5,758.0,104.0,238.0,0.365860
insider_relax,2,8,67,5,758.0,104.0,238.0,0.435508
fastmultrec_greedy,2,8,67,5,758.0,104.0,238.0,1.586888
lcamap,2,8,67,5,762.0,106.0,232.0,0.110764
segdup,2,8,67,10,1292,106,232,196.528607
insider,2,8,67,10,1247.0,93.0,317.0,0.819292
insider_relax,2,8,67,10,1247.0,93.0,317.0,1.153513
fastmultrec_greedy,2,8,67,10,1268.0,100.0,268.0,3.748244
lcamap,2,8,67,10,1292.0,106.0,232.0,0.110178
segdup,2,8,67,15,1819,105,244,196.301570
insider,2,8,67,15,1690.0,84.0,430.0,1.837915
insider_relax,2,8,67,15,1690.0,84.0,430.0,2.629734
fastmultrec_greedy,2,8,67,15,1765.0,99.0,280.0,4.260333
lcamap,2,8,67,15,1822.0,106.0,232.0,0.103627
segdup,2,8,67,20,2338,105,238,191.683694
insider,2,8,67,20,2108.0,82.0,468.0,4.326209
insider_relax,2,8,67,20,2108.0,82.0,468.0,7.035779
fastmultrec_greedy,2,8,67,20,2260.0,99.0,280.0,4.276149
lcamap,2,8,67,20,2352.0,106.0,232.0,0.109414
segdup,2,9,67,5,119,20,19,167.627279
insider,2,9,67,5,119.0,20.0,19.0,0.174992
insider_relax,2,9,67,5,119.0,20.0,19.0,0.187412
fastmultrec_greedy,2,9,67,5,119.0,20.0,19.0,0.435253
lcamap,2,9,67,5,119.0,20.0,19.0,0.083136
segdup,2,9,67,10,219,20,19,165.532374
insider,2,9,67,10,219.0,20.0,19.0,0.236351
insider_relax,2,9,67,10,219.0,20.0,19.0,0.302744
fastmultrec_greedy,2,9,67,10,219.0,20.0,19.0,0.440709
lcamap,2,9,67,10,219.0,20.0,19.0,0.084325
segdup,2,9,67,15,319,20,19,136.966914
insider,2,9,67,15,319.0,20.0,19.0,0.394915
insider_relax,2,9,67,15,319.0,20.0,19.0,0.417848
fastmultrec_greedy,2,9,67,15,319.0,20.0,19.0,0.437002
lcamap,2,9,67,15,319.0,20.0,19.0,0.078738
segdup,2,9,67,20,419,20,19,132.204997
insider,2,9,67,20,419.0,20.0,19.0,0.780572
insider_relax,2,9,67,20,419.0,20.0,19.0,0.901063
fastmultrec_greedy,2,9,67,20,419.0,20.0,19.0,0.436992
lcamap,2,9,67,20,419.0,20.0,19.0,0.081571
segdup,2,10,67,5,10,2,0,98.169819
insider,2,10,67,5,10.0,2.0,0.0,0.071449
insider_relax,2,10,67,5,10.0,2.0,0.0,0.073413
fastmultrec_greedy,2,10,67,5,10.0,2.0,0.0,0.200702
lcamap,2,10,67,5,10.0,2.0,0.0,0.037519
segdup,2,10,67,10,20,2,0,87.515082
insider,2,10,67,10,20.0,2.0,0.0,0.068932
insider_relax,2,10,67,10,20.0,2.0,0.0,0.075500
fastmultrec_greedy,2,10,67,10,20.0,2.0,0.0,0.198858
lcamap,2,10,67,10,20.0,2.0,0.0,0.036586
segdup,2,10,67,15,30,2,0,73.947286
insider,2,10,67,15,30.0,2.0,0.0,0.071125
insider_relax,2,10,67,15,30.0,2.0,0.0,0.072731
fastmultrec_greedy,2,10,67,15,30.0,2.0,0.0,0.196699
lcamap,2,10,67,15,30.0,2.0,0.0,0.039279
segdup,2,10,67,20,40,2,0,40.866762
insider,2,10,67,20,40.0,2.0,0.0,0.074650
insider_relax,2,10,67,20,40.0,2.0,0.0,0.073876
fastmultrec_greedy,2,10,67,20,40.0,2.0,0.0,0.200557
lcamap,2,10,67,20,40.0,2.0,0.0,0.038290
segdup,2,11,67,5,11,2,1,116.566560
insider,2,11,67,5,11.0,2.0,1.0,0.089057
insider_relax,2,11,67,5,11.0,2.0,1.0,0.107572
fastmultrec_greedy,2,11,67,5,11.0,2.0,1.0,0.264986
lcamap,2,11,67,5,11.0,2.0,1.0,0.046979
segdup,2,11,67,10,21,2,1,109.541892
insider,2,11,67,10,21.0,2.0,1.0,0.095722
insider_relax,2,11,67,10,21.0,2.0,1.0,0.094739
fastmultrec_greedy,2,11,67,10,21.0,2.0,1.0,0.268544
lcamap,2,11,67,10,21.0,2.0,1.0,0.049724
segdup,2,11,67,15,31,2,1,101.067397
insider,2,11,67,15,31.0,2.0,1.0,0.090194
insider_relax,2,11,67,15,31.0,2.0,1.0,0.094709
fastmultrec_greedy,2,11,67,15,31.0,2.0,1.0,0.270493
lcamap,2,11,67,15,31.0,2.0,1.0,0.049501
segdup,2,11,67,20,41,2,1,52.125924
insider,2,11,67,20,41.0,2.0,1.0,0.089644
insider_relax,2,11,67,20,41.0,2.0,1.0,0.093306
fastmultrec_greedy,2,11,67,20,41.0,2.0,1.0,0.270232
lcamap,2,11,67,20,41.0,2.0,1.0,0.047383
segdup,1,7,68,5,2684,218,1594,158.025301
insider,1,7,68,5,2628.0,196.0,1648.0,0.236902
insider_relax,1,7,68,5,2628.0,196.0,1648.0,0.253213
fastmultrec_greedy,1,7,68,5,2628.0,196.0,1648.0,6.207585
lcamap,1,7,68,5,2684.0,218.0,1594.0,0.068456
segdup,1,7,68,10,3774,218,1594,155.784550
insider,1,7,68,10,3568.0,184.0,1728.0,0.384977
insider_relax,1,7,68,10,3568.0,184.0,1728.0,0.466357
fastmultrec_greedy,1,7,68,10,3588.0,190.0,1688.0,7.909825
lcamap,1,7,68,10,3774.0,218.0,1594.0,0.068914
segdup,1,7,68,15,4864,218,1594,153.166601
insider,1,7,68,15,4469.0,178.0,1799.0,1.181007
insider_relax,1,7,68,15,4469.0,178.0,1799.0,1.579938
fastmultrec_greedy,1,7,68,15,4538.0,190.0,1688.0,7.920643
lcamap,1,7,68,15,4864.0,218.0,1594.0,0.065550
segdup,1,7,68,20,5935,217,1595,151.045699
insider,1,7,68,20,5336.0,169.0,1956.0,4.625899
insider_relax,1,7,68,20,5336.0,169.0,1956.0,7.669719
fastmultrec_greedy,1,7,68,20,5486.0,189.0,1706.0,8.182549
lcamap,1,7,68,20,5954.0,218.0,1594.0,0.068352
segdup,1,8,68,5,611,78,221,87.925250
insider,1,8,68,5,609.0,78.0,219.0,0.144629
insider_relax,1,8,68,5,609.0,78.0,219.0,0.168559
fastmultrec_greedy,1,8,68,5,609.0,78.0,219.0,0.401053
lcamap,1,8,68,5,613.0,79.0,218.0,0.043321
segdup,1,8,68,10,1001,78,221,87.578487
insider,1,8,68,10,987.0,75.0,237.0,0.252128
insider_relax,1,8,68,10,987.0,75.0,237.0,0.310774
fastmultrec_greedy,1,8,68,10,995.0,77.0,225.0,0.583812
lcamap,1,8,68,10,1008.0,79.0,218.0,0.045309
segdup,1,8,68,15,1389,78,219,81.423296
insider,1,8,68,15,1356.0,71.0,291.0,0.584073
insider_relax,1,8,68,15,1356.0,71.0,291.0,0.736665
fastmultrec_greedy,1,8,68,15,1380.0,77.0,225.0,0.579676
lcamap,1,8,68,15,1403.0,79.0,218.0,0.044691
segdup,1,8,68,20,1781,78,221,83.284427
insider,1,8,68,20,1710.0,70.0,310.0,4.222838
insider_relax,1,8,68,20,1710.0,70.0,310.0,10.662923
fastmultrec_greedy,1,8,68,20,1755.0,75.0,255.0,0.957191
lcamap,1,8,68,20,1798.0,79.0,218.0,0.046955
segdup,1,9,68,5,47,9,2,81.909053
insider,1,9,68,5,47.0,9.0,2.0,0.056497
insider_relax,1,9,68,5,47.0,9.0,2.0,0.061956
fastmultrec_greedy,1,9,68,5,47.0,9.0,2.0,0.163582
lcamap,1,9,68,5,47.0,9.0,2.0,0.029984
segdup,1,9,68,10,92,9,2,80.557141
insider,1,9,68,10,88.0,8.0,8.0,0.062510
insider_relax,1,9,68,10,88.0,8.0,8.0,0.071897
fastmultrec_greedy,1,9,68,10,92.0,9.0,2.0,0.161701
lcamap,1,9,68,10,92.0,9.0,2.0,0.033284
segdup,1,9,68,15,137,9,2,76.420680
insider,1,9,68,15,128.0,8.0,8.0,0.066489
insider_relax,1,9,68,15,128.0,8.0,8.0,0.067502
fastmultrec_greedy,1,9,68,15,137.0,9.0,2.0,0.164528
lcamap,1,9,68,15,137.0,9.0,2.0,0.030276
segdup,1,9,68,20,182,9,2,76.679375
insider,1,9,68,20,168.0,8.0,8.0,0.065925
insider_relax,1,9,68,20,168.0,8.0,8.0,0.070398
fastmultrec_greedy,1,9,68,20,182.0,9.0,2.0,0.159940
lcamap,1,9,68,20,182.0,9.0,2.0,0.029257
segdup,1,10,68,5,11,2,1,56.101301
insider,1,10,68,5,11.0,2.0,1.0,0.043318
insider_relax,1,10,68,5,11.0,2.0,1.0,0.041795
fastmultrec_greedy,1,10,68,5,11.0,2.0,1.0,0.111606
lcamap,1,10,68,5,11.0,2.0,1.0,0.021075
segdup,1,10,68,10,21,2,1,53.032628
insider,1,10,68,10,21.0,2.0,1.0,0.040471
insider_relax,1,10,68,10,21.0,2.0,1.0,0.042602
fastmultrec_greedy,1,10,68,10,21.0,2.0,1.0,0.113787
lcamap,1,10,68,10,21.0,2.0,1.0,0.020485
segdup,1,10,68,15,31,2,1,33.596302
insider,1,10,68,15,31.0,2.0,1.0,0.043120
insider_relax,1,10,68,15,31.0,2.0,1.0,0.042425
fastmultrec_greedy,1,10,68,15,31.0,2.0,1.0,0.118439
lcamap,1,10,68,15,31.0,2.0,1.0,0.020742
segdup,1,10,68,20,41,2,1,45.378458
insider,1,10,68,20,41.0,2.0,1.0,0.053678
insider_relax,1,10,68,20,41.0,2.0,1.0,0.041900
fastmultrec_greedy,1,10,68,20,41.0,2.0,1.0,0.111418
lcamap,1,10,68,20,41.0,2.0,1.0,0.020779
segdup,1,11,68,5,5,1,0,162.205278
insider,1,11,68,5,5.0,1.0,0.0,0.100694
insider_relax,1,11,68,5,5.0,1.0,0.0,0.107571
fastmultrec_greedy,1,11,68,5,5.0,1.0,0.0,0.356952
lcamap,1,11,68,5,5.0,1.0,0.0,0.059279
segdup,1,11,68,10,10,1,0,146.925571
insider,1,11,68,10,10.0,1.0,0.0,0.100000
insider_relax,1,11,68,10,10.0,1.0,0.0,0.108732
fastmultrec_greedy,1,11,68,10,10.0,1.0,0.0,0.350250
lcamap,1,11,68,10,10.0,1.0,0.0,0.063887
segdup,1,11,68,15,15,1,0,143.756610
insider,1,11,68,15,15.0,1.0,0.0,0.105293
insider_relax,1,11,68,15,15.0,1.0,0.0,0.102746
fastmultrec_greedy,1,11,68,15,15.0,1.0,0.0,0.358559
lcamap,1,11,68,15,15.0,1.0,0.0,0.060866
segdup,1,11,68,20,20,1,0,86.928964
insider,1,11,68,20,20.0,1.0,0.0,0.100245
insider_relax,1,11,68,20,20.0,1.0,0.0,0.101675
fastmultrec_greedy,1,11,68,20,20.0,1.0,0.0,0.352025
lcamap,1,11,68,20,20.0,1.0,0.0,0.057840
segdup,2,8,68,5,609,73,244,112.473782
insider,2,8,68,5,607.0,72.0,247.0,0.175126
insider_relax,2,8,68,5,607.0,72.0,247.0,0.200941
fastmultrec_greedy,2,8,68,5,607.0,72.0,247.0,0.584143
lcamap,2,8,68,5,609.0,73.0,244.0,0.057120
segdup,2,8,68,10,974,73,244,105.425923
insider,2,8,68,10,951.0,67.0,281.0,0.309527
insider_relax,2,8,68,10,951.0,67.0,281.0,0.349049
fastmultrec_greedy,2,8,68,10,963.0,71.0,253.0,0.867487
lcamap,2,8,68,10,974.0,73.0,244.0,0.060551
segdup,2,8,68,15,1339,73,244,108.703836
insider,2,8,68,15,1280.0,65.0,305.0,0.587167
insider_relax,2,8,68,15,1280.0,65.0,305.0,0.750655
fastmultrec_greedy,2,8,68,15,1318.0,71.0,253.0,0.860819
lcamap,2,8,68,15,1339.0,73.0,244.0,0.057124
segdup,2,8,68,20,1704,73,244,102.637006
insider,2,8,68,20,1596.0,61.0,376.0,1.264873
insider_relax,2,8,68,20,1596.0,61.0,376.0,1.849374
fastmultrec_greedy,2,8,68,20,1673.0,71.0,253.0,0.874875
lcamap,2,8,68,20,1704.0,73.0,244.0,0.059194
segdup,2,9,68,5,22,4,2,170.727363
insider,2,9,68,5,22.0,4.0,2.0,0.117688
insider_relax,2,9,68,5,22.0,4.0,2.0,0.118360
fastmultrec_greedy,2,9,68,5,22.0,4.0,2.0,0.350403
lcamap,2,9,68,5,22.0,4.0,2.0,0.065035
segdup,2,9,68,10,42,4,2,152.898634
insider,2,9,68,10,42.0,4.0,2.0,0.116424
insider_relax,2,9,68,10,42.0,4.0,2.0,0.123669
fastmultrec_greedy,2,9,68,10,42.0,4.0,2.0,0.361655
lcamap,2,9,68,10,42.0,4.0,2.0,0.066009
segdup,2,9,68,15,62,4,2,75.317106
insider,2,9,68,15,62.0,4.0,2.0,0.125106
insider_relax,2,9,68,15,62.0,4.0,2.0,0.128818
fastmultrec_greedy,2,9,68,15,62.0,4.0,2.0,0.344400
lcamap,2,9,68,15,62.0,4.0,2.0,0.066307
segdup,2,9,68,20,82,4,2,129.803092
insider,2,9,68,20,82.0,4.0,2.0,0.120217
insider_relax,2,9,68,20,82.0,4.0,2.0,0.123522
fastmultrec_greedy,2,9,68,20,82.0,4.0,2.0,0.345212
lcamap,2,9,68,20,82.0,4.0,2.0,0.067584
segdup,2,10,68,5,37,6,7,276.835830
insider,2,10,68,5,37.0,6.0,7.0,0.182574
insider_relax,2,10,68,5,37.0,6.0,7.0,0.186439
fastmultrec_greedy,2,10,68,5,37.0,6.0,7.0,0.579191
lcamap,2,10,68,5,37.0,6.0,7.0,0.101285
segdup,2,10,68,10,67,6,7,244.681320
insider,2,10,68,10,67.0,6.0,7.0,0.201027
insider_relax,2,10,68,10,67.0,6.0,7.0,0.196337
fastmultrec_greedy,2,10,68,10,67.0,6.0,7.0,0.589707
lcamap,2,10,68,10,67.0,6.0,7.0,0.102081
segdup,2,10,68,15,97,6,7,118.479816
insider,2,10,68,15,97.0,6.0,7.0,0.198003
insider_relax,2,10,68,15,97.0,6.0,7.0,0.194591
fastmultrec_greedy,2,10,68,15,97.0,6.0,7.0,0.591111
lcamap,2,10,68,15,97.0,6.0,7.0,0.102478
segdup,2,10,68,20,127,6,7,118.216129
insider,2,10,68,20,127.0,6.0,7.0,0.202811
insider_relax,2,10,68,20,127.0,6.0,7.0,0.200943
fastmultrec_greedy,2,10,68,20,127.0,6.0,7.0,0.588155
lcamap,2,10,68,20,127.0,6.0,7.0,0.102331
segdup,2,11,68,5,10,2,0,119.012875
insider,2,11,68,5,10.0,2.0,0.0,0.086297
insider_relax,2,11,68,5,10.0,2.0,0.0,0.088291
fastmultrec_greedy,2,11,68,5,10.0,2.0,0.0,0.258204
lcamap,2,11,68,5,10.0,2.0,0.0,0.048332
segdup,2,11,68,10,20,2,0,114.901580
insider,2,11,68,10,20.0,2.0,0.0,0.085192
insider_relax,2,11,68,10,20.0,2.0,0.0,0.091110
fastmultrec_greedy,2,11,68,10,20.0,2.0,0.0,0.272994
lcamap,2,11,68,10,20.0,2.0,0.0,0.046539
segdup,2,11,68,15,30,2,0,52.063071
insider,2,11,68,15,30.0,2.0,0.0,0.084848
insider_relax,2,11,68,15,30.0,2.0,0.0,0.087209
fastmultrec_greedy,2,11,68,15,30.0,2.0,0.0,0.261365
lcamap,2,11,68,15,30.0,2.0,0.0,0.045117
segdup,2,11,68,20,40,2,0,74.525249
insider,2,11,68,20,40.0,2.0,0.0,0.086804
insider_relax,2,11,68,20,40.0,2.0,0.0,0.085718
fastmultrec_greedy,2,11,68,20,40.0,2.0,0.0,0.251265
lcamap,2,11,68,20,40.0,2.0,0.0,0.048669
segdup,1,7,69,5,3423,182,2513,182.697244
insider,1,7,69,5,3376.0,164.0,2556.0,0.211720
insider_relax,1,7,69,5,3376.0,164.0,2556.0,0.235692
fastmultrec_greedy,1,7,69,5,3378.0,168.0,2538.0,3.197735
lcamap,1,7,69,5,3423.0,182.0,2513.0,0.051810
segdup,1,7,69,10,4333,182,2513,175.318006
insider,1,7,69,10,4150.0,148.0,2670.0,0.339071
insider_relax,1,7,69,10,4150.0,148.0,2670.0,0.370117
fastmultrec_greedy,1,7,69,10,4180.0,156.0,2620.0,6.289048
lcamap,1,7,69,10,4333.0,182.0,2513.0,0.051102
segdup,1,7,69,15,5243,182,2513,180.343668
insider,1,7,69,15,4874.0,142.0,2744.0,0.623456
insider_relax,1,7,69,15,4874.0,142.0,2744.0,0.745562
fastmultrec_greedy,1,7,69,15,4937.0,149.0,2702.0,8.831121
lcamap,1,7,69,15,5243.0,182.0,2513.0,0.050592
segdup,1,7,69,20,6153,182,2513,180.301647
insider,1,7,69,20,5574.0,132.0,2934.0,1.988946
insider_relax,1,7,69,20,5574.0,132.0,2934.0,3.158533
fastmultrec_greedy,1,7,69,20,5677.0,148.0,2717.0,9.088403
lcamap,1,7,69,20,6153.0,182.0,2513.0,0.053412
segdup,1,8,69,5,455,61,150,81.608645
insider,1,8,69,5,455.0,61.0,150.0,0.131089
insider_relax,1,8,69,5,455.0,61.0,150.0,0.157792
fastmultrec_greedy,1,8,69,5,455.0,61.0,150.0,0.231416
lcamap,1,8,69,5,455.0,61.0,150.0,0.042058
segdup,1,8,69,10,760,61,150,78.183762
insider,1,8,69,10,757.0,58.0,177.0,0.262070
insider_relax,1,8,69,10,757.0,58.0,177.0,0.367756
fastmultrec_greedy,1,8,69,10,760.0,61.0,150.0,0.224592
lcamap,1,8,69,10,760.0,61.0,150.0,0.038663
segdup,1,8,69,15,1061,60,161,77.314506
insider,1,8,69,15,1034.0,52.0,254.0,0.514337
insider_relax,1,8,69,15,1034.0,52.0,254.0,0.821912
fastmultrec_greedy,1,8,69,15,1065.0,61.0,150.0,0.218101
lcamap,1,8,69,15,1065.0,61.0,150.0,0.039293
segdup,1,8,69,20,1370,61,150,78.323778
insider,1,8,69,20,1285.0,49.0,305.0,1.223461
insider_relax,1,8,69,20,1285.0,49.0,305.0,1.820489
fastmultrec_greedy,1,8,69,20,1370.0,61.0,150.0,0.221968
lcamap,1,8,69,20,1370.0,61.0,150.0,0.041407
segdup,1,9,69,5,66,9,21,103.515693
insider,1,9,69,5,66.0,9.0,21.0,0.080887
insider_relax,1,9,69,5,66.0,9.0,21.0,0.088000
fastmultrec_greedy,1,9,69,5,66.0,9.0,21.0,0.248548
lcamap,1,9,69,5,66.0,9.0,21.0,0.040858
segdup,1,9,69,10,111,9,21,104.960595
insider,1,9,69,10,111.0,9.0,21.0,0.087420
insider_relax,1,9,69,10,111.0,9.0,21.0,0.097562
fastmultrec_greedy,1,9,69,10,111.0,9.0,21.0,0.252946
lcamap,1,9,69,10,111.0,9.0,21.0,0.046645
segdup,1,9,69,15,156,9,21,87.964861
insider,1,9,69,15,156.0,9.0,21.0,0.088361
insider_relax,1,9,69,15,156.0,9.0,21.0,0.101146
fastmultrec_greedy,1,9,69,15,156.0,9.0,21.0,0.265640
lcamap,1,9,69,15,156.0,9.0,21.0,0.041873
segdup,1,9,69,20,201,9,21,87.407637
insider,1,9,69,20,201.0,9.0,21.0,0.100460
insider_relax,1,9,69,20,201.0,9.0,21.0,0.113923
fastmultrec_greedy,1,9,69,20,201.0,9.0,21.0,0.258972
lcamap,1,9,69,20,201.0,9.0,21.0,0.042671
segdup,1,10,69,5,5,1,0,74.936727
insider,1,10,69,5,5.0,1.0,0.0,0.050538
insider_relax,1,10,69,5,5.0,1.0,0.0,0.049943
fastmultrec_greedy,1,10,69,5,5.0,1.0,0.0,0.146537
lcamap,1,10,69,5,5.0,1.0,0.0,0.025596
segdup,1,10,69,10,10,1,0,68.434605
insider,1,10,69,10,10.0,1.0,0.0,0.050165
insider_relax,1,10,69,10,10.0,1.0,0.0,0.052170
fastmultrec_greedy,1,10,69,10,10.0,1.0,0.0,0.143313
lcamap,1,10,69,10,10.0,1.0,0.0,0.028367
segdup,1,10,69,15,15,1,0,56.980691
insider,1,10,69,15,15.0,1.0,0.0,0.047050
insider_relax,1,10,69,15,15.0,1.0,0.0,0.052851
fastmultrec_greedy,1,10,69,15,15.0,1.0,0.0,0.142469
lcamap,1,10,69,15,15.0,1.0,0.0,0.025650
segdup,1,10,69,20,20,1,0,40.110197
insider,1,10,69,20,20.0,1.0,0.0,0.049080
insider_relax,1,10,69,20,20.0,1.0,0.0,0.050146
fastmultrec_greedy,1,10,69,20,20.0,1.0,0.0,0.142109
lcamap,1,10,69,20,20.0,1.0,0.0,0.024587
segdup,1,11,69,5,5,1,0,71.636258
insider,1,11,69,5,5.0,1.0,0.0,0.046902
insider_relax,1,11,69,5,5.0,1.0,0.0,0.046222
fastmultrec_greedy,1,11,69,5,5.0,1.0,0.0,0.129623
lcamap,1,11,69,5,5.0,1.0,0.0,0.025161
segdup,1,11,69,10,10,1,0,70.485647
insider,1,11,69,10,10.0,1.0,0.0,0.047998
insider_relax,1,11,69,10,10.0,1.0,0.0,0.051656
fastmultrec_greedy,1,11,69,10,10.0,1.0,0.0,0.135213
lcamap,1,11,69,10,10.0,1.0,0.0,0.026292
segdup,1,11,69,15,15,1,0,54.474701
insider,1,11,69,15,15.0,1.0,0.0,0.049417
insider_relax,1,11,69,15,15.0,1.0,0.0,0.048800
fastmultrec_greedy,1,11,69,15,15.0,1.0,0.0,0.134309
lcamap,1,11,69,15,15.0,1.0,0.0,0.025013
segdup,1,11,69,20,20,1,0,41.369820
insider,1,11,69,20,20.0,1.0,0.0,0.046862
insider_relax,1,11,69,20,20.0,1.0,0.0,0.048324
fastmultrec_greedy,1,11,69,20,20.0,1.0,0.0,0.145100
lcamap,1,11,69,20,20.0,1.0,0.0,0.027924
segdup,2,8,69,5,609,77,224,161.333691
insider,2,8,69,5,609.0,77.0,224.0,0.269055
insider_relax,2,8,69,5,609.0,77.0,224.0,0.315959
fastmultrec_greedy,2,8,69,5,609.0,77.0,224.0,0.517078
lcamap,2,8,69,5,609.0,77.0,224.0,0.090112
segdup,2,8,69,10,994,77,224,158.213473
insider,2,8,69,10,982.0,74.0,242.0,0.448049
insider_relax,2,8,69,10,982.0,74.0,242.0,0.574291
fastmultrec_greedy,2,8,69,10,994.0,77.0,224.0,0.507555
lcamap,2,8,69,10,994.0,77.0,224.0,0.092101
segdup,2,8,69,15,1379,77,224,160.989625
insider,2,8,69,15,1349.0,72.0,269.0,1.388685
insider_relax,2,8,69,15,1349.0,72.0,269.0,1.648698
fastmultrec_greedy,2,8,69,15,1379.0,77.0,224.0,0.502324
lcamap,2,8,69,15,1379.0,77.0,224.0,0.094748
segdup,2,8,69,20,1764,77,224,153.238613
insider,2,8,69,20,1701.0,68.0,341.0,3.554268
insider_relax,2,8,69,20,1701.0,68.0,341.0,6.140914
fastmultrec_greedy,2,8,69,20,1764.0,77.0,224.0,0.504886
lcamap,2,8,69,20,1764.0,77.0,224.0,0.091810
segdup,2,9,69,5,191,31,36,156.627515
insider,2,9,69,5,191.0,31.0,36.0,0.206265
insider_relax,2,9,69,5,191.0,31.0,36.0,0.235492
fastmultrec_greedy,2,9,69,5,191.0,31.0,36.0,0.479471
lcamap,2,9,69,5,191.0,31.0,36.0,0.093951
segdup,2,9,69,10,346,31,36,155.438451
insider,2,9,69,10,345.0,30.0,45.0,0.306681
insider_relax,2,9,69,10,345.0,30.0,45.0,0.418061
fastmultrec_greedy,2,9,69,10,346.0,31.0,36.0,0.481807
lcamap,2,9,69,10,346.0,31.0,36.0,0.090851
segdup,2,9,69,15,501,31,36,145.780789
insider,2,9,69,15,495.0,30.0,45.0,0.561244
insider_relax,2,9,69,15,495.0,30.0,45.0,0.602712
fastmultrec_greedy,2,9,69,15,501.0,31.0,36.0,0.482855
lcamap,2,9,69,15,501.0,31.0,36.0,0.091126
segdup,2,9,69,20,656,31,36,136.899569
insider,2,9,69,20,640.0,29.0,60.0,1.351835
insider_relax,2,9,69,20,640.0,29.0,60.0,2.646569
fastmultrec_greedy,2,9,69,20,656.0,31.0,36.0,0.476277
lcamap,2,9,69,20,656.0,31.0,36.0,0.085713
segdup,2,10,69,5,31,6,1,153.131829
insider,2,10,69,5,31.0,6.0,1.0,0.135776
insider_relax,2,10,69,5,31.0,6.0,1.0,0.138109
fastmultrec_greedy,2,10,69,5,31.0,6.0,1.0,0.429832
lcamap,2,10,69,5,31.0,6.0,1.0,0.079725
segdup,2,10,69,10,61,6,1,134.786369
insider,2,10,69,10,61.0,6.0,1.0,0.141859
insider_relax,2,10,69,10,61.0,6.0,1.0,0.142518
fastmultrec_greedy,2,10,69,10,61.0,6.0,1.0,0.440785
lcamap,2,10,69,10,61.0,6.0,1.0,0.080067
segdup,2,10,69,15,91,6,1,80.369071
insider,2,10,69,15,91.0,6.0,1.0,0.144944
insider_relax,2,10,69,15,91.0,6.0,1.0,0.138835
fastmultrec_greedy,2,10,69,15,91.0,6.0,1.0,0.421309
lcamap,2,10,69,15,91.0,6.0,1.0,0.080939
segdup,2,10,69,20,121,6,1,83.669834
insider,2,10,69,20,121.0,6.0,1.0,0.146326
insider_relax,2,10,69,20,121.0,6.0,1.0,0.142637
fastmultrec_greedy,2,10,69,20,121.0,6.0,1.0,0.423743
lcamap,2,10,69,20,121.0,6.0,1.0,0.080878
segdup,2,11,69,5,10,2,0,243.332997
insider,2,11,69,5,10.0,2.0,0.0,0.182651
insider_relax,2,11,69,5,10.0,2.0,0.0,0.181729
fastmultrec_greedy,2,11,69,5,10.0,2.0,0.0,0.647748
lcamap,2,11,69,5,10.0,2.0,0.0,0.108859
segdup,2,11,69,10,20,2,0,209.838344
insider,2,11,69,10,20.0,2.0,0.0,0.185864
insider_relax,2,11,69,10,20.0,2.0,0.0,0.184152
fastmultrec_greedy,2,11,69,10,20.0,2.0,0.0,0.646978
lcamap,2,11,69,10,20.0,2.0,0.0,0.108551
segdup,2,11,69,15,30,2,0,128.107332
insider,2,11,69,15,30.0,2.0,0.0,0.184010
insider_relax,2,11,69,15,30.0,2.0,0.0,0.184921
fastmultrec_greedy,2,11,69,15,30.0,2.0,0.0,0.647912
lcamap,2,11,69,15,30.0,2.0,0.0,0.109656
segdup,2,11,69,20,40,2,0,124.170187
insider,2,11,69,20,40.0,2.0,0.0,0.186011
insider_relax,2,11,69,20,40.0,2.0,0.0,0.185780
fastmultrec_greedy,2,11,69,20,40.0,2.0,0.0,0.651180
lcamap,2,11,69,20,40.0,2.0,0.0,0.108492
segdup,1,7,70,5,770,98,280,111.174836
insider,1,7,70,5,768.0,97.0,283.0,0.173663
insider_relax,1,7,70,5,768.0,97.0,283.0,0.209203
fastmultrec_greedy,1,7,70,5,768.0,97.0,283.0,0.503890
lcamap,1,7,70,5,770.0,98.0,280.0,0.060108
segdup,1,7,70,10,1260,98,280,105.768309
insider,1,7,70,10,1223.0,86.0,363.0,0.341473
insider_relax,1,7,70,10,1223.0,86.0,363.0,0.470458
fastmultrec_greedy,1,7,70,10,1242.0,94.0,302.0,1.194829
lcamap,1,7,70,10,1260.0,98.0,280.0,0.058487
segdup,1,7,70,15,1733,96,293,107.475074
insider,1,7,70,15,1644.0,82.0,414.0,1.009304
insider_relax,1,7,70,15,1644.0,82.0,414.0,1.355300
fastmultrec_greedy,1,7,70,15,1712.0,94.0,302.0,1.204269
lcamap,1,7,70,15,1750.0,98.0,280.0,0.059240
segdup,1,7,70,20,2240,98,280,104.619500
insider,1,7,70,20,2039.0,79.0,459.0,2.535859
insider_relax,1,7,70,20,2039.0,79.0,459.0,3.979715
fastmultrec_greedy,1,7,70,20,2182.0,94.0,302.0,1.212058
lcamap,1,7,70,20,2240.0,98.0,280.0,0.060368
segdup,1,8,70,5,40,7,5,52.513182
insider,1,8,70,5,40.0,7.0,5.0,0.046341
insider_relax,1,8,70,5,40.0,7.0,5.0,0.046295
fastmultrec_greedy,1,8,70,5,40.0,7.0,5.0,0.137682
lcamap,1,8,70,5,40.0,7.0,5.0,0.022008
segdup,1,8,70,10,75,7,5,50.126618
insider,1,8,70,10,75.0,7.0,5.0,0.049897
insider_relax,1,8,70,10,75.0,7.0,5.0,0.053515
fastmultrec_greedy,1,8,70,10,75.0,7.0,5.0,0.138127
lcamap,1,8,70,10,75.0,7.0,5.0,0.021691
segdup,1,8,70,15,110,7,5,34.334279
insider,1,8,70,15,110.0,7.0,5.0,0.051697
insider_relax,1,8,70,15,110.0,7.0,5.0,0.051031
fastmultrec_greedy,1,8,70,15,110.0,7.0,5.0,0.140933
lcamap,1,8,70,15,110.0,7.0,5.0,0.021635
segdup,1,8,70,20,145,7,5,34.765461
insider,1,8,70,20,145.0,7.0,5.0,0.057068
insider_relax,1,8,70,20,145.0,7.0,5.0,0.053331
fastmultrec_greedy,1,8,70,20,145.0,7.0,5.0,0.140053
lcamap,1,8,70,20,145.0,7.0,5.0,0.022062
segdup,1,9,70,5,76,14,6,61.823246
insider,1,9,70,5,76.0,14.0,6.0,0.063435
insider_relax,1,9,70,5,76.0,14.0,6.0,0.060854
fastmultrec_greedy,1,9,70,5,76.0,14.0,6.0,0.114967
lcamap,1,9,70,5,76.0,14.0,6.0,0.021841
segdup,1,9,70,10,146,14,6,63.013124
insider,1,9,70,10,146.0,14.0,6.0,0.062553
insider_relax,1,9,70,10,146.0,14.0,6.0,0.080515
fastmultrec_greedy,1,9,70,10,146.0,14.0,6.0,0.124534
lcamap,1,9,70,10,146.0,14.0,6.0,0.024370
segdup,1,9,70,15,216,14,6,52.829368
insider,1,9,70,15,216.0,14.0,6.0,0.085632
insider_relax,1,9,70,15,216.0,14.0,6.0,0.087439
fastmultrec_greedy,1,9,70,15,216.0,14.0,6.0,0.119997
lcamap,1,9,70,15,216.0,14.0,6.0,0.021398
segdup,1,9,70,20,286,14,6,53.556675
insider,1,9,70,20,283.0,13.0,23.0,0.121794
insider_relax,1,9,70,20,283.0,13.0,23.0,0.126517
fastmultrec_greedy,1,9,70,20,286.0,14.0,6.0,0.117420
lcamap,1,9,70,20,286.0,14.0,6.0,0.022891
segdup,1,10,70,5,6,1,1,140.386637
insider,1,10,70,5,6.0,1.0,1.0,0.091407
insider_relax,1,10,70,5,6.0,1.0,1.0,0.096989
fastmultrec_greedy,1,10,70,5,6.0,1.0,1.0,0.307076
lcamap,1,10,70,5,6.0,1.0,1.0,0.052637
segdup,1,10,70,10,11,1,1,137.505763
insider,1,10,70,10,11.0,1.0,1.0,0.089920
insider_relax,1,10,70,10,11.0,1.0,1.0,0.099738
fastmultrec_greedy,1,10,70,10,11.0,1.0,1.0,0.305151
lcamap,1,10,70,10,11.0,1.0,1.0,0.051335
segdup,1,10,70,15,16,1,1,121.591133
insider,1,10,70,15,16.0,1.0,1.0,0.099951
insider_relax,1,10,70,15,16.0,1.0,1.0,0.092275
fastmultrec_greedy,1,10,70,15,16.0,1.0,1.0,0.307252
lcamap,1,10,70,15,16.0,1.0,1.0,0.054219
segdup,1,10,70,20,21,1,1,79.231137
insider,1,10,70,20,21.0,1.0,1.0,0.089498
insider_relax,1,10,70,20,21.0,1.0,1.0,0.095034
fastmultrec_greedy,1,10,70,20,21.0,1.0,1.0,0.305133
lcamap,1,10,70,20,21.0,1.0,1.0,0.053808
segdup,1,11,70,5,11,2,1,91.748323
insider,1,11,70,5,11.0,2.0,1.0,0.056947
insider_relax,1,11,70,5,11.0,2.0,1.0,0.061514
fastmultrec_greedy,1,11,70,5,11.0,2.0,1.0,0.185541
lcamap,1,11,70,5,11.0,2.0,1.0,0.033899
segdup,1,11,70,10,21,2,1,87.849161
insider,1,11,70,10,21.0,2.0,1.0,0.060328
insider_relax,1,11,70,10,21.0,2.0,1.0,0.063808
fastmultrec_greedy,1,11,70,10,21.0,2.0,1.0,0.178348
lcamap,1,11,70,10,21.0,2.0,1.0,0.032863
segdup,1,11,70,15,31,2,1,52.735587
insider,1,11,70,15,31.0,2.0,1.0,0.057994
insider_relax,1,11,70,15,31.0,2.0,1.0,0.066821
fastmultrec_greedy,1,11,70,15,31.0,2.0,1.0,0.179741
lcamap,1,11,70,15,31.0,2.0,1.0,0.032663
segdup,1,11,70,20,41,2,1,50.030120
insider,1,11,70,20,41.0,2.0,1.0,0.056906
insider_relax,1,11,70,20,41.0,2.0,1.0,0.063732
fastmultrec_greedy,1,11,70,20,41.0,2.0,1.0,0.176806
lcamap,1,11,70,20,41.0,2.0,1.0,0.033064
segdup,2,7,70,5,1378,125,753,199.414391
insider,2,7,70,5,1365.0,119.0,770.0,0.280114
insider_relax,2,7,70,5,1365.0,119.0,770.0,0.300110
fastmultrec_greedy,2,7,70,5,1366.0,120.0,766.0,2.401146
lcamap,2,7,70,5,1378.0,125.0,753.0,0.092251
segdup,2,7,70,10,2003,125,753,190.919446
insider,2,7,70,10,1943.0,113.0,813.0,0.472526
insider_relax,2,7,70,10,1943.0,113.0,813.0,0.580200
fastmultrec_greedy,2,7,70,10,1962.0,119.0,772.0,2.804832
lcamap,2,7,70,10,2003.0,125.0,753.0,0.092579
segdup,2,7,70,15,2628,125,753,188.805294
insider,2,7,70,15,2497.0,107.0,892.0,1.127773
insider_relax,2,7,70,15,2497.0,107.0,892.0,1.409883
fastmultrec_greedy,2,7,70,15,2552.0,118.0,782.0,3.230034
lcamap,2,7,70,15,2628.0,125.0,753.0,0.088765
segdup,2,7,70,20,3253,125,753,186.371403
insider,2,7,70,20,3016.0,103.0,956.0,3.031462
insider_relax,2,7,70,20,3016.0,103.0,956.0,4.287806
fastmultrec_greedy,2,7,70,20,3142.0,118.0,782.0,3.229214
lcamap,2,7,70,20,3253.0,125.0,753.0,0.090900
segdup,2,8,70,5,297,42,87,106.768769
insider,2,8,70,5,297.0,42.0,87.0,0.177438
insider_relax,2,8,70,5,297.0,42.0,87.0,0.215158
fastmultrec_greedy,2,8,70,5,297.0,42.0,87.0,0.385337
lcamap,2,8,70,5,297.0,42.0,87.0,0.067070
segdup,2,8,70,10,507,42,87,104.947318
insider,2,8,70,10,507.0,42.0,87.0,0.298998
insider_relax,2,8,70,10,507.0,42.0,87.0,0.391233
fastmultrec_greedy,2,8,70,10,507.0,42.0,87.0,0.394188
lcamap,2,8,70,10,507.0,42.0,87.0,0.065465
segdup,2,8,70,15,717,42,87,91.339749
insider,2,8,70,15,711.0,40.0,111.0,0.630801
insider_relax,2,8,70,15,711.0,40.0,111.0,0.721729
fastmultrec_greedy,2,8,70,15,717.0,42.0,87.0,0.387335
lcamap,2,8,70,15,717.0,42.0,87.0,0.069119
segdup,2,8,70,20,927,42,87,91.205099
insider,2,8,70,20,909.0,39.0,129.0,2.018326
insider_relax,2,8,70,20,909.0,39.0,129.0,5.164540
fastmultrec_greedy,2,8,70,20,927.0,42.0,87.0,0.385167
lcamap,2,8,70,20,927.0,42.0,87.0,0.069624
segdup,2,9,70,5,99,17,14,143.630038
insider,2,9,70,5,99.0,17.0,14.0,0.147364
insider_relax,2,9,70,5,99.0,17.0,14.0,0.158367
fastmultrec_greedy,2,9,70,5,99.0,17.0,14.0,0.475169
lcamap,2,9,70,5,99.0,17.0,14.0,0.076660
segdup,2,9,70,10,184,17,14,124.013995
insider,2,9,70,10,184.0,17.0,14.0,0.171274
insider_relax,2,9,70,10,184.0,17.0,14.0,0.202864
fastmultrec_greedy,2,9,70,10,184.0,17.0,14.0,0.469269
lcamap,2,9,70,10,184.0,17.0,14.0,0.074380
segdup,2,9,70,15,269,17,14,84.132633
insider,2,9,70,15,269.0,17.0,14.0,0.218537
insider_relax,2,9,70,15,269.0,17.0,14.0,0.213171
fastmultrec_greedy,2,9,70,15,269.0,17.0,14.0,0.469520
lcamap,2,9,70,15,269.0,17.0,14.0,0.074811
segdup,2,9,70,20,354,17,14,80.798192
insider,2,9,70,20,354.0,17.0,14.0,0.338957
insider_relax,2,9,70,20,354.0,17.0,14.0,0.345157
fastmultrec_greedy,2,9,70,20,354.0,17.0,14.0,0.468303
lcamap,2,9,70,20,354.0,17.0,14.0,0.078290
segdup,2,10,70,5,10,2,0,193.876481
insider,2,10,70,5,10.0,2.0,0.0,0.165835
insider_relax,2,10,70,5,10.0,2.0,0.0,0.166547
fastmultrec_greedy,2,10,70,5,10.0,2.0,0.0,0.618564
lcamap,2,10,70,5,10.0,2.0,0.0,0.094468
segdup,2,10,70,10,20,2,0,188.406973
insider,2,10,70,10,20.0,2.0,0.0,0.164266
insider_relax,2,10,70,10,20.0,2.0,0.0,0.167313
fastmultrec_greedy,2,10,70,10,20.0,2.0,0.0,0.615714
lcamap,2,10,70,10,20.0,2.0,0.0,0.096035
segdup,2,10,70,15,30,2,0,99.927136
insider,2,10,70,15,30.0,2.0,0.0,0.163263
insider_relax,2,10,70,15,30.0,2.0,0.0,0.160180
fastmultrec_greedy,2,10,70,15,30.0,2.0,0.0,0.620850
lcamap,2,10,70,15,30.0,2.0,0.0,0.093497
segdup,2,10,70,20,40,2,0,98.204527
insider,2,10,70,20,40.0,2.0,0.0,0.171186
insider_relax,2,10,70,20,40.0,2.0,0.0,0.162994
fastmultrec_greedy,2,10,70,20,40.0,2.0,0.0,0.616128
lcamap,2,10,70,20,40.0,2.0,0.0,0.098715
segdup,2,11,70,5,10,2,0,144.639717
insider,2,11,70,5,10.0,2.0,0.0,0.100900
insider_relax,2,11,70,5,10.0,2.0,0.0,0.098641
fastmultrec_greedy,2,11,70,5,10.0,2.0,0.0,0.335325
lcamap,2,11,70,5,10.0,2.0,0.0,0.054044
segdup,2,11,70,10,20,2,0,121.665923
insider,2,11,70,10,20.0,2.0,0.0,0.103433
insider_relax,2,11,70,10,20.0,2.0,0.0,0.106811
fastmultrec_greedy,2,11,70,10,20.0,2.0,0.0,0.337395
lcamap,2,11,70,10,20.0,2.0,0.0,0.054836
segdup,2,11,70,15,30,2,0,79.077383
insider,2,11,70,15,30.0,2.0,0.0,0.096628
insider_relax,2,11,70,15,30.0,2.0,0.0,0.102753
fastmultrec_greedy,2,11,70,15,30.0,2.0,0.0,0.337490
lcamap,2,11,70,15,30.0,2.0,0.0,0.054205
segdup,2,11,70,20,40,2,0,65.878929
insider,2,11,70,20,40.0,2.0,0.0,0.099018
insider_relax,2,11,70,20,40.0,2.0,0.0,0.103506
fastmultrec_greedy,2,11,70,20,40.0,2.0,0.0,0.336999
lcamap,2,11,70,20,40.0,2.0,0.0,0.055279
segdup,1,7,71,5,1732,153,967,132.338695
insider,1,7,71,5,1707.0,142.0,997.0,0.195200
insider_relax,1,7,71,5,1707.0,142.0,997.0,0.222512
fastmultrec_greedy,1,7,71,5,1708.0,143.0,993.0,2.776197
lcamap,1,7,71,5,1732.0,153.0,967.0,0.060733
segdup,1,7,71,10,2497,153,967,129.691930
insider,1,7,71,10,2382.0,131.0,1072.0,0.323254
insider_relax,1,7,71,10,2382.0,131.0,1072.0,0.369079
fastmultrec_greedy,1,7,71,10,2407.0,139.0,1017.0,3.859410
lcamap,1,7,71,10,2497.0,153.0,967.0,0.063363
segdup,1,7,71,15,3262,153,967,134.343242
insider,1,7,71,15,3025.0,125.0,1150.0,0.700666
insider_relax,1,7,71,15,3025.0,125.0,1150.0,0.895003
fastmultrec_greedy,1,7,71,15,3099.0,138.0,1029.0,4.114454
lcamap,1,7,71,15,3262.0,153.0,967.0,0.059974
segdup,1,7,71,20,4027,153,967,130.251343
insider,1,7,71,20,3632.0,118.0,1272.0,4.065684
insider_relax,1,7,71,20,3632.0,118.0,1272.0,9.036838
fastmultrec_greedy,1,7,71,20,3775.0,134.0,1095.0,5.167374
lcamap,1,7,71,20,4027.0,153.0,967.0,0.060290
segdup,1,8,71,5,52,9,7,148.201631
insider,1,8,71,5,52.0,9.0,7.0,0.114517
insider_relax,1,8,71,5,52.0,9.0,7.0,0.116953
fastmultrec_greedy,1,8,71,5,52.0,9.0,7.0,0.370370
lcamap,1,8,71,5,52.0,9.0,7.0,0.067799
segdup,1,8,71,10,97,9,7,142.087928
insider,1,8,71,10,97.0,9.0,7.0,0.120563
insider_relax,1,8,71,10,97.0,9.0,7.0,0.130992
fastmultrec_greedy,1,8,71,10,97.0,9.0,7.0,0.369234
lcamap,1,8,71,10,97.0,9.0,7.0,0.067919
segdup,1,8,71,15,142,9,7,93.117296
insider,1,8,71,15,142.0,9.0,7.0,0.129812
insider_relax,1,8,71,15,142.0,9.0,7.0,0.128003
fastmultrec_greedy,1,8,71,15,142.0,9.0,7.0,0.375252
lcamap,1,8,71,15,142.0,9.0,7.0,0.069361
segdup,1,8,71,20,187,9,7,94.223593
insider,1,8,71,20,187.0,9.0,7.0,0.140535
insider_relax,1,8,71,20,187.0,9.0,7.0,0.137821
fastmultrec_greedy,1,8,71,20,187.0,9.0,7.0,0.370716
lcamap,1,8,71,20,187.0,9.0,7.0,0.066309
segdup,1,9,71,5,42,7,7,109.016498
insider,1,9,71,5,42.0,7.0,7.0,0.089394
insider_relax,1,9,71,5,42.0,7.0,7.0,0.091323
fastmultrec_greedy,1,9,71,5,42.0,7.0,7.0,0.277079
lcamap,1,9,71,5,42.0,7.0,7.0,0.045665
segdup,1,9,71,10,77,7,7,106.926491
insider,1,9,71,10,77.0,7.0,7.0,0.089467
insider_relax,1,9,71,10,77.0,7.0,7.0,0.093395
fastmultrec_greedy,1,9,71,10,77.0,7.0,7.0,0.277442
lcamap,1,9,71,10,77.0,7.0,7.0,0.044873
segdup,1,9,71,15,112,7,7,98.921312
insider,1,9,71,15,112.0,7.0,7.0,0.093533
insider_relax,1,9,71,15,112.0,7.0,7.0,0.097881
fastmultrec_greedy,1,9,71,15,112.0,7.0,7.0,0.282433
lcamap,1,9,71,15,112.0,7.0,7.0,0.047572
segdup,1,9,71,20,147,7,7,93.580643
insider,1,9,71,20,147.0,7.0,7.0,0.095622
insider_relax,1,9,71,20,147.0,7.0,7.0,0.097226
fastmultrec_greedy,1,9,71,20,147.0,7.0,7.0,0.274329
lcamap,1,9,71,20,147.0,7.0,7.0,0.046439
segdup,1,10,71,5,6,1,1,98.480185
insider,1,10,71,5,6.0,1.0,1.0,0.059208
insider_relax,1,10,71,5,6.0,1.0,1.0,0.062661
fastmultrec_greedy,1,10,71,5,6.0,1.0,1.0,0.190654
lcamap,1,10,71,5,6.0,1.0,1.0,0.035806
segdup,1,10,71,10,11,1,1,95.463113
insider,1,10,71,10,11.0,1.0,1.0,0.058619
insider_relax,1,10,71,10,11.0,1.0,1.0,0.064404
fastmultrec_greedy,1,10,71,10,11.0,1.0,1.0,0.189738
lcamap,1,10,71,10,11.0,1.0,1.0,0.036476
segdup,1,10,71,15,16,1,1,55.932353
insider,1,10,71,15,16.0,1.0,1.0,0.059976
insider_relax,1,10,71,15,16.0,1.0,1.0,0.063126
fastmultrec_greedy,1,10,71,15,16.0,1.0,1.0,0.192217
lcamap,1,10,71,15,16.0,1.0,1.0,0.036696
segdup,1,10,71,20,21,1,1,87.445225
insider,1,10,71,20,21.0,1.0,1.0,0.060569
insider_relax,1,10,71,20,21.0,1.0,1.0,0.067037
fastmultrec_greedy,1,10,71,20,21.0,1.0,1.0,0.189873
lcamap,1,10,71,20,21.0,1.0,1.0,0.034400
segdup,1,11,71,5,5,1,0,121.538154
insider,1,11,71,5,5.0,1.0,0.0,0.080988
insider_relax,1,11,71,5,5.0,1.0,0.0,0.093800
fastmultrec_greedy,1,11,71,5,5.0,1.0,0.0,0.269947
lcamap,1,11,71,5,5.0,1.0,0.0,0.051669
segdup,1,11,71,10,10,1,0,115.255880
insider,1,11,71,10,10.0,1.0,0.0,0.083040
insider_relax,1,11,71,10,10.0,1.0,0.0,0.085481
fastmultrec_greedy,1,11,71,10,10.0,1.0,0.0,0.265161
lcamap,1,11,71,10,10.0,1.0,0.0,0.047958
segdup,1,11,71,15,15,1,0,104.889885
insider,1,11,71,15,15.0,1.0,0.0,0.083088
insider_relax,1,11,71,15,15.0,1.0,0.0,0.087462
fastmultrec_greedy,1,11,71,15,15.0,1.0,0.0,0.256978
lcamap,1,11,71,15,15.0,1.0,0.0,0.051966
segdup,1,11,71,20,20,1,0,75.037497
insider,1,11,71,20,20.0,1.0,0.0,0.081271
insider_relax,1,11,71,20,20.0,1.0,0.0,0.088130
fastmultrec_greedy,1,11,71,20,20.0,1.0,0.0,0.257296
lcamap,1,11,71,20,20.0,1.0,0.0,0.051063
segdup,2,7,71,5,3779,157,2994,255.592522
insider,2,7,71,5,3738.0,137.0,3053.0,0.264637
insider_relax,2,7,71,5,3738.0,136.0,3058.0,0.276046
fastmultrec_greedy,2,7,71,5,3738.0,139.0,3043.0,4.821721
lcamap,2,7,71,5,3779.0,157.0,2994.0,0.064214
segdup,2,7,71,10,4564,157,2994,255.861668
insider,2,7,71,10,4382.0,123.0,3152.0,0.348986
insider_relax,2,7,71,10,4382.0,123.0,3152.0,0.391495
fastmultrec_greedy,2,7,71,10,4387.0,126.0,3127.0,8.709917
lcamap,2,7,71,10,4564.0,157.0,2994.0,0.066343
segdup,2,7,71,15,5349,157,2994,254.088851
insider,2,7,71,15,4981.0,117.0,3226.0,0.469708
insider_relax,2,7,71,15,4981.0,117.0,3226.0,0.538815
fastmultrec_greedy,2,7,71,15,5011.0,124.0,3151.0,9.349700
lcamap,2,7,71,15,5349.0,157.0,2994.0,0.067918
segdup,2,7,71,20,6134,157,2994,251.459779
insider,2,7,71,20,5559.0,114.0,3279.0,0.633319
insider_relax,2,7,71,20,5559.0,113.0,3299.0,0.693296
fastmultrec_greedy,2,7,71,20,5628.0,123.0,3168.0,9.856275
lcamap,2,7,71,20,6134.0,157.0,2994.0,0.061763
segdup,2,8,71,5,386,56,106,163.660954
insider,2,8,71,5,383.0,54.0,113.0,0.229958
insider_relax,2,8,71,5,383.0,54.0,113.0,0.273601
fastmultrec_greedy,2,8,71,5,383.0,54.0,113.0,1.190649
lcamap,2,8,71,5,386.0,56.0,106.0,0.080746
segdup,2,8,71,10,661,55,111,153.003243
insider,2,8,71,10,644.0,51.0,134.0,0.467792
insider_relax,2,8,71,10,644.0,51.0,134.0,0.725218
fastmultrec_greedy,2,8,71,10,649.0,53.0,119.0,1.969698
lcamap,2,8,71,10,666.0,56.0,106.0,0.082225
segdup,2,8,71,15,934,55,109,153.760886
insider,2,8,71,15,892.0,48.0,172.0,1.713877
insider_relax,2,8,71,15,892.0,48.0,172.0,2.489428
fastmultrec_greedy,2,8,71,15,914.0,53.0,119.0,1.989215
lcamap,2,8,71,15,946.0,56.0,106.0,0.082465
segdup,2,8,71,20,1214,55,114,149.652149
insider,2,8,71,20,1123.0,43.0,263.0,6.850252
insider_relax,2,8,71,20,1123.0,43.0,263.0,17.015685
fastmultrec_greedy,2,8,71,20,1179.0,53.0,119.0,2.010764
lcamap,2,8,71,20,1226.0,56.0,106.0,0.082495
segdup,2,9,71,5,244,38,54,155.352807
insider,2,9,71,5,244.0,38.0,54.0,0.228503
insider_relax,2,9,71,5,244.0,38.0,54.0,0.278716
fastmultrec_greedy,2,9,71,5,244.0,38.0,54.0,0.503085
lcamap,2,9,71,5,244.0,38.0,54.0,0.091492
segdup,2,9,71,10,434,38,54,150.325306
insider,2,9,71,10,425.0,35.0,75.0,0.373016
insider_relax,2,9,71,10,425.0,35.0,75.0,0.576148
fastmultrec_greedy,2,9,71,10,434.0,38.0,54.0,0.494737
lcamap,2,9,71,10,434.0,38.0,54.0,0.093547
segdup,2,9,71,15,624,38,54,141.839663
insider,2,9,71,15,600.0,35.0,75.0,0.822737
insider_relax,2,9,71,15,600.0,35.0,75.0,1.179449
fastmultrec_greedy,2,9,71,15,624.0,38.0,54.0,0.498522
lcamap,2,9,71,15,624.0,38.0,54.0,0.089043
segdup,2,9,71,20,814,38,54,129.658468
insider,2,9,71,20,775.0,35.0,75.0,2.930754
insider_relax,2,9,71,20,775.0,35.0,75.0,4.118342
fastmultrec_greedy,2,9,71,20,814.0,38.0,54.0,0.503025
lcamap,2,9,71,20,814.0,38.0,54.0,0.092368
segdup,2,10,71,5,12,2,2,136.309935
insider,2,10,71,5,12.0,2.0,2.0,0.097823
insider_relax,2,10,71,5,12.0,2.0,2.0,0.097393
fastmultrec_greedy,2,10,71,5,12.0,2.0,2.0,0.296711
lcamap,2,10,71,5,12.0,2.0,2.0,0.051972
segdup,2,10,71,10,22,2,2,127.666538
insider,2,10,71,10,22.0,2.0,2.0,0.098088
insider_relax,2,10,71,10,22.0,2.0,2.0,0.107536
fastmultrec_greedy,2,10,71,10,22.0,2.0,2.0,0.301872
lcamap,2,10,71,10,22.0,2.0,2.0,0.052465
segdup,2,10,71,15,32,2,2,58.958386
insider,2,10,71,15,32.0,2.0,2.0,0.096668
insider_relax,2,10,71,15,32.0,2.0,2.0,0.104873
fastmultrec_greedy,2,10,71,15,32.0,2.0,2.0,0.304313
lcamap,2,10,71,15,32.0,2.0,2.0,0.053446
segdup,2,10,71,20,42,2,2,60.678939
insider,2,10,71,20,42.0,2.0,2.0,0.099772
insider_relax,2,10,71,20,42.0,2.0,2.0,0.104440
fastmultrec_greedy,2,10,71,20,42.0,2.0,2.0,0.296519
lcamap,2,10,71,20,42.0,2.0,2.0,0.053271
segdup,2,11,71,5,10,2,0,221.162090
insider,2,11,71,5,10.0,2.0,0.0,0.150029
insider_relax,2,11,71,5,10.0,2.0,0.0,0.153156
fastmultrec_greedy,2,11,71,5,10.0,2.0,0.0,0.472786
lcamap,2,11,71,5,10.0,2.0,0.0,0.091314
segdup,2,11,71,10,20,2,0,224.973110
insider,2,11,71,10,20.0,2.0,0.0,0.148775
insider_relax,2,11,71,10,20.0,2.0,0.0,0.140795
fastmultrec_greedy,2,11,71,10,20.0,2.0,0.0,0.472935
lcamap,2,11,71,10,20.0,2.0,0.0,0.087840
segdup,2,11,71,15,30,2,0,100.983987
insider,2,11,71,15,30.0,2.0,0.0,0.149303
insider_relax,2,11,71,15,30.0,2.0,0.0,0.143605
fastmultrec_greedy,2,11,71,15,30.0,2.0,0.0,0.464914
lcamap,2,11,71,15,30.0,2.0,0.0,0.086118
segdup,2,11,71,20,40,2,0,149.769572
insider,2,11,71,20,40.0,2.0,0.0,0.144507
insider_relax,2,11,71,20,40.0,2.0,0.0,0.147657
fastmultrec_greedy,2,11,71,20,40.0,2.0,0.0,0.465336
lcamap,2,11,71,20,40.0,2.0,0.0,0.087306
segdup,1,7,72,5,2436,188,1496,202.617814
insider,1,7,72,5,2405.0,172.0,1545.0,0.278745
insider_relax,1,7,72,5,2405.0,172.0,1545.0,0.312275
fastmultrec_greedy,1,7,72,5,2406.0,173.0,1541.0,5.836420
lcamap,1,7,72,5,2436.0,188.0,1496.0,0.078099
segdup,1,7,72,10,3376,188,1496,203.141474
insider,1,7,72,10,3209.0,153.0,1679.0,0.525190
insider_relax,1,7,72,10,3209.0,153.0,1679.0,0.661265
fastmultrec_greedy,1,7,72,10,3244.0,166.0,1584.0,9.290685
lcamap,1,7,72,10,3376.0,188.0,1496.0,0.079974
segdup,1,7,72,15,4316,188,1496,200.489069
insider,1,7,72,15,3956.0,143.0,1811.0,1.416073
insider_relax,1,7,72,15,3956.0,143.0,1811.0,1.794193
fastmultrec_greedy,1,7,72,15,4068.0,164.0,1608.0,10.699272
lcamap,1,7,72,15,4316.0,188.0,1496.0,0.079695
segdup,1,7,72,20,5256,188,1496,207.708151
insider,1,7,72,20,4656.0,136.0,1936.0,3.737120
insider_relax,1,7,72,20,4656.0,136.0,1936.0,5.436721
fastmultrec_greedy,1,7,72,20,4887.0,163.0,1627.0,11.145553
lcamap,1,7,72,20,5256.0,188.0,1496.0,0.078887
segdup,1,8,72,5,329,50,79,62.373201
insider,1,8,72,5,326.0,48.0,86.0,0.110405
insider_relax,1,8,72,5,326.0,48.0,86.0,0.148021
fastmultrec_greedy,1,8,72,5,326.0,48.0,86.0,0.388599
lcamap,1,8,72,5,329.0,50.0,79.0,0.028635
segdup,1,8,72,10,576,49,86,64.020857
insider,1,8,72,10,547.0,40.0,147.0,0.383692
insider_relax,1,8,72,10,547.0,40.0,147.0,0.615249
fastmultrec_greedy,1,8,72,10,557.0,44.0,117.0,0.863181
lcamap,1,8,72,10,579.0,50.0,79.0,0.029948
segdup,1,8,72,15,821,49,86,59.131310
insider,1,8,72,15,734.0,36.0,194.0,1.377936
insider_relax,1,8,72,15,734.0,36.0,194.0,1.937806
fastmultrec_greedy,1,8,72,15,777.0,44.0,117.0,0.852212
lcamap,1,8,72,15,829.0,50.0,79.0,0.028364
segdup,1,8,72,20,1052,48,92,56.231468
insider,1,8,72,20,912.0,33.0,252.0,2.853973
insider_relax,1,8,72,20,912.0,33.0,252.0,4.076860
fastmultrec_greedy,1,8,72,20,997.0,44.0,117.0,0.855480
lcamap,1,8,72,20,1079.0,50.0,79.0,0.030354
segdup,1,9,72,5,113,20,13,148.572688
insider,1,9,72,5,113.0,20.0,13.0,0.124755
insider_relax,1,9,72,5,113.0,20.0,13.0,0.136154
fastmultrec_greedy,1,9,72,5,113.0,20.0,13.0,0.362348
lcamap,1,9,72,5,113.0,20.0,13.0,0.068569
segdup,1,9,72,10,213,20,13,158.632040
insider,1,9,72,10,213.0,20.0,13.0,0.140850
insider_relax,1,9,72,10,213.0,20.0,13.0,0.164028
fastmultrec_greedy,1,9,72,10,213.0,20.0,13.0,0.364128
lcamap,1,9,72,10,213.0,20.0,13.0,0.069371
segdup,1,9,72,15,313,20,13,103.106034
insider,1,9,72,15,313.0,20.0,13.0,0.169649
insider_relax,1,9,72,15,313.0,20.0,13.0,0.172198
fastmultrec_greedy,1,9,72,15,313.0,20.0,13.0,0.355498
lcamap,1,9,72,15,313.0,20.0,13.0,0.069857
segdup,1,9,72,20,413,20,13,114.870130
insider,1,9,72,20,413.0,20.0,13.0,0.241819
insider_relax,1,9,72,20,413.0,20.0,13.0,0.249518
fastmultrec_greedy,1,9,72,20,413.0,20.0,13.0,0.360584
lcamap,1,9,72,20,413.0,20.0,13.0,0.069306
segdup,1,10,72,5,12,2,2,97.889759
insider,1,10,72,5,12.0,2.0,2.0,0.060134
insider_relax,1,10,72,5,12.0,2.0,2.0,0.063486
fastmultrec_greedy,1,10,72,5,12.0,2.0,2.0,0.186909
lcamap,1,10,72,5,12.0,2.0,2.0,0.035494
segdup,1,10,72,10,22,2,2,93.305825
insider,1,10,72,10,22.0,2.0,2.0,0.060719
insider_relax,1,10,72,10,22.0,2.0,2.0,0.066357
fastmultrec_greedy,1,10,72,10,22.0,2.0,2.0,0.190237
lcamap,1,10,72,10,22.0,2.0,2.0,0.033134
segdup,1,10,72,15,32,2,2,54.836841
insider,1,10,72,15,32.0,2.0,2.0,0.060677
insider_relax,1,10,72,15,32.0,2.0,2.0,0.063445
fastmultrec_greedy,1,10,72,15,32.0,2.0,2.0,0.192786
lcamap,1,10,72,15,32.0,2.0,2.0,0.033939
segdup,1,10,72,20,42,2,2,90.313898
insider,1,10,72,20,42.0,2.0,2.0,0.061860
insider_relax,1,10,72,20,42.0,2.0,2.0,0.064735
fastmultrec_greedy,1,10,72,20,42.0,2.0,2.0,0.191006
lcamap,1,10,72,20,42.0,2.0,2.0,0.032720
segdup,1,11,72,5,5,1,0,108.461460
insider,1,11,72,5,5.0,1.0,0.0,0.081292
insider_relax,1,11,72,5,5.0,1.0,0.0,0.083631
fastmultrec_greedy,1,11,72,5,5.0,1.0,0.0,0.260707
lcamap,1,11,72,5,5.0,1.0,0.0,0.045856
segdup,1,11,72,10,10,1,0,104.913678
insider,1,11,72,10,10.0,1.0,0.0,0.079317
insider_relax,1,11,72,10,10.0,1.0,0.0,0.084409
fastmultrec_greedy,1,11,72,10,10.0,1.0,0.0,0.259716
lcamap,1,11,72,10,10.0,1.0,0.0,0.045300
segdup,1,11,72,15,15,1,0,66.303767
insider,1,11,72,15,15.0,1.0,0.0,0.080463
insider_relax,1,11,72,15,15.0,1.0,0.0,0.084056
fastmultrec_greedy,1,11,72,15,15.0,1.0,0.0,0.262689
lcamap,1,11,72,15,15.0,1.0,0.0,0.049114
segdup,1,11,72,20,20,1,0,85.725372
insider,1,11,72,20,20.0,1.0,0.0,0.085508
insider_relax,1,11,72,20,20.0,1.0,0.0,0.085062
fastmultrec_greedy,1,11,72,20,20.0,1.0,0.0,0.258728
lcamap,1,11,72,20,20.0,1.0,0.0,0.047417
segdup,2,7,72,5,2878,150,2128,279.149219
insider,2,7,72,5,2847.0,133.0,2182.0,0.296537
insider_relax,2,7,72,5,2847.0,133.0,2182.0,0.309743
fastmultrec_greedy,2,7,72,5,2848.0,134.0,2178.0,7.200745
lcamap,2,7,72,5,2878.0,150.0,2128.0,0.082689
segdup,2,7,72,10,3628,150,2128,290.189204
insider,2,7,72,10,3477.0,122.0,2257.0,0.480970
insider_relax,2,7,72,10,3477.0,122.0,2257.0,0.556888
fastmultrec_greedy,2,7,72,10,3503.0,129.0,2213.0,9.158180
lcamap,2,7,72,10,3628.0,150.0,2128.0,0.080446
segdup,2,7,72,15,4378,150,2128,290.921670
insider,2,7,72,15,4069.0,115.0,2344.0,1.110019
insider_relax,2,7,72,15,4069.0,115.0,2344.0,1.233078
fastmultrec_greedy,2,7,72,15,4146.0,128.0,2226.0,10.360249
lcamap,2,7,72,15,4378.0,150.0,2128.0,0.082197
segdup,2,7,72,20,5128,150,2128,288.305248
insider,2,7,72,20,4633.0,111.0,2413.0,2.845331
insider_relax,2,7,72,20,4633.0,111.0,2413.0,4.207226
fastmultrec_greedy,2,7,72,20,4781.0,127.0,2241.0,10.726361
lcamap,2,7,72,20,5128.0,150.0,2128.0,0.081928
segdup,2,10,72,5,28,5,3,215.224739
insider,2,10,72,5,28.0,5.0,3.0,0.148739
insider_relax,2,10,72,5,28.0,5.0,3.0,0.146605
fastmultrec_greedy,2,10,72,5,28.0,5.0,3.0,0.453624
lcamap,2,10,72,5,28.0,5.0,3.0,0.084390
segdup,2,10,72,10,53,5,3,220.944910
insider,2,10,72,10,53.0,5.0,3.0,0.163138
insider_relax,2,10,72,10,53.0,5.0,3.0,0.154853
fastmultrec_greedy,2,10,72,10,53.0,5.0,3.0,0.458419
lcamap,2,10,72,10,53.0,5.0,3.0,0.087526
segdup,2,10,72,15,78,5,3,156.129981
insider,2,10,72,15,78.0,5.0,3.0,0.164417
insider_relax,2,10,72,15,78.0,5.0,3.0,0.154587
fastmultrec_greedy,2,10,72,15,78.0,5.0,3.0,0.451375
lcamap,2,10,72,15,78.0,5.0,3.0,0.085425
segdup,2,10,72,20,103,5,3,101.438027
insider,2,10,72,20,103.0,5.0,3.0,0.166948
insider_relax,2,10,72,20,103.0,5.0,3.0,0.167312
fastmultrec_greedy,2,10,72,20,103.0,5.0,3.0,0.457908
lcamap,2,10,72,20,103.0,5.0,3.0,0.088588
segdup,2,11,72,5,10,2,0,174.810666
insider,2,11,72,5,10.0,2.0,0.0,0.137117
insider_relax,2,11,72,5,10.0,2.0,0.0,0.128497
fastmultrec_greedy,2,11,72,5,10.0,2.0,0.0,0.433648
lcamap,2,11,72,5,10.0,2.0,0.0,0.081380
segdup,2,11,72,10,20,2,0,151.386057
insider,2,11,72,10,20.0,2.0,0.0,0.133039
insider_relax,2,11,72,10,20.0,2.0,0.0,0.129510
fastmultrec_greedy,2,11,72,10,20.0,2.0,0.0,0.437002
lcamap,2,11,72,10,20.0,2.0,0.0,0.077976
segdup,2,11,72,15,30,2,0,149.319948
insider,2,11,72,15,30.0,2.0,0.0,0.128354
insider_relax,2,11,72,15,30.0,2.0,0.0,0.138581
fastmultrec_greedy,2,11,72,15,30.0,2.0,0.0,0.429313
lcamap,2,11,72,15,30.0,2.0,0.0,0.076707
segdup,2,11,72,20,40,2,0,86.731594
insider,2,11,72,20,40.0,2.0,0.0,0.131935
insider_relax,2,11,72,20,40.0,2.0,0.0,0.128394
fastmultrec_greedy,2,11,72,20,40.0,2.0,0.0,0.431209
lcamap,2,11,72,20,40.0,2.0,0.0,0.080235
segdup,1,7,73,5,1164,139,469,145.160591
insider,1,7,73,5,1152.0,134.0,482.0,0.234840
insider_relax,1,7,73,5,1152.0,134.0,482.0,0.266991
fastmultrec_greedy,1,7,73,5,1152.0,134.0,482.0,1.863079
lcamap,1,7,73,5,1164.0,139.0,469.0,0.076705
segdup,1,7,73,10,1859,139,469,144.901135
insider,1,7,73,10,1797.0,123.0,567.0,0.421482
insider_relax,1,7,73,10,1797.0,123.0,567.0,0.502524
fastmultrec_greedy,1,7,73,10,1822.0,134.0,482.0,1.838107
lcamap,1,7,73,10,1859.0,139.0,469.0,0.074747
segdup,1,7,73,15,2544,136,504,139.190259
insider,1,7,73,15,2404.0,117.0,649.0,1.022732
insider_relax,1,7,73,15,2404.0,117.0,649.0,1.414760
fastmultrec_greedy,1,7,73,15,2487.0,133.0,492.0,2.150678
lcamap,1,7,73,15,2554.0,139.0,469.0,0.073452
segdup,1,7,73,20,3231,137,491,136.189758
insider,1,7,73,20,2969.0,110.0,769.0,2.954736
insider_relax,1,7,73,20,2969.0,110.0,769.0,5.003575
fastmultrec_greedy,1,7,73,20,3152.0,133.0,492.0,2.146448
lcamap,1,7,73,20,3249.0,139.0,469.0,0.069930
segdup,1,8,73,5,506,74,136,119.480163
insider,1,8,73,5,506.0,74.0,136.0,0.161463
insider_relax,1,8,73,5,506.0,74.0,136.0,0.195780
fastmultrec_greedy,1,8,73,5,506.0,74.0,136.0,0.317562
lcamap,1,8,73,5,506.0,74.0,136.0,0.064785
segdup,1,8,73,10,876,74,136,116.752546
insider,1,8,73,10,875.0,73.0,145.0,0.248618
insider_relax,1,8,73,10,875.0,73.0,145.0,0.373479
fastmultrec_greedy,1,8,73,10,876.0,74.0,136.0,0.320910
lcamap,1,8,73,10,876.0,74.0,136.0,0.068726
segdup,1,8,73,15,1246,74,136,109.914587
insider,1,8,73,15,1225.0,68.0,205.0,0.530027
insider_relax,1,8,73,15,1225.0,68.0,205.0,0.757050
fastmultrec_greedy,1,8,73,15,1246.0,74.0,136.0,0.316082
lcamap,1,8,73,15,1246.0,74.0,136.0,0.067688
segdup,1,8,73,20,1616,74,136,116.238115
insider,1,8,73,20,1559.0,66.0,239.0,2.094146
insider_relax,1,8,73,20,1559.0,66.0,239.0,3.490714
fastmultrec_greedy,1,8,73,20,1616.0,74.0,136.0,0.320481
lcamap,1,8,73,20,1616.0,74.0,136.0,0.071509
segdup,1,9,73,5,107,18,17,92.523542
insider,1,9,73,5,107.0,18.0,17.0,0.084867
insider_relax,1,9,73,5,107.0,18.0,17.0,0.099399
fastmultrec_greedy,1,9,73,5,107.0,18.0,17.0,0.225599
lcamap,1,9,73,5,107.0,18.0,17.0,0.042982
segdup,1,9,73,10,197,18,17,95.149401
insider,1,9,73,10,197.0,18.0,17.0,0.095242
insider_relax,1,9,73,10,197.0,18.0,17.0,0.122482
fastmultrec_greedy,1,9,73,10,197.0,18.0,17.0,0.221353
lcamap,1,9,73,10,197.0,18.0,17.0,0.042172
segdup,1,9,73,15,287,18,17,94.219138
insider,1,9,73,15,287.0,18.0,17.0,0.124731
insider_relax,1,9,73,15,287.0,18.0,17.0,0.152719
fastmultrec_greedy,1,9,73,15,287.0,18.0,17.0,0.222301
lcamap,1,9,73,15,287.0,18.0,17.0,0.039907
segdup,1,9,73,20,377,18,17,77.034674
insider,1,9,73,20,377.0,18.0,17.0,0.247702
insider_relax,1,9,73,20,377.0,18.0,17.0,0.271411
fastmultrec_greedy,1,9,73,20,377.0,18.0,17.0,0.219059
lcamap,1,9,73,20,377.0,18.0,17.0,0.039801
segdup,1,10,73,5,16,3,1,109.539751
insider,1,10,73,5,16.0,3.0,1.0,0.067664
insider_relax,1,10,73,5,16.0,3.0,1.0,0.070050
fastmultrec_greedy,1,10,73,5,16.0,3.0,1.0,0.215789
lcamap,1,10,73,5,16.0,3.0,1.0,0.036759
segdup,1,10,73,10,31,3,1,102.980822
insider,1,10,73,10,31.0,3.0,1.0,0.068014
insider_relax,1,10,73,10,31.0,3.0,1.0,0.074478
fastmultrec_greedy,1,10,73,10,31.0,3.0,1.0,0.213303
lcamap,1,10,73,10,31.0,3.0,1.0,0.040269
segdup,1,10,73,15,46,3,1,103.997767
insider,1,10,73,15,46.0,3.0,1.0,0.069216
insider_relax,1,10,73,15,46.0,3.0,1.0,0.071606
fastmultrec_greedy,1,10,73,15,46.0,3.0,1.0,0.213041
lcamap,1,10,73,15,46.0,3.0,1.0,0.038296
segdup,1,10,73,20,61,3,1,86.157574
insider,1,10,73,20,61.0,3.0,1.0,0.071603
insider_relax,1,10,73,20,61.0,3.0,1.0,0.076468
fastmultrec_greedy,1,10,73,20,61.0,3.0,1.0,0.211565
lcamap,1,10,73,20,61.0,3.0,1.0,0.038516
segdup,1,11,73,5,5,1,0,70.720205
insider,1,11,73,5,5.0,1.0,0.0,0.053313
insider_relax,1,11,73,5,5.0,1.0,0.0,0.052840
fastmultrec_greedy,1,11,73,5,5.0,1.0,0.0,0.171814
lcamap,1,11,73,5,5.0,1.0,0.0,0.028164
segdup,1,11,73,10,10,1,0,64.016303
insider,1,11,73,10,10.0,1.0,0.0,0.052437
insider_relax,1,11,73,10,10.0,1.0,0.0,0.057056
fastmultrec_greedy,1,11,73,10,10.0,1.0,0.0,0.174555
lcamap,1,11,73,10,10.0,1.0,0.0,0.028998
segdup,1,11,73,15,15,1,0,62.097185
insider,1,11,73,15,15.0,1.0,0.0,0.052638
insider_relax,1,11,73,15,15.0,1.0,0.0,0.054139
fastmultrec_greedy,1,11,73,15,15.0,1.0,0.0,0.171342
lcamap,1,11,73,15,15.0,1.0,0.0,0.028585
segdup,1,11,73,20,20,1,0,60.353874
insider,1,11,73,20,20.0,1.0,0.0,0.050632
insider_relax,1,11,73,20,20.0,1.0,0.0,0.052988
fastmultrec_greedy,1,11,73,20,20.0,1.0,0.0,0.174997
lcamap,1,11,73,20,20.0,1.0,0.0,0.027557
segdup,2,7,73,5,1292,126,662,264.355359
insider,2,7,73,5,1288.0,125.0,663.0,0.344603
insider_relax,2,7,73,5,1288.0,125.0,663.0,0.383709
fastmultrec_greedy,2,7,73,5,1288.0,125.0,663.0,1.279357
lcamap,2,7,73,5,1292.0,126.0,662.0,0.115031
segdup,2,7,73,10,1922,126,662,260.093135
insider,2,7,73,10,1899.0,119.0,709.0,0.630990
insider_relax,2,7,73,10,1899.0,119.0,709.0,0.791427
fastmultrec_greedy,2,7,73,10,1909.0,124.0,669.0,1.922419
lcamap,2,7,73,10,1922.0,126.0,662.0,0.115846
segdup,2,7,73,15,2544,125,669,252.798831
insider,2,7,73,15,2470.0,111.0,805.0,1.235211
insider_relax,2,7,73,15,2470.0,111.0,805.0,1.546449
fastmultrec_greedy,2,7,73,15,2526.0,123.0,681.0,2.541128
lcamap,2,7,73,15,2552.0,126.0,662.0,0.117467
segdup,2,7,73,20,3164,125,664,248.435231
insider,2,7,73,20,3002.0,104.0,922.0,2.322874
insider_relax,2,7,73,20,3002.0,104.0,922.0,3.479357
fastmultrec_greedy,2,7,73,20,3141.0,123.0,681.0,2.570543
lcamap,2,7,73,20,3182.0,126.0,662.0,0.115234
segdup,2,8,73,5,253,39,58,175.487676
insider,2,8,73,5,253.0,39.0,58.0,0.220125
insider_relax,2,8,73,5,253.0,39.0,58.0,0.256668
fastmultrec_greedy,2,8,73,5,253.0,39.0,58.0,0.578303
lcamap,2,8,73,5,253.0,39.0,58.0,0.093266
segdup,2,8,73,10,448,39,58,165.911762
insider,2,8,73,10,443.0,37.0,73.0,0.308110
insider_relax,2,8,73,10,443.0,37.0,73.0,0.461133
fastmultrec_greedy,2,8,73,10,448.0,39.0,58.0,0.580175
lcamap,2,8,73,10,448.0,39.0,58.0,0.094600
segdup,2,8,73,15,634,38,64,149.612636
insider,2,8,73,15,627.0,36.0,87.0,0.627470
insider_relax,2,8,73,15,627.0,36.0,87.0,0.640987
fastmultrec_greedy,2,8,73,15,643.0,39.0,58.0,0.584179
lcamap,2,8,73,15,643.0,39.0,58.0,0.100699
segdup,2,8,73,20,827,38,67,142.939365
insider,2,8,73,20,807.0,36.0,87.0,2.618691
insider_relax,2,8,73,20,807.0,36.0,87.0,6.509274
fastmultrec_greedy,2,8,73,20,838.0,39.0,58.0,0.578866
lcamap,2,8,73,20,838.0,39.0,58.0,0.098757
segdup,2,10,73,5,10,2,0,65.796333
insider,2,10,73,5,10.0,2.0,0.0,0.062388
insider_relax,2,10,73,5,10.0,2.0,0.0,0.064786
fastmultrec_greedy,2,10,73,5,10.0,2.0,0.0,0.190040
lcamap,2,10,73,5,10.0,2.0,0.0,0.034272
segdup,2,10,73,10,20,2,0,61.988314
insider,2,10,73,10,20.0,2.0,0.0,0.064613
insider_relax,2,10,73,10,20.0,2.0,0.0,0.066870
fastmultrec_greedy,2,10,73,10,20.0,2.0,0.0,0.189544
lcamap,2,10,73,10,20.0,2.0,0.0,0.033197
segdup,2,10,73,15,30,2,0,34.503030
insider,2,10,73,15,30.0,2.0,0.0,0.060037
insider_relax,2,10,73,15,30.0,2.0,0.0,0.067147
fastmultrec_greedy,2,10,73,15,30.0,2.0,0.0,0.189416
lcamap,2,10,73,15,30.0,2.0,0.0,0.032041
segdup,2,10,73,20,40,2,0,33.868574
insider,2,10,73,20,40.0,2.0,0.0,0.061721
insider_relax,2,10,73,20,40.0,2.0,0.0,0.064667
fastmultrec_greedy,2,10,73,20,40.0,2.0,0.0,0.192221
lcamap,2,10,73,20,40.0,2.0,0.0,0.034049
segdup,2,11,73,5,10,2,0,228.694849
insider,2,11,73,5,10.0,2.0,0.0,0.152368
insider_relax,2,11,73,5,10.0,2.0,0.0,0.152538
fastmultrec_greedy,2,11,73,5,10.0,2.0,0.0,0.480475
lcamap,2,11,73,5,10.0,2.0,0.0,0.085859
segdup,2,11,73,10,20,2,0,222.988799
insider,2,11,73,10,20.0,2.0,0.0,0.154324
insider_relax,2,11,73,10,20.0,2.0,0.0,0.154120
fastmultrec_greedy,2,11,73,10,20.0,2.0,0.0,0.477052
lcamap,2,11,73,10,20.0,2.0,0.0,0.085691
segdup,2,11,73,15,30,2,0,170.170188
insider,2,11,73,15,30.0,2.0,0.0,0.153167
insider_relax,2,11,73,15,30.0,2.0,0.0,0.152077
fastmultrec_greedy,2,11,73,15,30.0,2.0,0.0,0.480113
lcamap,2,11,73,15,30.0,2.0,0.0,0.084649
segdup,2,11,73,20,40,2,0,96.809238
insider,2,11,73,20,40.0,2.0,0.0,0.158433
insider_relax,2,11,73,20,40.0,2.0,0.0,0.152291
fastmultrec_greedy,2,11,73,20,40.0,2.0,0.0,0.478184
lcamap,2,11,73,20,40.0,2.0,0.0,0.085644
segdup,1,7,74,5,2296,204,1276,200.440776
insider,1,7,74,5,2270.0,190.0,1320.0,0.294952
insider_relax,1,7,74,5,2270.0,190.0,1320.0,0.321247
fastmultrec_greedy,1,7,74,5,2272.0,193.0,1307.0,4.630324
lcamap,1,7,74,5,2296.0,204.0,1276.0,0.092487
segdup,1,7,74,10,3316,204,1276,202.784862
insider,1,7,74,10,3172.0,173.0,1442.0,0.506207
insider_relax,1,7,74,10,3172.0,172.0,1452.0,0.655569
fastmultrec_greedy,1,7,74,10,3222.0,187.0,1352.0,7.320962
lcamap,1,7,74,10,3316.0,204.0,1276.0,0.093393
segdup,1,7,74,15,4336,204,1276,203.287917
insider,1,7,74,15,4004.0,159.0,1619.0,1.104730
insider_relax,1,7,74,15,4004.0,159.0,1619.0,1.588112
fastmultrec_greedy,1,7,74,15,4140.0,183.0,1395.0,8.951841
lcamap,1,7,74,15,4336.0,204.0,1276.0,0.089781
segdup,1,7,74,20,5356,204,1276,209.561387
insider,1,7,74,20,4784.0,153.0,1724.0,2.774351
insider_relax,1,7,74,20,4784.0,153.0,1724.0,3.983286
fastmultrec_greedy,1,7,74,20,5046.0,181.0,1426.0,9.761304
lcamap,1,7,74,20,5356.0,204.0,1276.0,0.091540
segdup,1,8,74,5,473,66,143,85.629525
insider,1,8,74,5,473.0,66.0,143.0,0.134960
insider_relax,1,8,74,5,473.0,66.0,143.0,0.168305
fastmultrec_greedy,1,8,74,5,473.0,66.0,143.0,0.498586
lcamap,1,8,74,5,475.0,67.0,140.0,0.050339
segdup,1,8,74,10,810,67,140,84.402802
insider,1,8,74,10,799.0,65.0,149.0,0.269538
insider_relax,1,8,74,10,799.0,65.0,149.0,0.389816
fastmultrec_greedy,1,8,74,10,803.0,66.0,143.0,0.493752
lcamap,1,8,74,10,810.0,67.0,140.0,0.048285
segdup,1,8,74,15,1133,66,143,80.943384
insider,1,8,74,15,1118.0,61.0,203.0,0.948977
insider_relax,1,8,74,15,1118.0,61.0,203.0,1.553330
fastmultrec_greedy,1,8,74,15,1133.0,66.0,143.0,0.500407
lcamap,1,8,74,15,1145.0,67.0,140.0,0.048210
segdup,1,8,74,20,1463,66,143,81.507233
insider,1,8,74,20,1416.0,58.0,256.0,6.171214
insider_relax,1,8,74,20,1416.0,58.0,256.0,16.004736
fastmultrec_greedy,1,8,74,20,1463.0,66.0,143.0,0.487931
lcamap,1,8,74,20,1480.0,67.0,140.0,0.049740
segdup,1,9,74,5,117,20,17,71.248908
insider,1,9,74,5,117.0,20.0,17.0,0.069017
insider_relax,1,9,74,5,117.0,20.0,17.0,0.084225
fastmultrec_greedy,1,9,74,5,117.0,20.0,17.0,0.169407
lcamap,1,9,74,5,117.0,20.0,17.0,0.031883
segdup,1,9,74,10,217,20,17,68.740777
insider,1,9,74,10,217.0,20.0,17.0,0.088403
insider_relax,1,9,74,10,217.0,20.0,17.0,0.108182
fastmultrec_greedy,1,9,74,10,217.0,20.0,17.0,0.169415
lcamap,1,9,74,10,217.0,20.0,17.0,0.031448
segdup,1,9,74,15,317,20,17,69.988177
insider,1,9,74,15,317.0,20.0,17.0,0.130551
insider_relax,1,9,74,15,317.0,20.0,17.0,0.141542
fastmultrec_greedy,1,9,74,15,317.0,20.0,17.0,0.170419
lcamap,1,9,74,15,317.0,20.0,17.0,0.031186
segdup,1,9,74,20,417,20,17,50.454101
insider,1,9,74,20,417.0,20.0,17.0,0.205132
insider_relax,1,9,74,20,417.0,20.0,17.0,0.286980
fastmultrec_greedy,1,9,74,20,417.0,20.0,17.0,0.172588
lcamap,1,9,74,20,417.0,20.0,17.0,0.033009
segdup,1,10,74,5,10,2,0,144.800208
insider,1,10,74,5,10.0,2.0,0.0,0.085000
insider_relax,1,10,74,5,10.0,2.0,0.0,0.088011
fastmultrec_greedy,1,10,74,5,10.0,2.0,0.0,0.257837
lcamap,1,10,74,5,10.0,2.0,0.0,0.050320
segdup,1,10,74,10,20,2,0,140.705008
insider,1,10,74,10,20.0,2.0,0.0,0.082183
insider_relax,1,10,74,10,20.0,2.0,0.0,0.091243
fastmultrec_greedy,1,10,74,10,20.0,2.0,0.0,0.254956
lcamap,1,10,74,10,20.0,2.0,0.0,0.050465
segdup,1,10,74,15,30,2,0,130.418958
insider,1,10,74,15,30.0,2.0,0.0,0.087138
insider_relax,1,10,74,15,30.0,2.0,0.0,0.095106
fastmultrec_greedy,1,10,74,15,30.0,2.0,0.0,0.261000
lcamap,1,10,74,15,30.0,2.0,0.0,0.048836
segdup,1,10,74,20,40,2,0,77.106836
insider,1,10,74,20,40.0,2.0,0.0,0.087499
insider_relax,1,10,74,20,40.0,2.0,0.0,0.087478
fastmultrec_greedy,1,10,74,20,40.0,2.0,0.0,0.266362
lcamap,1,10,74,20,40.0,2.0,0.0,0.045170
segdup,1,11,74,5,5,1,0,66.657916
insider,1,11,74,5,5.0,1.0,0.0,0.044625
insider_relax,1,11,74,5,5.0,1.0,0.0,0.047527
fastmultrec_greedy,1,11,74,5,5.0,1.0,0.0,0.128119
lcamap,1,11,74,5,5.0,1.0,0.0,0.024007
segdup,1,11,74,10,10,1,0,63.107730
insider,1,11,74,10,10.0,1.0,0.0,0.044599
insider_relax,1,11,74,10,10.0,1.0,0.0,0.044792
fastmultrec_greedy,1,11,74,10,10.0,1.0,0.0,0.128271
lcamap,1,11,74,10,10.0,1.0,0.0,0.024233
segdup,1,11,74,15,15,1,0,49.660664
insider,1,11,74,15,15.0,1.0,0.0,0.045150
insider_relax,1,11,74,15,15.0,1.0,0.0,0.043393
fastmultrec_greedy,1,11,74,15,15.0,1.0,0.0,0.128257
lcamap,1,11,74,15,15.0,1.0,0.0,0.023572
segdup,1,11,74,20,20,1,0,50.618988
insider,1,11,74,20,20.0,1.0,0.0,0.043044
insider_relax,1,11,74,20,20.0,1.0,0.0,0.045112
fastmultrec_greedy,1,11,74,20,20.0,1.0,0.0,0.128768
lcamap,1,11,74,20,20.0,1.0,0.0,0.025954
segdup,2,7,74,5,5517,244,4297,515.528924
insider,2,7,74,5,5458.0,219.0,4363.0,0.439373
insider_relax,2,7,74,5,5458.0,218.0,4368.0,0.500049
fastmultrec_greedy,2,7,74,5,5458.0,219.0,4363.0,18.083014
lcamap,2,7,74,5,5517.0,244.0,4297.0,0.126732
segdup,2,7,74,10,6737,244,4297,521.125974
insider,2,7,74,10,6500.0,200.0,4500.0,0.808238
insider_relax,2,7,74,10,6500.0,201.0,4490.0,0.982197
fastmultrec_greedy,2,7,74,10,6522.0,206.0,4462.0,26.213757
lcamap,2,7,74,10,6737.0,244.0,4297.0,0.126739
segdup,2,7,74,15,7957,244,4297,500.618669
insider,2,7,74,15,7469.0,189.0,4634.0,1.888992
insider_relax,2,7,74,15,7469.0,189.0,4634.0,2.558532
fastmultrec_greedy,2,7,74,15,7546.0,204.0,4486.0,27.377317
lcamap,2,7,74,15,7957.0,244.0,4297.0,0.126905
segdup,2,7,74,20,9177,244,4297,497.340652
insider,2,7,74,20,8400.0,183.0,4740.0,4.565966
insider_relax,2,7,74,20,8400.0,183.0,4740.0,6.188691
fastmultrec_greedy,2,7,74,20,8557.0,200.0,4557.0,30.208594
lcamap,2,7,74,20,9177.0,244.0,4297.0,0.131898
segdup,2,8,74,5,656,82,246,141.539198
insider,2,8,74,5,656.0,82.0,246.0,0.203375
insider_relax,2,8,74,5,656.0,82.0,246.0,0.212369
fastmultrec_greedy,2,8,74,5,656.0,82.0,246.0,0.354628
lcamap,2,8,74,5,656.0,82.0,246.0,0.063444
segdup,2,8,74,10,1066,82,246,131.105528
insider,2,8,74,10,1058.0,77.0,288.0,0.308307
insider_relax,2,8,74,10,1058.0,77.0,288.0,0.393884
fastmultrec_greedy,2,8,74,10,1066.0,82.0,246.0,0.353983
lcamap,2,8,74,10,1066.0,82.0,246.0,0.064243
segdup,2,8,74,15,1476,82,246,131.853879
insider,2,8,74,15,1443.0,75.0,318.0,0.669806
insider_relax,2,8,74,15,1443.0,75.0,318.0,0.823660
fastmultrec_greedy,2,8,74,15,1476.0,82.0,246.0,0.357684
lcamap,2,8,74,15,1476.0,82.0,246.0,0.064492
segdup,2,8,74,20,1886,82,246,130.639736
insider,2,8,74,20,1811.0,73.0,351.0,5.148462
insider_relax,2,8,74,20,1811.0,73.0,351.0,10.916061
fastmultrec_greedy,2,8,74,20,1886.0,82.0,246.0,0.353348
lcamap,2,8,74,20,1886.0,82.0,246.0,0.062973
segdup,2,9,74,5,93,15,18,231.049216
insider,2,9,74,5,93.0,15.0,18.0,0.177376
insider_relax,2,9,74,5,93.0,15.0,18.0,0.184263
fastmultrec_greedy,2,9,74,5,93.0,15.0,18.0,0.597238
lcamap,2,9,74,5,93.0,15.0,18.0,0.134228
segdup,2,9,74,10,168,15,18,234.725938
insider,2,9,74,10,164.0,14.0,24.0,0.189877
insider_relax,2,9,74,10,164.0,14.0,24.0,0.212932
fastmultrec_greedy,2,9,74,10,168.0,15.0,18.0,0.589205
lcamap,2,9,74,10,168.0,15.0,18.0,0.093866
segdup,2,9,74,15,243,15,18,220.645256
insider,2,9,74,15,234.0,14.0,24.0,0.226967
insider_relax,2,9,74,15,234.0,14.0,24.0,0.217474
fastmultrec_greedy,2,9,74,15,243.0,15.0,18.0,0.576164
lcamap,2,9,74,15,243.0,15.0,18.0,0.092545
segdup,2,9,74,20,318,15,18,261.729504
insider,2,9,74,20,304.0,14.0,24.0,0.264017
insider_relax,2,9,74,20,304.0,14.0,24.0,0.272518
fastmultrec_greedy,2,9,74,20,318.0,15.0,18.0,0.578290
lcamap,2,9,74,20,318.0,15.0,18.0,0.092206
segdup,2,10,74,5,16,3,1,208.312879
insider,2,10,74,5,16.0,3.0,1.0,0.105043
insider_relax,2,10,74,5,16.0,3.0,1.0,0.109949
fastmultrec_greedy,2,10,74,5,16.0,3.0,1.0,0.360677
lcamap,2,10,74,5,16.0,3.0,1.0,0.057741
segdup,2,10,74,10,31,3,1,199.450194
insider,2,10,74,10,31.0,3.0,1.0,0.108232
insider_relax,2,10,74,10,31.0,3.0,1.0,0.112129
fastmultrec_greedy,2,10,74,10,31.0,3.0,1.0,0.359350
lcamap,2,10,74,10,31.0,3.0,1.0,0.055510
segdup,2,10,74,15,46,3,1,97.649077
insider,2,10,74,15,46.0,3.0,1.0,0.108878
insider_relax,2,10,74,15,46.0,3.0,1.0,0.111751
fastmultrec_greedy,2,10,74,15,46.0,3.0,1.0,0.358271
lcamap,2,10,74,15,46.0,3.0,1.0,0.056156
segdup,2,10,74,20,61,3,1,97.606951
insider,2,10,74,20,61.0,3.0,1.0,0.110390
insider_relax,2,10,74,20,61.0,3.0,1.0,0.110795
fastmultrec_greedy,2,10,74,20,61.0,3.0,1.0,0.360503
lcamap,2,10,74,20,61.0,3.0,1.0,0.056220
segdup,2,11,74,5,11,2,1,292.361496
insider,2,11,74,5,11.0,2.0,1.0,0.187318
insider_relax,2,11,74,5,11.0,2.0,1.0,0.179286
fastmultrec_greedy,2,11,74,5,11.0,2.0,1.0,0.642166
lcamap,2,11,74,5,11.0,2.0,1.0,0.109027
segdup,2,11,74,10,21,2,1,266.479288
insider,2,11,74,10,21.0,2.0,1.0,0.179391
insider_relax,2,11,74,10,21.0,2.0,1.0,0.173742
fastmultrec_greedy,2,11,74,10,21.0,2.0,1.0,0.649313
lcamap,2,11,74,10,21.0,2.0,1.0,0.111422
segdup,2,11,74,15,31,2,1,209.771592
insider,2,11,74,15,31.0,2.0,1.0,0.184932
insider_relax,2,11,74,15,31.0,2.0,1.0,0.173660
fastmultrec_greedy,2,11,74,15,31.0,2.0,1.0,0.649908
lcamap,2,11,74,15,31.0,2.0,1.0,0.107399
segdup,2,11,74,20,41,2,1,134.885725
insider,2,11,74,20,41.0,2.0,1.0,0.179563
insider_relax,2,11,74,20,41.0,2.0,1.0,0.173235
fastmultrec_greedy,2,11,74,20,41.0,2.0,1.0,0.653391
lcamap,2,11,74,20,41.0,2.0,1.0,0.114316
segdup,1,7,75,5,2282,175,1407,258.588867
insider,1,7,75,5,2246.0,158.0,1456.0,0.284828
insider_relax,1,7,75,5,2246.0,158.0,1456.0,0.317612
fastmultrec_greedy,1,7,75,5,2249.0,159.0,1454.0,7.276010
lcamap,1,7,75,5,2282.0,175.0,1407.0,0.084807
segdup,1,7,75,10,3157,175,1407,253.970223
insider,1,7,75,10,3000.0,144.0,1560.0,0.472582
insider_relax,1,7,75,10,3000.0,143.0,1570.0,0.556251
fastmultrec_greedy,1,7,75,10,3027.0,154.0,1487.0,9.923739
lcamap,1,7,75,10,3157.0,175.0,1407.0,0.083031
segdup,1,7,75,15,4032,175,1407,253.256878
insider,1,7,75,15,3697.0,134.0,1687.0,0.750706
insider_relax,1,7,75,15,3697.0,134.0,1687.0,0.952263
fastmultrec_greedy,1,7,75,15,3785.0,151.0,1520.0,11.722589
lcamap,1,7,75,15,4032.0,175.0,1407.0,0.081969
segdup,1,7,75,20,4898,174,1418,251.008025
insider,1,7,75,20,4360.0,132.0,1720.0,2.355849
insider_relax,1,7,75,20,4360.0,132.0,1720.0,3.070722
fastmultrec_greedy,1,7,75,20,4540.0,151.0,1520.0,11.708681
lcamap,1,7,75,20,4907.0,175.0,1407.0,0.083714
segdup,1,8,75,5,306,47,71,66.999683
insider,1,8,75,5,306.0,47.0,71.0,0.094711
insider_relax,1,8,75,5,306.0,47.0,71.0,0.117582
fastmultrec_greedy,1,8,75,5,306.0,47.0,71.0,0.195108
lcamap,1,8,75,5,306.0,47.0,71.0,0.035813
segdup,1,8,75,10,541,47,71,65.496936
insider,1,8,75,10,531.0,43.0,101.0,0.166186
insider_relax,1,8,75,10,531.0,43.0,101.0,0.262226
fastmultrec_greedy,1,8,75,10,541.0,47.0,71.0,0.192878
lcamap,1,8,75,10,541.0,47.0,71.0,0.035286
segdup,1,8,75,15,776,47,71,65.244039
insider,1,8,75,15,744.0,40.0,144.0,0.535594
insider_relax,1,8,75,15,744.0,40.0,144.0,0.944223
fastmultrec_greedy,1,8,75,15,776.0,47.0,71.0,0.193810
lcamap,1,8,75,15,776.0,47.0,71.0,0.037180
segdup,1,8,75,20,1011,47,71,63.609184
insider,1,8,75,20,941.0,39.0,161.0,3.192906
insider_relax,1,8,75,20,941.0,39.0,161.0,5.622189
fastmultrec_greedy,1,8,75,20,1011.0,47.0,71.0,0.189512
lcamap,1,8,75,20,1011.0,47.0,71.0,0.034911
segdup,1,9,75,5,7,1,2,148.494224
insider,1,9,75,5,7.0,1.0,2.0,0.084543
insider_relax,1,9,75,5,7.0,1.0,2.0,0.086421
fastmultrec_greedy,1,9,75,5,7.0,1.0,2.0,0.322318
lcamap,1,9,75,5,7.0,1.0,2.0,0.049414
segdup,1,9,75,10,12,1,2,131.749479
insider,1,9,75,10,12.0,1.0,2.0,0.084455
insider_relax,1,9,75,10,12.0,1.0,2.0,0.088170
fastmultrec_greedy,1,9,75,10,12.0,1.0,2.0,0.322146
lcamap,1,9,75,10,12.0,1.0,2.0,0.051534
segdup,1,9,75,15,17,1,2,78.930761
insider,1,9,75,15,17.0,1.0,2.0,0.084926
insider_relax,1,9,75,15,17.0,1.0,2.0,0.085904
fastmultrec_greedy,1,9,75,15,17.0,1.0,2.0,0.322633
lcamap,1,9,75,15,17.0,1.0,2.0,0.050182
segdup,1,9,75,20,22,1,2,78.817171
insider,1,9,75,20,22.0,1.0,2.0,0.087817
insider_relax,1,9,75,20,22.0,1.0,2.0,0.086658
fastmultrec_greedy,1,9,75,20,22.0,1.0,2.0,0.322202
lcamap,1,9,75,20,22.0,1.0,2.0,0.050402
segdup,1,10,75,5,10,2,0,146.981430
insider,1,10,75,5,10.0,2.0,0.0,0.093057
insider_relax,1,10,75,5,10.0,2.0,0.0,0.098951
fastmultrec_greedy,1,10,75,5,10.0,2.0,0.0,0.353300
lcamap,1,10,75,5,10.0,2.0,0.0,0.060133
segdup,1,10,75,10,20,2,0,136.337286
insider,1,10,75,10,20.0,2.0,0.0,0.094696
insider_relax,1,10,75,10,20.0,2.0,0.0,0.098508
fastmultrec_greedy,1,10,75,10,20.0,2.0,0.0,0.354168
lcamap,1,10,75,10,20.0,2.0,0.0,0.061516
segdup,1,10,75,15,30,2,0,113.019061
insider,1,10,75,15,30.0,2.0,0.0,0.094803
insider_relax,1,10,75,15,30.0,2.0,0.0,0.097017
fastmultrec_greedy,1,10,75,15,30.0,2.0,0.0,0.353681
lcamap,1,10,75,15,30.0,2.0,0.0,0.059322
segdup,1,10,75,20,40,2,0,88.569022
insider,1,10,75,20,40.0,2.0,0.0,0.093970
insider_relax,1,10,75,20,40.0,2.0,0.0,0.096764
fastmultrec_greedy,1,10,75,20,40.0,2.0,0.0,0.350726
lcamap,1,10,75,20,40.0,2.0,0.0,0.059565
segdup,1,11,75,5,5,1,0,70.585565
insider,1,11,75,5,5.0,1.0,0.0,0.055041
insider_relax,1,11,75,5,5.0,1.0,0.0,0.054586
fastmultrec_greedy,1,11,75,5,5.0,1.0,0.0,0.215173
lcamap,1,11,75,5,5.0,1.0,0.0,0.032124
segdup,1,11,75,10,10,1,0,69.919708
insider,1,11,75,10,10.0,1.0,0.0,0.053136
insider_relax,1,11,75,10,10.0,1.0,0.0,0.055265
fastmultrec_greedy,1,11,75,10,10.0,1.0,0.0,0.213345
lcamap,1,11,75,10,10.0,1.0,0.0,0.032470
segdup,1,11,75,15,15,1,0,46.333319
insider,1,11,75,15,15.0,1.0,0.0,0.053708
insider_relax,1,11,75,15,15.0,1.0,0.0,0.057770
fastmultrec_greedy,1,11,75,15,15.0,1.0,0.0,0.215145
lcamap,1,11,75,15,15.0,1.0,0.0,0.032559
segdup,1,11,75,20,20,1,0,45.843220
insider,1,11,75,20,20.0,1.0,0.0,0.053588
insider_relax,1,11,75,20,20.0,1.0,0.0,0.058506
fastmultrec_greedy,1,11,75,20,20.0,1.0,0.0,0.213894
lcamap,1,11,75,20,20.0,1.0,0.0,0.032718
segdup,2,7,75,5,3880,206,2850,623.311539
insider,2,7,75,5,3832.0,187.0,2897.0,0.572191
insider_relax,2,7,75,5,3832.0,187.0,2897.0,0.616333
fastmultrec_greedy,2,7,75,5,3832.0,187.0,2897.0,14.741691
lcamap,2,7,75,5,3880.0,206.0,2850.0,0.170414
segdup,2,7,75,10,4910,206,2850,614.639363
insider,2,7,75,10,4718.0,167.0,3048.0,0.922754
insider_relax,2,7,75,10,4718.0,166.0,3058.0,1.079268
fastmultrec_greedy,2,7,75,10,4751.0,180.0,2951.0,20.962432
lcamap,2,7,75,10,4910.0,206.0,2850.0,0.168130
segdup,2,7,75,15,5940,206,2850,592.983741
insider,2,7,75,15,5531.0,160.0,3131.0,1.430544
insider_relax,2,7,75,15,5531.0,160.0,3131.0,1.612900
fastmultrec_greedy,2,7,75,15,5644.0,178.0,2974.0,22.725688
lcamap,2,7,75,15,5940.0,206.0,2850.0,0.167098
segdup,2,7,75,20,6970,206,2850,625.603863
insider,2,7,75,20,6316.0,155.0,3216.0,2.203980
insider_relax,2,7,75,20,6316.0,155.0,3216.0,2.674615
fastmultrec_greedy,2,7,75,20,6534.0,178.0,2974.0,22.807443
lcamap,2,7,75,20,6970.0,206.0,2850.0,0.170216
segdup,2,8,75,5,359,55,84,155.380418
insider,2,8,75,5,359.0,55.0,84.0,0.226299
insider_relax,2,8,75,5,359.0,55.0,84.0,0.288646
fastmultrec_greedy,2,8,75,5,359.0,55.0,84.0,0.502719
lcamap,2,8,75,5,359.0,55.0,84.0,0.081593
segdup,2,8,75,10,634,55,84,145.123145
insider,2,8,75,10,624.0,51.0,114.0,0.352035
insider_relax,2,8,75,10,624.0,51.0,114.0,0.630445
fastmultrec_greedy,2,8,75,10,634.0,55.0,84.0,0.506302
lcamap,2,8,75,10,634.0,55.0,84.0,0.078539
segdup,2,8,75,15,909,55,84,129.487041
insider,2,8,75,15,876.0,50.0,126.0,1.091565
insider_relax,2,8,75,15,876.0,50.0,126.0,1.589942
fastmultrec_greedy,2,8,75,15,909.0,55.0,84.0,0.506738
lcamap,2,8,75,15,909.0,55.0,84.0,0.081555
segdup,2,8,75,20,1184,55,84,130.752196
insider,2,8,75,20,1126.0,50.0,126.0,14.774523
insider_relax,2,8,75,20,1126.0,50.0,126.0,36.849315
fastmultrec_greedy,2,8,75,20,1184.0,55.0,84.0,0.501291
lcamap,2,8,75,20,1184.0,55.0,84.0,0.080537
segdup,2,10,75,5,17,3,2,277.555472
insider,2,10,75,5,17.0,3.0,2.0,0.158384
insider_relax,2,10,75,5,17.0,3.0,2.0,0.160278
fastmultrec_greedy,2,10,75,5,17.0,3.0,2.0,0.592281
lcamap,2,10,75,5,17.0,3.0,2.0,0.087519
segdup,2,10,75,10,32,3,2,258.063149
insider,2,10,75,10,32.0,3.0,2.0,0.159814
insider_relax,2,10,75,10,32.0,3.0,2.0,0.158489
fastmultrec_greedy,2,10,75,10,32.0,3.0,2.0,0.599049
lcamap,2,10,75,10,32.0,3.0,2.0,0.086578
segdup,2,10,75,15,47,3,2,120.873787
insider,2,10,75,15,47.0,3.0,2.0,0.176690
insider_relax,2,10,75,15,47.0,3.0,2.0,0.173246
fastmultrec_greedy,2,10,75,15,47.0,3.0,2.0,0.614329
lcamap,2,10,75,15,47.0,3.0,2.0,0.093903
segdup,2,10,75,20,62,3,2,121.560831
insider,2,10,75,20,62.0,3.0,2.0,0.179062
insider_relax,2,10,75,20,62.0,3.0,2.0,0.177364
fastmultrec_greedy,2,10,75,20,62.0,3.0,2.0,0.611091
lcamap,2,10,75,20,62.0,3.0,2.0,0.094820
segdup,2,11,75,5,15,3,0,178.801721
insider,2,11,75,5,15.0,3.0,0.0,0.121916
insider_relax,2,11,75,5,15.0,3.0,0.0,0.136461
fastmultrec_greedy,2,11,75,5,15.0,3.0,0.0,0.369696
lcamap,2,11,75,5,15.0,3.0,0.0,0.068063
segdup,2,11,75,10,30,3,0,168.138546
insider,2,11,75,10,30.0,3.0,0.0,0.125163
insider_relax,2,11,75,10,30.0,3.0,0.0,0.126540
fastmultrec_greedy,2,11,75,10,30.0,3.0,0.0,0.367257
lcamap,2,11,75,10,30.0,3.0,0.0,0.070450
segdup,2,11,75,15,45,3,0,119.981073
insider,2,11,75,15,45.0,3.0,0.0,0.121777
insider_relax,2,11,75,15,45.0,3.0,0.0,0.127837
fastmultrec_greedy,2,11,75,15,45.0,3.0,0.0,0.370836
lcamap,2,11,75,15,45.0,3.0,0.0,0.069072
segdup,2,11,75,20,60,3,0,80.974738
insider,2,11,75,20,60.0,3.0,0.0,0.127966
insider_relax,2,11,75,20,60.0,3.0,0.0,0.125601
fastmultrec_greedy,2,11,75,20,60.0,3.0,0.0,0.375319
lcamap,2,11,75,20,60.0,3.0,0.0,0.070850
segdup,1,7,76,5,1340,139,645,164.193384
insider,1,7,76,5,1330.0,133.0,665.0,0.238741
insider_relax,1,7,76,5,1330.0,133.0,665.0,0.284443
fastmultrec_greedy,1,7,76,5,1332.0,135.0,657.0,1.873741
lcamap,1,7,76,5,1340.0,139.0,645.0,0.078876
segdup,1,7,76,10,2035,139,645,161.111670
insider,1,7,76,10,1972.0,120.0,772.0,0.440866
insider_relax,1,7,76,10,1972.0,120.0,772.0,0.527681
fastmultrec_greedy,1,7,76,10,1981.0,128.0,701.0,5.302178
lcamap,1,7,76,10,2035.0,139.0,645.0,0.075382
segdup,1,7,76,15,2730,139,645,157.555751
insider,1,7,76,15,2563.0,117.0,808.0,0.909606
insider_relax,1,7,76,15,2563.0,117.0,808.0,1.090046
fastmultrec_greedy,1,7,76,15,2610.0,125.0,735.0,7.209025
lcamap,1,7,76,15,2730.0,139.0,645.0,0.082199
segdup,1,7,76,20,3425,139,645,153.064031
insider,1,7,76,20,3139.0,114.0,859.0,2.503085
insider_relax,1,7,76,20,3139.0,114.0,859.0,4.281409
fastmultrec_greedy,1,7,76,20,3231.0,123.0,771.0,6.908574
lcamap,1,7,76,20,3425.0,139.0,645.0,0.078900
segdup,1,8,76,5,121,21,16,46.486563
insider,1,8,76,5,121.0,21.0,16.0,0.062439
insider_relax,1,8,76,5,121.0,21.0,16.0,0.074027
fastmultrec_greedy,1,8,76,5,121.0,21.0,16.0,0.104688
lcamap,1,8,76,5,121.0,21.0,16.0,0.020072
segdup,1,8,76,10,226,21,16,45.043424
insider,1,8,76,10,222.0,20.0,22.0,0.102742
insider_relax,1,8,76,10,222.0,20.0,22.0,0.169617
fastmultrec_greedy,1,8,76,10,226.0,21.0,16.0,0.110180
lcamap,1,8,76,10,226.0,21.0,16.0,0.020883
segdup,1,8,76,15,331,21,16,39.593375
insider,1,8,76,15,322.0,20.0,22.0,0.299576
insider_relax,1,8,76,15,322.0,20.0,22.0,0.397984
fastmultrec_greedy,1,8,76,15,331.0,21.0,16.0,0.109479
lcamap,1,8,76,15,331.0,21.0,16.0,0.021104
segdup,1,8,76,20,436,21,16,43.695341
insider,1,8,76,20,421.0,18.0,61.0,0.990761
insider_relax,1,8,76,20,421.0,18.0,61.0,1.191511
fastmultrec_greedy,1,8,76,20,436.0,21.0,16.0,0.108076
lcamap,1,8,76,20,436.0,21.0,16.0,0.021120
segdup,1,9,76,5,98,16,18,146.448652
insider,1,9,76,5,98.0,16.0,18.0,0.116494
insider_relax,1,9,76,5,98.0,16.0,18.0,0.127581
fastmultrec_greedy,1,9,76,5,98.0,16.0,18.0,0.332421
lcamap,1,9,76,5,98.0,16.0,18.0,0.069920
segdup,1,9,76,10,178,16,18,139.678605
insider,1,9,76,10,178.0,16.0,18.0,0.134048
insider_relax,1,9,76,10,178.0,16.0,18.0,0.155655
fastmultrec_greedy,1,9,76,10,178.0,16.0,18.0,0.336211
lcamap,1,9,76,10,178.0,16.0,18.0,0.069160
segdup,1,9,76,15,258,16,18,138.696020
insider,1,9,76,15,258.0,16.0,18.0,0.160030
insider_relax,1,9,76,15,258.0,16.0,18.0,0.160576
fastmultrec_greedy,1,9,76,15,258.0,16.0,18.0,0.326794
lcamap,1,9,76,15,258.0,16.0,18.0,0.064623
segdup,1,9,76,20,338,16,18,113.146234
insider,1,9,76,20,338.0,16.0,18.0,0.290812
insider_relax,1,9,76,20,338.0,16.0,18.0,0.296230
fastmultrec_greedy,1,9,76,20,338.0,16.0,18.0,0.324336
lcamap,1,9,76,20,338.0,16.0,18.0,0.067630
segdup,1,10,76,5,12,2,2,86.859234
insider,1,10,76,5,12.0,2.0,2.0,0.068444
insider_relax,1,10,76,5,12.0,2.0,2.0,0.080797
fastmultrec_greedy,1,10,76,5,12.0,2.0,2.0,0.255645
lcamap,1,10,76,5,12.0,2.0,2.0,0.040216
segdup,1,10,76,10,22,2,2,81.986889
insider,1,10,76,10,22.0,2.0,2.0,0.072759
insider_relax,1,10,76,10,22.0,2.0,2.0,0.074643
fastmultrec_greedy,1,10,76,10,22.0,2.0,2.0,0.239067
lcamap,1,10,76,10,22.0,2.0,2.0,0.040280
segdup,1,10,76,15,32,2,2,55.470034
insider,1,10,76,15,32.0,2.0,2.0,0.072107
insider_relax,1,10,76,15,32.0,2.0,2.0,0.073614
fastmultrec_greedy,1,10,76,15,32.0,2.0,2.0,0.241603
lcamap,1,10,76,15,32.0,2.0,2.0,0.039718
segdup,1,10,76,20,42,2,2,55.575010
insider,1,10,76,20,42.0,2.0,2.0,0.067362
insider_relax,1,10,76,20,42.0,2.0,2.0,0.074079
fastmultrec_greedy,1,10,76,20,42.0,2.0,2.0,0.235613
lcamap,1,10,76,20,42.0,2.0,2.0,0.038398
segdup,1,11,76,5,5,1,0,47.795655
insider,1,11,76,5,5.0,1.0,0.0,0.043107
insider_relax,1,11,76,5,5.0,1.0,0.0,0.038867
fastmultrec_greedy,1,11,76,5,5.0,1.0,0.0,0.123846
lcamap,1,11,76,5,5.0,1.0,0.0,0.020031
segdup,1,11,76,10,10,1,0,46.267639
insider,1,11,76,10,10.0,1.0,0.0,0.039351
insider_relax,1,11,76,10,10.0,1.0,0.0,0.039685
fastmultrec_greedy,1,11,76,10,10.0,1.0,0.0,0.122600
lcamap,1,11,76,10,10.0,1.0,0.0,0.020209
segdup,1,11,76,15,15,1,0,43.542178
insider,1,11,76,15,15.0,1.0,0.0,0.043058
insider_relax,1,11,76,15,15.0,1.0,0.0,0.038927
fastmultrec_greedy,1,11,76,15,15.0,1.0,0.0,0.118596
lcamap,1,11,76,15,15.0,1.0,0.0,0.019447
segdup,1,11,76,20,20,1,0,30.063431
insider,1,11,76,20,20.0,1.0,0.0,0.040666
insider_relax,1,11,76,20,20.0,1.0,0.0,0.038529
fastmultrec_greedy,1,11,76,20,20.0,1.0,0.0,0.121737
lcamap,1,11,76,20,20.0,1.0,0.0,0.019780
segdup,2,7,76,5,3490,198,2500,492.109272
insider,2,7,76,5,3460.0,184.0,2540.0,0.469909
insider_relax,2,7,76,5,3460.0,184.0,2540.0,0.519958
fastmultrec_greedy,2,7,76,5,3461.0,185.0,2536.0,9.041445
lcamap,2,7,76,5,3490.0,198.0,2500.0,0.149453
segdup,2,7,76,10,4480,198,2500,478.556801
insider,2,7,76,10,4336.0,167.0,2666.0,0.727315
insider_relax,2,7,76,10,4336.0,167.0,2666.0,0.956535
fastmultrec_greedy,2,7,76,10,4360.0,178.0,2580.0,14.410978
lcamap,2,7,76,10,4480.0,198.0,2500.0,0.148265
segdup,2,7,76,15,5470,198,2500,468.821332
insider,2,7,76,15,5138.0,153.0,2843.0,1.174645
insider_relax,2,7,76,15,5138.0,153.0,2843.0,1.484404
fastmultrec_greedy,2,7,76,15,5238.0,174.0,2628.0,19.716460
lcamap,2,7,76,15,5470.0,198.0,2500.0,0.147383
segdup,2,7,76,20,6460,198,2500,460.798889
insider,2,7,76,20,5893.0,149.0,2913.0,2.482953
insider_relax,2,7,76,20,5893.0,149.0,2913.0,3.556030
fastmultrec_greedy,2,7,76,20,6102.0,171.0,2682.0,19.057767
lcamap,2,7,76,20,6460.0,198.0,2500.0,0.153390
segdup,2,8,76,5,409,56,129,126.194976
insider,2,8,76,5,409.0,56.0,129.0,0.221368
insider_relax,2,8,76,5,409.0,56.0,129.0,0.262213
fastmultrec_greedy,2,8,76,5,409.0,56.0,129.0,0.411546
lcamap,2,8,76,5,409.0,56.0,129.0,0.069386
segdup,2,8,76,10,689,56,129,122.938251
insider,2,8,76,10,688.0,55.0,138.0,0.360365
insider_relax,2,8,76,10,688.0,55.0,138.0,0.487155
fastmultrec_greedy,2,8,76,10,689.0,56.0,129.0,0.409630
lcamap,2,8,76,10,689.0,56.0,129.0,0.068813
segdup,2,8,76,15,969,56,129,115.254652
insider,2,8,76,15,960.0,53.0,165.0,0.668960
insider_relax,2,8,76,15,960.0,53.0,165.0,0.933077
fastmultrec_greedy,2,8,76,15,969.0,56.0,129.0,0.411440
lcamap,2,8,76,15,969.0,56.0,129.0,0.071024
segdup,2,8,76,20,1249,56,129,112.359441
insider,2,8,76,20,1221.0,51.0,201.0,2.128571
insider_relax,2,8,76,20,1221.0,51.0,201.0,2.819679
fastmultrec_greedy,2,8,76,20,1249.0,56.0,129.0,0.413001
lcamap,2,8,76,20,1249.0,56.0,129.0,0.068104
segdup,2,9,76,5,94,17,9,265.698421
insider,2,9,76,5,94.0,17.0,9.0,0.182730
insider_relax,2,9,76,5,94.0,17.0,9.0,0.196334
fastmultrec_greedy,2,9,76,5,94.0,17.0,9.0,0.637133
lcamap,2,9,76,5,94.0,17.0,9.0,0.096693
segdup,2,9,76,10,179,17,9,238.587163
insider,2,9,76,10,179.0,17.0,9.0,0.199713
insider_relax,2,9,76,10,179.0,17.0,9.0,0.207482
fastmultrec_greedy,2,9,76,10,179.0,17.0,9.0,0.638263
lcamap,2,9,76,10,179.0,17.0,9.0,0.096444
segdup,2,9,76,15,264,17,9,235.952865
insider,2,9,76,15,264.0,17.0,9.0,0.225159
insider_relax,2,9,76,15,264.0,17.0,9.0,0.216338
fastmultrec_greedy,2,9,76,15,264.0,17.0,9.0,0.634645
lcamap,2,9,76,15,264.0,17.0,9.0,0.091639
segdup,2,9,76,20,349,17,9,195.842750
insider,2,9,76,20,349.0,17.0,9.0,0.269111
insider_relax,2,9,76,20,349.0,17.0,9.0,0.275014
fastmultrec_greedy,2,9,76,20,349.0,17.0,9.0,0.634850
lcamap,2,9,76,20,349.0,17.0,9.0,0.098834
segdup,2,10,76,5,16,3,1,194.138485
insider,2,10,76,5,16.0,3.0,1.0,0.125951
insider_relax,2,10,76,5,16.0,3.0,1.0,0.132416
fastmultrec_greedy,2,10,76,5,16.0,3.0,1.0,0.412322
lcamap,2,10,76,5,16.0,3.0,1.0,0.076211
segdup,2,10,76,10,31,3,1,168.644578
insider,2,10,76,10,31.0,3.0,1.0,0.131402
insider_relax,2,10,76,10,31.0,3.0,1.0,0.132433
fastmultrec_greedy,2,10,76,10,31.0,3.0,1.0,0.411967
lcamap,2,10,76,10,31.0,3.0,1.0,0.081175
segdup,2,10,76,15,46,3,1,140.065439
insider,2,10,76,15,46.0,3.0,1.0,0.126700
insider_relax,2,10,76,15,46.0,3.0,1.0,0.130779
fastmultrec_greedy,2,10,76,15,46.0,3.0,1.0,0.411193
lcamap,2,10,76,15,46.0,3.0,1.0,0.073830
segdup,2,10,76,20,61,3,1,84.659807
insider,2,10,76,20,61.0,3.0,1.0,0.132393
insider_relax,2,10,76,20,61.0,3.0,1.0,0.128556
fastmultrec_greedy,2,10,76,20,61.0,3.0,1.0,0.418119
lcamap,2,10,76,20,61.0,3.0,1.0,0.078164
segdup,2,11,76,5,10,2,0,175.989182
insider,2,11,76,5,10.0,2.0,0.0,0.104186
insider_relax,2,11,76,5,10.0,2.0,0.0,0.105420
fastmultrec_greedy,2,11,76,5,10.0,2.0,0.0,0.330566
lcamap,2,11,76,5,10.0,2.0,0.0,0.055914
segdup,2,11,76,10,20,2,0,166.553550
insider,2,11,76,10,20.0,2.0,0.0,0.102170
insider_relax,2,11,76,10,20.0,2.0,0.0,0.109494
fastmultrec_greedy,2,11,76,10,20.0,2.0,0.0,0.334180
lcamap,2,11,76,10,20.0,2.0,0.0,0.057629
segdup,2,11,76,15,30,2,0,142.966185
insider,2,11,76,15,30.0,2.0,0.0,0.099994
insider_relax,2,11,76,15,30.0,2.0,0.0,0.105074
fastmultrec_greedy,2,11,76,15,30.0,2.0,0.0,0.334069
lcamap,2,11,76,15,30.0,2.0,0.0,0.055051
segdup,2,11,76,20,40,2,0,85.708152
insider,2,11,76,20,40.0,2.0,0.0,0.107430
insider_relax,2,11,76,20,40.0,2.0,0.0,0.099728
fastmultrec_greedy,2,11,76,20,40.0,2.0,0.0,0.329956
lcamap,2,11,76,20,40.0,2.0,0.0,0.055242
segdup,1,7,77,5,3035,217,1950,194.000022
insider,1,7,77,5,2990.0,197.0,2005.0,0.260640
insider_relax,1,7,77,5,2990.0,197.0,2005.0,0.311938
fastmultrec_greedy,1,7,77,5,2992.0,199.0,1997.0,5.970314
lcamap,1,7,77,5,3035.0,217.0,1950.0,0.074990
segdup,1,7,77,10,4120,217,1950,187.095696
insider,1,7,77,10,3919.0,176.0,2159.0,0.463155
insider_relax,1,7,77,10,3919.0,176.0,2159.0,0.606325
fastmultrec_greedy,1,7,77,10,3976.0,195.0,2026.0,7.544673
lcamap,1,7,77,10,4120.0,217.0,1950.0,0.076238
segdup,1,7,77,15,5205,217,1950,190.717737
insider,1,7,77,15,4787.0,166.0,2297.0,1.173626
insider_relax,1,7,77,15,4787.0,166.0,2297.0,1.679621
fastmultrec_greedy,1,7,77,15,4943.0,193.0,2048.0,8.256936
lcamap,1,7,77,15,5205.0,217.0,1950.0,0.069855
segdup,1,7,77,20,6280,216,1960,189.554058
insider,1,7,77,20,5603.0,160.0,2403.0,2.463553
insider_relax,1,7,77,20,5603.0,160.0,2403.0,3.478210
fastmultrec_greedy,1,7,77,20,5901.0,191.0,2081.0,8.918316
lcamap,1,7,77,20,6290.0,217.0,1950.0,0.069900
segdup,1,8,77,5,300,43,85,61.683113
insider,1,8,77,5,300.0,43.0,85.0,0.095093
insider_relax,1,8,77,5,300.0,43.0,85.0,0.122870
fastmultrec_greedy,1,8,77,5,300.0,43.0,85.0,0.168389
lcamap,1,8,77,5,300.0,43.0,85.0,0.032253
segdup,1,8,77,10,515,43,85,60.382750
insider,1,8,77,10,513.0,41.0,103.0,0.187843
insider_relax,1,8,77,10,513.0,41.0,103.0,0.306964
fastmultrec_greedy,1,8,77,10,515.0,43.0,85.0,0.165148
lcamap,1,8,77,10,515.0,43.0,85.0,0.034424
segdup,1,8,77,15,730,43,85,55.716772
insider,1,8,77,15,718.0,40.0,118.0,0.759445
insider_relax,1,8,77,15,718.0,40.0,118.0,1.012734
fastmultrec_greedy,1,8,77,15,730.0,43.0,85.0,0.164102
lcamap,1,8,77,15,730.0,43.0,85.0,0.033156
segdup,1,8,77,20,934,42,94,56.903937
insider,1,8,77,20,918.0,40.0,118.0,10.848053
insider_relax,1,8,77,20,918.0,40.0,118.0,18.110245
fastmultrec_greedy,1,8,77,20,945.0,43.0,85.0,0.156260
lcamap,1,8,77,20,945.0,43.0,85.0,0.034018
segdup,1,9,77,5,42,8,2,60.425845
insider,1,9,77,5,42.0,8.0,2.0,0.044167
insider_relax,1,9,77,5,42.0,8.0,2.0,0.043374
fastmultrec_greedy,1,9,77,5,42.0,8.0,2.0,0.099895
lcamap,1,9,77,5,42.0,8.0,2.0,0.020214
segdup,1,9,77,10,82,8,2,58.491717
insider,1,9,77,10,82.0,8.0,2.0,0.045324
insider_relax,1,9,77,10,82.0,8.0,2.0,0.051357
fastmultrec_greedy,1,9,77,10,82.0,8.0,2.0,0.095361
lcamap,1,9,77,10,82.0,8.0,2.0,0.019633
segdup,1,9,77,15,122,8,2,59.491244
insider,1,9,77,15,122.0,8.0,2.0,0.049458
insider_relax,1,9,77,15,122.0,8.0,2.0,0.049353
fastmultrec_greedy,1,9,77,15,122.0,8.0,2.0,0.097460
lcamap,1,9,77,15,122.0,8.0,2.0,0.020077
segdup,1,9,77,20,162,8,2,46.935898
insider,1,9,77,20,162.0,8.0,2.0,0.060888
insider_relax,1,9,77,20,162.0,8.0,2.0,0.060206
fastmultrec_greedy,1,9,77,20,162.0,8.0,2.0,0.099178
lcamap,1,9,77,20,162.0,8.0,2.0,0.020357
segdup,1,10,77,5,11,2,1,119.165715
insider,1,10,77,5,11.0,2.0,1.0,0.077071
insider_relax,1,10,77,5,11.0,2.0,1.0,0.075296
fastmultrec_greedy,1,10,77,5,11.0,2.0,1.0,0.231203
lcamap,1,10,77,5,11.0,2.0,1.0,0.041101
segdup,1,10,77,10,21,2,1,115.086999
insider,1,10,77,10,21.0,2.0,1.0,0.077021
insider_relax,1,10,77,10,21.0,2.0,1.0,0.076730
fastmultrec_greedy,1,10,77,10,21.0,2.0,1.0,0.234758
lcamap,1,10,77,10,21.0,2.0,1.0,0.044381
segdup,1,10,77,15,31,2,1,106.900651
insider,1,10,77,15,31.0,2.0,1.0,0.075863
insider_relax,1,10,77,15,31.0,2.0,1.0,0.074920
fastmultrec_greedy,1,10,77,15,31.0,2.0,1.0,0.225765
lcamap,1,10,77,15,31.0,2.0,1.0,0.042813
segdup,1,10,77,20,41,2,1,89.044278
insider,1,10,77,20,41.0,2.0,1.0,0.077390
insider_relax,1,10,77,20,41.0,2.0,1.0,0.072937
fastmultrec_greedy,1,10,77,20,41.0,2.0,1.0,0.228610
lcamap,1,10,77,20,41.0,2.0,1.0,0.044528
segdup,1,11,77,5,5,1,0,64.885476
insider,1,11,77,5,5.0,1.0,0.0,0.048338
insider_relax,1,11,77,5,5.0,1.0,0.0,0.051943
fastmultrec_greedy,1,11,77,5,5.0,1.0,0.0,0.150388
lcamap,1,11,77,5,5.0,1.0,0.0,0.024879
segdup,1,11,77,10,10,1,0,58.996525
insider,1,11,77,10,10.0,1.0,0.0,0.047841
insider_relax,1,11,77,10,10.0,1.0,0.0,0.050636
fastmultrec_greedy,1,11,77,10,10.0,1.0,0.0,0.155937
lcamap,1,11,77,10,10.0,1.0,0.0,0.026193
segdup,1,11,77,15,15,1,0,34.621165
insider,1,11,77,15,15.0,1.0,0.0,0.050186
insider_relax,1,11,77,15,15.0,1.0,0.0,0.051591
fastmultrec_greedy,1,11,77,15,15.0,1.0,0.0,0.157554
lcamap,1,11,77,15,15.0,1.0,0.0,0.026278
segdup,1,11,77,20,20,1,0,34.432817
insider,1,11,77,20,20.0,1.0,0.0,0.050735
insider_relax,1,11,77,20,20.0,1.0,0.0,0.048707
fastmultrec_greedy,1,11,77,20,20.0,1.0,0.0,0.148150
lcamap,1,11,77,20,20.0,1.0,0.0,0.026282
segdup,2,7,77,5,1695,136,1015,209.519866
insider,2,7,77,5,1681.0,131.0,1026.0,0.272061
insider_relax,2,7,77,5,1681.0,131.0,1026.0,0.318863
fastmultrec_greedy,2,7,77,5,1681.0,131.0,1026.0,2.625113
lcamap,2,7,77,5,1695.0,136.0,1015.0,0.092567
segdup,2,7,77,10,2375,136,1015,204.839008
insider,2,7,77,10,2325.0,126.0,1065.0,0.466973
insider_relax,2,7,77,10,2325.0,126.0,1065.0,0.543794
fastmultrec_greedy,2,7,77,10,2335.0,130.0,1035.0,3.059836
lcamap,2,7,77,10,2375.0,136.0,1015.0,0.091891
segdup,2,7,77,15,3054,135,1029,198.696757
insider,2,7,77,15,2946.0,123.0,1101.0,0.931414
insider_relax,2,7,77,15,2946.0,123.0,1101.0,1.444442
fastmultrec_greedy,2,7,77,15,2985.0,130.0,1035.0,3.093323
lcamap,2,7,77,15,3055.0,136.0,1015.0,0.089440
segdup,2,7,77,20,3735,136,1015,205.481614
insider,2,7,77,20,3552.0,119.0,1172.0,3.676831
insider_relax,2,7,77,20,3552.0,119.0,1172.0,4.761655
fastmultrec_greedy,2,7,77,20,3635.0,130.0,1035.0,3.077534
lcamap,2,7,77,20,3735.0,136.0,1015.0,0.093075
segdup,2,8,77,5,479,64,159,122.834743
insider,2,8,77,5,479.0,64.0,159.0,0.194862
insider_relax,2,8,77,5,479.0,64.0,159.0,0.230299
fastmultrec_greedy,2,8,77,5,479.0,64.0,159.0,0.597414
lcamap,2,8,77,5,481.0,65.0,156.0,0.069853
segdup,2,8,77,10,799,64,159,115.285105
insider,2,8,77,10,795.0,63.0,165.0,0.353236
insider_relax,2,8,77,10,795.0,63.0,165.0,0.472808
fastmultrec_greedy,2,8,77,10,795.0,63.0,165.0,0.882914
lcamap,2,8,77,10,806.0,65.0,156.0,0.068127
segdup,2,8,77,15,1131,65,156,109.733302
insider,2,8,77,15,1105.0,60.0,205.0,1.151986
insider_relax,2,8,77,15,1105.0,60.0,205.0,1.784292
fastmultrec_greedy,2,8,77,15,1110.0,63.0,165.0,0.868918
lcamap,2,8,77,15,1131.0,65.0,156.0,0.066268
segdup,2,8,77,20,1446,64,166,108.444294
insider,2,8,77,20,1397.0,57.0,257.0,6.361326
insider_relax,2,8,77,20,1397.0,57.0,257.0,12.007722
fastmultrec_greedy,2,8,77,20,1425.0,63.0,165.0,0.878478
lcamap,2,8,77,20,1456.0,65.0,156.0,0.067515
segdup,2,9,77,5,39,7,4,87.388098
insider,2,9,77,5,39.0,7.0,4.0,0.091369
insider_relax,2,9,77,5,39.0,7.0,4.0,0.097741
fastmultrec_greedy,2,9,77,5,39.0,7.0,4.0,0.255103
lcamap,2,9,77,5,39.0,7.0,4.0,0.045951
segdup,2,9,77,10,74,7,4,85.837698
insider,2,9,77,10,74.0,7.0,4.0,0.094001
insider_relax,2,9,77,10,74.0,7.0,4.0,0.103924
fastmultrec_greedy,2,9,77,10,74.0,7.0,4.0,0.253230
lcamap,2,9,77,10,74.0,7.0,4.0,0.047360
segdup,2,9,77,15,109,7,4,47.401302
insider,2,9,77,15,109.0,7.0,4.0,0.099998
insider_relax,2,9,77,15,109.0,7.0,4.0,0.109322
fastmultrec_greedy,2,9,77,15,109.0,7.0,4.0,0.255955
lcamap,2,9,77,15,109.0,7.0,4.0,0.044684
segdup,2,9,77,20,144,7,4,46.736327
insider,2,9,77,20,144.0,7.0,4.0,0.107029
insider_relax,2,9,77,20,144.0,7.0,4.0,0.113938
fastmultrec_greedy,2,9,77,20,144.0,7.0,4.0,0.257289
lcamap,2,9,77,20,144.0,7.0,4.0,0.047695
segdup,2,10,77,5,20,4,0,296.434902
insider,2,10,77,5,20.0,4.0,0.0,0.202396
insider_relax,2,10,77,5,20.0,4.0,0.0,0.197160
fastmultrec_greedy,2,10,77,5,20.0,4.0,0.0,0.670216
lcamap,2,10,77,5,20.0,4.0,0.0,0.126545
segdup,2,10,77,10,40,4,0,272.966052
insider,2,10,77,10,40.0,4.0,0.0,0.205471
insider_relax,2,10,77,10,40.0,4.0,0.0,0.194061
fastmultrec_greedy,2,10,77,10,40.0,4.0,0.0,0.660378
lcamap,2,10,77,10,40.0,4.0,0.0,0.125281
segdup,2,10,77,15,60,4,0,132.970793
insider,2,10,77,15,60.0,4.0,0.0,0.200256
insider_relax,2,10,77,15,60.0,4.0,0.0,0.192676
fastmultrec_greedy,2,10,77,15,60.0,4.0,0.0,0.660820
lcamap,2,10,77,15,60.0,4.0,0.0,0.121004
segdup,2,10,77,20,80,4,0,134.579428
insider,2,10,77,20,80.0,4.0,0.0,0.201535
insider_relax,2,10,77,20,80.0,4.0,0.0,0.196233
fastmultrec_greedy,2,10,77,20,80.0,4.0,0.0,0.672444
lcamap,2,10,77,20,80.0,4.0,0.0,0.124987
segdup,2,11,77,5,10,2,0,99.654178
insider,2,11,77,5,10.0,2.0,0.0,0.079627
insider_relax,2,11,77,5,10.0,2.0,0.0,0.076895
fastmultrec_greedy,2,11,77,5,10.0,2.0,0.0,0.215182
lcamap,2,11,77,5,10.0,2.0,0.0,0.041036
segdup,2,11,77,10,20,2,0,85.078342
insider,2,11,77,10,20.0,2.0,0.0,0.078466
insider_relax,2,11,77,10,20.0,2.0,0.0,0.077758
fastmultrec_greedy,2,11,77,10,20.0,2.0,0.0,0.214795
lcamap,2,11,77,10,20.0,2.0,0.0,0.037823
segdup,2,11,77,15,30,2,0,65.801525
insider,2,11,77,15,30.0,2.0,0.0,0.076239
insider_relax,2,11,77,15,30.0,2.0,0.0,0.079667
fastmultrec_greedy,2,11,77,15,30.0,2.0,0.0,0.219498
lcamap,2,11,77,15,30.0,2.0,0.0,0.038655
segdup,2,11,77,20,40,2,0,40.762487
insider,2,11,77,20,40.0,2.0,0.0,0.079382
insider_relax,2,11,77,20,40.0,2.0,0.0,0.079098
fastmultrec_greedy,2,11,77,20,40.0,2.0,0.0,0.216857
lcamap,2,11,77,20,40.0,2.0,0.0,0.038993
segdup,1,7,78,5,940,114,370,117.768291
insider,1,7,78,5,933.0,110.0,383.0,0.194666
insider_relax,1,7,78,5,933.0,110.0,383.0,0.229157
fastmultrec_greedy,1,7,78,5,933.0,110.0,383.0,1.214753
lcamap,1,7,78,5,940.0,114.0,370.0,0.057672
segdup,1,7,78,10,1510,114,370,115.968791
insider,1,7,78,10,1462.0,104.0,422.0,0.437152
insider_relax,1,7,78,10,1462.0,104.0,422.0,0.641609
fastmultrec_greedy,1,7,78,10,1475.0,108.0,395.0,1.676015
lcamap,1,7,78,10,1510.0,114.0,370.0,0.056363
segdup,1,7,78,15,2076,113,381,114.479513
insider,1,7,78,15,1955.0,94.0,545.0,1.315294
insider_relax,1,7,78,15,1955.0,94.0,545.0,1.780020
fastmultrec_greedy,1,7,78,15,2012.0,107.0,407.0,2.414381
lcamap,1,7,78,15,2080.0,114.0,370.0,0.055947
segdup,1,7,78,20,2650,114,370,112.709935
insider,1,7,78,20,2405.0,88.0,645.0,4.340580
insider_relax,1,7,78,20,2405.0,88.0,645.0,7.952900
fastmultrec_greedy,1,7,78,20,2542.0,106.0,422.0,2.644618
lcamap,1,7,78,20,2650.0,114.0,370.0,0.057269
segdup,1,8,78,5,349,46,119,52.836141
insider,1,8,78,5,349.0,46.0,119.0,0.085113
insider_relax,1,8,78,5,349.0,46.0,119.0,0.103316
fastmultrec_greedy,1,8,78,5,349.0,46.0,119.0,0.166158
lcamap,1,8,78,5,349.0,46.0,119.0,0.028305
segdup,1,8,78,10,579,46,119,50.412182
insider,1,8,78,10,576.0,43.0,146.0,0.149885
insider_relax,1,8,78,10,576.0,43.0,146.0,0.191995
fastmultrec_greedy,1,8,78,10,579.0,46.0,119.0,0.164221
lcamap,1,8,78,10,579.0,46.0,119.0,0.029485
segdup,1,8,78,15,809,46,119,45.984165
insider,1,8,78,15,788.0,42.0,158.0,0.255512
insider_relax,1,8,78,15,788.0,42.0,158.0,0.272113
fastmultrec_greedy,1,8,78,15,809.0,46.0,119.0,0.168070
lcamap,1,8,78,15,809.0,46.0,119.0,0.029403
segdup,1,8,78,20,1028,45,128,46.098975
insider,1,8,78,20,998.0,42.0,158.0,0.670239
insider_relax,1,8,78,20,998.0,42.0,158.0,0.798832
fastmultrec_greedy,1,8,78,20,1039.0,46.0,119.0,0.161401
lcamap,1,8,78,20,1039.0,46.0,119.0,0.030795
segdup,1,9,78,5,37,7,2,59.343873
insider,1,9,78,5,37.0,7.0,2.0,0.048219
insider_relax,1,9,78,5,37.0,7.0,2.0,0.050720
fastmultrec_greedy,1,9,78,5,37.0,7.0,2.0,0.117725
lcamap,1,9,78,5,37.0,7.0,2.0,0.022211
segdup,1,9,78,10,72,7,2,61.398322
insider,1,9,78,10,71.0,6.0,11.0,0.050471
insider_relax,1,9,78,10,71.0,6.0,11.0,0.054660
fastmultrec_greedy,1,9,78,10,72.0,7.0,2.0,0.122605
lcamap,1,9,78,10,72.0,7.0,2.0,0.022480
segdup,1,9,78,15,107,7,2,49.785365
insider,1,9,78,15,101.0,6.0,11.0,0.053565
insider_relax,1,9,78,15,101.0,6.0,11.0,0.052089
fastmultrec_greedy,1,9,78,15,107.0,7.0,2.0,0.121876
lcamap,1,9,78,15,107.0,7.0,2.0,0.021287
segdup,1,9,78,20,142,7,2,48.856440
insider,1,9,78,20,131.0,6.0,11.0,0.058184
insider_relax,1,9,78,20,131.0,6.0,11.0,0.055299
fastmultrec_greedy,1,9,78,20,142.0,7.0,2.0,0.121923
lcamap,1,9,78,20,142.0,7.0,2.0,0.022248
segdup,1,10,78,5,25,4,5,156.859839
insider,1,10,78,5,25.0,4.0,5.0,0.092737
insider_relax,1,10,78,5,25.0,4.0,5.0,0.098357
fastmultrec_greedy,1,10,78,5,25.0,4.0,5.0,0.300728
lcamap,1,10,78,5,25.0,4.0,5.0,0.055493
segdup,1,10,78,10,45,4,5,154.765834
insider,1,10,78,10,45.0,4.0,5.0,0.094016
insider_relax,1,10,78,10,45.0,4.0,5.0,0.098777
fastmultrec_greedy,1,10,78,10,45.0,4.0,5.0,0.299390
lcamap,1,10,78,10,45.0,4.0,5.0,0.052476
segdup,1,10,78,15,65,4,5,125.197134
insider,1,10,78,15,65.0,4.0,5.0,0.096564
insider_relax,1,10,78,15,65.0,4.0,5.0,0.096551
fastmultrec_greedy,1,10,78,15,65.0,4.0,5.0,0.303076
lcamap,1,10,78,15,65.0,4.0,5.0,0.054884
segdup,1,10,78,20,85,4,5,124.318541
insider,1,10,78,20,85.0,4.0,5.0,0.100964
insider_relax,1,10,78,20,85.0,4.0,5.0,0.102799
fastmultrec_greedy,1,10,78,20,85.0,4.0,5.0,0.302249
lcamap,1,10,78,20,85.0,4.0,5.0,0.054188
segdup,1,11,78,5,5,1,0,137.348322
insider,1,11,78,5,5.0,1.0,0.0,0.084571
insider_relax,1,11,78,5,5.0,1.0,0.0,0.102007
fastmultrec_greedy,1,11,78,5,5.0,1.0,0.0,0.285279
lcamap,1,11,78,5,5.0,1.0,0.0,0.050772
segdup,1,11,78,10,10,1,0,129.188174
insider,1,11,78,10,10.0,1.0,0.0,0.085484
insider_relax,1,11,78,10,10.0,1.0,0.0,0.092421
fastmultrec_greedy,1,11,78,10,10.0,1.0,0.0,0.286486
lcamap,1,11,78,10,10.0,1.0,0.0,0.049586
segdup,1,11,78,15,15,1,0,124.597256
insider,1,11,78,15,15.0,1.0,0.0,0.086978
insider_relax,1,11,78,15,15.0,1.0,0.0,0.090175
fastmultrec_greedy,1,11,78,15,15.0,1.0,0.0,0.288320
lcamap,1,11,78,15,15.0,1.0,0.0,0.052185
segdup,1,11,78,20,20,1,0,73.766100
insider,1,11,78,20,20.0,1.0,0.0,0.083863
insider_relax,1,11,78,20,20.0,1.0,0.0,0.090091
fastmultrec_greedy,1,11,78,20,20.0,1.0,0.0,0.289460
lcamap,1,11,78,20,20.0,1.0,0.0,0.048230
segdup,2,7,78,5,3894,245,2669,455.713244
insider,2,7,78,5,3821.0,210.0,2771.0,0.505610
insider_relax,2,7,78,5,3821.0,211.0,2766.0,0.568289
fastmultrec_greedy,2,7,78,5,3825.0,214.0,2755.0,20.587790
lcamap,2,7,78,5,3894.0,245.0,2669.0,0.148417
segdup,2,7,78,10,5109,243,2679,450.519312
insider,2,7,78,10,4820.0,191.0,2910.0,0.745813
insider_relax,2,7,78,10,4820.0,191.0,2910.0,0.821652
fastmultrec_greedy,2,7,78,10,4861.0,202.0,2841.0,28.829391
lcamap,2,7,78,10,5119.0,245.0,2669.0,0.150721
segdup,2,7,78,15,6344,245,2669,450.501514
insider,2,7,78,15,5740.0,175.0,3115.0,1.201528
insider_relax,2,7,78,15,5740.0,175.0,3115.0,1.413326
fastmultrec_greedy,2,7,78,15,5853.0,196.0,2913.0,33.784315
lcamap,2,7,78,15,6344.0,245.0,2669.0,0.146849
segdup,2,7,78,20,7554,244,2674,424.175456
insider,2,7,78,20,6608.0,169.0,3228.0,2.162291
insider_relax,2,7,78,20,6608.0,169.0,3228.0,2.813451
fastmultrec_greedy,2,7,78,20,6822.0,193.0,2962.0,35.925753
lcamap,2,7,78,20,7569.0,245.0,2669.0,0.152164
segdup,2,8,78,5,780,99,285,183.632443
insider,2,8,78,5,774.0,97.0,289.0,0.261954
insider_relax,2,8,78,5,774.0,97.0,289.0,0.307620
fastmultrec_greedy,2,8,78,5,774.0,97.0,289.0,1.351999
lcamap,2,8,78,5,780.0,99.0,285.0,0.086799
segdup,2,8,78,10,1275,99,285,171.123830
insider,2,8,78,10,1246.0,93.0,316.0,0.536442
insider_relax,2,8,78,10,1246.0,93.0,316.0,0.773406
fastmultrec_greedy,2,8,78,10,1255.0,96.0,295.0,1.795256
lcamap,2,8,78,10,1275.0,99.0,285.0,0.090507
segdup,2,8,78,15,1767,98,297,158.470549
insider,2,8,78,15,1697.0,88.0,377.0,2.231957
insider_relax,2,8,78,15,1697.0,88.0,377.0,3.954034
fastmultrec_greedy,2,8,78,15,1735.0,96.0,295.0,1.800682
lcamap,2,8,78,15,1770.0,99.0,285.0,0.089138
segdup,2,8,78,20,2250,98,290,165.325476
insider,2,8,78,20,2118.0,82.0,478.0,8.781738
insider_relax,2,8,78,20,2118.0,82.0,478.0,23.568217
fastmultrec_greedy,2,8,78,20,2215.0,96.0,295.0,1.803758
lcamap,2,8,78,20,2265.0,99.0,285.0,0.091446
segdup,2,9,78,5,72,12,12,189.277786
insider,2,9,78,5,72.0,12.0,12.0,0.177498
insider_relax,2,9,78,5,72.0,12.0,12.0,0.175349
fastmultrec_greedy,2,9,78,5,72.0,12.0,12.0,0.566771
lcamap,2,9,78,5,72.0,12.0,12.0,0.090135
segdup,2,9,78,10,132,12,12,193.254257
insider,2,9,78,10,132.0,12.0,12.0,0.196717
insider_relax,2,9,78,10,132.0,12.0,12.0,0.201110
fastmultrec_greedy,2,9,78,10,132.0,12.0,12.0,0.568525
lcamap,2,9,78,10,132.0,12.0,12.0,0.096545
segdup,2,9,78,15,192,12,12,115.214989
insider,2,9,78,15,192.0,12.0,12.0,0.206596
insider_relax,2,9,78,15,192.0,12.0,12.0,0.203187
fastmultrec_greedy,2,9,78,15,192.0,12.0,12.0,0.567643
lcamap,2,9,78,15,192.0,12.0,12.0,0.092366
segdup,2,9,78,20,252,12,12,168.265561
insider,2,9,78,20,252.0,12.0,12.0,0.253988
insider_relax,2,9,78,20,252.0,12.0,12.0,0.256472
fastmultrec_greedy,2,9,78,20,252.0,12.0,12.0,0.569339
lcamap,2,9,78,20,252.0,12.0,12.0,0.094911
segdup,2,11,78,5,11,2,1,179.053324
insider,2,11,78,5,11.0,2.0,1.0,0.126126
insider_relax,2,11,78,5,11.0,2.0,1.0,0.131191
fastmultrec_greedy,2,11,78,5,11.0,2.0,1.0,0.417863
lcamap,2,11,78,5,11.0,2.0,1.0,0.078271
segdup,2,11,78,10,21,2,1,134.461541
insider,2,11,78,10,21.0,2.0,1.0,0.133456
insider_relax,2,11,78,10,21.0,2.0,1.0,0.131470
fastmultrec_greedy,2,11,78,10,21.0,2.0,1.0,0.416537
lcamap,2,11,78,10,21.0,2.0,1.0,0.076682
segdup,2,11,78,15,31,2,1,136.855803
insider,2,11,78,15,31.0,2.0,1.0,0.123952
insider_relax,2,11,78,15,31.0,2.0,1.0,0.136723
fastmultrec_greedy,2,11,78,15,31.0,2.0,1.0,0.416912
lcamap,2,11,78,15,31.0,2.0,1.0,0.079970
segdup,2,11,78,20,41,2,1,87.889632
insider,2,11,78,20,41.0,2.0,1.0,0.130333
insider_relax,2,11,78,20,41.0,2.0,1.0,0.133204
fastmultrec_greedy,2,11,78,20,41.0,2.0,1.0,0.415197
lcamap,2,11,78,20,41.0,2.0,1.0,0.073399
segdup,1,7,79,5,587,77,202,72.115896
insider,1,7,79,5,583.0,75.0,208.0,0.124513
insider_relax,1,7,79,5,583.0,75.0,208.0,0.159394
fastmultrec_greedy,1,7,79,5,583.0,75.0,208.0,0.499403
lcamap,1,7,79,5,587.0,77.0,202.0,0.041496
segdup,1,7,79,10,968,76,208,71.054754
insider,1,7,79,10,954.0,74.0,214.0,0.246147
insider_relax,1,7,79,10,954.0,74.0,214.0,0.336741
fastmultrec_greedy,1,7,79,10,958.0,75.0,208.0,0.500916
lcamap,1,7,79,10,972.0,77.0,202.0,0.040684
segdup,1,7,79,15,1347,76,207,67.587665
insider,1,7,79,15,1314.0,70.0,264.0,0.639288
insider_relax,1,7,79,15,1314.0,70.0,264.0,0.818841
fastmultrec_greedy,1,7,79,15,1333.0,75.0,208.0,0.506072
lcamap,1,7,79,15,1357.0,77.0,202.0,0.037467
segdup,1,7,79,20,1727,76,207,67.004296
insider,1,7,79,20,1660.0,67.0,320.0,3.160096
insider_relax,1,7,79,20,1660.0,67.0,320.0,4.908839
fastmultrec_greedy,1,7,79,20,1708.0,75.0,208.0,0.499971
lcamap,1,7,79,20,1742.0,77.0,202.0,0.039457
segdup,1,8,79,5,592,74,222,63.068165
insider,1,8,79,5,586.0,70.0,236.0,0.112950
insider_relax,1,8,79,5,586.0,70.0,236.0,0.146537
fastmultrec_greedy,1,8,79,5,588.0,72.0,228.0,0.402975
lcamap,1,8,79,5,592.0,74.0,222.0,0.030710
segdup,1,8,79,10,959,73,229,59.796357
insider,1,8,79,10,922.0,65.0,272.0,0.221642
insider_relax,1,8,79,10,922.0,65.0,272.0,0.299298
fastmultrec_greedy,1,8,79,10,948.0,72.0,228.0,0.394474
lcamap,1,8,79,10,962.0,74.0,222.0,0.030301
segdup,1,8,79,15,1310,72,230,56.816357
insider,1,8,79,15,1244.0,62.0,314.0,0.673428
insider_relax,1,8,79,15,1244.0,62.0,314.0,0.868636
fastmultrec_greedy,1,8,79,15,1308.0,72.0,228.0,0.389119
lcamap,1,8,79,15,1332.0,74.0,222.0,0.030695
segdup,1,8,79,20,1687,73,227,58.254796
insider,1,8,79,20,1552.0,61.0,332.0,3.416601
insider_relax,1,8,79,20,1552.0,61.0,332.0,7.481943
fastmultrec_greedy,1,8,79,20,1668.0,72.0,228.0,0.391676
lcamap,1,8,79,20,1702.0,74.0,222.0,0.032566
segdup,1,9,79,5,71,14,1,148.629706
insider,1,9,79,5,71.0,14.0,1.0,0.112965
insider_relax,1,9,79,5,71.0,14.0,1.0,0.116401
fastmultrec_greedy,1,9,79,5,71.0,14.0,1.0,0.369596
lcamap,1,9,79,5,71.0,14.0,1.0,0.064104
segdup,1,9,79,10,141,14,1,135.976009
insider,1,9,79,10,141.0,14.0,1.0,0.122218
insider_relax,1,9,79,10,141.0,14.0,1.0,0.139348
fastmultrec_greedy,1,9,79,10,141.0,14.0,1.0,0.363141
lcamap,1,9,79,10,141.0,14.0,1.0,0.060526
segdup,1,9,79,15,211,14,1,116.467034
insider,1,9,79,15,211.0,14.0,1.0,0.142866
insider_relax,1,9,79,15,211.0,14.0,1.0,0.138173
fastmultrec_greedy,1,9,79,15,211.0,14.0,1.0,0.363043
lcamap,1,9,79,15,211.0,14.0,1.0,0.061265
segdup,1,9,79,20,281,14,1,84.873359
insider,1,9,79,20,281.0,14.0,1.0,0.190017
insider_relax,1,9,79,20,281.0,14.0,1.0,0.187749
fastmultrec_greedy,1,9,79,20,281.0,14.0,1.0,0.356168
lcamap,1,9,79,20,281.0,14.0,1.0,0.061321
segdup,1,10,79,5,6,1,1,94.231652
insider,1,10,79,5,6.0,1.0,1.0,0.063414
insider_relax,1,10,79,5,6.0,1.0,1.0,0.066837
fastmultrec_greedy,1,10,79,5,6.0,1.0,1.0,0.205769
lcamap,1,10,79,5,6.0,1.0,1.0,0.038915
segdup,1,10,79,10,11,1,1,92.122083
insider,1,10,79,10,11.0,1.0,1.0,0.063444
insider_relax,1,10,79,10,11.0,1.0,1.0,0.064933
fastmultrec_greedy,1,10,79,10,11.0,1.0,1.0,0.205592
lcamap,1,10,79,10,11.0,1.0,1.0,0.037877
segdup,1,10,79,15,16,1,1,85.273105
insider,1,10,79,15,16.0,1.0,1.0,0.064270
insider_relax,1,10,79,15,16.0,1.0,1.0,0.070500
fastmultrec_greedy,1,10,79,15,16.0,1.0,1.0,0.204963
lcamap,1,10,79,15,16.0,1.0,1.0,0.036665
segdup,1,10,79,20,21,1,1,52.691775
insider,1,10,79,20,21.0,1.0,1.0,0.065939
insider_relax,1,10,79,20,21.0,1.0,1.0,0.066659
fastmultrec_greedy,1,10,79,20,21.0,1.0,1.0,0.210342
lcamap,1,10,79,20,21.0,1.0,1.0,0.038362
segdup,2,7,79,5,5397,251,4142,507.520518
insider,2,7,79,5,5324.0,221.0,4219.0,0.472545
insider_relax,2,7,79,5,5324.0,221.0,4219.0,0.508669
fastmultrec_greedy,2,7,79,5,5325.0,223.0,4210.0,20.318694
lcamap,2,7,79,5,5397.0,251.0,4142.0,0.143066
segdup,2,7,79,10,6652,251,4142,508.682396
insider,2,7,79,10,6388.0,202.0,4368.0,0.694397
insider_relax,2,7,79,10,6388.0,202.0,4368.0,0.800311
fastmultrec_greedy,2,7,79,10,6413.0,215.0,4263.0,26.690290
lcamap,2,7,79,10,6652.0,251.0,4142.0,0.138971
segdup,2,7,79,15,7907,251,4142,512.485367
insider,2,7,79,15,7386.0,195.0,4461.0,1.200935
insider_relax,2,7,79,15,7386.0,195.0,4461.0,1.388455
fastmultrec_greedy,2,7,79,15,7470.0,211.0,4305.0,29.460829
lcamap,2,7,79,15,7907.0,251.0,4142.0,0.142219
segdup,2,7,79,20,9162,251,4142,500.154921
insider,2,7,79,20,8336.0,185.0,4636.0,1.779242
insider_relax,2,7,79,20,8336.0,185.0,4636.0,2.201361
fastmultrec_greedy,2,7,79,20,8516.0,208.0,4356.0,31.429275
lcamap,2,7,79,20,9162.0,251.0,4142.0,0.143607
segdup,2,8,79,5,279,38,89,83.637178
insider,2,8,79,5,277.0,38.0,87.0,0.167360
insider_relax,2,8,79,5,277.0,38.0,87.0,0.196924
fastmultrec_greedy,2,8,79,5,277.0,38.0,87.0,0.713640
lcamap,2,8,79,5,283.0,40.0,83.0,0.049273
segdup,2,8,79,10,470,38,90,80.103485
insider,2,8,79,10,458.0,35.0,108.0,0.362269
insider_relax,2,8,79,10,458.0,35.0,108.0,0.502453
fastmultrec_greedy,2,8,79,10,467.0,38.0,87.0,0.709118
lcamap,2,8,79,10,483.0,40.0,83.0,0.052381
segdup,2,8,79,15,662,38,92,69.406189
insider,2,8,79,15,630.0,34.0,120.0,0.850557
insider_relax,2,8,79,15,630.0,34.0,120.0,1.166474
fastmultrec_greedy,2,8,79,15,657.0,38.0,87.0,0.712837
lcamap,2,8,79,15,683.0,40.0,83.0,0.052125
segdup,2,8,79,20,849,38,89,67.594482
insider,2,8,79,20,798.0,33.0,138.0,8.340225
insider_relax,2,8,79,20,798.0,33.0,138.0,18.918066
fastmultrec_greedy,2,8,79,20,847.0,38.0,87.0,0.714275
lcamap,2,8,79,20,883.0,40.0,83.0,0.048011
segdup,2,9,79,5,62,11,7,92.151475
insider,2,9,79,5,62.0,11.0,7.0,0.073596
insider_relax,2,9,79,5,62.0,11.0,7.0,0.082114
fastmultrec_greedy,2,9,79,5,62.0,11.0,7.0,0.182057
lcamap,2,9,79,5,62.0,11.0,7.0,0.035062
segdup,2,9,79,10,117,11,7,93.743476
insider,2,9,79,10,117.0,11.0,7.0,0.080860
insider_relax,2,9,79,10,117.0,11.0,7.0,0.093198
fastmultrec_greedy,2,9,79,10,117.0,11.0,7.0,0.187062
lcamap,2,9,79,10,117.0,11.0,7.0,0.035775
segdup,2,9,79,15,172,11,7,68.790749
insider,2,9,79,15,172.0,11.0,7.0,0.092160
insider_relax,2,9,79,15,172.0,11.0,7.0,0.088833
fastmultrec_greedy,2,9,79,15,172.0,11.0,7.0,0.182886
lcamap,2,9,79,15,172.0,11.0,7.0,0.034252
segdup,2,9,79,20,227,11,7,67.071525
insider,2,9,79,20,227.0,11.0,7.0,0.106455
insider_relax,2,9,79,20,227.0,11.0,7.0,0.105189
fastmultrec_greedy,2,9,79,20,227.0,11.0,7.0,0.177678
lcamap,2,9,79,20,227.0,11.0,7.0,0.034361
segdup,2,10,79,5,32,6,2,228.009663
insider,2,10,79,5,32.0,6.0,2.0,0.172897
insider_relax,2,10,79,5,32.0,6.0,2.0,0.175378
fastmultrec_greedy,2,10,79,5,32.0,6.0,2.0,0.514826
lcamap,2,10,79,5,32.0,6.0,2.0,0.101965
segdup,2,10,79,10,62,6,2,208.468412
insider,2,10,79,10,62.0,6.0,2.0,0.175485
insider_relax,2,10,79,10,62.0,6.0,2.0,0.185168
fastmultrec_greedy,2,10,79,10,62.0,6.0,2.0,0.518641
lcamap,2,10,79,10,62.0,6.0,2.0,0.097481
segdup,2,10,79,15,92,6,2,108.447821
insider,2,10,79,15,92.0,6.0,2.0,0.187876
insider_relax,2,10,79,15,92.0,6.0,2.0,0.185162
fastmultrec_greedy,2,10,79,15,92.0,6.0,2.0,0.514927
lcamap,2,10,79,15,92.0,6.0,2.0,0.098716
segdup,2,10,79,20,122,6,2,106.248370
insider,2,10,79,20,122.0,6.0,2.0,0.201523
insider_relax,2,10,79,20,122.0,6.0,2.0,0.197649
fastmultrec_greedy,2,10,79,20,122.0,6.0,2.0,0.520455
lcamap,2,10,79,20,122.0,6.0,2.0,0.097038
segdup,2,11,79,5,10,2,0,299.069808
insider,2,11,79,5,10.0,2.0,0.0,0.161429
insider_relax,2,11,79,5,10.0,2.0,0.0,0.162532
fastmultrec_greedy,2,11,79,5,10.0,2.0,0.0,0.583771
lcamap,2,11,79,5,10.0,2.0,0.0,0.092290
segdup,2,11,79,10,20,2,0,267.336374
insider,2,11,79,10,20.0,2.0,0.0,0.160727
insider_relax,2,11,79,10,20.0,2.0,0.0,0.163597
fastmultrec_greedy,2,11,79,10,20.0,2.0,0.0,0.594629
lcamap,2,11,79,10,20.0,2.0,0.0,0.090318
segdup,2,11,79,15,30,2,0,197.344861
insider,2,11,79,15,30.0,2.0,0.0,0.166127
insider_relax,2,11,79,15,30.0,2.0,0.0,0.160044
fastmultrec_greedy,2,11,79,15,30.0,2.0,0.0,0.588546
lcamap,2,11,79,15,30.0,2.0,0.0,0.091976
segdup,2,11,79,20,40,2,0,153.663050
insider,2,11,79,20,40.0,2.0,0.0,0.164114
insider_relax,2,11,79,20,40.0,2.0,0.0,0.164276
fastmultrec_greedy,2,11,79,20,40.0,2.0,0.0,0.588200
lcamap,2,11,79,20,40.0,2.0,0.0,0.095642
segdup,1,7,80,5,658,81,253,104.505282
insider,1,7,80,5,650.0,78.0,260.0,0.162808
insider_relax,1,7,80,5,650.0,78.0,260.0,0.210594
fastmultrec_greedy,1,7,80,5,650.0,78.0,260.0,0.890246
lcamap,1,7,80,5,658.0,81.0,253.0,0.047916
segdup,1,7,80,10,1063,81,253,102.157831
insider,1,7,80,10,1022.0,72.0,302.0,0.316366
insider_relax,1,7,80,10,1022.0,72.0,302.0,0.384997
fastmultrec_greedy,1,7,80,10,1032.0,76.0,272.0,1.335897
lcamap,1,7,80,10,1063.0,81.0,253.0,0.047794
segdup,1,7,80,15,1461,80,261,102.922959
insider,1,7,80,15,1368.0,65.0,393.0,0.805488
insider_relax,1,7,80,15,1368.0,65.0,393.0,1.056593
fastmultrec_greedy,1,7,80,15,1412.0,76.0,272.0,1.331572
lcamap,1,7,80,15,1468.0,81.0,253.0,0.047735
segdup,1,7,80,20,1873,81,253,99.828969
insider,1,7,80,20,1687.0,62.0,447.0,1.739676
insider_relax,1,7,80,20,1687.0,62.0,447.0,2.737409
fastmultrec_greedy,1,7,80,20,1783.0,74.0,303.0,1.785813
lcamap,1,7,80,20,1873.0,81.0,253.0,0.048463
segdup,1,8,80,5,343,48,103,74.500649
insider,1,8,80,5,343.0,48.0,103.0,0.110465
insider_relax,1,8,80,5,343.0,48.0,103.0,0.131027
fastmultrec_greedy,1,8,80,5,343.0,48.0,103.0,0.216915
lcamap,1,8,80,5,343.0,48.0,103.0,0.040533
segdup,1,8,80,10,583,48,103,73.124377
insider,1,8,80,10,583.0,48.0,103.0,0.151467
insider_relax,1,8,80,10,583.0,48.0,103.0,0.199899
fastmultrec_greedy,1,8,80,10,583.0,48.0,103.0,0.222714
lcamap,1,8,80,10,583.0,48.0,103.0,0.036030
segdup,1,8,80,15,823,48,103,70.871777
insider,1,8,80,15,820.0,46.0,130.0,0.315300
insider_relax,1,8,80,15,820.0,46.0,130.0,0.465990
fastmultrec_greedy,1,8,80,15,823.0,48.0,103.0,0.217027
lcamap,1,8,80,15,823.0,48.0,103.0,0.036310
segdup,1,8,80,20,1063,48,103,69.253920
insider,1,8,80,20,1044.0,44.0,164.0,0.955928
insider_relax,1,8,80,20,1044.0,44.0,164.0,1.501657
fastmultrec_greedy,1,8,80,20,1063.0,48.0,103.0,0.221339
lcamap,1,8,80,20,1063.0,48.0,103.0,0.038011
segdup,1,9,80,5,71,10,21,91.793580
insider,1,9,80,5,71.0,10.0,21.0,0.076265
insider_relax,1,9,80,5,71.0,10.0,21.0,0.078325
fastmultrec_greedy,1,9,80,5,71.0,10.0,21.0,0.217429
lcamap,1,9,80,5,71.0,10.0,21.0,0.038248
segdup,1,9,80,10,121,10,21,86.493161
insider,1,9,80,10,121.0,10.0,21.0,0.075697
insider_relax,1,9,80,10,121.0,10.0,21.0,0.086639
fastmultrec_greedy,1,9,80,10,121.0,10.0,21.0,0.215426
lcamap,1,9,80,10,121.0,10.0,21.0,0.036773
segdup,1,9,80,15,171,10,21,87.406685
insider,1,9,80,15,171.0,10.0,21.0,0.087291
insider_relax,1,9,80,15,171.0,10.0,21.0,0.084688
fastmultrec_greedy,1,9,80,15,171.0,10.0,21.0,0.214159
lcamap,1,9,80,15,171.0,10.0,21.0,0.039601
segdup,1,9,80,20,221,10,21,77.543756
insider,1,9,80,20,221.0,10.0,21.0,0.097729
insider_relax,1,9,80,20,221.0,10.0,21.0,0.102112
fastmultrec_greedy,1,9,80,20,221.0,10.0,21.0,0.216087
lcamap,1,9,80,20,221.0,10.0,21.0,0.040944
segdup,1,10,80,5,23,4,3,158.157244
insider,1,10,80,5,23.0,4.0,3.0,0.099391
insider_relax,1,10,80,5,23.0,4.0,3.0,0.099514
fastmultrec_greedy,1,10,80,5,23.0,4.0,3.0,0.303734
lcamap,1,10,80,5,23.0,4.0,3.0,0.058314
segdup,1,10,80,10,43,4,3,136.696711
insider,1,10,80,10,43.0,4.0,3.0,0.100378
insider_relax,1,10,80,10,43.0,4.0,3.0,0.104191
fastmultrec_greedy,1,10,80,10,43.0,4.0,3.0,0.303457
lcamap,1,10,80,10,43.0,4.0,3.0,0.058645
segdup,1,10,80,15,63,4,3,110.801020
insider,1,10,80,15,63.0,4.0,3.0,0.101853
insider_relax,1,10,80,15,63.0,4.0,3.0,0.104556
fastmultrec_greedy,1,10,80,15,63.0,4.0,3.0,0.302559
lcamap,1,10,80,15,63.0,4.0,3.0,0.058155
segdup,1,10,80,20,83,4,3,133.555228
insider,1,10,80,20,83.0,4.0,3.0,0.104890
insider_relax,1,10,80,20,83.0,4.0,3.0,0.108847
fastmultrec_greedy,1,10,80,20,83.0,4.0,3.0,0.307739
lcamap,1,10,80,20,83.0,4.0,3.0,0.064283
segdup,1,11,80,5,10,2,0,140.701294
insider,1,11,80,5,10.0,2.0,0.0,0.095231
insider_relax,1,11,80,5,10.0,2.0,0.0,0.099125
fastmultrec_greedy,1,11,80,5,10.0,2.0,0.0,0.316263
lcamap,1,11,80,5,10.0,2.0,0.0,0.055402
segdup,1,11,80,10,20,2,0,134.740582
insider,1,11,80,10,20.0,2.0,0.0,0.094732
insider_relax,1,11,80,10,20.0,2.0,0.0,0.094476
fastmultrec_greedy,1,11,80,10,20.0,2.0,0.0,0.317107
lcamap,1,11,80,10,20.0,2.0,0.0,0.054077
segdup,1,11,80,15,30,2,0,76.707697
insider,1,11,80,15,30.0,2.0,0.0,0.097573
insider_relax,1,11,80,15,30.0,2.0,0.0,0.103547
fastmultrec_greedy,1,11,80,15,30.0,2.0,0.0,0.314372
lcamap,1,11,80,15,30.0,2.0,0.0,0.053856
segdup,1,11,80,20,40,2,0,77.154703
insider,1,11,80,20,40.0,2.0,0.0,0.095953
insider_relax,1,11,80,20,40.0,2.0,0.0,0.098846
fastmultrec_greedy,1,11,80,20,40.0,2.0,0.0,0.316613
lcamap,1,11,80,20,40.0,2.0,0.0,0.054491
segdup,2,7,80,5,4312,195,3337,337.184045
insider,2,7,80,5,4277.0,181.0,3372.0,0.362627
insider_relax,2,7,80,5,4277.0,180.0,3377.0,0.409139
fastmultrec_greedy,2,7,80,5,4277.0,181.0,3372.0,6.588199
lcamap,2,7,80,5,4312.0,195.0,3337.0,0.098837
segdup,2,7,80,10,5287,195,3337,332.593962
insider,2,7,80,10,5135.0,164.0,3495.0,0.602724
insider_relax,2,7,80,10,5135.0,164.0,3495.0,0.731325
fastmultrec_greedy,2,7,80,10,5164.0,176.0,3404.0,8.850203
lcamap,2,7,80,10,5287.0,195.0,3337.0,0.098908
segdup,2,7,80,15,6256,194,3346,327.517684
insider,2,7,80,15,5918.0,151.0,3653.0,1.175581
insider_relax,2,7,80,15,5918.0,150.0,3668.0,1.403375
fastmultrec_greedy,2,7,80,15,6014.0,168.0,3494.0,13.489354
lcamap,2,7,80,15,6262.0,195.0,3337.0,0.101396
segdup,2,7,80,20,7237,195,3337,326.568253
insider,2,7,80,20,6654.0,143.0,3794.0,2.613792
insider_relax,2,7,80,20,6654.0,143.0,3794.0,3.732629
fastmultrec_greedy,2,7,80,20,6846.0,166.0,3526.0,13.825895
lcamap,2,7,80,20,7237.0,195.0,3337.0,0.098885
segdup,2,8,80,5,588,81,183,239.605185
insider,2,8,80,5,588.0,81.0,183.0,0.329719
insider_relax,2,8,80,5,588.0,81.0,183.0,0.377156
fastmultrec_greedy,2,8,80,5,588.0,81.0,183.0,0.633257
lcamap,2,8,80,5,588.0,81.0,183.0,0.127565
segdup,2,8,80,10,993,81,183,225.710078
insider,2,8,80,10,979.0,76.0,219.0,0.570893
insider_relax,2,8,80,10,979.0,76.0,219.0,0.806543
fastmultrec_greedy,2,8,80,10,992.0,80.0,192.0,1.135786
lcamap,2,8,80,10,993.0,81.0,183.0,0.118204
segdup,2,8,80,15,1398,81,183,227.912129
insider,2,8,80,15,1356.0,75.0,231.0,1.393123
insider_relax,2,8,80,15,1356.0,75.0,231.0,1.812041
fastmultrec_greedy,2,8,80,15,1392.0,80.0,192.0,1.138708
lcamap,2,8,80,15,1398.0,81.0,183.0,0.126908
segdup,2,8,80,20,1803,81,183,217.708441
insider,2,8,80,20,1724.0,73.0,264.0,7.596043
insider_relax,2,8,80,20,1724.0,73.0,264.0,15.773637
fastmultrec_greedy,2,8,80,20,1792.0,80.0,192.0,1.131022
lcamap,2,8,80,20,1803.0,81.0,183.0,0.121246
segdup,2,9,80,5,45,7,10,61.234384
insider,2,9,80,5,45.0,7.0,10.0,0.070510
insider_relax,2,9,80,5,45.0,7.0,10.0,0.083940
fastmultrec_greedy,2,9,80,5,45.0,7.0,10.0,0.250811
lcamap,2,9,80,5,45.0,7.0,10.0,0.035825
segdup,2,9,80,10,80,7,10,43.480758
insider,2,9,80,10,80.0,7.0,10.0,0.075807
insider_relax,2,9,80,10,80.0,7.0,10.0,0.079448
fastmultrec_greedy,2,9,80,10,80.0,7.0,10.0,0.248520
lcamap,2,9,80,10,80.0,7.0,10.0,0.036174
segdup,2,9,80,15,115,7,10,37.257734
insider,2,9,80,15,115.0,7.0,10.0,0.083084
insider_relax,2,9,80,15,115.0,7.0,10.0,0.082968
fastmultrec_greedy,2,9,80,15,115.0,7.0,10.0,0.246776
lcamap,2,9,80,15,115.0,7.0,10.0,0.034187
segdup,2,9,80,20,150,7,10,37.837725
insider,2,9,80,20,150.0,7.0,10.0,0.087996
insider_relax,2,9,80,20,150.0,7.0,10.0,0.089817
fastmultrec_greedy,2,9,80,20,150.0,7.0,10.0,0.251753
lcamap,2,9,80,20,150.0,7.0,10.0,0.035988
segdup,2,10,80,5,11,2,1,274.950164
insider,2,10,80,5,11.0,2.0,1.0,0.156837
insider_relax,2,10,80,5,11.0,2.0,1.0,0.155003
fastmultrec_greedy,2,10,80,5,11.0,2.0,1.0,0.511801
lcamap,2,10,80,5,11.0,2.0,1.0,0.092472
segdup,2,10,80,10,21,2,1,260.204252
insider,2,10,80,10,21.0,2.0,1.0,0.162821
insider_relax,2,10,80,10,21.0,2.0,1.0,0.152759
fastmultrec_greedy,2,10,80,10,21.0,2.0,1.0,0.505282
lcamap,2,10,80,10,21.0,2.0,1.0,0.091431
segdup,2,10,80,15,31,2,1,200.216563
insider,2,10,80,15,31.0,2.0,1.0,0.156638
insider_relax,2,10,80,15,31.0,2.0,1.0,0.158218
fastmultrec_greedy,2,10,80,15,31.0,2.0,1.0,0.509389
lcamap,2,10,80,15,31.0,2.0,1.0,0.090060
segdup,2,10,80,20,41,2,1,221.481536
insider,2,10,80,20,41.0,2.0,1.0,0.161010
insider_relax,2,10,80,20,41.0,2.0,1.0,0.155627
fastmultrec_greedy,2,10,80,20,41.0,2.0,1.0,0.511793
lcamap,2,10,80,20,41.0,2.0,1.0,0.092357
segdup,2,11,80,5,15,3,0,283.942981
insider,2,11,80,5,15.0,3.0,0.0,0.187786
insider_relax,2,11,80,5,15.0,3.0,0.0,0.192819
fastmultrec_greedy,2,11,80,5,15.0,3.0,0.0,0.652429
lcamap,2,11,80,5,15.0,3.0,0.0,0.115400
segdup,2,11,80,10,30,3,0,267.220089
insider,2,11,80,10,30.0,3.0,0.0,0.194513
insider_relax,2,11,80,10,30.0,3.0,0.0,0.200832
fastmultrec_greedy,2,11,80,10,30.0,3.0,0.0,0.649586
lcamap,2,11,80,10,30.0,3.0,0.0,0.115980
segdup,2,11,80,15,45,3,0,133.059297
insider,2,11,80,15,45.0,3.0,0.0,0.195576
insider_relax,2,11,80,15,45.0,3.0,0.0,0.195794
fastmultrec_greedy,2,11,80,15,45.0,3.0,0.0,0.649535
lcamap,2,11,80,15,45.0,3.0,0.0,0.117728
segdup,2,11,80,20,60,3,0,122.751485
insider,2,11,80,20,60.0,3.0,0.0,0.196135
insider_relax,2,11,80,20,60.0,3.0,0.0,0.193937
fastmultrec_greedy,2,11,80,20,60.0,3.0,0.0,0.656309
lcamap,2,11,80,20,60.0,3.0,0.0,0.117006
segdup,1,7,81,5,2717,208,1677,241.921697
insider,1,7,81,5,2680.0,192.0,1720.0,0.312242
insider_relax,1,7,81,5,2680.0,192.0,1720.0,0.318013
fastmultrec_greedy,1,7,81,5,2681.0,194.0,1711.0,8.026837
lcamap,1,7,81,5,2717.0,208.0,1677.0,0.099271
segdup,1,7,81,10,3757,208,1677,243.668730
insider,1,7,81,10,3584.0,175.0,1834.0,0.506061
insider_relax,1,7,81,10,3584.0,174.0,1844.0,0.647399
fastmultrec_greedy,1,7,81,10,3610.0,183.0,1780.0,15.724581
lcamap,1,7,81,10,3757.0,208.0,1677.0,0.095917
segdup,1,7,81,15,4797,208,1677,241.545045
insider,1,7,81,15,4414.0,160.0,2014.0,0.960818
insider_relax,1,7,81,15,4414.0,160.0,2014.0,1.218438
fastmultrec_greedy,1,7,81,15,4498.0,177.0,1843.0,20.187987
lcamap,1,7,81,15,4797.0,208.0,1677.0,0.097151
segdup,1,7,81,20,5837,208,1677,237.258350
insider,1,7,81,20,5190.0,149.0,2210.0,2.330616
insider_relax,1,7,81,20,5190.0,149.0,2210.0,3.744711
fastmultrec_greedy,1,7,81,20,5376.0,175.0,1876.0,21.146455
lcamap,1,7,81,20,5837.0,208.0,1677.0,0.096816
segdup,1,8,81,5,328,50,78,80.160132
insider,1,8,81,5,326.0,49.0,81.0,0.116722
insider_relax,1,8,81,5,326.0,49.0,81.0,0.158785
fastmultrec_greedy,1,8,81,5,326.0,49.0,81.0,0.426413
lcamap,1,8,81,5,328.0,50.0,78.0,0.044945
segdup,1,8,81,10,578,50,78,76.652867
insider,1,8,81,10,567.0,48.0,87.0,0.197327
insider_relax,1,8,81,10,567.0,48.0,87.0,0.341160
fastmultrec_greedy,1,8,81,10,571.0,49.0,81.0,0.416482
lcamap,1,8,81,10,578.0,50.0,78.0,0.046915
segdup,1,8,81,15,828,50,78,73.220733
insider,1,8,81,15,806.0,47.0,101.0,0.519232
insider_relax,1,8,81,15,806.0,47.0,101.0,0.724580
fastmultrec_greedy,1,8,81,15,816.0,49.0,81.0,0.418245
lcamap,1,8,81,15,828.0,50.0,78.0,0.044549
segdup,1,8,81,20,1078,50,78,73.870959
insider,1,8,81,20,1041.0,47.0,101.0,3.613137
insider_relax,1,8,81,20,1041.0,47.0,101.0,8.060562
fastmultrec_greedy,1,8,81,20,1061.0,49.0,81.0,0.412811
lcamap,1,8,81,20,1078.0,50.0,78.0,0.042181
segdup,1,9,81,5,31,5,6,180.977279
insider,1,9,81,5,31.0,5.0,6.0,0.118922
insider_relax,1,9,81,5,31.0,5.0,6.0,0.128052
fastmultrec_greedy,1,9,81,5,31.0,5.0,6.0,0.423287
lcamap,1,9,81,5,31.0,5.0,6.0,0.075948
segdup,1,9,81,10,56,5,6,176.205853
insider,1,9,81,10,56.0,5.0,6.0,0.121884
insider_relax,1,9,81,10,56.0,5.0,6.0,0.129094
fastmultrec_greedy,1,9,81,10,56.0,5.0,6.0,0.410923
lcamap,1,9,81,10,56.0,5.0,6.0,0.077761
segdup,1,9,81,15,81,5,6,157.345504
insider,1,9,81,15,81.0,5.0,6.0,0.125845
insider_relax,1,9,81,15,81.0,5.0,6.0,0.129388
fastmultrec_greedy,1,9,81,15,81.0,5.0,6.0,0.412151
lcamap,1,9,81,15,81.0,5.0,6.0,0.076873
segdup,1,9,81,20,106,5,6,111.910971
insider,1,9,81,20,106.0,5.0,6.0,0.126872
insider_relax,1,9,81,20,106.0,5.0,6.0,0.128590
fastmultrec_greedy,1,9,81,20,106.0,5.0,6.0,0.427794
lcamap,1,9,81,20,106.0,5.0,6.0,0.075499
segdup,1,10,81,5,11,2,1,71.778869
insider,1,10,81,5,11.0,2.0,1.0,0.051626
insider_relax,1,10,81,5,11.0,2.0,1.0,0.052693
fastmultrec_greedy,1,10,81,5,11.0,2.0,1.0,0.154931
lcamap,1,10,81,5,11.0,2.0,1.0,0.028040
segdup,1,10,81,10,21,2,1,71.374255
insider,1,10,81,10,21.0,2.0,1.0,0.049407
insider_relax,1,10,81,10,21.0,2.0,1.0,0.056245
fastmultrec_greedy,1,10,81,10,21.0,2.0,1.0,0.156441
lcamap,1,10,81,10,21.0,2.0,1.0,0.028069
segdup,1,10,81,15,31,2,1,43.214194
insider,1,10,81,15,31.0,2.0,1.0,0.052086
insider_relax,1,10,81,15,31.0,2.0,1.0,0.052757
fastmultrec_greedy,1,10,81,15,31.0,2.0,1.0,0.154415
lcamap,1,10,81,15,31.0,2.0,1.0,0.028251
segdup,1,10,81,20,41,2,1,42.721141
insider,1,10,81,20,41.0,2.0,1.0,0.053607
insider_relax,1,10,81,20,41.0,2.0,1.0,0.055583
fastmultrec_greedy,1,10,81,20,41.0,2.0,1.0,0.163672
lcamap,1,10,81,20,41.0,2.0,1.0,0.026667
segdup,1,11,81,5,5,1,0,93.503954
insider,1,11,81,5,5.0,1.0,0.0,0.068836
insider_relax,1,11,81,5,5.0,1.0,0.0,0.072109
fastmultrec_greedy,1,11,81,5,5.0,1.0,0.0,0.227344
lcamap,1,11,81,5,5.0,1.0,0.0,0.039157
segdup,1,11,81,10,10,1,0,89.290243
insider,1,11,81,10,10.0,1.0,0.0,0.070077
insider_relax,1,11,81,10,10.0,1.0,0.0,0.068713
fastmultrec_greedy,1,11,81,10,10.0,1.0,0.0,0.227599
lcamap,1,11,81,10,10.0,1.0,0.0,0.037865
segdup,1,11,81,15,15,1,0,80.828192
insider,1,11,81,15,15.0,1.0,0.0,0.071606
insider_relax,1,11,81,15,15.0,1.0,0.0,0.070675
fastmultrec_greedy,1,11,81,15,15.0,1.0,0.0,0.228020
lcamap,1,11,81,15,15.0,1.0,0.0,0.039471
segdup,1,11,81,20,20,1,0,57.555368
insider,1,11,81,20,20.0,1.0,0.0,0.067020
insider_relax,1,11,81,20,20.0,1.0,0.0,0.069688
fastmultrec_greedy,1,11,81,20,20.0,1.0,0.0,0.226759
lcamap,1,11,81,20,20.0,1.0,0.0,0.038205
segdup,2,7,81,5,2862,196,1882,326.792549
insider,2,7,81,5,2824.0,177.0,1939.0,0.402678
insider_relax,2,7,81,5,2824.0,177.0,1939.0,0.450857
fastmultrec_greedy,2,7,81,5,2825.0,178.0,1935.0,10.749567
lcamap,2,7,81,5,2862.0,196.0,1882.0,0.114219
segdup,2,7,81,10,3842,196,1882,324.090051
insider,2,7,81,10,3657.0,159.0,2067.0,0.662256
insider_relax,2,7,81,10,3657.0,159.0,2067.0,0.769810
fastmultrec_greedy,2,7,81,10,3690.0,170.0,1990.0,16.025084
lcamap,2,7,81,10,3842.0,196.0,1882.0,0.108000
segdup,2,7,81,15,4822,196,1882,321.997263
insider,2,7,81,15,4430.0,149.0,2195.0,1.082389
insider_relax,2,7,81,15,4430.0,149.0,2195.0,1.473771
fastmultrec_greedy,2,7,81,15,4537.0,169.0,2002.0,16.626103
lcamap,2,7,81,15,4822.0,196.0,1882.0,0.107575
segdup,2,7,81,20,5802,196,1882,316.397366
insider,2,7,81,20,5160.0,140.0,2360.0,3.072605
insider_relax,2,7,81,20,5160.0,140.0,2360.0,4.058420
fastmultrec_greedy,2,7,81,20,5375.0,167.0,2035.0,17.674223
lcamap,2,7,81,20,5802.0,196.0,1882.0,0.112813
segdup,2,8,81,5,715,86,285,259.190760
insider,2,8,81,5,715.0,86.0,285.0,0.353264
insider_relax,2,8,81,5,715.0,86.0,285.0,0.410354
fastmultrec_greedy,2,8,81,5,715.0,86.0,285.0,0.819531
lcamap,2,8,81,5,715.0,86.0,285.0,0.119630
segdup,2,8,81,10,1145,86,285,246.017320
insider,2,8,81,10,1126.0,79.0,336.0,0.656295
insider_relax,2,8,81,10,1126.0,79.0,336.0,0.804603
fastmultrec_greedy,2,8,81,10,1145.0,86.0,285.0,0.822027
lcamap,2,8,81,10,1145.0,86.0,285.0,0.119708
segdup,2,8,81,15,1575,86,285,229.098812
insider,2,8,81,15,1516.0,74.0,406.0,1.208842
insider_relax,2,8,81,15,1516.0,74.0,406.0,1.357487
fastmultrec_greedy,2,8,81,15,1575.0,86.0,285.0,0.824254
lcamap,2,8,81,15,1575.0,86.0,285.0,0.118657
segdup,2,8,81,20,2005,86,285,223.849241
insider,2,8,81,20,1883.0,72.0,443.0,2.570389
insider_relax,2,8,81,20,1883.0,72.0,443.0,4.674250
fastmultrec_greedy,2,8,81,20,2005.0,86.0,285.0,0.822795
lcamap,2,8,81,20,2005.0,86.0,285.0,0.119167
segdup,2,9,81,5,40,7,5,354.637118
insider,2,9,81,5,40.0,7.0,5.0,0.203756
insider_relax,2,9,81,5,40.0,7.0,5.0,0.195506
fastmultrec_greedy,2,9,81,5,40.0,7.0,5.0,0.792734
lcamap,2,9,81,5,40.0,7.0,5.0,0.115051
segdup,2,9,81,10,75,7,5,295.577963
insider,2,9,81,10,75.0,7.0,5.0,0.209372
insider_relax,2,9,81,10,75.0,7.0,5.0,0.204146
fastmultrec_greedy,2,9,81,10,75.0,7.0,5.0,0.787453
lcamap,2,9,81,10,75.0,7.0,5.0,0.115697
segdup,2,9,81,15,110,7,5,190.760333
insider,2,9,81,15,110.0,7.0,5.0,0.211801
insider_relax,2,9,81,15,110.0,7.0,5.0,0.203677
fastmultrec_greedy,2,9,81,15,110.0,7.0,5.0,0.815808
lcamap,2,9,81,15,110.0,7.0,5.0,0.113650
segdup,2,9,81,20,145,7,5,186.696219
insider,2,9,81,20,145.0,7.0,5.0,0.221873
insider_relax,2,9,81,20,145.0,7.0,5.0,0.207515
fastmultrec_greedy,2,9,81,20,145.0,7.0,5.0,0.787590
lcamap,2,9,81,20,145.0,7.0,5.0,0.114248
segdup,2,10,81,5,20,4,0,170.893356
insider,2,10,81,5,20.0,4.0,0.0,0.112172
insider_relax,2,10,81,5,20.0,4.0,0.0,0.113382
fastmultrec_greedy,2,10,81,5,20.0,4.0,0.0,0.339921
lcamap,2,10,81,5,20.0,4.0,0.0,0.056362
segdup,2,10,81,10,40,4,0,132.322198
insider,2,10,81,10,40.0,4.0,0.0,0.112226
insider_relax,2,10,81,10,40.0,4.0,0.0,0.112385
fastmultrec_greedy,2,10,81,10,40.0,4.0,0.0,0.339310
lcamap,2,10,81,10,40.0,4.0,0.0,0.057187
segdup,2,10,81,15,60,4,0,84.072468
insider,2,10,81,15,60.0,4.0,0.0,0.115567
insider_relax,2,10,81,15,60.0,4.0,0.0,0.115727
fastmultrec_greedy,2,10,81,15,60.0,4.0,0.0,0.340748
lcamap,2,10,81,15,60.0,4.0,0.0,0.057214
segdup,2,10,81,20,80,4,0,84.400542
insider,2,10,81,20,80.0,4.0,0.0,0.126129
insider_relax,2,10,81,20,80.0,4.0,0.0,0.122514
fastmultrec_greedy,2,10,81,20,80.0,4.0,0.0,0.342440
lcamap,2,10,81,20,80.0,4.0,0.0,0.055355
segdup,2,11,81,5,10,2,0,193.099340
insider,2,11,81,5,10.0,2.0,0.0,0.133841
insider_relax,2,11,81,5,10.0,2.0,0.0,0.136045
fastmultrec_greedy,2,11,81,5,10.0,2.0,0.0,0.430368
lcamap,2,11,81,5,10.0,2.0,0.0,0.075641
segdup,2,11,81,10,20,2,0,146.376719
insider,2,11,81,10,20.0,2.0,0.0,0.137319
insider_relax,2,11,81,10,20.0,2.0,0.0,0.131901
fastmultrec_greedy,2,11,81,10,20.0,2.0,0.0,0.424211
lcamap,2,11,81,10,20.0,2.0,0.0,0.079082
segdup,2,11,81,15,30,2,0,90.934312
insider,2,11,81,15,30.0,2.0,0.0,0.128986
insider_relax,2,11,81,15,30.0,2.0,0.0,0.133217
fastmultrec_greedy,2,11,81,15,30.0,2.0,0.0,0.429898
lcamap,2,11,81,15,30.0,2.0,0.0,0.078012
segdup,2,11,81,20,40,2,0,89.210599
insider,2,11,81,20,40.0,2.0,0.0,0.132278
insider_relax,2,11,81,20,40.0,2.0,0.0,0.133761
fastmultrec_greedy,2,11,81,20,40.0,2.0,0.0,0.426647
lcamap,2,11,81,20,40.0,2.0,0.0,0.074651
segdup,1,7,82,5,906,107,371,111.005555
insider,1,7,82,5,881.0,97.0,396.0,0.178639
insider_relax,1,7,82,5,881.0,97.0,396.0,0.203129
fastmultrec_greedy,1,7,82,5,881.0,97.0,396.0,2.631825
lcamap,1,7,82,5,906.0,107.0,371.0,0.053167
segdup,1,7,82,10,1427,103,397,108.401051
insider,1,7,82,10,1348.0,90.0,448.0,0.326690
insider_relax,1,7,82,10,1348.0,90.0,448.0,0.401014
fastmultrec_greedy,1,7,82,10,1366.0,97.0,396.0,2.637379
lcamap,1,7,82,10,1441.0,107.0,371.0,0.049912
segdup,1,7,82,15,1946,102,416,104.731636
insider,1,7,82,15,1785.0,83.0,540.0,0.770230
insider_relax,1,7,82,15,1785.0,83.0,540.0,0.902727
fastmultrec_greedy,1,7,82,15,1848.0,96.0,408.0,2.895799
lcamap,1,7,82,15,1976.0,107.0,371.0,0.053273
segdup,1,7,82,20,2479,104,399,100.570451
insider,1,7,82,20,2195.0,79.0,615.0,3.055421
insider_relax,1,7,82,20,2195.0,79.0,615.0,4.813886
fastmultrec_greedy,1,7,82,20,2328.0,96.0,408.0,2.884972
lcamap,1,7,82,20,2511.0,107.0,371.0,0.052780
segdup,1,8,82,5,310,44,90,48.196049
insider,1,8,82,5,310.0,44.0,90.0,0.077893
insider_relax,1,8,82,5,310.0,44.0,90.0,0.097442
fastmultrec_greedy,1,8,82,5,310.0,44.0,90.0,0.144858
lcamap,1,8,82,5,310.0,44.0,90.0,0.023375
segdup,1,8,82,10,530,44,90,44.415014
insider,1,8,82,10,518.0,41.0,108.0,0.130195
insider_relax,1,8,82,10,518.0,41.0,108.0,0.195570
fastmultrec_greedy,1,8,82,10,526.0,43.0,96.0,0.244171
lcamap,1,8,82,10,530.0,44.0,90.0,0.023997
segdup,1,8,82,15,741,43,96,43.941488
insider,1,8,82,15,723.0,40.0,123.0,0.400203
insider_relax,1,8,82,15,723.0,40.0,123.0,0.479462
fastmultrec_greedy,1,8,82,15,741.0,43.0,96.0,0.246644
lcamap,1,8,82,15,750.0,44.0,90.0,0.025235
segdup,1,8,82,20,956,43,96,40.857364
insider,1,8,82,20,920.0,38.0,160.0,2.204990
insider_relax,1,8,82,20,920.0,38.0,160.0,6.029820
fastmultrec_greedy,1,8,82,20,956.0,43.0,96.0,0.243206
lcamap,1,8,82,20,970.0,44.0,90.0,0.024456
segdup,1,9,82,5,117,19,22,66.326921
insider,1,9,82,5,117.0,19.0,22.0,0.069808
insider_relax,1,9,82,5,117.0,19.0,22.0,0.078314
fastmultrec_greedy,1,9,82,5,117.0,19.0,22.0,0.156658
lcamap,1,9,82,5,117.0,19.0,22.0,0.028065
segdup,1,9,82,10,212,19,22,65.544417
insider,1,9,82,10,212.0,19.0,22.0,0.081303
insider_relax,1,9,82,10,212.0,19.0,22.0,0.105268
fastmultrec_greedy,1,9,82,10,212.0,19.0,22.0,0.156316
lcamap,1,9,82,10,212.0,19.0,22.0,0.030230
segdup,1,9,82,15,307,19,22,61.840055
insider,1,9,82,15,307.0,19.0,22.0,0.113587
insider_relax,1,9,82,15,307.0,19.0,22.0,0.123910
fastmultrec_greedy,1,9,82,15,307.0,19.0,22.0,0.156264
lcamap,1,9,82,15,307.0,19.0,22.0,0.028384
segdup,1,9,82,20,402,19,22,48.317395
insider,1,9,82,20,402.0,19.0,22.0,0.238659
insider_relax,1,9,82,20,402.0,19.0,22.0,0.305586
fastmultrec_greedy,1,9,82,20,402.0,19.0,22.0,0.156956
lcamap,1,9,82,20,402.0,19.0,22.0,0.027870
segdup,1,10,82,5,5,1,0,142.790509
insider,1,10,82,5,5.0,1.0,0.0,0.085138
insider_relax,1,10,82,5,5.0,1.0,0.0,0.091939
fastmultrec_greedy,1,10,82,5,5.0,1.0,0.0,0.270628
lcamap,1,10,82,5,5.0,1.0,0.0,0.049962
segdup,1,10,82,10,10,1,0,139.769848
insider,1,10,82,10,10.0,1.0,0.0,0.085367
insider_relax,1,10,82,10,10.0,1.0,0.0,0.089250
fastmultrec_greedy,1,10,82,10,10.0,1.0,0.0,0.269267
lcamap,1,10,82,10,10.0,1.0,0.0,0.052322
segdup,1,10,82,15,15,1,0,83.861614
insider,1,10,82,15,15.0,1.0,0.0,0.085642
insider_relax,1,10,82,15,15.0,1.0,0.0,0.090934
fastmultrec_greedy,1,10,82,15,15.0,1.0,0.0,0.271977
lcamap,1,10,82,15,15.0,1.0,0.0,0.051152
segdup,1,10,82,20,20,1,0,78.920825
insider,1,10,82,20,20.0,1.0,0.0,0.084905
insider_relax,1,10,82,20,20.0,1.0,0.0,0.090491
fastmultrec_greedy,1,10,82,20,20.0,1.0,0.0,0.271175
lcamap,1,10,82,20,20.0,1.0,0.0,0.052789
segdup,1,11,82,5,5,1,0,127.814263
insider,1,11,82,5,5.0,1.0,0.0,0.086356
insider_relax,1,11,82,5,5.0,1.0,0.0,0.088919
fastmultrec_greedy,1,11,82,5,5.0,1.0,0.0,0.302558
lcamap,1,11,82,5,5.0,1.0,0.0,0.048942
segdup,1,11,82,10,10,1,0,113.177258
insider,1,11,82,10,10.0,1.0,0.0,0.086458
insider_relax,1,11,82,10,10.0,1.0,0.0,0.086287
fastmultrec_greedy,1,11,82,10,10.0,1.0,0.0,0.294986
lcamap,1,11,82,10,10.0,1.0,0.0,0.047146
segdup,1,11,82,15,15,1,0,109.582152
insider,1,11,82,15,15.0,1.0,0.0,0.084595
insider_relax,1,11,82,15,15.0,1.0,0.0,0.088450
fastmultrec_greedy,1,11,82,15,15.0,1.0,0.0,0.303369
lcamap,1,11,82,15,15.0,1.0,0.0,0.049841
segdup,1,11,82,20,20,1,0,77.347480
insider,1,11,82,20,20.0,1.0,0.0,0.082435
insider_relax,1,11,82,20,20.0,1.0,0.0,0.089348
fastmultrec_greedy,1,11,82,20,20.0,1.0,0.0,0.297199
lcamap,1,11,82,20,20.0,1.0,0.0,0.048581
segdup,2,7,82,5,2773,169,1928,255.353318
insider,2,7,82,5,2734.0,151.0,1979.0,0.324863
insider_relax,2,7,82,5,2734.0,152.0,1974.0,0.356943
fastmultrec_greedy,2,7,82,5,2735.0,154.0,1965.0,6.829919
lcamap,2,7,82,5,2773.0,169.0,1928.0,0.084770
segdup,2,7,82,10,3615,168,1935,258.671909
insider,2,7,82,10,3438.0,135.0,2088.0,0.538285
insider_relax,2,7,82,10,3438.0,134.0,2098.0,0.641119
fastmultrec_greedy,2,7,82,10,3477.0,146.0,2017.0,10.943467
lcamap,2,7,82,10,3618.0,169.0,1928.0,0.083264
segdup,2,7,82,15,4461,168,1941,258.955999
insider,2,7,82,15,4097.0,127.0,2192.0,1.024007
insider_relax,2,7,82,15,4097.0,127.0,2192.0,1.382917
fastmultrec_greedy,2,7,82,15,4198.0,143.0,2053.0,12.147116
lcamap,2,7,82,15,4463.0,169.0,1928.0,0.084238
segdup,2,7,82,20,5303,167,1963,245.025803
insider,2,7,82,20,4713.0,120.0,2313.0,3.000776
insider_relax,2,7,82,20,4713.0,120.0,2313.0,5.611992
fastmultrec_greedy,2,7,82,20,4904.0,141.0,2084.0,13.019655
lcamap,2,7,82,20,5308.0,169.0,1928.0,0.083485
segdup,2,8,82,5,1064,112,504,187.123405
insider,2,8,82,5,1050.0,105.0,525.0,0.299680
insider_relax,2,8,82,5,1050.0,105.0,525.0,0.346953
fastmultrec_greedy,2,8,82,5,1050.0,105.0,525.0,3.146495
lcamap,2,8,82,5,1064.0,112.0,504.0,0.088239
segdup,2,8,82,10,1624,112,504,186.129954
insider,2,8,82,10,1552.0,97.0,582.0,0.515411
insider_relax,2,8,82,10,1552.0,97.0,582.0,0.614049
fastmultrec_greedy,2,8,82,10,1571.0,104.0,531.0,3.571410
lcamap,2,8,82,10,1624.0,112.0,504.0,0.088469
segdup,2,8,82,15,2184,112,504,174.764340
insider,2,8,82,15,2031.0,94.0,621.0,1.090973
insider_relax,2,8,82,15,2031.0,94.0,621.0,1.327997
fastmultrec_greedy,2,8,82,15,2088.0,103.0,543.0,3.972381
lcamap,2,8,82,15,2184.0,112.0,504.0,0.090681
segdup,2,8,82,20,2744,112,504,175.940140
insider,2,8,82,20,2493.0,90.0,693.0,3.412000
insider_relax,2,8,82,20,2493.0,90.0,693.0,4.906858
fastmultrec_greedy,2,8,82,20,2603.0,103.0,543.0,3.979761
lcamap,2,8,82,20,2744.0,112.0,504.0,0.091784
segdup,2,9,82,5,44,8,4,199.594391
insider,2,9,82,5,44.0,8.0,4.0,0.142734
insider_relax,2,9,82,5,44.0,8.0,4.0,0.141727
fastmultrec_greedy,2,9,82,5,44.0,8.0,4.0,0.426706
lcamap,2,9,82,5,44.0,8.0,4.0,0.081156
segdup,2,9,82,10,83,7,13,200.778787
insider,2,9,82,10,83.0,7.0,13.0,0.143302
insider_relax,2,9,82,10,83.0,7.0,13.0,0.136379
fastmultrec_greedy,2,9,82,10,84.0,8.0,4.0,0.427833
lcamap,2,9,82,10,84.0,8.0,4.0,0.078052
segdup,2,9,82,15,118,7,13,173.082640
insider,2,9,82,15,118.0,7.0,13.0,0.145180
insider_relax,2,9,82,15,118.0,7.0,13.0,0.138079
fastmultrec_greedy,2,9,82,15,124.0,8.0,4.0,0.419303
lcamap,2,9,82,15,124.0,8.0,4.0,0.079043
segdup,2,9,82,20,164,8,4,160.291521
insider,2,9,82,20,153.0,7.0,13.0,0.146616
insider_relax,2,9,82,20,153.0,7.0,13.0,0.142101
fastmultrec_greedy,2,9,82,20,164.0,8.0,4.0,0.422437
lcamap,2,9,82,20,164.0,8.0,4.0,0.076931
segdup,2,10,82,5,17,3,2,314.647998
insider,2,10,82,5,17.0,3.0,2.0,0.164538
insider_relax,2,10,82,5,17.0,3.0,2.0,0.172920
fastmultrec_greedy,2,10,82,5,17.0,3.0,2.0,0.598070
lcamap,2,10,82,5,17.0,3.0,2.0,0.096137
segdup,2,10,82,10,32,3,2,292.191732
insider,2,10,82,10,32.0,3.0,2.0,0.172477
insider_relax,2,10,82,10,32.0,3.0,2.0,0.168434
fastmultrec_greedy,2,10,82,10,32.0,3.0,2.0,0.601060
lcamap,2,10,82,10,32.0,3.0,2.0,0.094174
segdup,2,10,82,15,47,3,2,163.044667
insider,2,10,82,15,47.0,3.0,2.0,0.173619
insider_relax,2,10,82,15,47.0,3.0,2.0,0.168148
fastmultrec_greedy,2,10,82,15,47.0,3.0,2.0,0.605909
lcamap,2,10,82,15,47.0,3.0,2.0,0.093418
segdup,2,10,82,20,62,3,2,214.630902
insider,2,10,82,20,62.0,3.0,2.0,0.174182
insider_relax,2,10,82,20,62.0,3.0,2.0,0.175152
fastmultrec_greedy,2,10,82,20,62.0,3.0,2.0,0.601406
lcamap,2,10,82,20,62.0,3.0,2.0,0.095889
segdup,1,7,83,5,1605,165,780,176.318943
insider,1,7,83,5,1585.0,155.0,810.0,0.255555
insider_relax,1,7,83,5,1585.0,155.0,810.0,0.286709
fastmultrec_greedy,1,7,83,5,1586.0,156.0,806.0,4.367894
lcamap,1,7,83,5,1605.0,165.0,780.0,0.084876
segdup,1,7,83,10,2430,165,780,171.606686
insider,1,7,83,10,2331.0,144.0,891.0,0.444756
insider_relax,1,7,83,10,2331.0,144.0,891.0,0.519005
fastmultrec_greedy,1,7,83,10,2350.0,151.0,840.0,5.983999
lcamap,1,7,83,10,2430.0,165.0,780.0,0.082506
segdup,1,7,83,15,3255,165,780,169.527912
insider,1,7,83,15,3036.0,136.0,996.0,1.037440
insider_relax,1,7,83,15,3036.0,136.0,996.0,1.213730
fastmultrec_greedy,1,7,83,15,3102.0,150.0,852.0,6.373888
lcamap,1,7,83,15,3255.0,165.0,780.0,0.085883
segdup,1,7,83,20,4080,165,780,167.996491
insider,1,7,83,20,3715.0,135.0,1015.0,2.514564
insider_relax,1,7,83,20,3715.0,135.0,1015.0,3.402174
fastmultrec_greedy,1,7,83,20,3852.0,150.0,852.0,6.364685
lcamap,1,7,83,20,4080.0,165.0,780.0,0.085561
segdup,1,8,83,5,644,83,229,96.154041
insider,1,8,83,5,642.0,82.0,232.0,0.147148
insider_relax,1,8,83,5,642.0,82.0,232.0,0.180631
fastmultrec_greedy,1,8,83,5,642.0,82.0,232.0,0.439316
lcamap,1,8,83,5,644.0,83.0,229.0,0.052632
segdup,1,8,83,10,1059,83,229,92.919520
insider,1,8,83,10,1039.0,78.0,259.0,0.253446
insider_relax,1,8,83,10,1039.0,78.0,259.0,0.323765
fastmultrec_greedy,1,8,83,10,1052.0,82.0,232.0,0.430413
lcamap,1,8,83,10,1059.0,83.0,229.0,0.051621
segdup,1,8,83,15,1474,83,229,88.383991
insider,1,8,83,15,1420.0,73.0,325.0,0.683876
insider_relax,1,8,83,15,1420.0,73.0,325.0,0.965062
fastmultrec_greedy,1,8,83,15,1462.0,82.0,232.0,0.433200
lcamap,1,8,83,15,1474.0,83.0,229.0,0.050598
segdup,1,8,83,20,1879,82,239,87.683242
insider,1,8,83,20,1774.0,68.0,414.0,5.694384
insider_relax,1,8,83,20,1774.0,68.0,414.0,16.015536
fastmultrec_greedy,1,8,83,20,1872.0,82.0,232.0,0.434108
lcamap,1,8,83,20,1889.0,83.0,229.0,0.049739
segdup,1,9,83,5,23,4,3,87.838638
insider,1,9,83,5,23.0,4.0,3.0,0.063147
insider_relax,1,9,83,5,23.0,4.0,3.0,0.069499
fastmultrec_greedy,1,9,83,5,23.0,4.0,3.0,0.239562
lcamap,1,9,83,5,23.0,4.0,3.0,0.038123
segdup,1,9,83,10,43,4,3,85.319762
insider,1,9,83,10,43.0,4.0,3.0,0.068743
insider_relax,1,9,83,10,43.0,4.0,3.0,0.072694
fastmultrec_greedy,1,9,83,10,43.0,4.0,3.0,0.233302
lcamap,1,9,83,10,43.0,4.0,3.0,0.039177
segdup,1,9,83,15,63,4,3,79.208907
insider,1,9,83,15,63.0,4.0,3.0,0.072386
insider_relax,1,9,83,15,63.0,4.0,3.0,0.072415
fastmultrec_greedy,1,9,83,15,63.0,4.0,3.0,0.235548
lcamap,1,9,83,15,63.0,4.0,3.0,0.039393
segdup,1,9,83,20,83,4,3,54.132350
insider,1,9,83,20,83.0,4.0,3.0,0.071879
insider_relax,1,9,83,20,83.0,4.0,3.0,0.078113
fastmultrec_greedy,1,9,83,20,83.0,4.0,3.0,0.231590
lcamap,1,9,83,20,83.0,4.0,3.0,0.038104
segdup,1,10,83,5,6,1,1,132.301391
insider,1,10,83,5,6.0,1.0,1.0,0.095356
insider_relax,1,10,83,5,6.0,1.0,1.0,0.097624
fastmultrec_greedy,1,10,83,5,6.0,1.0,1.0,0.320942
lcamap,1,10,83,5,6.0,1.0,1.0,0.058238
segdup,1,10,83,10,11,1,1,114.239544
insider,1,10,83,10,11.0,1.0,1.0,0.092692
insider_relax,1,10,83,10,11.0,1.0,1.0,0.097323
fastmultrec_greedy,1,10,83,10,11.0,1.0,1.0,0.320203
lcamap,1,10,83,10,11.0,1.0,1.0,0.058916
segdup,1,10,83,15,16,1,1,115.332961
insider,1,10,83,15,16.0,1.0,1.0,0.092493
insider_relax,1,10,83,15,16.0,1.0,1.0,0.097463
fastmultrec_greedy,1,10,83,15,16.0,1.0,1.0,0.328679
lcamap,1,10,83,15,16.0,1.0,1.0,0.059263
segdup,1,10,83,20,21,1,1,78.818395
insider,1,10,83,20,21.0,1.0,1.0,0.093635
insider_relax,1,10,83,20,21.0,1.0,1.0,0.100029
fastmultrec_greedy,1,10,83,20,21.0,1.0,1.0,0.324575
lcamap,1,10,83,20,21.0,1.0,1.0,0.059801
segdup,1,11,83,5,15,3,0,173.687775
insider,1,11,83,5,15.0,3.0,0.0,0.116306
insider_relax,1,11,83,5,15.0,3.0,0.0,0.109095
fastmultrec_greedy,1,11,83,5,15.0,3.0,0.0,0.377925
lcamap,1,11,83,5,15.0,3.0,0.0,0.067975
segdup,1,11,83,10,30,3,0,165.283005
insider,1,11,83,10,30.0,3.0,0.0,0.114787
insider_relax,1,11,83,10,30.0,3.0,0.0,0.113340
fastmultrec_greedy,1,11,83,10,30.0,3.0,0.0,0.380872
lcamap,1,11,83,10,30.0,3.0,0.0,0.075654
segdup,1,11,83,15,45,3,0,102.404652
insider,1,11,83,15,45.0,3.0,0.0,0.112566
insider_relax,1,11,83,15,45.0,3.0,0.0,0.114668
fastmultrec_greedy,1,11,83,15,45.0,3.0,0.0,0.380247
lcamap,1,11,83,15,45.0,3.0,0.0,0.070295
segdup,1,11,83,20,60,3,0,95.969679
insider,1,11,83,20,60.0,3.0,0.0,0.117833
insider_relax,1,11,83,20,60.0,3.0,0.0,0.117599
fastmultrec_greedy,1,11,83,20,60.0,3.0,0.0,0.372313
lcamap,1,11,83,20,60.0,3.0,0.0,0.069380
segdup,2,7,83,5,1959,122,1349,201.909634
insider,2,7,83,5,1940.0,113.0,1375.0,0.227490
insider_relax,2,7,83,5,1940.0,112.0,1380.0,0.233409
fastmultrec_greedy,2,7,83,5,1941.0,114.0,1371.0,2.389754
lcamap,2,7,83,5,1959.0,122.0,1349.0,0.063084
segdup,2,7,83,10,2569,122,1349,197.967064
insider,2,7,83,10,2483.0,102.0,1463.0,0.334584
insider_relax,2,7,83,10,2483.0,102.0,1463.0,0.390240
fastmultrec_greedy,2,7,83,10,2499.0,109.0,1409.0,4.284601
lcamap,2,7,83,10,2569.0,122.0,1349.0,0.062281
segdup,2,7,83,15,3179,122,1349,196.589644
insider,2,7,83,15,2986.0,97.0,1531.0,0.561585
insider_relax,2,7,83,15,2986.0,97.0,1531.0,0.604034
fastmultrec_greedy,2,7,83,15,3042.0,108.0,1422.0,4.564318
lcamap,2,7,83,15,3179.0,122.0,1349.0,0.063342
segdup,2,7,83,20,3789,122,1349,194.989426
insider,2,7,83,20,3462.0,93.0,1602.0,1.113974
insider_relax,2,7,83,20,3462.0,93.0,1602.0,1.419888
fastmultrec_greedy,2,7,83,20,3582.0,108.0,1422.0,4.600050
lcamap,2,7,83,20,3789.0,122.0,1349.0,0.062863
segdup,2,8,83,5,1402,127,767,246.048947
insider,2,8,83,5,1398.0,125.0,773.0,0.322347
insider_relax,2,8,83,5,1398.0,125.0,773.0,0.348053
fastmultrec_greedy,2,8,83,5,1398.0,125.0,773.0,1.507971
lcamap,2,8,83,5,1402.0,127.0,767.0,0.099658
segdup,2,8,83,10,2037,127,767,232.292637
insider,2,8,83,10,2008.0,120.0,808.0,0.665382
insider_relax,2,8,83,10,2008.0,119.0,818.0,0.866221
fastmultrec_greedy,2,8,83,10,2019.0,124.0,779.0,1.989038
lcamap,2,8,83,10,2037.0,127.0,767.0,0.102042
segdup,2,8,83,15,2672,127,767,234.634363
insider,2,8,83,15,2587.0,111.0,922.0,1.874122
insider_relax,2,8,83,15,2587.0,111.0,922.0,2.376330
fastmultrec_greedy,2,8,83,15,2636.0,123.0,791.0,2.526235
lcamap,2,8,83,15,2672.0,127.0,767.0,0.102773
segdup,2,8,83,20,3307,127,767,228.093416
insider,2,8,83,20,3128.0,104.0,1048.0,5.099328
insider_relax,2,8,83,20,3128.0,104.0,1048.0,7.813247
fastmultrec_greedy,2,8,83,20,3246.0,122.0,806.0,3.041203
lcamap,2,8,83,20,3307.0,127.0,767.0,0.099298
segdup,2,9,83,5,23,4,3,296.702801
insider,2,9,83,5,23.0,4.0,3.0,0.194328
insider_relax,2,9,83,5,23.0,4.0,3.0,0.179287
fastmultrec_greedy,2,9,83,5,23.0,4.0,3.0,0.593573
lcamap,2,9,83,5,23.0,4.0,3.0,0.099633
segdup,2,9,83,10,43,4,3,270.513920
insider,2,9,83,10,43.0,4.0,3.0,0.179555
insider_relax,2,9,83,10,43.0,4.0,3.0,0.179661
fastmultrec_greedy,2,9,83,10,43.0,4.0,3.0,0.591975
lcamap,2,9,83,10,43.0,4.0,3.0,0.098982
segdup,2,9,83,15,63,4,3,272.228030
insider,2,9,83,15,63.0,4.0,3.0,0.183040
insider_relax,2,9,83,15,63.0,4.0,3.0,0.178570
fastmultrec_greedy,2,9,83,15,63.0,4.0,3.0,0.596983
lcamap,2,9,83,15,63.0,4.0,3.0,0.101546
segdup,2,9,83,20,83,4,3,275.250216
insider,2,9,83,20,83.0,4.0,3.0,0.176092
insider_relax,2,9,83,20,83.0,4.0,3.0,0.170655
fastmultrec_greedy,2,9,83,20,83.0,4.0,3.0,0.599121
lcamap,2,9,83,20,83.0,4.0,3.0,0.098058
segdup,2,10,83,5,11,2,1,234.822459
insider,2,10,83,5,11.0,2.0,1.0,0.155611
insider_relax,2,10,83,5,11.0,2.0,1.0,0.162410
fastmultrec_greedy,2,10,83,5,11.0,2.0,1.0,0.495943
lcamap,2,10,83,5,11.0,2.0,1.0,0.093184
segdup,2,10,83,10,21,2,1,217.787127
insider,2,10,83,10,21.0,2.0,1.0,0.158967
insider_relax,2,10,83,10,21.0,2.0,1.0,0.159975
fastmultrec_greedy,2,10,83,10,21.0,2.0,1.0,0.499435
lcamap,2,10,83,10,21.0,2.0,1.0,0.098730
segdup,2,10,83,15,31,2,1,105.236771
insider,2,10,83,15,31.0,2.0,1.0,0.164660
insider_relax,2,10,83,15,31.0,2.0,1.0,0.156939
fastmultrec_greedy,2,10,83,15,31.0,2.0,1.0,0.498993
lcamap,2,10,83,15,31.0,2.0,1.0,0.094042
segdup,2,10,83,20,41,2,1,101.374898
insider,2,10,83,20,41.0,2.0,1.0,0.163944
insider_relax,2,10,83,20,41.0,2.0,1.0,0.164450
fastmultrec_greedy,2,10,83,20,41.0,2.0,1.0,0.494574
lcamap,2,10,83,20,41.0,2.0,1.0,0.092084
segdup,2,11,83,5,20,4,0,207.388733
insider,2,11,83,5,20.0,4.0,0.0,0.136310
insider_relax,2,11,83,5,20.0,4.0,0.0,0.135690
fastmultrec_greedy,2,11,83,5,20.0,4.0,0.0,0.450378
lcamap,2,11,83,5,20.0,4.0,0.0,0.081820
segdup,2,11,83,10,40,4,0,195.005795
insider,2,11,83,10,40.0,4.0,0.0,0.135850
insider_relax,2,11,83,10,40.0,4.0,0.0,0.138717
fastmultrec_greedy,2,11,83,10,40.0,4.0,0.0,0.452966
lcamap,2,11,83,10,40.0,4.0,0.0,0.082988
segdup,2,11,83,15,60,4,0,186.539351
insider,2,11,83,15,60.0,4.0,0.0,0.140041
insider_relax,2,11,83,15,60.0,4.0,0.0,0.134069
fastmultrec_greedy,2,11,83,15,60.0,4.0,0.0,0.456941
lcamap,2,11,83,15,60.0,4.0,0.0,0.083384
segdup,2,11,83,20,80,4,0,155.447943
insider,2,11,83,20,80.0,4.0,0.0,0.142701
insider_relax,2,11,83,20,80.0,4.0,0.0,0.132523
fastmultrec_greedy,2,11,83,20,80.0,4.0,0.0,0.452454
lcamap,2,11,83,20,80.0,4.0,0.0,0.082533
segdup,1,7,84,5,4309,286,2879,262.173722
insider,1,7,84,5,4242.0,255.0,2967.0,0.318814
insider_relax,1,7,84,5,4242.0,251.0,2987.0,0.357612
fastmultrec_greedy,1,7,84,5,4245.0,258.0,2955.0,12.682525
lcamap,1,7,84,5,4309.0,286.0,2879.0,0.093551
segdup,1,7,84,10,5739,286,2879,263.655214
insider,1,7,84,10,5453.0,232.0,3133.0,0.595799
insider_relax,1,7,84,10,5453.0,231.0,3143.0,0.746379
fastmultrec_greedy,1,7,84,10,5513.0,250.0,3013.0,16.981550
lcamap,1,7,84,10,5739.0,286.0,2879.0,0.095912
segdup,1,7,84,15,7164,285,2889,254.640124
insider,1,7,84,15,6587.0,222.0,3257.0,1.748295
insider_relax,1,7,84,15,6587.0,221.0,3272.0,2.540231
fastmultrec_greedy,1,7,84,15,6753.0,245.0,3078.0,19.919331
lcamap,1,7,84,15,7169.0,286.0,2879.0,0.092095
segdup,1,7,84,20,8599,286,2879,262.118316
insider,1,7,84,20,7667.0,208.0,3507.0,5.318879
insider_relax,1,7,84,20,7667.0,210.0,3467.0,7.897664
fastmultrec_greedy,1,7,84,20,7976.0,244.0,3096.0,20.299801
lcamap,1,7,84,20,8599.0,286.0,2879.0,0.094913
segdup,1,8,84,5,512,69,167,87.469194
insider,1,8,84,5,510.0,68.0,170.0,0.138881
insider_relax,1,8,84,5,510.0,68.0,170.0,0.168610
fastmultrec_greedy,1,8,84,5,510.0,68.0,170.0,0.487048
lcamap,1,8,84,5,512.0,69.0,167.0,0.047412
segdup,1,8,84,10,850,68,170,86.433621
insider,1,8,84,10,836.0,63.0,206.0,0.230262
insider_relax,1,8,84,10,836.0,63.0,206.0,0.287435
fastmultrec_greedy,1,8,84,10,850.0,68.0,170.0,0.480173
lcamap,1,8,84,10,857.0,69.0,167.0,0.047371
segdup,1,8,84,15,1190,68,170,81.032025
insider,1,8,84,15,1151.0,63.0,206.0,0.450087
insider_relax,1,8,84,15,1151.0,63.0,206.0,0.541162
fastmultrec_greedy,1,8,84,15,1190.0,68.0,170.0,0.476515
lcamap,1,8,84,15,1202.0,69.0,167.0,0.046193
segdup,1,8,84,20,1530,68,170,78.415184
insider,1,8,84,20,1459.0,61.0,239.0,1.588597
insider_relax,1,8,84,20,1459.0,61.0,239.0,2.710954
fastmultrec_greedy,1,8,84,20,1530.0,68.0,170.0,0.487624
lcamap,1,8,84,20,1547.0,69.0,167.0,0.047486
segdup,1,9,84,5,20,3,5,57.334616
insider,1,9,84,5,20.0,3.0,5.0,0.049052
insider_relax,1,9,84,5,20.0,3.0,5.0,0.039836
fastmultrec_greedy,1,9,84,5,20.0,3.0,5.0,0.112155
lcamap,1,9,84,5,20.0,3.0,5.0,0.019594
segdup,1,9,84,10,35,3,5,55.056190
insider,1,9,84,10,35.0,3.0,5.0,0.039910
insider_relax,1,9,84,10,35.0,3.0,5.0,0.043089
fastmultrec_greedy,1,9,84,10,35.0,3.0,5.0,0.111277
lcamap,1,9,84,10,35.0,3.0,5.0,0.020482
segdup,1,9,84,15,50,3,5,49.190706
insider,1,9,84,15,50.0,3.0,5.0,0.041645
insider_relax,1,9,84,15,50.0,3.0,5.0,0.040459
fastmultrec_greedy,1,9,84,15,50.0,3.0,5.0,0.111834
lcamap,1,9,84,15,50.0,3.0,5.0,0.019434
segdup,1,9,84,20,65,3,5,33.638480
insider,1,9,84,20,65.0,3.0,5.0,0.046190
insider_relax,1,9,84,20,65.0,3.0,5.0,0.040580
fastmultrec_greedy,1,9,84,20,65.0,3.0,5.0,0.115035
lcamap,1,9,84,20,65.0,3.0,5.0,0.020707
segdup,1,10,84,5,15,3,0,60.305021
insider,1,10,84,5,15.0,3.0,0.0,0.045118
insider_relax,1,10,84,5,15.0,3.0,0.0,0.045370
fastmultrec_greedy,1,10,84,5,15.0,3.0,0.0,0.113592
lcamap,1,10,84,5,15.0,3.0,0.0,0.022777
segdup,1,10,84,10,30,3,0,62.240328
insider,1,10,84,10,30.0,3.0,0.0,0.047780
insider_relax,1,10,84,10,30.0,3.0,0.0,0.047448
fastmultrec_greedy,1,10,84,10,30.0,3.0,0.0,0.113938
lcamap,1,10,84,10,30.0,3.0,0.0,0.023542
segdup,1,10,84,15,45,3,0,50.124998
insider,1,10,84,15,45.0,3.0,0.0,0.050279
insider_relax,1,10,84,15,45.0,3.0,0.0,0.045710
fastmultrec_greedy,1,10,84,15,45.0,3.0,0.0,0.112947
lcamap,1,10,84,15,45.0,3.0,0.0,0.022255
segdup,1,10,84,20,60,3,0,34.251860
insider,1,10,84,20,60.0,3.0,0.0,0.048297
insider_relax,1,10,84,20,60.0,3.0,0.0,0.047606
fastmultrec_greedy,1,10,84,20,60.0,3.0,0.0,0.112868
lcamap,1,10,84,20,60.0,3.0,0.0,0.022847
segdup,1,11,84,5,10,2,0,84.349869
insider,1,11,84,5,10.0,2.0,0.0,0.055210
insider_relax,1,11,84,5,10.0,2.0,0.0,0.058502
fastmultrec_greedy,1,11,84,5,10.0,2.0,0.0,0.169679
lcamap,1,11,84,5,10.0,2.0,0.0,0.029718
segdup,1,11,84,10,20,2,0,77.590209
insider,1,11,84,10,20.0,2.0,0.0,0.057321
insider_relax,1,11,84,10,20.0,2.0,0.0,0.061787
fastmultrec_greedy,1,11,84,10,20.0,2.0,0.0,0.176554
lcamap,1,11,84,10,20.0,2.0,0.0,0.030588
segdup,1,11,84,15,30,2,0,45.137395
insider,1,11,84,15,30.0,2.0,0.0,0.054243
insider_relax,1,11,84,15,30.0,2.0,0.0,0.059101
fastmultrec_greedy,1,11,84,15,30.0,2.0,0.0,0.170948
lcamap,1,11,84,15,30.0,2.0,0.0,0.030232
segdup,1,11,84,20,40,2,0,45.091345
insider,1,11,84,20,40.0,2.0,0.0,0.060114
insider_relax,1,11,84,20,40.0,2.0,0.0,0.060615
fastmultrec_greedy,1,11,84,20,40.0,2.0,0.0,0.172537
lcamap,1,11,84,20,40.0,2.0,0.0,0.032967
segdup,2,7,84,5,1507,139,812,403.128096
insider,2,7,84,5,1498.0,133.0,833.0,0.475244
insider_relax,2,7,84,5,1498.0,133.0,833.0,0.510811
fastmultrec_greedy,2,7,84,5,1498.0,134.0,828.0,5.874633
lcamap,2,7,84,5,1507.0,139.0,812.0,0.170209
segdup,2,7,84,10,2202,139,812,404.413743
insider,2,7,84,10,2145.0,125.0,895.0,0.716396
insider_relax,2,7,84,10,2145.0,125.0,895.0,0.820112
fastmultrec_greedy,2,7,84,10,2158.0,131.0,848.0,8.992192
lcamap,2,7,84,10,2202.0,139.0,812.0,0.175484
segdup,2,7,84,15,2897,139,812,418.061035
insider,2,7,84,15,2761.0,119.0,976.0,1.183913
insider_relax,2,7,84,15,2761.0,119.0,976.0,1.335551
fastmultrec_greedy,2,7,84,15,2810.0,130.0,860.0,9.978102
lcamap,2,7,84,15,2897.0,139.0,812.0,0.173482
segdup,2,7,84,20,3592,139,812,420.777197
insider,2,7,84,20,3340.0,113.0,1080.0,2.332774
insider_relax,2,7,84,20,3340.0,113.0,1080.0,3.286612
fastmultrec_greedy,2,7,84,20,3451.0,129.0,871.0,13.184777
lcamap,2,7,84,20,3592.0,139.0,812.0,0.173896
segdup,2,8,84,5,346,51,91,119.314010
insider,2,8,84,5,346.0,51.0,91.0,0.218931
insider_relax,2,8,84,5,346.0,51.0,91.0,0.248300
fastmultrec_greedy,2,8,84,5,346.0,51.0,91.0,0.406554
lcamap,2,8,84,5,346.0,51.0,91.0,0.073178
segdup,2,8,84,10,601,51,91,120.511382
insider,2,8,84,10,594.0,47.0,124.0,0.345475
insider_relax,2,8,84,10,594.0,47.0,124.0,0.467456
fastmultrec_greedy,2,8,84,10,601.0,51.0,91.0,0.416807
lcamap,2,8,84,10,601.0,51.0,91.0,0.071320
segdup,2,8,84,15,856,51,91,111.798387
insider,2,8,84,15,826.0,45.0,151.0,0.656728
insider_relax,2,8,84,15,826.0,45.0,151.0,0.741789
fastmultrec_greedy,2,8,84,15,856.0,51.0,91.0,0.418222
lcamap,2,8,84,15,856.0,51.0,91.0,0.077242
segdup,2,8,84,20,1111,51,91,115.177288
insider,2,8,84,20,1051.0,45.0,151.0,1.510119
insider_relax,2,8,84,20,1051.0,45.0,151.0,2.689023
fastmultrec_greedy,2,8,84,20,1111.0,51.0,91.0,0.411204
lcamap,2,8,84,20,1111.0,51.0,91.0,0.077018
segdup,2,9,84,5,38,6,8,107.806680
insider,2,9,84,5,38.0,6.0,8.0,0.097009
insider_relax,2,9,84,5,38.0,6.0,8.0,0.098999
fastmultrec_greedy,2,9,84,5,38.0,6.0,8.0,0.247498
lcamap,2,9,84,5,38.0,6.0,8.0,0.046333
segdup,2,9,84,10,68,6,8,103.164930
insider,2,9,84,10,68.0,6.0,8.0,0.100515
insider_relax,2,9,84,10,68.0,6.0,8.0,0.106130
fastmultrec_greedy,2,9,84,10,68.0,6.0,8.0,0.256136
lcamap,2,9,84,10,68.0,6.0,8.0,0.046346
segdup,2,9,84,15,98,6,8,73.615036
insider,2,9,84,15,98.0,6.0,8.0,0.099903
insider_relax,2,9,84,15,98.0,6.0,8.0,0.108163
fastmultrec_greedy,2,9,84,15,98.0,6.0,8.0,0.257902
lcamap,2,9,84,15,98.0,6.0,8.0,0.047540
segdup,2,9,84,20,128,6,8,55.872130
insider,2,9,84,20,128.0,6.0,8.0,0.101217
insider_relax,2,9,84,20,128.0,6.0,8.0,0.106022
fastmultrec_greedy,2,9,84,20,128.0,6.0,8.0,0.251867
lcamap,2,9,84,20,128.0,6.0,8.0,0.048270
segdup,2,10,84,5,11,2,1,282.663261
insider,2,10,84,5,11.0,2.0,1.0,0.169959
insider_relax,2,10,84,5,11.0,2.0,1.0,0.163379
fastmultrec_greedy,2,10,84,5,11.0,2.0,1.0,0.616503
lcamap,2,10,84,5,11.0,2.0,1.0,0.106296
segdup,2,10,84,10,21,2,1,263.210549
insider,2,10,84,10,21.0,2.0,1.0,0.164587
insider_relax,2,10,84,10,21.0,2.0,1.0,0.168267
fastmultrec_greedy,2,10,84,10,21.0,2.0,1.0,0.614006
lcamap,2,10,84,10,21.0,2.0,1.0,0.100823
segdup,2,10,84,15,31,2,1,249.810642
insider,2,10,84,15,31.0,2.0,1.0,0.172830
insider_relax,2,10,84,15,31.0,2.0,1.0,0.164862
fastmultrec_greedy,2,10,84,15,31.0,2.0,1.0,0.617228
lcamap,2,10,84,15,31.0,2.0,1.0,0.099862
segdup,2,10,84,20,41,2,1,154.151230
insider,2,10,84,20,41.0,2.0,1.0,0.172336
insider_relax,2,10,84,20,41.0,2.0,1.0,0.162640
fastmultrec_greedy,2,10,84,20,41.0,2.0,1.0,0.619800
lcamap,2,10,84,20,41.0,2.0,1.0,0.101439
segdup,1,7,85,5,5153,286,3723,306.068357
insider,1,7,85,5,5107.0,261.0,3802.0,0.317486
insider_relax,1,7,85,5,5107.0,259.0,3812.0,0.342875
fastmultrec_greedy,1,7,85,5,5108.0,264.0,3788.0,11.363096
lcamap,1,7,85,5,5153.0,286.0,3723.0,0.096933
segdup,1,7,85,10,6583,286,3723,298.737453
insider,1,7,85,10,6357.0,240.0,3957.0,0.572489
insider_relax,1,7,85,10,6357.0,238.0,3977.0,0.677717
fastmultrec_greedy,1,7,85,10,6388.0,251.0,3878.0,17.992189
lcamap,1,7,85,10,6583.0,286.0,3723.0,0.096352
segdup,1,7,85,15,8013,286,3723,300.206878
insider,1,7,85,15,7526.0,225.0,4151.0,1.504974
insider_relax,1,7,85,15,7526.0,225.0,4151.0,1.997295
fastmultrec_greedy,1,7,85,15,7628.0,246.0,3938.0,22.495349
lcamap,1,7,85,15,8013.0,286.0,3723.0,0.100314
segdup,1,7,85,20,9443,286,3723,297.538580
insider,1,7,85,20,8631.0,214.0,4351.0,5.163289
insider_relax,1,7,85,20,8631.0,212.0,4391.0,8.064822
fastmultrec_greedy,1,7,85,20,8849.0,244.0,3969.0,23.511386
lcamap,1,7,85,20,9443.0,286.0,3723.0,0.097560
segdup,1,8,85,5,369,50,119,77.494565
insider,1,8,85,5,367.0,49.0,122.0,0.112710
insider_relax,1,8,85,5,367.0,49.0,122.0,0.131310
fastmultrec_greedy,1,8,85,5,367.0,49.0,122.0,0.360115
lcamap,1,8,85,5,369.0,50.0,119.0,0.037291
segdup,1,8,85,10,612,49,122,77.352126
insider,1,8,85,10,604.0,47.0,134.0,0.214391
insider_relax,1,8,85,10,604.0,47.0,134.0,0.313951
fastmultrec_greedy,1,8,85,10,608.0,48.0,128.0,0.521120
lcamap,1,8,85,10,619.0,50.0,119.0,0.037415
segdup,1,8,85,15,857,49,122,73.555556
insider,1,8,85,15,830.0,44.0,170.0,0.562541
insider_relax,1,8,85,15,830.0,44.0,170.0,0.692110
fastmultrec_greedy,1,8,85,15,848.0,48.0,128.0,0.533263
lcamap,1,8,85,15,869.0,50.0,119.0,0.037025
segdup,1,8,85,20,1102,49,122,73.026325
insider,1,8,85,20,1044.0,42.0,204.0,1.307176
insider_relax,1,8,85,20,1044.0,42.0,204.0,2.324811
fastmultrec_greedy,1,8,85,20,1088.0,48.0,128.0,0.531740
lcamap,1,8,85,20,1119.0,50.0,119.0,0.037432
segdup,1,9,85,5,65,12,5,60.362323
insider,1,9,85,5,65.0,12.0,5.0,0.047358
insider_relax,1,9,85,5,65.0,12.0,5.0,0.053355
fastmultrec_greedy,1,9,85,5,65.0,12.0,5.0,0.103590
lcamap,1,9,85,5,65.0,12.0,5.0,0.021006
segdup,1,9,85,10,125,12,5,63.264222
insider,1,9,85,10,125.0,12.0,5.0,0.050161
insider_relax,1,9,85,10,125.0,12.0,5.0,0.059480
fastmultrec_greedy,1,9,85,10,125.0,12.0,5.0,0.106448
lcamap,1,9,85,10,125.0,12.0,5.0,0.020313
segdup,1,9,85,15,185,12,5,60.261135
insider,1,9,85,15,185.0,12.0,5.0,0.070938
insider_relax,1,9,85,15,185.0,12.0,5.0,0.063574
fastmultrec_greedy,1,9,85,15,185.0,12.0,5.0,0.104877
lcamap,1,9,85,15,185.0,12.0,5.0,0.020400
segdup,1,9,85,20,245,12,5,51.310649
insider,1,9,85,20,245.0,12.0,5.0,0.089775
insider_relax,1,9,85,20,245.0,12.0,5.0,0.086362
fastmultrec_greedy,1,9,85,20,245.0,12.0,5.0,0.104858
lcamap,1,9,85,20,245.0,12.0,5.0,0.023343
segdup,1,10,85,5,20,4,0,139.440649
insider,1,10,85,5,20.0,4.0,0.0,0.087836
insider_relax,1,10,85,5,20.0,4.0,0.0,0.093252
fastmultrec_greedy,1,10,85,5,20.0,4.0,0.0,0.243047
lcamap,1,10,85,5,20.0,4.0,0.0,0.054684
segdup,1,10,85,10,40,4,0,131.910547
insider,1,10,85,10,40.0,4.0,0.0,0.092395
insider_relax,1,10,85,10,40.0,4.0,0.0,0.103615
fastmultrec_greedy,1,10,85,10,40.0,4.0,0.0,0.246448
lcamap,1,10,85,10,40.0,4.0,0.0,0.049917
segdup,1,10,85,15,60,4,0,102.297738
insider,1,10,85,15,60.0,4.0,0.0,0.089011
insider_relax,1,10,85,15,60.0,4.0,0.0,0.095960
fastmultrec_greedy,1,10,85,15,60.0,4.0,0.0,0.248891
lcamap,1,10,85,15,60.0,4.0,0.0,0.053105
segdup,1,10,85,20,80,4,0,77.195381
insider,1,10,85,20,80.0,4.0,0.0,0.090255
insider_relax,1,10,85,20,80.0,4.0,0.0,0.100317
fastmultrec_greedy,1,10,85,20,80.0,4.0,0.0,0.246951
lcamap,1,10,85,20,80.0,4.0,0.0,0.051852
segdup,1,11,85,5,5,1,0,91.834613
insider,1,11,85,5,5.0,1.0,0.0,0.069667
insider_relax,1,11,85,5,5.0,1.0,0.0,0.070894
fastmultrec_greedy,1,11,85,5,5.0,1.0,0.0,0.232993
lcamap,1,11,85,5,5.0,1.0,0.0,0.040288
segdup,1,11,85,10,10,1,0,86.406046
insider,1,11,85,10,10.0,1.0,0.0,0.063633
insider_relax,1,11,85,10,10.0,1.0,0.0,0.067294
fastmultrec_greedy,1,11,85,10,10.0,1.0,0.0,0.232529
lcamap,1,11,85,10,10.0,1.0,0.0,0.038297
segdup,1,11,85,15,15,1,0,78.937792
insider,1,11,85,15,15.0,1.0,0.0,0.063347
insider_relax,1,11,85,15,15.0,1.0,0.0,0.068676
fastmultrec_greedy,1,11,85,15,15.0,1.0,0.0,0.234493
lcamap,1,11,85,15,15.0,1.0,0.0,0.041412
segdup,1,11,85,20,20,1,0,54.232828
insider,1,11,85,20,20.0,1.0,0.0,0.063121
insider_relax,1,11,85,20,20.0,1.0,0.0,0.068872
fastmultrec_greedy,1,11,85,20,20.0,1.0,0.0,0.232584
lcamap,1,11,85,20,20.0,1.0,0.0,0.039652
segdup,2,7,85,5,951,108,411,239.225435
insider,2,7,85,5,949.0,107.0,414.0,0.351705
insider_relax,2,7,85,5,949.0,107.0,414.0,0.393166
fastmultrec_greedy,2,7,85,5,949.0,107.0,414.0,1.165604
lcamap,2,7,85,5,951.0,108.0,411.0,0.112584
segdup,2,7,85,10,1491,108,411,244.307789
insider,2,7,85,10,1451.0,94.0,511.0,0.730018
insider_relax,2,7,85,10,1451.0,94.0,511.0,1.044970
fastmultrec_greedy,2,7,85,10,1475.0,104.0,435.0,2.887612
lcamap,2,7,85,10,1491.0,108.0,411.0,0.112156
segdup,2,7,85,15,2031,108,411,232.088800
insider,2,7,85,15,1912.0,88.0,592.0,4.127496
insider_relax,2,7,85,15,1912.0,88.0,592.0,7.015372
fastmultrec_greedy,2,7,85,15,1989.0,102.0,459.0,5.230873
lcamap,2,7,85,15,2031.0,108.0,411.0,0.117294
segdup,2,7,85,20,2571,108,411,240.255847
insider,2,7,85,20,2337.0,83.0,677.0,27.213070
insider_relax,2,7,85,20,2337.0,82.0,697.0,53.079358
fastmultrec_greedy,2,7,85,20,2499.0,102.0,459.0,5.223071
lcamap,2,7,85,20,2571.0,108.0,411.0,0.110968
segdup,2,8,85,5,372,48,132,90.751456
insider,2,8,85,5,372.0,48.0,132.0,0.154436
insider_relax,2,8,85,5,372.0,48.0,132.0,0.176910
fastmultrec_greedy,2,8,85,5,372.0,48.0,132.0,0.279785
lcamap,2,8,85,5,372.0,48.0,132.0,0.042998
segdup,2,8,85,10,612,48,132,90.936486
insider,2,8,85,10,605.0,44.0,165.0,0.278695
insider_relax,2,8,85,10,605.0,44.0,165.0,0.334911
fastmultrec_greedy,2,8,85,10,612.0,48.0,132.0,0.277387
lcamap,2,8,85,10,612.0,48.0,132.0,0.045726
segdup,2,8,85,15,852,48,132,84.871670
insider,2,8,85,15,825.0,44.0,165.0,0.462388
insider_relax,2,8,85,15,825.0,44.0,165.0,0.498995
fastmultrec_greedy,2,8,85,15,852.0,48.0,132.0,0.276287
lcamap,2,8,85,15,852.0,48.0,132.0,0.047295
segdup,2,8,85,20,1092,48,132,79.222818
insider,2,8,85,20,1045.0,44.0,165.0,1.255414
insider_relax,2,8,85,20,1045.0,44.0,165.0,1.538122
fastmultrec_greedy,2,8,85,20,1092.0,48.0,132.0,0.276421
lcamap,2,8,85,20,1092.0,48.0,132.0,0.046261
segdup,2,9,85,5,53,8,13,141.778855
insider,2,9,85,5,53.0,8.0,13.0,0.133869
insider_relax,2,9,85,5,53.0,8.0,13.0,0.141672
fastmultrec_greedy,2,9,85,5,53.0,8.0,13.0,0.407852
lcamap,2,9,85,5,53.0,8.0,13.0,0.071410
segdup,2,9,85,10,93,8,13,130.378508
insider,2,9,85,10,93.0,8.0,13.0,0.140989
insider_relax,2,9,85,10,93.0,8.0,13.0,0.149701
fastmultrec_greedy,2,9,85,10,93.0,8.0,13.0,0.406773
lcamap,2,9,85,10,93.0,8.0,13.0,0.069196
segdup,2,9,85,15,133,8,13,103.229435
insider,2,9,85,15,133.0,8.0,13.0,0.143445
insider_relax,2,9,85,15,133.0,8.0,13.0,0.149301
fastmultrec_greedy,2,9,85,15,133.0,8.0,13.0,0.411684
lcamap,2,9,85,15,133.0,8.0,13.0,0.071329
segdup,2,9,85,20,173,8,13,79.394103
insider,2,9,85,20,173.0,8.0,13.0,0.152738
insider_relax,2,9,85,20,173.0,8.0,13.0,0.152766
fastmultrec_greedy,2,9,85,20,173.0,8.0,13.0,0.406889
lcamap,2,9,85,20,173.0,8.0,13.0,0.068569
segdup,2,10,85,5,12,2,2,212.616009
insider,2,10,85,5,12.0,2.0,2.0,0.176291
insider_relax,2,10,85,5,12.0,2.0,2.0,0.177104
fastmultrec_greedy,2,10,85,5,12.0,2.0,2.0,0.731928
lcamap,2,10,85,5,12.0,2.0,2.0,0.111918
segdup,2,10,85,10,22,2,2,217.224679
insider,2,10,85,10,22.0,2.0,2.0,0.180368
insider_relax,2,10,85,10,22.0,2.0,2.0,0.177836
fastmultrec_greedy,2,10,85,10,22.0,2.0,2.0,0.727773
lcamap,2,10,85,10,22.0,2.0,2.0,0.112364
segdup,2,10,85,15,32,2,2,123.762117
insider,2,10,85,15,32.0,2.0,2.0,0.178581
insider_relax,2,10,85,15,32.0,2.0,2.0,0.165895
fastmultrec_greedy,2,10,85,15,32.0,2.0,2.0,0.749110
lcamap,2,10,85,15,32.0,2.0,2.0,0.110945
segdup,2,10,85,20,42,2,2,173.998968
insider,2,10,85,20,42.0,2.0,2.0,0.195610
insider_relax,2,10,85,20,42.0,2.0,2.0,0.188798
fastmultrec_greedy,2,10,85,20,42.0,2.0,2.0,0.718692
lcamap,2,10,85,20,42.0,2.0,2.0,0.109321
segdup,2,11,85,5,15,3,0,193.094691
insider,2,11,85,5,15.0,3.0,0.0,0.118590
insider_relax,2,11,85,5,15.0,3.0,0.0,0.125972
fastmultrec_greedy,2,11,85,5,15.0,3.0,0.0,0.384509
lcamap,2,11,85,5,15.0,3.0,0.0,0.068603
segdup,2,11,85,10,30,3,0,178.708947
insider,2,11,85,10,30.0,3.0,0.0,0.124307
insider_relax,2,11,85,10,30.0,3.0,0.0,0.130602
fastmultrec_greedy,2,11,85,10,30.0,3.0,0.0,0.380334
lcamap,2,11,85,10,30.0,3.0,0.0,0.067146
segdup,2,11,85,15,45,3,0,124.495704
insider,2,11,85,15,45.0,3.0,0.0,0.130099
insider_relax,2,11,85,15,45.0,3.0,0.0,0.131096
fastmultrec_greedy,2,11,85,15,45.0,3.0,0.0,0.385972
lcamap,2,11,85,15,45.0,3.0,0.0,0.067120
segdup,2,11,85,20,60,3,0,78.430110
insider,2,11,85,20,60.0,3.0,0.0,0.124771
insider_relax,2,11,85,20,60.0,3.0,0.0,0.130363
fastmultrec_greedy,2,11,85,20,60.0,3.0,0.0,0.395760
lcamap,2,11,85,20,60.0,3.0,0.0,0.068187
segdup,1,7,86,5,652,75,277,73.643484
insider,1,7,86,5,642.0,70.0,292.0,0.113524
insider_relax,1,7,86,5,642.0,70.0,292.0,0.120506
fastmultrec_greedy,1,7,86,5,642.0,70.0,292.0,0.773034
lcamap,1,7,86,5,652.0,75.0,277.0,0.035492
segdup,1,7,86,10,1003,71,293,78.648515
insider,1,7,86,10,983.0,65.0,333.0,0.168093
insider_relax,1,7,86,10,983.0,65.0,333.0,0.187928
fastmultrec_greedy,1,7,86,10,989.0,69.0,299.0,0.895974
lcamap,1,7,86,10,1027.0,75.0,277.0,0.033264
segdup,1,7,86,15,1356,71,291,74.919024
insider,1,7,86,15,1305.0,64.0,345.0,0.267182
insider_relax,1,7,86,15,1305.0,64.0,345.0,0.333606
fastmultrec_greedy,1,7,86,15,1323.0,67.0,318.0,1.752726
lcamap,1,7,86,15,1402.0,75.0,277.0,0.034544
segdup,1,7,86,20,1715,71,295,75.681302
insider,1,7,86,20,1623.0,62.0,383.0,0.493711
insider_relax,1,7,86,20,1623.0,62.0,383.0,0.635546
fastmultrec_greedy,1,7,86,20,1658.0,67.0,318.0,1.744069
lcamap,1,7,86,20,1777.0,75.0,277.0,0.033850
segdup,1,8,86,5,530,64,210,70.859059
insider,1,8,86,5,530.0,64.0,210.0,0.116089
insider_relax,1,8,86,5,530.0,63.0,215.0,0.131214
fastmultrec_greedy,1,8,86,5,530.0,63.0,215.0,0.327537
lcamap,1,8,86,5,530.0,64.0,210.0,0.036221
segdup,1,8,86,10,850,64,210,70.264297
insider,1,8,86,10,839.0,60.0,239.0,0.189111
insider_relax,1,8,86,10,839.0,60.0,239.0,0.249450
fastmultrec_greedy,1,8,86,10,844.0,62.0,224.0,0.464517
lcamap,1,8,86,10,850.0,64.0,210.0,0.034548
segdup,1,8,86,15,1170,64,210,69.453263
insider,1,8,86,15,1133.0,58.0,263.0,0.386898
insider_relax,1,8,86,15,1133.0,58.0,263.0,0.475639
fastmultrec_greedy,1,8,86,15,1154.0,62.0,224.0,0.466898
lcamap,1,8,86,15,1170.0,64.0,210.0,0.035241
segdup,1,8,86,20,1490,64,210,68.699655
insider,1,8,86,20,1423.0,58.0,263.0,0.843995
insider_relax,1,8,86,20,1423.0,58.0,263.0,1.251752
fastmultrec_greedy,1,8,86,20,1464.0,62.0,224.0,0.464218
lcamap,1,8,86,20,1490.0,64.0,210.0,0.035536
segdup,1,9,86,5,150,26,20,123.026235
insider,1,9,86,5,150.0,26.0,20.0,0.118982
insider_relax,1,9,86,5,150.0,26.0,20.0,0.147123
fastmultrec_greedy,1,9,86,5,150.0,26.0,20.0,0.345530
lcamap,1,9,86,5,150.0,26.0,20.0,0.063987
segdup,1,9,86,10,280,26,20,119.440496
insider,1,9,86,10,280.0,26.0,20.0,0.148093
insider_relax,1,9,86,10,280.0,26.0,20.0,0.191671
fastmultrec_greedy,1,9,86,10,280.0,26.0,20.0,0.338172
lcamap,1,9,86,10,280.0,26.0,20.0,0.067681
segdup,1,9,86,15,410,26,20,121.365430
insider,1,9,86,15,410.0,26.0,20.0,0.238135
insider_relax,1,9,86,15,410.0,26.0,20.0,0.261365
fastmultrec_greedy,1,9,86,15,410.0,26.0,20.0,0.337220
lcamap,1,9,86,15,410.0,26.0,20.0,0.063412
segdup,1,9,86,20,540,26,20,107.496622
insider,1,9,86,20,540.0,26.0,20.0,0.583725
insider_relax,1,9,86,20,540.0,26.0,20.0,0.996542
fastmultrec_greedy,1,9,86,20,540.0,26.0,20.0,0.347579
lcamap,1,9,86,20,540.0,26.0,20.0,0.066663
segdup,1,10,86,5,10,2,0,97.293604
insider,1,10,86,5,10.0,2.0,0.0,0.059175
insider_relax,1,10,86,5,10.0,2.0,0.0,0.064318
fastmultrec_greedy,1,10,86,5,10.0,2.0,0.0,0.187859
lcamap,1,10,86,5,10.0,2.0,0.0,0.033730
segdup,1,10,86,10,20,2,0,94.944772
insider,1,10,86,10,20.0,2.0,0.0,0.060689
insider_relax,1,10,86,10,20.0,2.0,0.0,0.066197
fastmultrec_greedy,1,10,86,10,20.0,2.0,0.0,0.192464
lcamap,1,10,86,10,20.0,2.0,0.0,0.034700
segdup,1,10,86,15,30,2,0,84.152362
insider,1,10,86,15,30.0,2.0,0.0,0.060786
insider_relax,1,10,86,15,30.0,2.0,0.0,0.066442
fastmultrec_greedy,1,10,86,15,30.0,2.0,0.0,0.192427
lcamap,1,10,86,15,30.0,2.0,0.0,0.036798
segdup,1,10,86,20,40,2,0,53.840127
insider,1,10,86,20,40.0,2.0,0.0,0.061838
insider_relax,1,10,86,20,40.0,2.0,0.0,0.070117
fastmultrec_greedy,1,10,86,20,40.0,2.0,0.0,0.190017
lcamap,1,10,86,20,40.0,2.0,0.0,0.033436
segdup,1,11,86,5,5,1,0,135.144510
insider,1,11,86,5,5.0,1.0,0.0,0.086851
insider_relax,1,11,86,5,5.0,1.0,0.0,0.090505
fastmultrec_greedy,1,11,86,5,5.0,1.0,0.0,0.278928
lcamap,1,11,86,5,5.0,1.0,0.0,0.052645
segdup,1,11,86,10,10,1,0,130.794166
insider,1,11,86,10,10.0,1.0,0.0,0.095551
insider_relax,1,11,86,10,10.0,1.0,0.0,0.098205
fastmultrec_greedy,1,11,86,10,10.0,1.0,0.0,0.273025
lcamap,1,11,86,10,10.0,1.0,0.0,0.052300
segdup,1,11,86,15,15,1,0,131.916060
insider,1,11,86,15,15.0,1.0,0.0,0.090576
insider_relax,1,11,86,15,15.0,1.0,0.0,0.099712
fastmultrec_greedy,1,11,86,15,15.0,1.0,0.0,0.273068
lcamap,1,11,86,15,15.0,1.0,0.0,0.054194
segdup,1,11,86,20,20,1,0,75.388733
insider,1,11,86,20,20.0,1.0,0.0,0.084755
insider_relax,1,11,86,20,20.0,1.0,0.0,0.091268
fastmultrec_greedy,1,11,86,20,20.0,1.0,0.0,0.270105
lcamap,1,11,86,20,20.0,1.0,0.0,0.051836
segdup,2,8,86,5,760,88,320,187.648926
insider,2,8,86,5,760.0,88.0,320.0,0.288773
insider_relax,2,8,86,5,760.0,88.0,320.0,0.361282
fastmultrec_greedy,2,8,86,5,760.0,88.0,320.0,0.510764
lcamap,2,8,86,5,760.0,88.0,320.0,0.092773
segdup,2,8,86,10,1200,88,320,180.621883
insider,2,8,86,10,1189.0,83.0,359.0,0.579375
insider_relax,2,8,86,10,1189.0,83.0,359.0,0.764364
fastmultrec_greedy,2,8,86,10,1200.0,88.0,320.0,0.504681
lcamap,2,8,86,10,1200.0,88.0,320.0,0.093526
segdup,2,8,86,15,1640,88,320,172.496505
insider,2,8,86,15,1598.0,81.0,383.0,1.228491
insider_relax,2,8,86,15,1598.0,81.0,383.0,1.456875
fastmultrec_greedy,2,8,86,15,1640.0,88.0,320.0,0.504579
lcamap,2,8,86,15,1640.0,88.0,320.0,0.091707
segdup,2,8,86,20,2080,88,320,175.973738
insider,2,8,86,20,1993.0,78.0,433.0,3.126699
insider_relax,2,8,86,20,1993.0,78.0,433.0,4.544634
fastmultrec_greedy,2,8,86,20,2080.0,88.0,320.0,0.507122
lcamap,2,8,86,20,2080.0,88.0,320.0,0.088964
segdup,2,9,86,5,34,6,4,292.844907
insider,2,9,86,5,34.0,6.0,4.0,0.172423
insider_relax,2,9,86,5,34.0,6.0,4.0,0.176579
fastmultrec_greedy,2,9,86,5,34.0,6.0,4.0,0.670484
lcamap,2,9,86,5,34.0,6.0,4.0,0.099425
segdup,2,9,86,10,64,6,4,285.728706
insider,2,9,86,10,64.0,6.0,4.0,0.181151
insider_relax,2,9,86,10,64.0,6.0,4.0,0.186564
fastmultrec_greedy,2,9,86,10,64.0,6.0,4.0,0.665759
lcamap,2,9,86,10,64.0,6.0,4.0,0.096398
segdup,2,9,86,15,94,6,4,223.477985
insider,2,9,86,15,94.0,6.0,4.0,0.189268
insider_relax,2,9,86,15,94.0,6.0,4.0,0.188214
fastmultrec_greedy,2,9,86,15,94.0,6.0,4.0,0.659968
lcamap,2,9,86,15,94.0,6.0,4.0,0.096022
segdup,2,9,86,20,124,6,4,158.858003
insider,2,9,86,20,124.0,6.0,4.0,0.197696
insider_relax,2,9,86,20,124.0,6.0,4.0,0.194023
fastmultrec_greedy,2,9,86,20,124.0,6.0,4.0,0.672453
lcamap,2,9,86,20,124.0,6.0,4.0,0.094712
segdup,2,10,86,5,15,3,0,233.127899
insider,2,10,86,5,15.0,3.0,0.0,0.151826
insider_relax,2,10,86,5,15.0,3.0,0.0,0.161074
fastmultrec_greedy,2,10,86,5,15.0,3.0,0.0,0.476676
lcamap,2,10,86,5,15.0,3.0,0.0,0.083203
segdup,2,10,86,10,30,3,0,214.916885
insider,2,10,86,10,30.0,3.0,0.0,0.159023
insider_relax,2,10,86,10,30.0,3.0,0.0,0.158033
fastmultrec_greedy,2,10,86,10,30.0,3.0,0.0,0.463677
lcamap,2,10,86,10,30.0,3.0,0.0,0.086554
segdup,2,10,86,15,45,3,0,198.151455
insider,2,10,86,15,45.0,3.0,0.0,0.159463
insider_relax,2,10,86,15,45.0,3.0,0.0,0.159198
fastmultrec_greedy,2,10,86,15,45.0,3.0,0.0,0.466507
lcamap,2,10,86,15,45.0,3.0,0.0,0.086567
segdup,2,10,86,20,60,3,0,101.348475
insider,2,10,86,20,60.0,3.0,0.0,0.158841
insider_relax,2,10,86,20,60.0,3.0,0.0,0.155999
fastmultrec_greedy,2,10,86,20,60.0,3.0,0.0,0.471752
lcamap,2,10,86,20,60.0,3.0,0.0,0.086592
segdup,2,11,86,5,75028,17,74943,491.342385
insider,2,11,86,5,75028.0,17.0,74943.0,0.242535
insider_relax,2,11,86,5,75028.0,17.0,74943.0,0.236166
fastmultrec_greedy,2,11,86,5,75028.0,17.0,74943.0,0.411688
lcamap,2,11,86,5,75028.0,17.0,74943.0,0.109328
segdup,2,11,86,10,75113,17,74943,488.834883
insider,2,11,86,10,75113.0,17.0,74943.0,0.250216
insider_relax,2,11,86,10,75113.0,17.0,74943.0,0.240848
fastmultrec_greedy,2,11,86,10,75113.0,17.0,74943.0,0.414196
lcamap,2,11,86,10,75113.0,17.0,74943.0,0.107642
segdup,2,11,86,15,75198,17,74943,497.298667
insider,2,11,86,15,75198.0,17.0,74943.0,0.248325
insider_relax,2,11,86,15,75198.0,17.0,74943.0,0.241373
fastmultrec_greedy,2,11,86,15,75198.0,17.0,74943.0,0.411861
lcamap,2,11,86,15,75198.0,17.0,74943.0,0.107404
segdup,2,11,86,20,75283,17,74943,502.556118
insider,2,11,86,20,75283.0,17.0,74943.0,0.243426
insider_relax,2,11,86,20,75283.0,17.0,74943.0,0.237364
fastmultrec_greedy,2,11,86,20,75283.0,17.0,74943.0,0.414200
lcamap,2,11,86,20,75283.0,17.0,74943.0,0.107683
segdup,1,7,87,5,431,67,96,96.726393
insider,1,7,87,5,431.0,67.0,96.0,0.157459
insider_relax,1,7,87,5,431.0,67.0,96.0,0.197917
fastmultrec_greedy,1,7,87,5,431.0,67.0,96.0,0.305067
lcamap,1,7,87,5,431.0,67.0,96.0,0.057151
segdup,1,7,87,10,766,67,96,95.008895
insider,1,7,87,10,756.0,63.0,126.0,0.271013
insider_relax,1,7,87,10,756.0,63.0,126.0,0.387390
fastmultrec_greedy,1,7,87,10,766.0,67.0,96.0,0.304729
lcamap,1,7,87,10,766.0,67.0,96.0,0.060556
segdup,1,7,87,15,1101,67,96,94.959572
insider,1,7,87,15,1068.0,62.0,138.0,0.681750
insider_relax,1,7,87,15,1068.0,62.0,138.0,0.928542
fastmultrec_greedy,1,7,87,15,1101.0,67.0,96.0,0.304771
lcamap,1,7,87,15,1101.0,67.0,96.0,0.060074
segdup,1,7,87,20,1436,67,96,89.529446
insider,1,7,87,20,1374.0,60.0,174.0,6.779649
insider_relax,1,7,87,20,1374.0,60.0,174.0,17.486773
fastmultrec_greedy,1,7,87,20,1436.0,67.0,96.0,0.304975
lcamap,1,7,87,20,1436.0,67.0,96.0,0.059786
segdup,1,8,87,5,330,45,105,49.094004
insider,1,8,87,5,330.0,45.0,105.0,0.078625
insider_relax,1,8,87,5,330.0,45.0,105.0,0.085570
fastmultrec_greedy,1,8,87,5,330.0,45.0,105.0,0.122995
lcamap,1,8,87,5,330.0,45.0,105.0,0.022945
segdup,1,8,87,10,554,44,114,46.216665
insider,1,8,87,10,549.0,42.0,129.0,0.121056
insider_relax,1,8,87,10,549.0,42.0,129.0,0.155477
fastmultrec_greedy,1,8,87,10,555.0,45.0,105.0,0.117616
lcamap,1,8,87,10,555.0,45.0,105.0,0.023969
segdup,1,8,87,15,780,45,105,47.486414
insider,1,8,87,15,753.0,40.0,153.0,0.202604
insider_relax,1,8,87,15,753.0,40.0,153.0,0.226885
fastmultrec_greedy,1,8,87,15,780.0,45.0,105.0,0.120044
lcamap,1,8,87,15,780.0,45.0,105.0,0.021200
segdup,1,8,87,20,1005,45,105,44.241241
insider,1,8,87,20,951.0,38.0,191.0,0.369518
insider_relax,1,8,87,20,951.0,38.0,191.0,0.476344
fastmultrec_greedy,1,8,87,20,1005.0,45.0,105.0,0.116938
lcamap,1,8,87,20,1005.0,45.0,105.0,0.021125
segdup,1,9,87,5,39,7,4,72.751742
insider,1,9,87,5,39.0,7.0,4.0,0.055701
insider_relax,1,9,87,5,39.0,7.0,4.0,0.062910
fastmultrec_greedy,1,9,87,5,39.0,7.0,4.0,0.183757
lcamap,1,9,87,5,39.0,7.0,4.0,0.033600
segdup,1,9,87,10,74,7,4,70.099859
insider,1,9,87,10,74.0,7.0,4.0,0.056535
insider_relax,1,9,87,10,74.0,7.0,4.0,0.070231
fastmultrec_greedy,1,9,87,10,74.0,7.0,4.0,0.185003
lcamap,1,9,87,10,74.0,7.0,4.0,0.030058
segdup,1,9,87,15,109,7,4,43.022787
insider,1,9,87,15,109.0,7.0,4.0,0.062956
insider_relax,1,9,87,15,109.0,7.0,4.0,0.066902
fastmultrec_greedy,1,9,87,15,109.0,7.0,4.0,0.185498
lcamap,1,9,87,15,109.0,7.0,4.0,0.030760
segdup,1,9,87,20,144,7,4,42.715276
insider,1,9,87,20,144.0,7.0,4.0,0.065470
insider_relax,1,9,87,20,144.0,7.0,4.0,0.073467
fastmultrec_greedy,1,9,87,20,144.0,7.0,4.0,0.179618
lcamap,1,9,87,20,144.0,7.0,4.0,0.031692
segdup,1,10,87,5,18,3,3,164.485894
insider,1,10,87,5,18.0,3.0,3.0,0.106869
insider_relax,1,10,87,5,18.0,3.0,3.0,0.107574
fastmultrec_greedy,1,10,87,5,18.0,3.0,3.0,0.354226
lcamap,1,10,87,5,18.0,3.0,3.0,0.063942
segdup,1,10,87,10,33,3,3,167.056110
insider,1,10,87,10,33.0,3.0,3.0,0.104853
insider_relax,1,10,87,10,33.0,3.0,3.0,0.111538
fastmultrec_greedy,1,10,87,10,33.0,3.0,3.0,0.355115
lcamap,1,10,87,10,33.0,3.0,3.0,0.060739
segdup,1,10,87,15,48,3,3,156.247067
insider,1,10,87,15,48.0,3.0,3.0,0.113410
insider_relax,1,10,87,15,48.0,3.0,3.0,0.107395
fastmultrec_greedy,1,10,87,15,48.0,3.0,3.0,0.369777
lcamap,1,10,87,15,48.0,3.0,3.0,0.062430
segdup,1,10,87,20,63,3,3,132.288457
insider,1,10,87,20,63.0,3.0,3.0,0.106552
insider_relax,1,10,87,20,63.0,3.0,3.0,0.108818
fastmultrec_greedy,1,10,87,20,63.0,3.0,3.0,0.367016
lcamap,1,10,87,20,63.0,3.0,3.0,0.063707
segdup,1,11,87,5,6,1,1,97.752061
insider,1,11,87,5,6.0,1.0,1.0,0.074836
insider_relax,1,11,87,5,6.0,1.0,1.0,0.072592
fastmultrec_greedy,1,11,87,5,6.0,1.0,1.0,0.242060
lcamap,1,11,87,5,6.0,1.0,1.0,0.043491
segdup,1,11,87,10,11,1,1,90.214847
insider,1,11,87,10,11.0,1.0,1.0,0.076608
insider_relax,1,11,87,10,11.0,1.0,1.0,0.074218
fastmultrec_greedy,1,11,87,10,11.0,1.0,1.0,0.246481
lcamap,1,11,87,10,11.0,1.0,1.0,0.046416
segdup,1,11,87,15,16,1,1,86.439304
insider,1,11,87,15,16.0,1.0,1.0,0.075773
insider_relax,1,11,87,15,16.0,1.0,1.0,0.077130
fastmultrec_greedy,1,11,87,15,16.0,1.0,1.0,0.241813
lcamap,1,11,87,15,16.0,1.0,1.0,0.046108
segdup,1,11,87,20,21,1,1,59.621667
insider,1,11,87,20,21.0,1.0,1.0,0.073387
insider_relax,1,11,87,20,21.0,1.0,1.0,0.069994
fastmultrec_greedy,1,11,87,20,21.0,1.0,1.0,0.243262
lcamap,1,11,87,20,21.0,1.0,1.0,0.040999
segdup,2,7,87,5,3746,182,2836,259.428807
insider,2,7,87,5,3700.0,158.0,2910.0,0.245886
insider_relax,2,7,87,5,3700.0,157.0,2915.0,0.266268
fastmultrec_greedy,2,7,87,5,3701.0,161.0,2896.0,6.413639
lcamap,2,7,87,5,3746.0,182.0,2836.0,0.069648
segdup,2,7,87,10,4656,182,2836,252.232299
insider,2,7,87,10,4450.0,142.0,3030.0,0.369650
insider_relax,2,7,87,10,4450.0,142.0,3030.0,0.426025
fastmultrec_greedy,2,7,87,10,4485.0,155.0,2935.0,8.575216
lcamap,2,7,87,10,4656.0,182.0,2836.0,0.066505
segdup,2,7,87,15,5566,182,2836,250.048835
insider,2,7,87,15,5147.0,137.0,3092.0,0.552221
insider_relax,2,7,87,15,5147.0,137.0,3092.0,0.630455
fastmultrec_greedy,2,7,87,15,5241.0,151.0,2976.0,11.158227
lcamap,2,7,87,15,5566.0,182.0,2836.0,0.066974
segdup,2,7,87,20,6476,182,2836,249.882615
insider,2,7,87,20,5829.0,136.0,3109.0,0.807316
insider_relax,2,7,87,20,5829.0,136.0,3109.0,0.927974
fastmultrec_greedy,2,7,87,20,5989.0,148.0,3029.0,12.088014
lcamap,2,7,87,20,6476.0,182.0,2836.0,0.070338
segdup,2,8,87,5,797,83,382,154.109572
insider,2,8,87,5,790.0,80.0,390.0,0.227441
insider_relax,2,8,87,5,790.0,80.0,390.0,0.246742
fastmultrec_greedy,2,8,87,5,791.0,81.0,386.0,0.980235
lcamap,2,8,87,5,797.0,83.0,382.0,0.072952
segdup,2,8,87,10,1212,83,382,153.095069
insider,2,8,87,10,1186.0,79.0,396.0,0.361236
insider_relax,2,8,87,10,1186.0,79.0,396.0,0.434996
fastmultrec_greedy,2,8,87,10,1196.0,81.0,386.0,0.976482
lcamap,2,8,87,10,1212.0,83.0,382.0,0.073067
segdup,2,8,87,15,1627,83,382,151.277005
insider,2,8,87,15,1575.0,75.0,450.0,1.071918
insider_relax,2,8,87,15,1575.0,75.0,450.0,1.226039
fastmultrec_greedy,2,8,87,15,1601.0,81.0,386.0,0.968937
lcamap,2,8,87,15,1627.0,83.0,382.0,0.076130
segdup,2,8,87,20,2042,83,382,146.109528
insider,2,8,87,20,1939.0,72.0,499.0,5.001607
insider_relax,2,8,87,20,1939.0,72.0,499.0,7.667770
fastmultrec_greedy,2,8,87,20,1994.0,78.0,434.0,1.945852
lcamap,2,8,87,20,2042.0,83.0,382.0,0.072204
segdup,2,9,87,5,127,22,17,168.722904
insider,2,9,87,5,127.0,22.0,17.0,0.179945
insider_relax,2,9,87,5,127.0,22.0,17.0,0.192320
fastmultrec_greedy,2,9,87,5,127.0,22.0,17.0,0.471126
lcamap,2,9,87,5,127.0,22.0,17.0,0.082832
segdup,2,9,87,10,237,22,17,164.746590
insider,2,9,87,10,237.0,22.0,17.0,0.209680
insider_relax,2,9,87,10,237.0,22.0,17.0,0.251653
fastmultrec_greedy,2,9,87,10,237.0,22.0,17.0,0.466226
lcamap,2,9,87,10,237.0,22.0,17.0,0.091667
segdup,2,9,87,15,347,22,17,169.035762
insider,2,9,87,15,347.0,22.0,17.0,0.290598
insider_relax,2,9,87,15,347.0,22.0,17.0,0.367063
fastmultrec_greedy,2,9,87,15,347.0,22.0,17.0,0.471422
lcamap,2,9,87,15,347.0,22.0,17.0,0.087545
segdup,2,9,87,20,457,22,17,148.986522
insider,2,9,87,20,455.0,21.0,35.0,0.722702
insider_relax,2,9,87,20,455.0,21.0,35.0,1.031481
fastmultrec_greedy,2,9,87,20,457.0,22.0,17.0,0.474784
lcamap,2,9,87,20,457.0,22.0,17.0,0.087135
segdup,2,10,87,5,10,2,0,174.816374
insider,2,10,87,5,10.0,2.0,0.0,0.128264
insider_relax,2,10,87,5,10.0,2.0,0.0,0.130713
fastmultrec_greedy,2,10,87,5,10.0,2.0,0.0,0.396667
lcamap,2,10,87,5,10.0,2.0,0.0,0.075700
segdup,2,10,87,10,20,2,0,172.258222
insider,2,10,87,10,20.0,2.0,0.0,0.124589
insider_relax,2,10,87,10,20.0,2.0,0.0,0.125931
fastmultrec_greedy,2,10,87,10,20.0,2.0,0.0,0.401546
lcamap,2,10,87,10,20.0,2.0,0.0,0.075395
segdup,2,10,87,15,30,2,0,136.185055
insider,2,10,87,15,30.0,2.0,0.0,0.125732
insider_relax,2,10,87,15,30.0,2.0,0.0,0.127061
fastmultrec_greedy,2,10,87,15,30.0,2.0,0.0,0.399969
lcamap,2,10,87,15,30.0,2.0,0.0,0.072938
segdup,2,10,87,20,40,2,0,77.164656
insider,2,10,87,20,40.0,2.0,0.0,0.122606
insider_relax,2,10,87,20,40.0,2.0,0.0,0.128996
fastmultrec_greedy,2,10,87,20,40.0,2.0,0.0,0.401896
lcamap,2,10,87,20,40.0,2.0,0.0,0.075103
segdup,2,11,87,5,10,2,0,148.853087
insider,2,11,87,5,10.0,2.0,0.0,0.111530
insider_relax,2,11,87,5,10.0,2.0,0.0,0.116124
fastmultrec_greedy,2,11,87,5,10.0,2.0,0.0,0.329449
lcamap,2,11,87,5,10.0,2.0,0.0,0.060866
segdup,2,11,87,10,20,2,0,151.991640
insider,2,11,87,10,20.0,2.0,0.0,0.105893
insider_relax,2,11,87,10,20.0,2.0,0.0,0.109283
fastmultrec_greedy,2,11,87,10,20.0,2.0,0.0,0.330524
lcamap,2,11,87,10,20.0,2.0,0.0,0.060621
segdup,2,11,87,15,30,2,0,99.685281
insider,2,11,87,15,30.0,2.0,0.0,0.109023
insider_relax,2,11,87,15,30.0,2.0,0.0,0.109800
fastmultrec_greedy,2,11,87,15,30.0,2.0,0.0,0.326905
lcamap,2,11,87,15,30.0,2.0,0.0,0.062698
segdup,2,11,87,20,40,2,0,64.155394
insider,2,11,87,20,40.0,2.0,0.0,0.109772
insider_relax,2,11,87,20,40.0,2.0,0.0,0.112639
fastmultrec_greedy,2,11,87,20,40.0,2.0,0.0,0.326482
lcamap,2,11,87,20,40.0,2.0,0.0,0.060291
segdup,1,7,88,5,1059,97,574,85.874635
insider,1,7,88,5,1048.0,92.0,588.0,0.125507
insider_relax,1,7,88,5,1048.0,92.0,588.0,0.142507
fastmultrec_greedy,1,7,88,5,1049.0,93.0,584.0,0.602034
lcamap,1,7,88,5,1059.0,97.0,574.0,0.035918
segdup,1,7,88,10,1544,97,574,83.376247
insider,1,7,88,10,1489.0,82.0,669.0,0.229464
insider_relax,1,7,88,10,1489.0,82.0,669.0,0.258352
fastmultrec_greedy,1,7,88,10,1510.0,92.0,590.0,0.888741
lcamap,1,7,88,10,1544.0,97.0,574.0,0.036709
segdup,1,7,88,15,2029,97,574,84.509494
insider,1,7,88,15,1892.0,78.0,722.0,0.496038
insider_relax,1,7,88,15,1892.0,78.0,722.0,0.559741
fastmultrec_greedy,1,7,88,15,1961.0,90.0,611.0,1.319050
lcamap,1,7,88,15,2029.0,97.0,574.0,0.037010
segdup,1,7,88,20,2514,97,574,87.141287
insider,1,7,88,20,2268.0,75.0,768.0,0.872916
insider_relax,1,7,88,20,2268.0,74.0,788.0,1.128064
fastmultrec_greedy,1,7,88,20,2406.0,89.0,626.0,1.481385
lcamap,1,7,88,20,2514.0,97.0,574.0,0.035486
segdup,1,8,88,5,370,57,85,74.007266
insider,1,8,88,5,368.0,56.0,88.0,0.106672
insider_relax,1,8,88,5,368.0,56.0,88.0,0.143463
fastmultrec_greedy,1,8,88,5,368.0,56.0,88.0,0.381528
lcamap,1,8,88,5,370.0,57.0,85.0,0.042412
segdup,1,8,88,10,648,56,88,69.737167
insider,1,8,88,10,645.0,53.0,115.0,0.180937
insider_relax,1,8,88,10,645.0,53.0,115.0,0.295610
fastmultrec_greedy,1,8,88,10,648.0,56.0,88.0,0.381014
lcamap,1,8,88,10,655.0,57.0,85.0,0.041649
segdup,1,8,88,15,928,56,88,70.131571
insider,1,8,88,15,903.0,51.0,138.0,0.398714
insider_relax,1,8,88,15,903.0,51.0,138.0,0.675503
fastmultrec_greedy,1,8,88,15,928.0,56.0,88.0,0.377768
lcamap,1,8,88,15,940.0,57.0,85.0,0.042638
segdup,1,8,88,20,1208,56,88,62.857094
insider,1,8,88,20,1158.0,51.0,138.0,1.991299
insider_relax,1,8,88,20,1158.0,51.0,138.0,3.363579
fastmultrec_greedy,1,8,88,20,1208.0,56.0,88.0,0.381051
lcamap,1,8,88,20,1225.0,57.0,85.0,0.040024
segdup,1,9,88,5,95,16,15,99.973239
insider,1,9,88,5,95.0,16.0,15.0,0.094780
insider_relax,1,9,88,5,95.0,16.0,15.0,0.111109
fastmultrec_greedy,1,9,88,5,95.0,16.0,15.0,0.258663
lcamap,1,9,88,5,95.0,16.0,15.0,0.047952
segdup,1,9,88,10,175,16,15,94.988416
insider,1,9,88,10,175.0,16.0,15.0,0.104843
insider_relax,1,9,88,10,175.0,16.0,15.0,0.137798
fastmultrec_greedy,1,9,88,10,175.0,16.0,15.0,0.257734
lcamap,1,9,88,10,175.0,16.0,15.0,0.045664
segdup,1,9,88,15,255,16,15,75.119490
insider,1,9,88,15,255.0,16.0,15.0,0.141417
insider_relax,1,9,88,15,255.0,16.0,15.0,0.148648
fastmultrec_greedy,1,9,88,15,255.0,16.0,15.0,0.258515
lcamap,1,9,88,15,255.0,16.0,15.0,0.048264
segdup,1,9,88,20,335,16,15,73.406111
insider,1,9,88,20,335.0,16.0,15.0,0.191611
insider_relax,1,9,88,20,335.0,16.0,15.0,0.204948
fastmultrec_greedy,1,9,88,20,335.0,16.0,15.0,0.256367
lcamap,1,9,88,20,335.0,16.0,15.0,0.046975
segdup,1,10,88,5,12,2,2,91.539749
insider,1,10,88,5,12.0,2.0,2.0,0.062117
insider_relax,1,10,88,5,12.0,2.0,2.0,0.070766
fastmultrec_greedy,1,10,88,5,12.0,2.0,2.0,0.203601
lcamap,1,10,88,5,12.0,2.0,2.0,0.042174
segdup,1,10,88,10,22,2,2,91.077887
insider,1,10,88,10,22.0,2.0,2.0,0.063389
insider_relax,1,10,88,10,22.0,2.0,2.0,0.066990
fastmultrec_greedy,1,10,88,10,22.0,2.0,2.0,0.203848
lcamap,1,10,88,10,22.0,2.0,2.0,0.038443
segdup,1,10,88,15,32,2,2,56.346514
insider,1,10,88,15,32.0,2.0,2.0,0.065584
insider_relax,1,10,88,15,32.0,2.0,2.0,0.069250
fastmultrec_greedy,1,10,88,15,32.0,2.0,2.0,0.203850
lcamap,1,10,88,15,32.0,2.0,2.0,0.036171
segdup,1,10,88,20,42,2,2,54.816261
insider,1,10,88,20,42.0,2.0,2.0,0.064400
insider_relax,1,10,88,20,42.0,2.0,2.0,0.068246
fastmultrec_greedy,1,10,88,20,42.0,2.0,2.0,0.204089
lcamap,1,10,88,20,42.0,2.0,2.0,0.038303
segdup,1,11,88,5,5,1,0,137.218838
insider,1,11,88,5,5.0,1.0,0.0,0.110507
insider_relax,1,11,88,5,5.0,1.0,0.0,0.107280
fastmultrec_greedy,1,11,88,5,5.0,1.0,0.0,0.383939
lcamap,1,11,88,5,5.0,1.0,0.0,0.065915
segdup,1,11,88,10,10,1,0,141.414714
insider,1,11,88,10,10.0,1.0,0.0,0.106136
insider_relax,1,11,88,10,10.0,1.0,0.0,0.108232
fastmultrec_greedy,1,11,88,10,10.0,1.0,0.0,0.389525
lcamap,1,11,88,10,10.0,1.0,0.0,0.069954
segdup,1,11,88,15,15,1,0,132.175802
insider,1,11,88,15,15.0,1.0,0.0,0.104714
insider_relax,1,11,88,15,15.0,1.0,0.0,0.108341
fastmultrec_greedy,1,11,88,15,15.0,1.0,0.0,0.389299
lcamap,1,11,88,15,15.0,1.0,0.0,0.067997
segdup,1,11,88,20,20,1,0,92.575282
insider,1,11,88,20,20.0,1.0,0.0,0.109855
insider_relax,1,11,88,20,20.0,1.0,0.0,0.109526
fastmultrec_greedy,1,11,88,20,20.0,1.0,0.0,0.395226
lcamap,1,11,88,20,20.0,1.0,0.0,0.067044
segdup,2,8,88,5,303,44,83,106.731787
insider,2,8,88,5,303.0,44.0,83.0,0.201721
insider_relax,2,8,88,5,303.0,44.0,83.0,0.257816
fastmultrec_greedy,2,8,88,5,303.0,44.0,83.0,0.692271
lcamap,2,8,88,5,305.0,45.0,80.0,0.062483
segdup,2,8,88,10,525,44,85,103.954239
insider,2,8,88,10,510.0,40.0,110.0,0.305300
insider_relax,2,8,88,10,510.0,40.0,110.0,0.432515
fastmultrec_greedy,2,8,88,10,523.0,44.0,83.0,0.690505
lcamap,2,8,88,10,530.0,45.0,80.0,0.062293
segdup,2,8,88,15,734,43,89,99.095771
insider,2,8,88,15,710.0,40.0,110.0,0.765510
insider_relax,2,8,88,15,710.0,40.0,110.0,0.970457
fastmultrec_greedy,2,8,88,15,743.0,44.0,83.0,0.695837
lcamap,2,8,88,15,755.0,45.0,80.0,0.064564
segdup,2,8,88,20,980,45,80,87.412587
insider,2,8,88,20,906.0,38.0,146.0,1.964431
insider_relax,2,8,88,20,906.0,38.0,146.0,3.076778
fastmultrec_greedy,2,8,88,20,963.0,44.0,83.0,0.691976
lcamap,2,8,88,20,980.0,45.0,80.0,0.062257
segdup,2,9,88,5,168,26,38,179.926859
insider,2,9,88,5,168.0,26.0,38.0,0.220979
insider_relax,2,9,88,5,168.0,26.0,38.0,0.237688
fastmultrec_greedy,2,9,88,5,168.0,26.0,38.0,0.586147
lcamap,2,9,88,5,168.0,26.0,38.0,0.094543
segdup,2,9,88,10,298,26,38,162.706359
insider,2,9,88,10,294.0,25.0,44.0,0.258438
insider_relax,2,9,88,10,294.0,25.0,44.0,0.349148
fastmultrec_greedy,2,9,88,10,298.0,26.0,38.0,0.597248
lcamap,2,9,88,10,298.0,26.0,38.0,0.094733
segdup,2,9,88,15,428,26,38,123.593665
insider,2,9,88,15,419.0,25.0,44.0,0.419784
insider_relax,2,9,88,15,419.0,25.0,44.0,0.427038
fastmultrec_greedy,2,9,88,15,428.0,26.0,38.0,0.581710
lcamap,2,9,88,15,428.0,26.0,38.0,0.096693
segdup,2,9,88,20,558,26,38,126.862216
insider,2,9,88,20,544.0,25.0,44.0,0.633408
insider_relax,2,9,88,20,544.0,25.0,44.0,0.760665
fastmultrec_greedy,2,9,88,20,558.0,26.0,38.0,0.585125
lcamap,2,9,88,20,558.0,26.0,38.0,0.094590
segdup,2,10,88,5,15,3,0,165.199160
insider,2,10,88,5,15.0,3.0,0.0,0.093991
insider_relax,2,10,88,5,15.0,3.0,0.0,0.101484
fastmultrec_greedy,2,10,88,5,15.0,3.0,0.0,0.273016
lcamap,2,10,88,5,15.0,3.0,0.0,0.052000
segdup,2,10,88,10,30,3,0,147.670677
insider,2,10,88,10,30.0,3.0,0.0,0.093879
insider_relax,2,10,88,10,30.0,3.0,0.0,0.100777
fastmultrec_greedy,2,10,88,10,30.0,3.0,0.0,0.275414
lcamap,2,10,88,10,30.0,3.0,0.0,0.048754
segdup,2,10,88,15,45,3,0,104.510817
insider,2,10,88,15,45.0,3.0,0.0,0.098635
insider_relax,2,10,88,15,45.0,3.0,0.0,0.101621
fastmultrec_greedy,2,10,88,15,45.0,3.0,0.0,0.274228
lcamap,2,10,88,15,45.0,3.0,0.0,0.050228
segdup,2,10,88,20,60,3,0,77.610101
insider,2,10,88,20,60.0,3.0,0.0,0.097043
insider_relax,2,10,88,20,60.0,3.0,0.0,0.096417
fastmultrec_greedy,2,10,88,20,60.0,3.0,0.0,0.279019
lcamap,2,10,88,20,60.0,3.0,0.0,0.049659
segdup,2,11,88,5,11,2,1,260.588585
insider,2,11,88,5,11.0,2.0,1.0,0.172639
insider_relax,2,11,88,5,11.0,2.0,1.0,0.158391
fastmultrec_greedy,2,11,88,5,11.0,2.0,1.0,0.598579
lcamap,2,11,88,5,11.0,2.0,1.0,0.096015
segdup,2,11,88,10,21,2,1,226.871906
insider,2,11,88,10,21.0,2.0,1.0,0.166321
insider_relax,2,11,88,10,21.0,2.0,1.0,0.161679
fastmultrec_greedy,2,11,88,10,21.0,2.0,1.0,0.601804
lcamap,2,11,88,10,21.0,2.0,1.0,0.093965
segdup,2,11,88,15,31,2,1,228.900298
insider,2,11,88,15,31.0,2.0,1.0,0.171307
insider_relax,2,11,88,15,31.0,2.0,1.0,0.166623
fastmultrec_greedy,2,11,88,15,31.0,2.0,1.0,0.602800
lcamap,2,11,88,15,31.0,2.0,1.0,0.095139
segdup,2,11,88,20,41,2,1,113.201356
insider,2,11,88,20,41.0,2.0,1.0,0.165351
insider_relax,2,11,88,20,41.0,2.0,1.0,0.165616
fastmultrec_greedy,2,11,88,20,41.0,2.0,1.0,0.600269
lcamap,2,11,88,20,41.0,2.0,1.0,0.097227
segdup,1,7,89,5,757,80,357,61.492723
insider,1,7,89,5,733.0,71.0,378.0,0.098738
insider_relax,1,7,89,5,733.0,71.0,378.0,0.116611
fastmultrec_greedy,1,7,89,5,733.0,71.0,378.0,0.726346
lcamap,1,7,89,5,757.0,80.0,357.0,0.025481
segdup,1,7,89,10,1136,76,376,63.897885
insider,1,7,89,10,1071.0,65.0,421.0,0.196071
insider_relax,1,7,89,10,1071.0,65.0,421.0,0.233944
fastmultrec_greedy,1,7,89,10,1073.0,65.0,423.0,1.342029
lcamap,1,7,89,10,1157.0,80.0,357.0,0.024334
segdup,1,7,89,15,1541,76,401,60.375467
insider,1,7,89,15,1373.0,58.0,503.0,0.387467
insider_relax,1,7,89,15,1373.0,58.0,503.0,0.475450
fastmultrec_greedy,1,7,89,15,1397.0,64.0,437.0,1.443970
lcamap,1,7,89,15,1557.0,80.0,357.0,0.024706
segdup,1,7,89,20,1918,76,398,63.616288
insider,1,7,89,20,1656.0,55.0,556.0,0.796089
insider_relax,1,7,89,20,1656.0,55.0,556.0,1.091986
fastmultrec_greedy,1,7,89,20,1717.0,64.0,437.0,1.525445
lcamap,1,7,89,20,1957.0,80.0,357.0,0.024525
segdup,1,8,89,5,358,54,88,80.044175
insider,1,8,89,5,358.0,54.0,88.0,0.113491
insider_relax,1,8,89,5,358.0,54.0,88.0,0.143076
fastmultrec_greedy,1,8,89,5,358.0,54.0,88.0,0.204743
lcamap,1,8,89,5,358.0,54.0,88.0,0.040459
segdup,1,8,89,10,624,53,94,77.366172
insider,1,8,89,10,609.0,49.0,119.0,0.189782
insider_relax,1,8,89,10,609.0,49.0,119.0,0.277834
fastmultrec_greedy,1,8,89,10,624.0,53.0,94.0,0.359116
lcamap,1,8,89,10,628.0,54.0,88.0,0.042447
segdup,1,8,89,15,898,54,88,71.924326
insider,1,8,89,15,850.0,47.0,145.0,0.519521
insider_relax,1,8,89,15,850.0,47.0,145.0,0.714839
fastmultrec_greedy,1,8,89,15,889.0,53.0,94.0,0.354418
lcamap,1,8,89,15,898.0,54.0,88.0,0.041694
segdup,1,8,89,20,1156,53,96,71.549007
insider,1,8,89,20,1082.0,45.0,182.0,8.279639
insider_relax,1,8,89,20,1082.0,45.0,182.0,20.988479
fastmultrec_greedy,1,8,89,20,1154.0,53.0,94.0,0.343446
lcamap,1,8,89,20,1168.0,54.0,88.0,0.040828
segdup,1,9,89,5,75,13,10,65.929050
insider,1,9,89,5,75.0,13.0,10.0,0.058368
insider_relax,1,9,89,5,75.0,13.0,10.0,0.070782
fastmultrec_greedy,1,9,89,5,75.0,13.0,10.0,0.159461
lcamap,1,9,89,5,75.0,13.0,10.0,0.025347
segdup,1,9,89,10,140,13,10,62.073571
insider,1,9,89,10,136.0,12.0,16.0,0.064343
insider_relax,1,9,89,10,136.0,12.0,16.0,0.078299
fastmultrec_greedy,1,9,89,10,140.0,13.0,10.0,0.160487
lcamap,1,9,89,10,140.0,13.0,10.0,0.025311
segdup,1,9,89,15,205,13,10,60.593143
insider,1,9,89,15,196.0,12.0,16.0,0.082942
insider_relax,1,9,89,15,196.0,12.0,16.0,0.086458
fastmultrec_greedy,1,9,89,15,205.0,13.0,10.0,0.162052
lcamap,1,9,89,15,205.0,13.0,10.0,0.025810
segdup,1,9,89,20,270,13,10,60.117458
insider,1,9,89,20,256.0,12.0,16.0,0.094402
insider_relax,1,9,89,20,256.0,12.0,16.0,0.102560
fastmultrec_greedy,1,9,89,20,270.0,13.0,10.0,0.157401
lcamap,1,9,89,20,270.0,13.0,10.0,0.025422
segdup,1,10,89,5,25,4,5,183.967237
insider,1,10,89,5,25.0,4.0,5.0,0.110727
insider_relax,1,10,89,5,25.0,4.0,5.0,0.112064
fastmultrec_greedy,1,10,89,5,25.0,4.0,5.0,0.344294
lcamap,1,10,89,5,25.0,4.0,5.0,0.065871
segdup,1,10,89,10,45,4,5,188.537418
insider,1,10,89,10,45.0,4.0,5.0,0.110089
insider_relax,1,10,89,10,45.0,4.0,5.0,0.118335
fastmultrec_greedy,1,10,89,10,45.0,4.0,5.0,0.351031
lcamap,1,10,89,10,45.0,4.0,5.0,0.068524
segdup,1,10,89,15,65,4,5,168.666648
insider,1,10,89,15,65.0,4.0,5.0,0.110059
insider_relax,1,10,89,15,65.0,4.0,5.0,0.108891
fastmultrec_greedy,1,10,89,15,65.0,4.0,5.0,0.353170
lcamap,1,10,89,15,65.0,4.0,5.0,0.066873
segdup,1,10,89,20,85,4,5,170.018161
insider,1,10,89,20,85.0,4.0,5.0,0.112225
insider_relax,1,10,89,20,85.0,4.0,5.0,0.116774
fastmultrec_greedy,1,10,89,20,85.0,4.0,5.0,0.350572
lcamap,1,10,89,20,85.0,4.0,5.0,0.067563
segdup,1,11,89,5,5,1,0,116.034045
insider,1,11,89,5,5.0,1.0,0.0,0.076341
insider_relax,1,11,89,5,5.0,1.0,0.0,0.078322
fastmultrec_greedy,1,11,89,5,5.0,1.0,0.0,0.242703
lcamap,1,11,89,5,5.0,1.0,0.0,0.044790
segdup,1,11,89,10,10,1,0,106.749161
insider,1,11,89,10,10.0,1.0,0.0,0.074653
insider_relax,1,11,89,10,10.0,1.0,0.0,0.073971
fastmultrec_greedy,1,11,89,10,10.0,1.0,0.0,0.244402
lcamap,1,11,89,10,10.0,1.0,0.0,0.044040
segdup,1,11,89,15,15,1,0,104.464740
insider,1,11,89,15,15.0,1.0,0.0,0.075751
insider_relax,1,11,89,15,15.0,1.0,0.0,0.073665
fastmultrec_greedy,1,11,89,15,15.0,1.0,0.0,0.248883
lcamap,1,11,89,15,15.0,1.0,0.0,0.044495
segdup,1,11,89,20,20,1,0,76.989657
insider,1,11,89,20,20.0,1.0,0.0,0.075526
insider_relax,1,11,89,20,20.0,1.0,0.0,0.077103
fastmultrec_greedy,1,11,89,20,20.0,1.0,0.0,0.244143
lcamap,1,11,89,20,20.0,1.0,0.0,0.044783
segdup,2,7,89,5,3384,156,2604,342.018875
insider,2,7,89,5,3360.0,145.0,2635.0,0.335534
insider_relax,2,7,89,5,3360.0,145.0,2635.0,0.345593
fastmultrec_greedy,2,7,89,5,3360.0,145.0,2635.0,5.198163
lcamap,2,7,89,5,3384.0,156.0,2604.0,0.087983
segdup,2,7,89,10,4164,156,2604,336.288620
insider,2,7,89,10,4050.0,130.0,2750.0,0.521413
insider_relax,2,7,89,10,4050.0,130.0,2750.0,0.584738
fastmultrec_greedy,2,7,89,10,4063.0,138.0,2683.0,8.891801
lcamap,2,7,89,10,4164.0,156.0,2604.0,0.088163
segdup,2,7,89,15,4944,156,2604,333.032059
insider,2,7,89,15,4689.0,124.0,2829.0,0.860751
insider_relax,2,7,89,15,4689.0,124.0,2829.0,1.019256
fastmultrec_greedy,2,7,89,15,4745.0,136.0,2705.0,9.692072
lcamap,2,7,89,15,4944.0,156.0,2604.0,0.093636
segdup,2,7,89,20,5724,156,2604,330.452827
insider,2,7,89,20,5304.0,122.0,2864.0,1.471398
insider_relax,2,7,89,20,5304.0,122.0,2864.0,1.931837
fastmultrec_greedy,2,7,89,20,5416.0,134.0,2736.0,10.538789
lcamap,2,7,89,20,5724.0,156.0,2604.0,0.088677
segdup,2,8,89,5,322,47,87,250.809985
insider,2,8,89,5,322.0,47.0,87.0,0.284436
insider_relax,2,8,89,5,322.0,47.0,87.0,0.324211
fastmultrec_greedy,2,8,89,5,322.0,47.0,87.0,0.758296
lcamap,2,8,89,5,322.0,47.0,87.0,0.120451
segdup,2,8,89,10,557,47,87,240.624370
insider,2,8,89,10,556.0,46.0,96.0,0.398031
insider_relax,2,8,89,10,556.0,46.0,96.0,0.507856
fastmultrec_greedy,2,8,89,10,557.0,47.0,87.0,0.769840
lcamap,2,8,89,10,557.0,47.0,87.0,0.125525
segdup,2,8,89,15,792,47,87,229.004893
insider,2,8,89,15,782.0,44.0,122.0,0.640939
insider_relax,2,8,89,15,782.0,44.0,122.0,0.757190
fastmultrec_greedy,2,8,89,15,792.0,47.0,87.0,0.753883
lcamap,2,8,89,15,792.0,47.0,87.0,0.122822
segdup,2,8,89,20,1027,47,87,218.953727
insider,2,8,89,20,1000.0,43.0,140.0,1.695340
insider_relax,2,8,89,20,1000.0,43.0,140.0,2.220306
fastmultrec_greedy,2,8,89,20,1027.0,47.0,87.0,0.757133
lcamap,2,8,89,20,1027.0,47.0,87.0,0.125719
segdup,2,9,89,5,99,16,19,66.737661
insider,2,9,89,5,99.0,16.0,19.0,0.094367
insider_relax,2,9,89,5,99.0,16.0,19.0,0.106809
fastmultrec_greedy,2,9,89,5,99.0,16.0,19.0,0.179332
lcamap,2,9,89,5,99.0,16.0,19.0,0.035020
segdup,2,9,89,10,179,16,19,67.437633
insider,2,9,89,10,177.0,14.0,37.0,0.132348
insider_relax,2,9,89,10,177.0,14.0,37.0,0.196959
fastmultrec_greedy,2,9,89,10,179.0,16.0,19.0,0.175155
lcamap,2,9,89,10,179.0,16.0,19.0,0.037801
segdup,2,9,89,15,259,16,19,66.574936
insider,2,9,89,15,247.0,14.0,37.0,0.268948
insider_relax,2,9,89,15,247.0,14.0,37.0,0.374387
fastmultrec_greedy,2,9,89,15,259.0,16.0,19.0,0.177526
lcamap,2,9,89,15,259.0,16.0,19.0,0.035937
segdup,2,9,89,20,339,16,19,51.585409
insider,2,9,89,20,316.0,12.0,76.0,0.681051
insider_relax,2,9,89,20,316.0,12.0,76.0,0.901222
fastmultrec_greedy,2,9,89,20,339.0,16.0,19.0,0.176304
lcamap,2,9,89,20,339.0,16.0,19.0,0.037194
segdup,2,10,89,5,16,3,1,118.846898
insider,2,10,89,5,16.0,3.0,1.0,0.090190
insider_relax,2,10,89,5,16.0,3.0,1.0,0.095634
fastmultrec_greedy,2,10,89,5,16.0,3.0,1.0,0.249778
lcamap,2,10,89,5,16.0,3.0,1.0,0.050249
segdup,2,10,89,10,31,3,1,115.403214
insider,2,10,89,10,31.0,3.0,1.0,0.088718
insider_relax,2,10,89,10,31.0,3.0,1.0,0.106306
fastmultrec_greedy,2,10,89,10,31.0,3.0,1.0,0.249430
lcamap,2,10,89,10,31.0,3.0,1.0,0.047853
segdup,2,10,89,15,46,3,1,93.314883
insider,2,10,89,15,46.0,3.0,1.0,0.087837
insider_relax,2,10,89,15,46.0,3.0,1.0,0.093345
fastmultrec_greedy,2,10,89,15,46.0,3.0,1.0,0.255782
lcamap,2,10,89,15,46.0,3.0,1.0,0.049425
segdup,2,10,89,20,61,3,1,51.358744
insider,2,10,89,20,61.0,3.0,1.0,0.088734
insider_relax,2,10,89,20,61.0,3.0,1.0,0.093075
fastmultrec_greedy,2,10,89,20,61.0,3.0,1.0,0.253786
lcamap,2,10,89,20,61.0,3.0,1.0,0.049373
segdup,2,11,89,5,10,2,0,291.771627
insider,2,11,89,5,10.0,2.0,0.0,0.201077
insider_relax,2,11,89,5,10.0,2.0,0.0,0.187657
fastmultrec_greedy,2,11,89,5,10.0,2.0,0.0,0.644720
lcamap,2,11,89,5,10.0,2.0,0.0,0.117766
segdup,2,11,89,10,20,2,0,249.332540
insider,2,11,89,10,20.0,2.0,0.0,0.204437
insider_relax,2,11,89,10,20.0,2.0,0.0,0.189037
fastmultrec_greedy,2,11,89,10,20.0,2.0,0.0,0.639418
lcamap,2,11,89,10,20.0,2.0,0.0,0.119451
segdup,2,11,89,15,30,2,0,217.040753
insider,2,11,89,15,30.0,2.0,0.0,0.195407
insider_relax,2,11,89,15,30.0,2.0,0.0,0.192619
fastmultrec_greedy,2,11,89,15,30.0,2.0,0.0,0.645142
lcamap,2,11,89,15,30.0,2.0,0.0,0.116294
segdup,2,11,89,20,40,2,0,131.897914
insider,2,11,89,20,40.0,2.0,0.0,0.198024
insider_relax,2,11,89,20,40.0,2.0,0.0,0.192737
fastmultrec_greedy,2,11,89,20,40.0,2.0,0.0,0.640366
lcamap,2,11,89,20,40.0,2.0,0.0,0.119513
segdup,1,7,90,5,1410,129,765,123.019789
insider,1,7,90,5,1388.0,119.0,793.0,0.184696
insider_relax,1,7,90,5,1388.0,119.0,793.0,0.202864
fastmultrec_greedy,1,7,90,5,1388.0,120.0,788.0,2.182690
lcamap,1,7,90,5,1410.0,129.0,765.0,0.053243
segdup,1,7,90,10,2047,128,767,121.167761
insider,1,7,90,10,1959.0,110.0,859.0,0.286595
insider_relax,1,7,90,10,1959.0,110.0,859.0,0.347869
fastmultrec_greedy,1,7,90,10,1982.0,118.0,802.0,2.624438
lcamap,1,7,90,10,2055.0,129.0,765.0,0.052713
segdup,1,7,90,15,2700,129,765,122.316756
insider,1,7,90,15,2488.0,100.0,988.0,0.605617
insider_relax,1,7,90,15,2488.0,100.0,988.0,0.761214
fastmultrec_greedy,1,7,90,15,2567.0,116.0,827.0,3.074667
lcamap,1,7,90,15,2700.0,129.0,765.0,0.050992
segdup,1,7,90,20,3344,128,784,119.332231
insider,1,7,90,20,2980.0,97.0,1040.0,1.070622
insider_relax,1,7,90,20,2980.0,97.0,1040.0,1.276731
fastmultrec_greedy,1,7,90,20,3133.0,113.0,873.0,3.750225
lcamap,1,7,90,20,3345.0,129.0,765.0,0.049359
segdup,1,8,90,5,471,61,166,66.494027
insider,1,8,90,5,471.0,61.0,166.0,0.116740
insider_relax,1,8,90,5,471.0,61.0,166.0,0.140655
fastmultrec_greedy,1,8,90,5,471.0,61.0,166.0,0.178010
lcamap,1,8,90,5,471.0,61.0,166.0,0.033190
segdup,1,8,90,10,776,61,166,67.808643
insider,1,8,90,10,762.0,56.0,202.0,0.241262
insider_relax,1,8,90,10,762.0,56.0,202.0,0.309440
fastmultrec_greedy,1,8,90,10,774.0,59.0,184.0,0.435329
lcamap,1,8,90,10,776.0,61.0,166.0,0.034488
segdup,1,8,90,15,1081,61,166,65.911515
insider,1,8,90,15,1034.0,53.0,239.0,0.810141
insider_relax,1,8,90,15,1034.0,53.0,239.0,1.316127
fastmultrec_greedy,1,8,90,15,1066.0,58.0,196.0,0.579904
lcamap,1,8,90,15,1081.0,61.0,166.0,0.033047
segdup,1,8,90,20,1386,61,166,64.812066
insider,1,8,90,20,1290.0,51.0,270.0,7.117215
insider_relax,1,8,90,20,1290.0,51.0,270.0,15.815071
fastmultrec_greedy,1,8,90,20,1356.0,58.0,196.0,0.575353
lcamap,1,8,90,20,1386.0,61.0,166.0,0.033523
segdup,1,9,90,5,16,2,6,107.289273
insider,1,9,90,5,16.0,2.0,6.0,0.064291
insider_relax,1,9,90,5,16.0,2.0,6.0,0.072206
fastmultrec_greedy,1,9,90,5,16.0,2.0,6.0,0.210708
lcamap,1,9,90,5,16.0,2.0,6.0,0.038688
segdup,1,9,90,10,26,2,6,98.946015
insider,1,9,90,10,26.0,2.0,6.0,0.067464
insider_relax,1,9,90,10,26.0,2.0,6.0,0.072462
fastmultrec_greedy,1,9,90,10,26.0,2.0,6.0,0.211910
lcamap,1,9,90,10,26.0,2.0,6.0,0.042023
segdup,1,9,90,15,36,2,6,57.765114
insider,1,9,90,15,36.0,2.0,6.0,0.067009
insider_relax,1,9,90,15,36.0,2.0,6.0,0.072588
fastmultrec_greedy,1,9,90,15,36.0,2.0,6.0,0.211721
lcamap,1,9,90,15,36.0,2.0,6.0,0.041163
segdup,1,9,90,20,46,2,6,59.148005
insider,1,9,90,20,46.0,2.0,6.0,0.071543
insider_relax,1,9,90,20,46.0,2.0,6.0,0.071073
fastmultrec_greedy,1,9,90,20,46.0,2.0,6.0,0.209984
lcamap,1,9,90,20,46.0,2.0,6.0,0.039173
segdup,1,10,90,5,10,2,0,167.279557
insider,1,10,90,5,10.0,2.0,0.0,0.110901
insider_relax,1,10,90,5,10.0,2.0,0.0,0.108550
fastmultrec_greedy,1,10,90,5,10.0,2.0,0.0,0.392762
lcamap,1,10,90,5,10.0,2.0,0.0,0.068691
segdup,1,10,90,10,20,2,0,166.219226
insider,1,10,90,10,20.0,2.0,0.0,0.111099
insider_relax,1,10,90,10,20.0,2.0,0.0,0.115244
fastmultrec_greedy,1,10,90,10,20.0,2.0,0.0,0.394473
lcamap,1,10,90,10,20.0,2.0,0.0,0.068529
segdup,1,10,90,15,30,2,0,163.202429
insider,1,10,90,15,30.0,2.0,0.0,0.112776
insider_relax,1,10,90,15,30.0,2.0,0.0,0.109749
fastmultrec_greedy,1,10,90,15,30.0,2.0,0.0,0.395151
lcamap,1,10,90,15,30.0,2.0,0.0,0.067622
segdup,1,10,90,20,40,2,0,95.516303
insider,1,10,90,20,40.0,2.0,0.0,0.113824
insider_relax,1,10,90,20,40.0,2.0,0.0,0.108875
fastmultrec_greedy,1,10,90,20,40.0,2.0,0.0,0.396081
lcamap,1,10,90,20,40.0,2.0,0.0,0.071674
segdup,1,11,90,5,10,2,0,125.657796
insider,1,11,90,5,10.0,2.0,0.0,0.083822
insider_relax,1,11,90,5,10.0,2.0,0.0,0.086557
fastmultrec_greedy,1,11,90,5,10.0,2.0,0.0,0.331823
lcamap,1,11,90,5,10.0,2.0,0.0,0.043665
segdup,1,11,90,10,20,2,0,121.560861
insider,1,11,90,10,20.0,2.0,0.0,0.081242
insider_relax,1,11,90,10,20.0,2.0,0.0,0.087387
fastmultrec_greedy,1,11,90,10,20.0,2.0,0.0,0.331707
lcamap,1,11,90,10,20.0,2.0,0.0,0.047195
segdup,1,11,90,15,30,2,0,100.666524
insider,1,11,90,15,30.0,2.0,0.0,0.083224
insider_relax,1,11,90,15,30.0,2.0,0.0,0.081836
fastmultrec_greedy,1,11,90,15,30.0,2.0,0.0,0.327213
lcamap,1,11,90,15,30.0,2.0,0.0,0.047644
segdup,1,11,90,20,40,2,0,75.593109
insider,1,11,90,20,40.0,2.0,0.0,0.086732
insider_relax,1,11,90,20,40.0,2.0,0.0,0.085659
fastmultrec_greedy,1,11,90,20,40.0,2.0,0.0,0.333565
lcamap,1,11,90,20,40.0,2.0,0.0,0.046166
segdup,2,7,90,5,2282,130,1632,208.854465
insider,2,7,90,5,2257.0,119.0,1662.0,0.237185
insider_relax,2,7,90,5,2257.0,119.0,1662.0,0.247650
fastmultrec_greedy,2,7,90,5,2257.0,119.0,1662.0,3.242294
lcamap,2,7,90,5,2282.0,130.0,1632.0,0.064666
segdup,2,7,90,10,2932,130,1632,200.183532
insider,2,7,90,10,2828.0,110.0,1728.0,0.348013
insider_relax,2,7,90,10,2828.0,110.0,1728.0,0.420452
fastmultrec_greedy,2,7,90,10,2839.0,115.0,1689.0,4.369016
lcamap,2,7,90,10,2932.0,130.0,1632.0,0.063050
segdup,2,7,90,15,3582,130,1632,187.857136
insider,2,7,90,15,3375.0,109.0,1740.0,0.546101
insider_relax,2,7,90,15,3375.0,108.0,1755.0,0.635233
fastmultrec_greedy,2,7,90,15,3411.0,114.0,1701.0,5.199064
lcamap,2,7,90,15,3582.0,130.0,1632.0,0.064306
segdup,2,7,90,20,4232,130,1632,198.507815
insider,2,7,90,20,3905.0,103.0,1845.0,0.949915
insider_relax,2,7,90,20,3905.0,103.0,1845.0,1.205439
fastmultrec_greedy,2,7,90,20,3981.0,114.0,1701.0,5.177481
lcamap,2,7,90,20,4232.0,130.0,1632.0,0.065973
segdup,2,8,90,5,270,43,55,96.425798
insider,2,8,90,5,270.0,43.0,55.0,0.172492
insider_relax,2,8,90,5,270.0,43.0,55.0,0.218346
fastmultrec_greedy,2,8,90,5,270.0,43.0,55.0,0.303106
lcamap,2,8,90,5,270.0,43.0,55.0,0.057244
segdup,2,8,90,10,485,43,55,91.470560
insider,2,8,90,10,484.0,42.0,64.0,0.291009
insider_relax,2,8,90,10,484.0,42.0,64.0,0.540424
fastmultrec_greedy,2,8,90,10,485.0,43.0,55.0,0.301055
lcamap,2,8,90,10,485.0,43.0,55.0,0.057213
segdup,2,8,90,15,700,43,55,92.363186
insider,2,8,90,15,693.0,41.0,78.0,0.735780
insider_relax,2,8,90,15,693.0,41.0,78.0,0.870461
fastmultrec_greedy,2,8,90,15,700.0,43.0,55.0,0.298999
lcamap,2,8,90,15,700.0,43.0,55.0,0.059377
segdup,2,8,90,20,915,43,55,93.083390
insider,2,8,90,20,898.0,41.0,78.0,2.645713
insider_relax,2,8,90,20,898.0,41.0,78.0,4.524995
fastmultrec_greedy,2,8,90,20,915.0,43.0,55.0,0.302568
lcamap,2,8,90,20,915.0,43.0,55.0,0.059710
segdup,2,9,90,5,99,17,14,162.369542
insider,2,9,90,5,99.0,17.0,14.0,0.165107
insider_relax,2,9,90,5,99.0,17.0,14.0,0.181844
fastmultrec_greedy,2,9,90,5,99.0,17.0,14.0,0.453709
lcamap,2,9,90,5,99.0,17.0,14.0,0.082689
segdup,2,9,90,10,184,17,14,145.194163
insider,2,9,90,10,184.0,17.0,14.0,0.192655
insider_relax,2,9,90,10,184.0,17.0,14.0,0.249192
fastmultrec_greedy,2,9,90,10,184.0,17.0,14.0,0.448422
lcamap,2,9,90,10,184.0,17.0,14.0,0.080672
segdup,2,9,90,15,269,17,14,154.837902
insider,2,9,90,15,269.0,17.0,14.0,0.285505
insider_relax,2,9,90,15,269.0,17.0,14.0,0.306350
fastmultrec_greedy,2,9,90,15,269.0,17.0,14.0,0.447360
lcamap,2,9,90,15,269.0,17.0,14.0,0.082025
segdup,2,9,90,20,354,17,14,98.018315
insider,2,9,90,20,354.0,17.0,14.0,0.449197
insider_relax,2,9,90,20,354.0,17.0,14.0,0.474158
fastmultrec_greedy,2,9,90,20,354.0,17.0,14.0,0.452161
lcamap,2,9,90,20,354.0,17.0,14.0,0.082963
segdup,2,10,90,5,11,2,1,158.917900
insider,2,10,90,5,11.0,2.0,1.0,0.107088
insider_relax,2,10,90,5,11.0,2.0,1.0,0.114583
fastmultrec_greedy,2,10,90,5,11.0,2.0,1.0,0.336628
lcamap,2,10,90,5,11.0,2.0,1.0,0.062414
segdup,2,10,90,10,21,2,1,134.448559
insider,2,10,90,10,21.0,2.0,1.0,0.109867
insider_relax,2,10,90,10,21.0,2.0,1.0,0.112174
fastmultrec_greedy,2,10,90,10,21.0,2.0,1.0,0.334489
lcamap,2,10,90,10,21.0,2.0,1.0,0.062580
segdup,2,10,90,15,31,2,1,70.378160
insider,2,10,90,15,31.0,2.0,1.0,0.110385
insider_relax,2,10,90,15,31.0,2.0,1.0,0.117647
fastmultrec_greedy,2,10,90,15,31.0,2.0,1.0,0.336120
lcamap,2,10,90,15,31.0,2.0,1.0,0.060721
segdup,2,10,90,20,41,2,1,67.659365
insider,2,10,90,20,41.0,2.0,1.0,0.110024
insider_relax,2,10,90,20,41.0,2.0,1.0,0.116739
fastmultrec_greedy,2,10,90,20,41.0,2.0,1.0,0.339594
lcamap,2,10,90,20,41.0,2.0,1.0,0.063844
segdup,2,11,90,5,15,3,0,301.649834
insider,2,11,90,5,15.0,3.0,0.0,0.188566
insider_relax,2,11,90,5,15.0,3.0,0.0,0.181188
fastmultrec_greedy,2,11,90,5,15.0,3.0,0.0,0.605247
lcamap,2,11,90,5,15.0,3.0,0.0,0.105964
segdup,2,11,90,10,30,3,0,275.100157
insider,2,11,90,10,30.0,3.0,0.0,0.184110
insider_relax,2,11,90,10,30.0,3.0,0.0,0.188467
fastmultrec_greedy,2,11,90,10,30.0,3.0,0.0,0.610133
lcamap,2,11,90,10,30.0,3.0,0.0,0.104911
segdup,2,11,90,15,45,3,0,207.963499
insider,2,11,90,15,45.0,3.0,0.0,0.197626
insider_relax,2,11,90,15,45.0,3.0,0.0,0.186831
fastmultrec_greedy,2,11,90,15,45.0,3.0,0.0,0.602848
lcamap,2,11,90,15,45.0,3.0,0.0,0.101574
segdup,2,11,90,20,60,3,0,134.269816
insider,2,11,90,20,60.0,3.0,0.0,0.193531
insider_relax,2,11,90,20,60.0,3.0,0.0,0.187569
fastmultrec_greedy,2,11,90,20,60.0,3.0,0.0,0.605041
lcamap,2,11,90,20,60.0,3.0,0.0,0.104826
segdup,1,7,91,5,2941,208,1901,164.160007
insider,1,7,91,5,2883.0,181.0,1978.0,0.231256
insider_relax,1,7,91,5,2883.0,180.0,1983.0,0.273733
fastmultrec_greedy,1,7,91,5,2887.0,184.0,1967.0,6.648334
lcamap,1,7,91,5,2941.0,208.0,1901.0,0.055934
segdup,1,7,91,10,3981,208,1901,166.175792
insider,1,7,91,10,3737.0,164.0,2097.0,0.455262
insider_relax,1,7,91,10,3737.0,164.0,2097.0,0.629086
fastmultrec_greedy,1,7,91,10,3785.0,178.0,2005.0,8.558047
lcamap,1,7,91,10,3981.0,208.0,1901.0,0.056791
segdup,1,7,91,15,5021,208,1901,164.660580
insider,1,7,91,15,4539.0,156.0,2199.0,1.546330
insider_relax,1,7,91,15,4539.0,156.0,2199.0,2.454956
fastmultrec_greedy,1,7,91,15,4665.0,175.0,2040.0,9.090750
lcamap,1,7,91,15,5021.0,208.0,1901.0,0.058526
segdup,1,7,91,20,6048,207,1908,164.283237
insider,1,7,91,20,5305.0,150.0,2305.0,8.808345
insider_relax,1,7,91,20,5305.0,148.0,2345.0,18.059717
fastmultrec_greedy,1,7,91,20,5502.0,172.0,2062.0,10.713415
lcamap,1,7,91,20,6061.0,208.0,1901.0,0.056712
segdup,1,8,91,5,169,26,39,182.083745
insider,1,8,91,5,169.0,26.0,39.0,0.128150
insider_relax,1,8,91,5,169.0,26.0,39.0,0.146315
fastmultrec_greedy,1,8,91,5,169.0,26.0,39.0,0.698885
lcamap,1,8,91,5,171.0,27.0,36.0,0.063305
segdup,1,8,91,10,301,26,41,189.975361
insider,1,8,91,10,294.0,24.0,54.0,0.156157
insider_relax,1,8,91,10,294.0,24.0,54.0,0.205209
fastmultrec_greedy,1,8,91,10,299.0,26.0,39.0,0.698411
lcamap,1,8,91,10,306.0,27.0,36.0,0.065152
segdup,1,8,91,15,429,26,39,180.192037
insider,1,8,91,15,414.0,24.0,54.0,0.249260
insider_relax,1,8,91,15,414.0,24.0,54.0,0.275430
fastmultrec_greedy,1,8,91,15,429.0,26.0,39.0,0.692425
lcamap,1,8,91,15,441.0,27.0,36.0,0.067821
segdup,1,8,91,20,559,26,39,176.412589
insider,1,8,91,20,534.0,24.0,54.0,0.869859
insider_relax,1,8,91,20,534.0,24.0,54.0,1.203497
fastmultrec_greedy,1,8,91,20,559.0,26.0,39.0,0.702052
lcamap,1,8,91,20,576.0,27.0,36.0,0.065918
segdup,1,9,91,5,42,8,2,85.516671
insider,1,9,91,5,42.0,8.0,2.0,0.057614
insider_relax,1,9,91,5,42.0,8.0,2.0,0.065481
fastmultrec_greedy,1,9,91,5,42.0,8.0,2.0,0.155744
lcamap,1,9,91,5,42.0,8.0,2.0,0.030428
segdup,1,9,91,10,82,8,2,85.531296
insider,1,9,91,10,82.0,8.0,2.0,0.062477
insider_relax,1,9,91,10,82.0,8.0,2.0,0.077323
fastmultrec_greedy,1,9,91,10,82.0,8.0,2.0,0.157484
lcamap,1,9,91,10,82.0,8.0,2.0,0.030087
segdup,1,9,91,15,122,8,2,69.297537
insider,1,9,91,15,122.0,8.0,2.0,0.069781
insider_relax,1,9,91,15,122.0,8.0,2.0,0.072096
fastmultrec_greedy,1,9,91,15,122.0,8.0,2.0,0.161105
lcamap,1,9,91,15,122.0,8.0,2.0,0.030223
segdup,1,9,91,20,162,8,2,48.370337
insider,1,9,91,20,162.0,8.0,2.0,0.079065
insider_relax,1,9,91,20,162.0,8.0,2.0,0.084139
fastmultrec_greedy,1,9,91,20,162.0,8.0,2.0,0.155347
lcamap,1,9,91,20,162.0,8.0,2.0,0.029517
segdup,1,10,91,5,10,2,0,162.467237
insider,1,10,91,5,10.0,2.0,0.0,0.107277
insider_relax,1,10,91,5,10.0,2.0,0.0,0.105787
fastmultrec_greedy,1,10,91,5,10.0,2.0,0.0,0.353864
lcamap,1,10,91,5,10.0,2.0,0.0,0.064098
segdup,1,10,91,10,20,2,0,157.193043
insider,1,10,91,10,20.0,2.0,0.0,0.103674
insider_relax,1,10,91,10,20.0,2.0,0.0,0.101409
fastmultrec_greedy,1,10,91,10,20.0,2.0,0.0,0.348438
lcamap,1,10,91,10,20.0,2.0,0.0,0.066142
segdup,1,10,91,15,30,2,0,138.001300
insider,1,10,91,15,30.0,2.0,0.0,0.103890
insider_relax,1,10,91,15,30.0,2.0,0.0,0.107154
fastmultrec_greedy,1,10,91,15,30.0,2.0,0.0,0.355842
lcamap,1,10,91,15,30.0,2.0,0.0,0.064503
segdup,1,10,91,20,40,2,0,88.275436
insider,1,10,91,20,40.0,2.0,0.0,0.107045
insider_relax,1,10,91,20,40.0,2.0,0.0,0.104265
fastmultrec_greedy,1,10,91,20,40.0,2.0,0.0,0.354039
lcamap,1,10,91,20,40.0,2.0,0.0,0.063499
segdup,1,11,91,5,5,1,0,109.210772
insider,1,11,91,5,5.0,1.0,0.0,0.068156
insider_relax,1,11,91,5,5.0,1.0,0.0,0.071352
fastmultrec_greedy,1,11,91,5,5.0,1.0,0.0,0.208775
lcamap,1,11,91,5,5.0,1.0,0.0,0.041705
segdup,1,11,91,10,10,1,0,105.060695
insider,1,11,91,10,10.0,1.0,0.0,0.067117
insider_relax,1,11,91,10,10.0,1.0,0.0,0.069257
fastmultrec_greedy,1,11,91,10,10.0,1.0,0.0,0.215013
lcamap,1,11,91,10,10.0,1.0,0.0,0.040936
segdup,1,11,91,15,15,1,0,96.464913
insider,1,11,91,15,15.0,1.0,0.0,0.064978
insider_relax,1,11,91,15,15.0,1.0,0.0,0.073657
fastmultrec_greedy,1,11,91,15,15.0,1.0,0.0,0.208730
lcamap,1,11,91,15,15.0,1.0,0.0,0.040391
segdup,1,11,91,20,20,1,0,59.938743
insider,1,11,91,20,20.0,1.0,0.0,0.064703
insider_relax,1,11,91,20,20.0,1.0,0.0,0.074526
fastmultrec_greedy,1,11,91,20,20.0,1.0,0.0,0.214869
lcamap,1,11,91,20,20.0,1.0,0.0,0.040229
segdup,2,8,91,5,181,30,31,90.501710
insider,2,8,91,5,181.0,30.0,31.0,0.142800
insider_relax,2,8,91,5,181.0,30.0,31.0,0.179970
fastmultrec_greedy,2,8,91,5,181.0,30.0,31.0,0.320967
lcamap,2,8,91,5,181.0,30.0,31.0,0.057577
segdup,2,8,91,10,331,30,31,86.741776
insider,2,8,91,10,329.0,28.0,49.0,0.196465
insider_relax,2,8,91,10,329.0,28.0,49.0,0.259128
fastmultrec_greedy,2,8,91,10,331.0,30.0,31.0,0.324564
lcamap,2,8,91,10,331.0,30.0,31.0,0.055107
segdup,2,8,91,15,481,30,31,81.379775
insider,2,8,91,15,469.0,28.0,49.0,0.312881
insider_relax,2,8,91,15,469.0,28.0,49.0,0.330735
fastmultrec_greedy,2,8,91,15,481.0,30.0,31.0,0.324201
lcamap,2,8,91,15,481.0,30.0,31.0,0.058995
segdup,2,8,91,20,631,30,31,82.595463
insider,2,8,91,20,609.0,28.0,49.0,0.632175
insider_relax,2,8,91,20,609.0,28.0,49.0,0.735209
fastmultrec_greedy,2,8,91,20,631.0,30.0,31.0,0.324163
lcamap,2,8,91,20,631.0,30.0,31.0,0.055635
segdup,2,9,91,5,92,16,12,191.233618
insider,2,9,91,5,92.0,16.0,12.0,0.191047
insider_relax,2,9,91,5,92.0,16.0,12.0,0.191167
fastmultrec_greedy,2,9,91,5,92.0,16.0,12.0,0.563524
lcamap,2,9,91,5,92.0,16.0,12.0,0.102164
segdup,2,9,91,10,172,16,12,186.818471
insider,2,9,91,10,172.0,16.0,12.0,0.202398
insider_relax,2,9,91,10,172.0,16.0,12.0,0.210829
fastmultrec_greedy,2,9,91,10,172.0,16.0,12.0,0.560415
lcamap,2,9,91,10,172.0,16.0,12.0,0.100389
segdup,2,9,91,15,252,16,12,159.426319
insider,2,9,91,15,252.0,16.0,12.0,0.222648
insider_relax,2,9,91,15,252.0,16.0,12.0,0.216932
fastmultrec_greedy,2,9,91,15,252.0,16.0,12.0,0.556554
lcamap,2,9,91,15,252.0,16.0,12.0,0.100874
segdup,2,9,91,20,332,16,12,163.108023
insider,2,9,91,20,332.0,16.0,12.0,0.249150
insider_relax,2,9,91,20,332.0,16.0,12.0,0.250776
fastmultrec_greedy,2,9,91,20,332.0,16.0,12.0,0.559356
lcamap,2,9,91,20,332.0,16.0,12.0,0.101198
segdup,2,10,91,5,21,3,6,217.241685
insider,2,10,91,5,21.0,3.0,6.0,0.166030
insider_relax,2,10,91,5,21.0,3.0,6.0,0.162904
fastmultrec_greedy,2,10,91,5,21.0,3.0,6.0,0.500877
lcamap,2,10,91,5,21.0,3.0,6.0,0.094900
segdup,2,10,91,10,36,3,6,204.493127
insider,2,10,91,10,36.0,3.0,6.0,0.162988
insider_relax,2,10,91,10,36.0,3.0,6.0,0.163206
fastmultrec_greedy,2,10,91,10,36.0,3.0,6.0,0.498422
lcamap,2,10,91,10,36.0,3.0,6.0,0.094441
segdup,2,10,91,15,51,3,6,113.105806
insider,2,10,91,15,51.0,3.0,6.0,0.166289
insider_relax,2,10,91,15,51.0,3.0,6.0,0.158435
fastmultrec_greedy,2,10,91,15,51.0,3.0,6.0,0.513232
lcamap,2,10,91,15,51.0,3.0,6.0,0.093283
segdup,2,10,91,20,66,3,6,111.258751
insider,2,10,91,20,66.0,3.0,6.0,0.162119
insider_relax,2,10,91,20,66.0,3.0,6.0,0.163193
fastmultrec_greedy,2,10,91,20,66.0,3.0,6.0,0.497080
lcamap,2,10,91,20,66.0,3.0,6.0,0.097654
segdup,2,11,91,5,15,3,0,170.863608
insider,2,11,91,5,15.0,3.0,0.0,0.113220
insider_relax,2,11,91,5,15.0,3.0,0.0,0.116283
fastmultrec_greedy,2,11,91,5,15.0,3.0,0.0,0.344133
lcamap,2,11,91,5,15.0,3.0,0.0,0.064996
segdup,2,11,91,10,30,3,0,141.810999
insider,2,11,91,10,30.0,3.0,0.0,0.114915
insider_relax,2,11,91,10,30.0,3.0,0.0,0.117851
fastmultrec_greedy,2,11,91,10,30.0,3.0,0.0,0.340916
lcamap,2,11,91,10,30.0,3.0,0.0,0.061906
segdup,2,11,91,15,45,3,0,75.587005
insider,2,11,91,15,45.0,3.0,0.0,0.115412
insider_relax,2,11,91,15,45.0,3.0,0.0,0.113932
fastmultrec_greedy,2,11,91,15,45.0,3.0,0.0,0.346069
lcamap,2,11,91,15,45.0,3.0,0.0,0.064554
segdup,2,11,91,20,60,3,0,75.903095
insider,2,11,91,20,60.0,3.0,0.0,0.118253
insider_relax,2,11,91,20,60.0,3.0,0.0,0.124488
fastmultrec_greedy,2,11,91,20,60.0,3.0,0.0,0.342236
lcamap,2,11,91,20,60.0,3.0,0.0,0.064836
segdup,1,7,92,5,1567,124,947,127.508237
insider,1,7,92,5,1549.0,115.0,974.0,0.191318
insider_relax,1,7,92,5,1549.0,114.0,979.0,0.201343
fastmultrec_greedy,1,7,92,5,1549.0,116.0,969.0,1.761510
lcamap,1,7,92,5,1567.0,124.0,947.0,0.049467
segdup,1,7,92,10,2184,123,954,123.395410
insider,1,7,92,10,2091.0,105.0,1041.0,0.292501
insider_relax,1,7,92,10,2091.0,105.0,1041.0,0.374492
fastmultrec_greedy,1,7,92,10,2109.0,111.0,999.0,2.781920
lcamap,1,7,92,10,2187.0,124.0,947.0,0.050414
segdup,1,7,92,15,2807,124,947,120.774480
insider,1,7,92,15,2598.0,98.0,1128.0,0.552221
insider_relax,1,7,92,15,2598.0,98.0,1128.0,0.654229
fastmultrec_greedy,1,7,92,15,2660.0,109.0,1025.0,3.168017
lcamap,1,7,92,15,2807.0,124.0,947.0,0.048106
segdup,1,7,92,20,3427,124,947,121.156922
insider,1,7,92,20,3071.0,92.0,1231.0,0.903048
insider_relax,1,7,92,20,3071.0,92.0,1231.0,1.095377
fastmultrec_greedy,1,7,92,20,3178.0,104.0,1098.0,5.784323
lcamap,1,7,92,20,3427.0,124.0,947.0,0.050187
segdup,1,8,92,5,196,31,41,51.355694
insider,1,8,92,5,196.0,31.0,41.0,0.075233
insider_relax,1,8,92,5,196.0,31.0,41.0,0.103652
fastmultrec_greedy,1,8,92,5,196.0,31.0,41.0,0.124234
lcamap,1,8,92,5,196.0,31.0,41.0,0.023090
segdup,1,8,92,10,351,31,41,50.610381
insider,1,8,92,10,339.0,28.0,59.0,0.165552
insider_relax,1,8,92,10,339.0,28.0,59.0,0.300307
fastmultrec_greedy,1,8,92,10,351.0,31.0,41.0,0.123629
lcamap,1,8,92,10,351.0,31.0,41.0,0.022847
segdup,1,8,92,15,506,31,41,44.705864
insider,1,8,92,15,477.0,26.0,87.0,0.737255
insider_relax,1,8,92,15,477.0,26.0,87.0,0.957956
fastmultrec_greedy,1,8,92,15,506.0,31.0,41.0,0.121387
lcamap,1,8,92,15,506.0,31.0,41.0,0.023194
segdup,1,8,92,20,647,30,47,40.798283
insider,1,8,92,20,607.0,26.0,87.0,2.568341
insider_relax,1,8,92,20,607.0,26.0,87.0,4.070084
fastmultrec_greedy,1,8,92,20,661.0,31.0,41.0,0.119691
lcamap,1,8,92,20,661.0,31.0,41.0,0.023801
segdup,1,9,92,5,74,12,14,72.879710
insider,1,9,92,5,74.0,12.0,14.0,0.062244
insider_relax,1,9,92,5,74.0,12.0,14.0,0.077563
fastmultrec_greedy,1,9,92,5,74.0,12.0,14.0,0.186738
lcamap,1,9,92,5,74.0,12.0,14.0,0.029542
segdup,1,9,92,10,134,12,14,74.224454
insider,1,9,92,10,134.0,12.0,14.0,0.072097
insider_relax,1,9,92,10,134.0,12.0,14.0,0.082746
fastmultrec_greedy,1,9,92,10,134.0,12.0,14.0,0.183688
lcamap,1,9,92,10,134.0,12.0,14.0,0.030881
segdup,1,9,92,15,194,12,14,68.957613
insider,1,9,92,15,194.0,12.0,14.0,0.087122
insider_relax,1,9,92,15,194.0,12.0,14.0,0.088435
fastmultrec_greedy,1,9,92,15,194.0,12.0,14.0,0.186128
lcamap,1,9,92,15,194.0,12.0,14.0,0.030457
segdup,1,9,92,20,254,12,14,63.050417
insider,1,9,92,20,254.0,12.0,14.0,0.108408
insider_relax,1,9,92,20,254.0,12.0,14.0,0.110610
fastmultrec_greedy,1,9,92,20,254.0,12.0,14.0,0.190652
lcamap,1,9,92,20,254.0,12.0,14.0,0.030569
segdup,1,10,92,5,10,2,0,79.251334
insider,1,10,92,5,10.0,2.0,0.0,0.055239
insider_relax,1,10,92,5,10.0,2.0,0.0,0.052523
fastmultrec_greedy,1,10,92,5,10.0,2.0,0.0,0.155746
lcamap,1,10,92,5,10.0,2.0,0.0,0.028646
segdup,1,10,92,10,20,2,0,74.676373
insider,1,10,92,10,20.0,2.0,0.0,0.056745
insider_relax,1,10,92,10,20.0,2.0,0.0,0.057563
fastmultrec_greedy,1,10,92,10,20.0,2.0,0.0,0.166220
lcamap,1,10,92,10,20.0,2.0,0.0,0.028227
segdup,1,10,92,15,30,2,0,65.947324
insider,1,10,92,15,30.0,2.0,0.0,0.053788
insider_relax,1,10,92,15,30.0,2.0,0.0,0.058527
fastmultrec_greedy,1,10,92,15,30.0,2.0,0.0,0.159821
lcamap,1,10,92,15,30.0,2.0,0.0,0.029065
segdup,1,10,92,20,40,2,0,45.707301
insider,1,10,92,20,40.0,2.0,0.0,0.057336
insider_relax,1,10,92,20,40.0,2.0,0.0,0.056504
fastmultrec_greedy,1,10,92,20,40.0,2.0,0.0,0.164847
lcamap,1,10,92,20,40.0,2.0,0.0,0.030099
segdup,1,11,92,5,5,1,0,183.546749
insider,1,11,92,5,5.0,1.0,0.0,0.114813
insider_relax,1,11,92,5,5.0,1.0,0.0,0.115244
fastmultrec_greedy,1,11,92,5,5.0,1.0,0.0,0.364750
lcamap,1,11,92,5,5.0,1.0,0.0,0.072178
segdup,1,11,92,10,10,1,0,168.939907
insider,1,11,92,10,10.0,1.0,0.0,0.113427
insider_relax,1,11,92,10,10.0,1.0,0.0,0.117347
fastmultrec_greedy,1,11,92,10,10.0,1.0,0.0,0.364115
lcamap,1,11,92,10,10.0,1.0,0.0,0.076341
segdup,1,11,92,15,15,1,0,148.342565
insider,1,11,92,15,15.0,1.0,0.0,0.111500
insider_relax,1,11,92,15,15.0,1.0,0.0,0.113903
fastmultrec_greedy,1,11,92,15,15.0,1.0,0.0,0.366455
lcamap,1,11,92,15,15.0,1.0,0.0,0.073751
segdup,1,11,92,20,20,1,0,106.046753
insider,1,11,92,20,20.0,1.0,0.0,0.112392
insider_relax,1,11,92,20,20.0,1.0,0.0,0.116914
fastmultrec_greedy,1,11,92,20,20.0,1.0,0.0,0.366317
lcamap,1,11,92,20,20.0,1.0,0.0,0.073097
segdup,2,7,92,5,3259,193,2294,382.306115
insider,2,7,92,5,3219.0,176.0,2339.0,0.455197
insider_relax,2,7,92,5,3219.0,176.0,2339.0,0.489956
fastmultrec_greedy,2,7,92,5,3220.0,177.0,2335.0,10.435307
lcamap,2,7,92,5,3259.0,193.0,2294.0,0.135850
segdup,2,7,92,10,4224,193,2294,385.376927
insider,2,7,92,10,4068.0,160.0,2468.0,0.769500
insider_relax,2,7,92,10,4068.0,160.0,2468.0,0.833107
fastmultrec_greedy,2,7,92,10,4092.0,170.0,2392.0,14.659316
lcamap,2,7,92,10,4224.0,193.0,2294.0,0.131675
segdup,2,7,92,15,5189,193,2294,388.232817
insider,2,7,92,15,4850.0,153.0,2555.0,1.294487
insider_relax,2,7,92,15,4850.0,153.0,2555.0,1.552370
fastmultrec_greedy,2,7,92,15,4932.0,168.0,2412.0,16.042072
lcamap,2,7,92,15,5189.0,193.0,2294.0,0.133765
segdup,2,7,92,20,6127,189,2347,383.580373
insider,2,7,92,20,5582.0,141.0,2762.0,2.277742
insider_relax,2,7,92,20,5582.0,141.0,2762.0,3.044388
fastmultrec_greedy,2,7,92,20,5769.0,167.0,2429.0,16.484721
lcamap,2,7,92,20,6154.0,193.0,2294.0,0.136186
segdup,2,8,92,5,503,65,178,117.321444
insider,2,8,92,5,501.0,65.0,176.0,0.187805
insider_relax,2,8,92,5,501.0,65.0,176.0,0.229322
fastmultrec_greedy,2,8,92,5,501.0,65.0,176.0,0.617734
lcamap,2,8,92,5,505.0,66.0,175.0,0.064188
segdup,2,8,92,10,828,65,178,115.243719
insider,2,8,92,10,824.0,63.0,194.0,0.351389
insider_relax,2,8,92,10,824.0,63.0,194.0,0.454244
fastmultrec_greedy,2,8,92,10,826.0,65.0,176.0,0.613995
lcamap,2,8,92,10,835.0,66.0,175.0,0.064168
segdup,2,8,92,15,1165,66,175,110.271133
insider,2,8,92,15,1131.0,59.0,246.0,0.846171
insider_relax,2,8,92,15,1131.0,59.0,246.0,1.150522
fastmultrec_greedy,2,8,92,15,1151.0,65.0,176.0,0.606283
lcamap,2,8,92,15,1165.0,66.0,175.0,0.063720
segdup,2,8,92,20,1478,65,178,106.017718
insider,2,8,92,20,1417.0,55.0,317.0,2.350726
insider_relax,2,8,92,20,1417.0,55.0,317.0,4.639025
fastmultrec_greedy,2,8,92,20,1476.0,65.0,176.0,0.613507
lcamap,2,8,92,20,1495.0,66.0,175.0,0.064752
segdup,2,9,92,5,37,7,2,185.457650
insider,2,9,92,5,37.0,7.0,2.0,0.137076
insider_relax,2,9,92,5,37.0,7.0,2.0,0.138102
fastmultrec_greedy,2,9,92,5,37.0,7.0,2.0,0.410592
lcamap,2,9,92,5,37.0,7.0,2.0,0.073368
segdup,2,9,92,10,72,7,2,165.665146
insider,2,9,92,10,72.0,7.0,2.0,0.134171
insider_relax,2,9,92,10,72.0,7.0,2.0,0.142099
fastmultrec_greedy,2,9,92,10,72.0,7.0,2.0,0.407438
lcamap,2,9,92,10,72.0,7.0,2.0,0.074031
segdup,2,9,92,15,107,7,2,143.668415
insider,2,9,92,15,107.0,7.0,2.0,0.141687
insider_relax,2,9,92,15,107.0,7.0,2.0,0.138966
fastmultrec_greedy,2,9,92,15,107.0,7.0,2.0,0.419832
lcamap,2,9,92,15,107.0,7.0,2.0,0.077733
segdup,2,9,92,20,142,7,2,131.545678
insider,2,9,92,20,142.0,7.0,2.0,0.145333
insider_relax,2,9,92,20,142.0,7.0,2.0,0.141358
fastmultrec_greedy,2,9,92,20,142.0,7.0,2.0,0.401695
lcamap,2,9,92,20,142.0,7.0,2.0,0.081812
segdup,2,10,92,5,16,3,1,233.702667
insider,2,10,92,5,16.0,3.0,1.0,0.159500
insider_relax,2,10,92,5,16.0,3.0,1.0,0.164532
fastmultrec_greedy,2,10,92,5,16.0,3.0,1.0,0.500098
lcamap,2,10,92,5,16.0,3.0,1.0,0.094439
segdup,2,10,92,10,31,3,1,217.318704
insider,2,10,92,10,31.0,3.0,1.0,0.161732
insider_relax,2,10,92,10,31.0,3.0,1.0,0.156657
fastmultrec_greedy,2,10,92,10,31.0,3.0,1.0,0.495970
lcamap,2,10,92,10,31.0,3.0,1.0,0.098641
segdup,2,10,92,15,46,3,1,168.467345
insider,2,10,92,15,46.0,3.0,1.0,0.161177
insider_relax,2,10,92,15,46.0,3.0,1.0,0.157462
fastmultrec_greedy,2,10,92,15,46.0,3.0,1.0,0.504133
lcamap,2,10,92,15,46.0,3.0,1.0,0.095759
segdup,2,10,92,20,61,3,1,107.573919
insider,2,10,92,20,61.0,3.0,1.0,0.168095
insider_relax,2,10,92,20,61.0,3.0,1.0,0.158048
fastmultrec_greedy,2,10,92,20,61.0,3.0,1.0,0.503001
lcamap,2,10,92,20,61.0,3.0,1.0,0.097050
segdup,2,11,92,5,10,2,0,112.498064
insider,2,11,92,5,10.0,2.0,0.0,0.084174
insider_relax,2,11,92,5,10.0,2.0,0.0,0.092018
fastmultrec_greedy,2,11,92,5,10.0,2.0,0.0,0.307933
lcamap,2,11,92,5,10.0,2.0,0.0,0.046869
segdup,2,11,92,10,20,2,0,64.352795
insider,2,11,92,10,20.0,2.0,0.0,0.087947
insider_relax,2,11,92,10,20.0,2.0,0.0,0.091256
fastmultrec_greedy,2,11,92,10,20.0,2.0,0.0,0.302441
lcamap,2,11,92,10,20.0,2.0,0.0,0.049096
segdup,2,11,92,15,30,2,0,86.154672
insider,2,11,92,15,30.0,2.0,0.0,0.087070
insider_relax,2,11,92,15,30.0,2.0,0.0,0.090605
fastmultrec_greedy,2,11,92,15,30.0,2.0,0.0,0.305008
lcamap,2,11,92,15,30.0,2.0,0.0,0.047991
segdup,2,11,92,20,40,2,0,52.832398
insider,2,11,92,20,40.0,2.0,0.0,0.084129
insider_relax,2,11,92,20,40.0,2.0,0.0,0.088553
fastmultrec_greedy,2,11,92,20,40.0,2.0,0.0,0.303155
lcamap,2,11,92,20,40.0,2.0,0.0,0.047434
segdup,1,7,93,5,4009,219,2914,200.610643
insider,1,7,93,5,3940.0,192.0,2980.0,0.231520
insider_relax,1,7,93,5,3940.0,191.0,2985.0,0.271333
fastmultrec_greedy,1,7,93,5,3947.0,198.0,2957.0,5.522886
lcamap,1,7,93,5,4009.0,219.0,2914.0,0.057582
segdup,1,7,93,10,5104,219,2914,198.654148
insider,1,7,93,10,4846.0,171.0,3136.0,0.418812
insider_relax,1,7,93,10,4846.0,171.0,3136.0,0.484972
fastmultrec_greedy,1,7,93,10,4891.0,187.0,3021.0,8.992916
lcamap,1,7,93,10,5104.0,219.0,2914.0,0.056423
segdup,1,7,93,15,6196,218,2926,199.210670
insider,1,7,93,15,5682.0,163.0,3237.0,0.765722
insider_relax,1,7,93,15,5682.0,163.0,3237.0,0.977778
fastmultrec_greedy,1,7,93,15,5818.0,184.0,3058.0,10.371167
lcamap,1,7,93,15,6199.0,219.0,2914.0,0.055633
segdup,1,7,93,20,7294,219,2914,202.971443
insider,1,7,93,20,6473.0,154.0,3393.0,2.002871
insider_relax,1,7,93,20,6473.0,155.0,3373.0,3.612381
fastmultrec_greedy,1,7,93,20,6719.0,181.0,3099.0,11.923909
lcamap,1,7,93,20,7294.0,219.0,2914.0,0.059540
segdup,1,8,93,5,78,14,8,55.717941
insider,1,8,93,5,78.0,14.0,8.0,0.049635
insider_relax,1,8,93,5,78.0,14.0,8.0,0.056002
fastmultrec_greedy,1,8,93,5,78.0,14.0,8.0,0.121259
lcamap,1,8,93,5,78.0,14.0,8.0,0.022244
segdup,1,8,93,10,148,14,8,52.568285
insider,1,8,93,10,148.0,14.0,8.0,0.059972
insider_relax,1,8,93,10,148.0,14.0,8.0,0.067195
fastmultrec_greedy,1,8,93,10,148.0,14.0,8.0,0.118692
lcamap,1,8,93,10,148.0,14.0,8.0,0.021277
segdup,1,8,93,15,218,14,8,52.458690
insider,1,8,93,15,218.0,14.0,8.0,0.075867
insider_relax,1,8,93,15,218.0,14.0,8.0,0.088719
fastmultrec_greedy,1,8,93,15,218.0,14.0,8.0,0.131306
lcamap,1,8,93,15,218.0,14.0,8.0,0.021976
segdup,1,8,93,20,288,14,8,37.585533
insider,1,8,93,20,288.0,14.0,8.0,0.110342
insider_relax,1,8,93,20,288.0,14.0,8.0,0.115596
fastmultrec_greedy,1,8,93,20,288.0,14.0,8.0,0.125612
lcamap,1,8,93,20,288.0,14.0,8.0,0.021706
segdup,1,9,93,5,77,13,12,57.987101
insider,1,9,93,5,77.0,13.0,12.0,0.055016
insider_relax,1,9,93,5,77.0,13.0,12.0,0.061372
fastmultrec_greedy,1,9,93,5,77.0,13.0,12.0,0.144088
lcamap,1,9,93,5,77.0,13.0,12.0,0.028558
segdup,1,9,93,10,142,13,12,56.767583
insider,1,9,93,10,142.0,13.0,12.0,0.064755
insider_relax,1,9,93,10,142.0,13.0,12.0,0.078559
fastmultrec_greedy,1,9,93,10,142.0,13.0,12.0,0.144021
lcamap,1,9,93,10,142.0,13.0,12.0,0.025779
segdup,1,9,93,15,207,13,12,42.851265
insider,1,9,93,15,207.0,13.0,12.0,0.073702
insider_relax,1,9,93,15,207.0,13.0,12.0,0.077180
fastmultrec_greedy,1,9,93,15,207.0,13.0,12.0,0.142001
lcamap,1,9,93,15,207.0,13.0,12.0,0.027614
segdup,1,9,93,20,272,13,12,41.890595
insider,1,9,93,20,272.0,13.0,12.0,0.101349
insider_relax,1,9,93,20,272.0,13.0,12.0,0.140746
fastmultrec_greedy,1,9,93,20,272.0,13.0,12.0,0.144196
lcamap,1,9,93,20,272.0,13.0,12.0,0.025874
segdup,1,10,93,5,5,1,0,136.227469
insider,1,10,93,5,5.0,1.0,0.0,0.087247
insider_relax,1,10,93,5,5.0,1.0,0.0,0.091199
fastmultrec_greedy,1,10,93,5,5.0,1.0,0.0,0.257038
lcamap,1,10,93,5,5.0,1.0,0.0,0.047494
segdup,1,10,93,10,10,1,0,126.698542
insider,1,10,93,10,10.0,1.0,0.0,0.084780
insider_relax,1,10,93,10,10.0,1.0,0.0,0.090940
fastmultrec_greedy,1,10,93,10,10.0,1.0,0.0,0.253522
lcamap,1,10,93,10,10.0,1.0,0.0,0.050777
segdup,1,10,93,15,15,1,0,124.523900
insider,1,10,93,15,15.0,1.0,0.0,0.088217
insider_relax,1,10,93,15,15.0,1.0,0.0,0.087246
fastmultrec_greedy,1,10,93,15,15.0,1.0,0.0,0.255974
lcamap,1,10,93,15,15.0,1.0,0.0,0.048527
segdup,1,10,93,20,20,1,0,75.911216
insider,1,10,93,20,20.0,1.0,0.0,0.088301
insider_relax,1,10,93,20,20.0,1.0,0.0,0.085509
fastmultrec_greedy,1,10,93,20,20.0,1.0,0.0,0.261959
lcamap,1,10,93,20,20.0,1.0,0.0,0.049915
segdup,1,11,93,5,5,1,0,69.423994
insider,1,11,93,5,5.0,1.0,0.0,0.045994
insider_relax,1,11,93,5,5.0,1.0,0.0,0.043889
fastmultrec_greedy,1,11,93,5,5.0,1.0,0.0,0.125921
lcamap,1,11,93,5,5.0,1.0,0.0,0.021238
segdup,1,11,93,10,10,1,0,67.324892
insider,1,11,93,10,10.0,1.0,0.0,0.045151
insider_relax,1,11,93,10,10.0,1.0,0.0,0.044857
fastmultrec_greedy,1,11,93,10,10.0,1.0,0.0,0.123605
lcamap,1,11,93,10,10.0,1.0,0.0,0.022480
segdup,1,11,93,15,15,1,0,64.175513
insider,1,11,93,15,15.0,1.0,0.0,0.046105
insider_relax,1,11,93,15,15.0,1.0,0.0,0.044000
fastmultrec_greedy,1,11,93,15,15.0,1.0,0.0,0.132751
lcamap,1,11,93,15,15.0,1.0,0.0,0.022056
segdup,1,11,93,20,20,1,0,37.951250
insider,1,11,93,20,20.0,1.0,0.0,0.046767
insider_relax,1,11,93,20,20.0,1.0,0.0,0.043017
fastmultrec_greedy,1,11,93,20,20.0,1.0,0.0,0.125046
lcamap,1,11,93,20,20.0,1.0,0.0,0.021603
segdup,2,7,93,5,2542,130,1892,167.268055
insider,2,7,93,5,2515.0,119.0,1920.0,0.191880
insider_relax,2,7,93,5,2515.0,119.0,1920.0,0.219025
fastmultrec_greedy,2,7,93,5,2515.0,119.0,1920.0,2.747839
lcamap,2,7,93,5,2542.0,130.0,1892.0,0.049025
segdup,2,7,93,10,3192,130,1892,166.658789
insider,2,7,93,10,3086.0,109.0,1996.0,0.364872
insider_relax,2,7,93,10,3086.0,109.0,1996.0,0.425738
fastmultrec_greedy,2,7,93,10,3095.0,115.0,1945.0,4.281701
lcamap,2,7,93,10,3192.0,130.0,1892.0,0.049542
segdup,2,7,93,15,3842,130,1892,163.278886
insider,2,7,93,15,3614.0,101.0,2099.0,0.632851
insider_relax,2,7,93,15,3614.0,101.0,2099.0,0.824280
fastmultrec_greedy,2,7,93,15,3659.0,111.0,1994.0,6.320937
lcamap,2,7,93,15,3842.0,130.0,1892.0,0.050406
segdup,2,7,93,20,4492,130,1892,163.165887
insider,2,7,93,20,4117.0,100.0,2117.0,0.998872
insider_relax,2,7,93,20,4117.0,100.0,2117.0,1.330303
fastmultrec_greedy,2,7,93,20,4214.0,111.0,1994.0,6.318394
lcamap,2,7,93,20,4492.0,130.0,1892.0,0.049725
segdup,2,8,93,5,271,40,71,150.865082
insider,2,8,93,5,271.0,40.0,71.0,0.202811
insider_relax,2,8,93,5,271.0,40.0,71.0,0.237753
fastmultrec_greedy,2,8,93,5,271.0,40.0,71.0,0.453310
lcamap,2,8,93,5,271.0,40.0,71.0,0.077222
segdup,2,8,93,10,471,40,71,144.077818
insider,2,8,93,10,466.0,38.0,86.0,0.301772
insider_relax,2,8,93,10,466.0,38.0,86.0,0.385624
fastmultrec_greedy,2,8,93,10,471.0,40.0,71.0,0.472933
lcamap,2,8,93,10,471.0,40.0,71.0,0.075995
segdup,2,8,93,15,671,40,71,135.285378
insider,2,8,93,15,656.0,38.0,86.0,0.517646
insider_relax,2,8,93,15,656.0,38.0,86.0,0.774642
fastmultrec_greedy,2,8,93,15,671.0,40.0,71.0,0.454755
lcamap,2,8,93,15,671.0,40.0,71.0,0.078792
segdup,2,8,93,20,857,39,77,120.619309
insider,2,8,93,20,834.0,35.0,134.0,1.530634
insider_relax,2,8,93,20,834.0,35.0,134.0,2.030338
fastmultrec_greedy,2,8,93,20,871.0,40.0,71.0,0.455654
lcamap,2,8,93,20,871.0,40.0,71.0,0.076028
segdup,2,9,93,5,93,15,18,100.724699
insider,2,9,93,5,93.0,15.0,18.0,0.097160
insider_relax,2,9,93,5,93.0,15.0,18.0,0.106020
fastmultrec_greedy,2,9,93,5,93.0,15.0,18.0,0.256568
lcamap,2,9,93,5,93.0,15.0,18.0,0.041832
segdup,2,9,93,10,168,15,18,101.249853
insider,2,9,93,10,168.0,15.0,18.0,0.102410
insider_relax,2,9,93,10,168.0,15.0,18.0,0.125186
fastmultrec_greedy,2,9,93,10,168.0,15.0,18.0,0.263827
lcamap,2,9,93,10,168.0,15.0,18.0,0.043090
segdup,2,9,93,15,243,15,18,78.261768
insider,2,9,93,15,243.0,15.0,18.0,0.123440
insider_relax,2,9,93,15,243.0,15.0,18.0,0.128712
fastmultrec_greedy,2,9,93,15,243.0,15.0,18.0,0.267175
lcamap,2,9,93,15,243.0,15.0,18.0,0.040197
segdup,2,9,93,20,318,15,18,62.706496
insider,2,9,93,20,318.0,15.0,18.0,0.157209
insider_relax,2,9,93,20,318.0,15.0,18.0,0.161853
fastmultrec_greedy,2,9,93,20,318.0,15.0,18.0,0.258935
lcamap,2,9,93,20,318.0,15.0,18.0,0.042889
segdup,2,10,93,5,78,14,8,304.316165
insider,2,10,93,5,78.0,14.0,8.0,0.206373
insider_relax,2,10,93,5,78.0,14.0,8.0,0.217090
fastmultrec_greedy,2,10,93,5,78.0,14.0,8.0,0.628566
lcamap,2,10,93,5,78.0,14.0,8.0,0.103785
segdup,2,10,93,10,148,14,8,303.588827
insider,2,10,93,10,148.0,14.0,8.0,0.227676
insider_relax,2,10,93,10,148.0,14.0,8.0,0.257179
fastmultrec_greedy,2,10,93,10,148.0,14.0,8.0,0.631157
lcamap,2,10,93,10,148.0,14.0,8.0,0.105265
segdup,2,10,93,15,218,14,8,276.210718
insider,2,10,93,15,218.0,14.0,8.0,0.271022
insider_relax,2,10,93,15,218.0,14.0,8.0,0.261573
fastmultrec_greedy,2,10,93,15,218.0,14.0,8.0,0.622026
lcamap,2,10,93,15,218.0,14.0,8.0,0.103451
segdup,2,10,93,20,288,14,8,136.601343
insider,2,10,93,20,288.0,14.0,8.0,0.357928
insider_relax,2,10,93,20,288.0,14.0,8.0,0.380484
fastmultrec_greedy,2,10,93,20,288.0,14.0,8.0,0.627118
lcamap,2,10,93,20,288.0,14.0,8.0,0.104357
segdup,2,11,93,5,10,2,0,199.165524
insider,2,11,93,5,10.0,2.0,0.0,0.136588
insider_relax,2,11,93,5,10.0,2.0,0.0,0.137068
fastmultrec_greedy,2,11,93,5,10.0,2.0,0.0,0.468414
lcamap,2,11,93,5,10.0,2.0,0.0,0.083332
segdup,2,11,93,10,20,2,0,178.212001
insider,2,11,93,10,20.0,2.0,0.0,0.138056
insider_relax,2,11,93,10,20.0,2.0,0.0,0.139957
fastmultrec_greedy,2,11,93,10,20.0,2.0,0.0,0.467154
lcamap,2,11,93,10,20.0,2.0,0.0,0.081687
segdup,2,11,93,15,30,2,0,156.856443
insider,2,11,93,15,30.0,2.0,0.0,0.142339
insider_relax,2,11,93,15,30.0,2.0,0.0,0.132781
fastmultrec_greedy,2,11,93,15,30.0,2.0,0.0,0.463609
lcamap,2,11,93,15,30.0,2.0,0.0,0.080589
segdup,2,11,93,20,40,2,0,97.552630
insider,2,11,93,20,40.0,2.0,0.0,0.137811
insider_relax,2,11,93,20,40.0,2.0,0.0,0.133073
fastmultrec_greedy,2,11,93,20,40.0,2.0,0.0,0.466189
lcamap,2,11,93,20,40.0,2.0,0.0,0.082446
segdup,1,7,94,5,2578,214,1508,174.484566
insider,1,7,94,5,2522.0,191.0,1567.0,0.266763
insider_relax,1,7,94,5,2522.0,189.0,1577.0,0.311229
fastmultrec_greedy,1,7,94,5,2522.0,189.0,1577.0,8.624648
lcamap,1,7,94,5,2578.0,214.0,1508.0,0.071317
segdup,1,7,94,10,3648,214,1508,179.285183
insider,1,7,94,10,3417.0,171.0,1707.0,0.506044
insider_relax,1,7,94,10,3417.0,170.0,1717.0,0.633776
fastmultrec_greedy,1,7,94,10,3436.0,180.0,1636.0,11.837087
lcamap,1,7,94,10,3648.0,214.0,1508.0,0.076685
segdup,1,7,94,15,4718,214,1508,175.480375
insider,1,7,94,15,4253.0,165.0,1778.0,1.251272
insider_relax,1,7,94,15,4253.0,165.0,1778.0,1.759772
fastmultrec_greedy,1,7,94,15,4336.0,180.0,1636.0,11.870981
lcamap,1,7,94,15,4718.0,214.0,1508.0,0.077498
segdup,1,7,94,20,5788,214,1508,168.245409
insider,1,7,94,20,5049.0,152.0,2009.0,2.793069
insider_relax,1,7,94,20,5049.0,152.0,2009.0,4.091107
fastmultrec_greedy,1,7,94,20,5236.0,180.0,1636.0,11.943857
lcamap,1,7,94,20,5788.0,214.0,1508.0,0.070772
segdup,1,8,94,5,305,44,85,76.277558
insider,1,8,94,5,305.0,44.0,85.0,0.112167
insider_relax,1,8,94,5,305.0,44.0,85.0,0.145155
fastmultrec_greedy,1,8,94,5,305.0,44.0,85.0,0.267364
lcamap,1,8,94,5,305.0,44.0,85.0,0.041413
segdup,1,8,94,10,525,44,85,77.220092
insider,1,8,94,10,523.0,42.0,103.0,0.160329
insider_relax,1,8,94,10,523.0,42.0,103.0,0.230090
fastmultrec_greedy,1,8,94,10,525.0,44.0,85.0,0.265459
lcamap,1,8,94,10,525.0,44.0,85.0,0.044138
segdup,1,8,94,15,745,44,85,75.526013
insider,1,8,94,15,733.0,42.0,103.0,0.266469
insider_relax,1,8,94,15,733.0,42.0,103.0,0.390916
fastmultrec_greedy,1,8,94,15,745.0,44.0,85.0,0.261405
lcamap,1,8,94,15,745.0,44.0,85.0,0.042265
segdup,1,8,94,20,965,44,85,70.595396
insider,1,8,94,20,941.0,41.0,121.0,1.137270
insider_relax,1,8,94,20,941.0,41.0,121.0,1.714462
fastmultrec_greedy,1,8,94,20,965.0,44.0,85.0,0.258347
lcamap,1,8,94,20,965.0,44.0,85.0,0.043943
segdup,1,9,94,5,47,9,2,128.586639
insider,1,9,94,5,47.0,9.0,2.0,0.097154
insider_relax,1,9,94,5,47.0,9.0,2.0,0.106389
fastmultrec_greedy,1,9,94,5,47.0,9.0,2.0,0.330468
lcamap,1,9,94,5,47.0,9.0,2.0,0.052410
segdup,1,9,94,10,92,9,2,121.413319
insider,1,9,94,10,92.0,9.0,2.0,0.109829
insider_relax,1,9,94,10,92.0,9.0,2.0,0.115218
fastmultrec_greedy,1,9,94,10,92.0,9.0,2.0,0.323294
lcamap,1,9,94,10,92.0,9.0,2.0,0.052824
segdup,1,9,94,15,137,9,2,83.675128
insider,1,9,94,15,137.0,9.0,2.0,0.114624
insider_relax,1,9,94,15,137.0,9.0,2.0,0.115305
fastmultrec_greedy,1,9,94,15,137.0,9.0,2.0,0.323138
lcamap,1,9,94,15,137.0,9.0,2.0,0.053768
segdup,1,9,94,20,182,9,2,82.406099
insider,1,9,94,20,182.0,9.0,2.0,0.132319
insider_relax,1,9,94,20,182.0,9.0,2.0,0.140545
fastmultrec_greedy,1,9,94,20,182.0,9.0,2.0,0.324309
lcamap,1,9,94,20,182.0,9.0,2.0,0.053680
segdup,1,10,94,5,30,6,0,67.510739
insider,1,10,94,5,30.0,6.0,0.0,0.052457
insider_relax,1,10,94,5,30.0,6.0,0.0,0.057270
fastmultrec_greedy,1,10,94,5,30.0,6.0,0.0,0.155719
lcamap,1,10,94,5,30.0,6.0,0.0,0.027052
segdup,1,10,94,10,60,6,0,63.134356
insider,1,10,94,10,60.0,6.0,0.0,0.053652
insider_relax,1,10,94,10,60.0,6.0,0.0,0.061238
fastmultrec_greedy,1,10,94,10,60.0,6.0,0.0,0.156970
lcamap,1,10,94,10,60.0,6.0,0.0,0.026545
segdup,1,10,94,15,90,6,0,41.900001
insider,1,10,94,15,90.0,6.0,0.0,0.057960
insider_relax,1,10,94,15,90.0,6.0,0.0,0.058702
fastmultrec_greedy,1,10,94,15,90.0,6.0,0.0,0.151791
lcamap,1,10,94,15,90.0,6.0,0.0,0.027260
segdup,1,10,94,20,120,6,0,41.195890
insider,1,10,94,20,120.0,6.0,0.0,0.065161
insider_relax,1,10,94,20,120.0,6.0,0.0,0.065093
fastmultrec_greedy,1,10,94,20,120.0,6.0,0.0,0.155969
lcamap,1,10,94,20,120.0,6.0,0.0,0.026413
segdup,1,11,94,5,5,1,0,181.874454
insider,1,11,94,5,5.0,1.0,0.0,0.115116
insider_relax,1,11,94,5,5.0,1.0,0.0,0.115200
fastmultrec_greedy,1,11,94,5,5.0,1.0,0.0,0.396551
lcamap,1,11,94,5,5.0,1.0,0.0,0.075448
segdup,1,11,94,10,10,1,0,176.720924
insider,1,11,94,10,10.0,1.0,0.0,0.112244
insider_relax,1,11,94,10,10.0,1.0,0.0,0.114829
fastmultrec_greedy,1,11,94,10,10.0,1.0,0.0,0.396069
lcamap,1,11,94,10,10.0,1.0,0.0,0.071612
segdup,1,11,94,15,15,1,0,137.782477
insider,1,11,94,15,15.0,1.0,0.0,0.116479
insider_relax,1,11,94,15,15.0,1.0,0.0,0.116860
fastmultrec_greedy,1,11,94,15,15.0,1.0,0.0,0.400730
lcamap,1,11,94,15,15.0,1.0,0.0,0.069573
segdup,1,11,94,20,20,1,0,164.431930
insider,1,11,94,20,20.0,1.0,0.0,0.116157
insider_relax,1,11,94,20,20.0,1.0,0.0,0.116646
fastmultrec_greedy,1,11,94,20,20.0,1.0,0.0,0.395572
lcamap,1,11,94,20,20.0,1.0,0.0,0.070798
segdup,2,7,94,5,2727,190,1777,459.337004
insider,2,7,94,5,2701.0,179.0,1806.0,0.505365
insider_relax,2,7,94,5,2701.0,179.0,1806.0,0.536755
fastmultrec_greedy,2,7,94,5,2702.0,180.0,1802.0,7.827055
lcamap,2,7,94,5,2727.0,190.0,1777.0,0.160198
segdup,2,7,94,10,3677,190,1777,448.469672
insider,2,7,94,10,3547.0,159.0,1957.0,0.828768
insider_relax,2,7,94,10,3547.0,158.0,1967.0,0.966551
fastmultrec_greedy,2,7,94,10,3586.0,174.0,1846.0,15.119096
lcamap,2,7,94,10,3677.0,190.0,1777.0,0.161003
segdup,2,7,94,15,4627,190,1777,450.623800
insider,2,7,94,15,4315.0,147.0,2110.0,1.484023
insider_relax,2,7,94,15,4315.0,147.0,2110.0,1.705343
fastmultrec_greedy,2,7,94,15,4448.0,171.0,1883.0,16.783385
lcamap,2,7,94,15,4627.0,190.0,1777.0,0.156930
segdup,2,7,94,20,5577,190,1777,458.606036
insider,2,7,94,20,5046.0,145.0,2146.0,2.502638
insider_relax,2,7,94,20,5046.0,145.0,2146.0,3.488993
fastmultrec_greedy,2,7,94,20,5303.0,171.0,1883.0,16.699576
lcamap,2,7,94,20,5577.0,190.0,1777.0,0.162091
segdup,2,8,94,5,394,59,99,158.100383
insider,2,8,94,5,394.0,59.0,99.0,0.270521
insider_relax,2,8,94,5,394.0,59.0,99.0,0.339232
fastmultrec_greedy,2,8,94,5,394.0,59.0,99.0,0.437682
lcamap,2,8,94,5,394.0,59.0,99.0,0.081073
segdup,2,8,94,10,689,59,99,156.677887
insider,2,8,94,10,672.0,54.0,132.0,0.495021
insider_relax,2,8,94,10,672.0,54.0,132.0,0.686781
fastmultrec_greedy,2,8,94,10,689.0,59.0,99.0,0.442859
lcamap,2,8,94,10,689.0,59.0,99.0,0.078963
segdup,2,8,94,15,984,59,99,141.353963
insider,2,8,94,15,936.0,52.0,156.0,2.330746
insider_relax,2,8,94,15,936.0,52.0,156.0,3.808961
fastmultrec_greedy,2,8,94,15,984.0,59.0,99.0,0.450143
lcamap,2,8,94,15,984.0,59.0,99.0,0.080092
segdup,2,8,94,20,1279,59,99,139.781865
insider,2,8,94,20,1181.0,46.0,261.0,25.590986
insider_relax,2,8,94,20,1181.0,46.0,261.0,54.693774
fastmultrec_greedy,2,8,94,20,1274.0,58.0,114.0,0.790205
lcamap,2,8,94,20,1279.0,59.0,99.0,0.080392
segdup,2,9,94,5,134,23,19,202.054304
insider,2,9,94,5,134.0,23.0,19.0,0.215583
insider_relax,2,9,94,5,134.0,23.0,19.0,0.236983
fastmultrec_greedy,2,9,94,5,134.0,23.0,19.0,0.666272
lcamap,2,9,94,5,134.0,23.0,19.0,0.112382
segdup,2,9,94,10,249,23,19,167.028878
insider,2,9,94,10,249.0,23.0,19.0,0.245946
insider_relax,2,9,94,10,249.0,23.0,19.0,0.302436
fastmultrec_greedy,2,9,94,10,249.0,23.0,19.0,0.663088
lcamap,2,9,94,10,249.0,23.0,19.0,0.110624
segdup,2,9,94,15,364,23,19,176.586404
insider,2,9,94,15,364.0,23.0,19.0,0.324386
insider_relax,2,9,94,15,364.0,23.0,19.0,0.314675
fastmultrec_greedy,2,9,94,15,364.0,23.0,19.0,0.669684
lcamap,2,9,94,15,364.0,23.0,19.0,0.110401
segdup,2,9,94,20,479,23,19,166.311596
insider,2,9,94,20,479.0,23.0,19.0,0.571130
insider_relax,2,9,94,20,479.0,23.0,19.0,0.587365
fastmultrec_greedy,2,9,94,20,479.0,23.0,19.0,0.657970
lcamap,2,9,94,20,479.0,23.0,19.0,0.110993
segdup,2,10,94,5,26,4,6,92.919127
insider,2,10,94,5,26.0,4.0,6.0,0.081952
insider_relax,2,10,94,5,26.0,4.0,6.0,0.086468
fastmultrec_greedy,2,10,94,5,26.0,4.0,6.0,0.223827
lcamap,2,10,94,5,26.0,4.0,6.0,0.042158
segdup,2,10,94,10,46,4,6,81.835336
insider,2,10,94,10,46.0,4.0,6.0,0.081593
insider_relax,2,10,94,10,46.0,4.0,6.0,0.084815
fastmultrec_greedy,2,10,94,10,46.0,4.0,6.0,0.219832
lcamap,2,10,94,10,46.0,4.0,6.0,0.040872
segdup,2,10,94,15,66,4,6,45.473160
insider,2,10,94,15,66.0,4.0,6.0,0.081189
insider_relax,2,10,94,15,66.0,4.0,6.0,0.085939
fastmultrec_greedy,2,10,94,15,66.0,4.0,6.0,0.222471
lcamap,2,10,94,15,66.0,4.0,6.0,0.042133
segdup,2,10,94,20,86,4,6,44.502509
insider,2,10,94,20,86.0,4.0,6.0,0.086201
insider_relax,2,10,94,20,86.0,4.0,6.0,0.088753
fastmultrec_greedy,2,10,94,20,86.0,4.0,6.0,0.220579
lcamap,2,10,94,20,86.0,4.0,6.0,0.041742
segdup,2,11,94,5,15,3,0,265.311212
insider,2,11,94,5,15.0,3.0,0.0,0.165854
insider_relax,2,11,94,5,15.0,3.0,0.0,0.169586
fastmultrec_greedy,2,11,94,5,15.0,3.0,0.0,0.558367
lcamap,2,11,94,5,15.0,3.0,0.0,0.097419
segdup,2,11,94,10,30,3,0,230.503288
insider,2,11,94,10,30.0,3.0,0.0,0.174018
insider_relax,2,11,94,10,30.0,3.0,0.0,0.170149
fastmultrec_greedy,2,11,94,10,30.0,3.0,0.0,0.558175
lcamap,2,11,94,10,30.0,3.0,0.0,0.098476
segdup,2,11,94,15,45,3,0,121.899889
insider,2,11,94,15,45.0,3.0,0.0,0.170120
insider_relax,2,11,94,15,45.0,3.0,0.0,0.170384
fastmultrec_greedy,2,11,94,15,45.0,3.0,0.0,0.555723
lcamap,2,11,94,15,45.0,3.0,0.0,0.096364
segdup,2,11,94,20,60,3,0,120.501774
insider,2,11,94,20,60.0,3.0,0.0,0.173226
insider_relax,2,11,94,20,60.0,3.0,0.0,0.174498
fastmultrec_greedy,2,11,94,20,60.0,3.0,0.0,0.557699
lcamap,2,11,94,20,60.0,3.0,0.0,0.096152
segdup,1,7,95,5,1217,105,692,75.242924
insider,1,7,95,5,1189.0,92.0,729.0,0.113193
insider_relax,1,7,95,5,1189.0,91.0,734.0,0.129099
fastmultrec_greedy,1,7,95,5,1190.0,92.0,730.0,1.914185
lcamap,1,7,95,5,1217.0,105.0,692.0,0.027857
segdup,1,7,95,10,1742,105,692,73.508131
insider,1,7,95,10,1620.0,83.0,790.0,0.194110
insider_relax,1,7,95,10,1620.0,83.0,790.0,0.241221
fastmultrec_greedy,1,7,95,10,1633.0,86.0,773.0,2.945081
lcamap,1,7,95,10,1742.0,105.0,692.0,0.028135
segdup,1,7,95,15,2257,104,697,72.036603
insider,1,7,95,15,2023.0,78.0,853.0,0.374834
insider_relax,1,7,95,15,2023.0,78.0,853.0,0.413456
fastmultrec_greedy,1,7,95,15,2063.0,86.0,773.0,2.981765
lcamap,1,7,95,15,2267.0,105.0,692.0,0.029984
segdup,1,7,95,20,2792,105,692,72.308560
insider,1,7,95,20,2407.0,74.0,927.0,0.582026
insider_relax,1,7,95,20,2407.0,74.0,927.0,0.734175
fastmultrec_greedy,1,7,95,20,2493.0,86.0,773.0,2.966305
lcamap,1,7,95,20,2792.0,105.0,692.0,0.029836
segdup,1,8,95,5,350,47,115,58.891953
insider,1,8,95,5,350.0,47.0,115.0,0.097682
insider_relax,1,8,95,5,350.0,47.0,115.0,0.119154
fastmultrec_greedy,1,8,95,5,350.0,47.0,115.0,0.156624
lcamap,1,8,95,5,350.0,47.0,115.0,0.028999
segdup,1,8,95,10,581,46,121,58.498263
insider,1,8,95,10,580.0,45.0,130.0,0.151629
insider_relax,1,8,95,10,580.0,45.0,130.0,0.189508
fastmultrec_greedy,1,8,95,10,585.0,47.0,115.0,0.158127
lcamap,1,8,95,10,585.0,47.0,115.0,0.030814
segdup,1,8,95,15,820,47,115,53.897989
insider,1,8,95,15,802.0,42.0,172.0,0.287286
insider_relax,1,8,95,15,802.0,42.0,172.0,0.386756
fastmultrec_greedy,1,8,95,15,820.0,47.0,115.0,0.156388
lcamap,1,8,95,15,820.0,47.0,115.0,0.028436
segdup,1,8,95,20,1055,47,115,53.713905
insider,1,8,95,20,1012.0,42.0,172.0,0.689231
insider_relax,1,8,95,20,1012.0,42.0,172.0,1.024015
fastmultrec_greedy,1,8,95,20,1055.0,47.0,115.0,0.158518
lcamap,1,8,95,20,1055.0,47.0,115.0,0.029064
segdup,1,9,95,5,27,5,2,164.078172
insider,1,9,95,5,27.0,5.0,2.0,0.097798
insider_relax,1,9,95,5,27.0,5.0,2.0,0.104198
fastmultrec_greedy,1,9,95,5,27.0,5.0,2.0,0.337380
lcamap,1,9,95,5,27.0,5.0,2.0,0.059610
segdup,1,9,95,10,52,5,2,160.452643
insider,1,9,95,10,52.0,5.0,2.0,0.099813
insider_relax,1,9,95,10,52.0,5.0,2.0,0.106603
fastmultrec_greedy,1,9,95,10,52.0,5.0,2.0,0.334470
lcamap,1,9,95,10,52.0,5.0,2.0,0.057523
segdup,1,9,95,15,77,5,2,101.269327
insider,1,9,95,15,77.0,5.0,2.0,0.102774
insider_relax,1,9,95,15,77.0,5.0,2.0,0.108482
fastmultrec_greedy,1,9,95,15,77.0,5.0,2.0,0.337612
lcamap,1,9,95,15,77.0,5.0,2.0,0.057175
segdup,1,9,95,20,102,5,2,131.812568
insider,1,9,95,20,102.0,5.0,2.0,0.102469
insider_relax,1,9,95,20,102.0,5.0,2.0,0.106448
fastmultrec_greedy,1,9,95,20,102.0,5.0,2.0,0.335081
lcamap,1,9,95,20,102.0,5.0,2.0,0.054379
segdup,1,10,95,5,17,3,2,62.210231
insider,1,10,95,5,17.0,3.0,2.0,0.041223
insider_relax,1,10,95,5,17.0,3.0,2.0,0.040600
fastmultrec_greedy,1,10,95,5,17.0,3.0,2.0,0.115013
lcamap,1,10,95,5,17.0,3.0,2.0,0.020154
segdup,1,10,95,10,32,3,2,57.616552
insider,1,10,95,10,32.0,3.0,2.0,0.044657
insider_relax,1,10,95,10,32.0,3.0,2.0,0.040721
fastmultrec_greedy,1,10,95,10,32.0,3.0,2.0,0.112358
lcamap,1,10,95,10,32.0,3.0,2.0,0.019820
segdup,1,10,95,15,47,3,2,56.533769
insider,1,10,95,15,47.0,3.0,2.0,0.043330
insider_relax,1,10,95,15,47.0,3.0,2.0,0.041624
fastmultrec_greedy,1,10,95,15,47.0,3.0,2.0,0.110431
lcamap,1,10,95,15,47.0,3.0,2.0,0.020009
segdup,1,10,95,20,62,3,2,36.995779
insider,1,10,95,20,62.0,3.0,2.0,0.050809
insider_relax,1,10,95,20,62.0,3.0,2.0,0.041640
fastmultrec_greedy,1,10,95,20,62.0,3.0,2.0,0.115180
lcamap,1,10,95,20,62.0,3.0,2.0,0.019398
segdup,1,11,95,5,16,3,1,176.800873
insider,1,11,95,5,16.0,3.0,1.0,0.113799
insider_relax,1,11,95,5,16.0,3.0,1.0,0.115993
fastmultrec_greedy,1,11,95,5,16.0,3.0,1.0,0.391400
lcamap,1,11,95,5,16.0,3.0,1.0,0.067299
segdup,1,11,95,10,31,3,1,160.952612
insider,1,11,95,10,31.0,3.0,1.0,0.117186
insider_relax,1,11,95,10,31.0,3.0,1.0,0.113779
fastmultrec_greedy,1,11,95,10,31.0,3.0,1.0,0.393397
lcamap,1,11,95,10,31.0,3.0,1.0,0.072063
segdup,1,11,95,15,46,3,1,160.942629
insider,1,11,95,15,46.0,3.0,1.0,0.115208
insider_relax,1,11,95,15,46.0,3.0,1.0,0.110559
fastmultrec_greedy,1,11,95,15,46.0,3.0,1.0,0.392826
lcamap,1,11,95,15,46.0,3.0,1.0,0.071063
segdup,1,11,95,20,61,3,1,97.882146
insider,1,11,95,20,61.0,3.0,1.0,0.116003
insider_relax,1,11,95,20,61.0,3.0,1.0,0.114294
fastmultrec_greedy,1,11,95,20,61.0,3.0,1.0,0.391192
lcamap,1,11,95,20,61.0,3.0,1.0,0.070904
segdup,2,7,95,5,2861,143,2146,262.817434
insider,2,7,95,5,2839.0,132.0,2179.0,0.280385
insider_relax,2,7,95,5,2839.0,131.0,2184.0,0.297323
fastmultrec_greedy,2,7,95,5,2839.0,131.0,2184.0,4.961491
lcamap,2,7,95,5,2861.0,143.0,2146.0,0.075380
segdup,2,7,95,10,3576,143,2146,266.966770
insider,2,7,95,10,3467.0,121.0,2257.0,0.412024
insider_relax,2,7,95,10,3467.0,120.0,2267.0,0.471987
fastmultrec_greedy,2,7,95,10,3478.0,125.0,2228.0,7.222535
lcamap,2,7,95,10,3576.0,143.0,2146.0,0.075978
segdup,2,7,95,15,4291,143,2146,262.982984
insider,2,7,95,15,4050.0,113.0,2355.0,0.610333
insider_relax,2,7,95,15,4050.0,113.0,2355.0,0.710162
fastmultrec_greedy,2,7,95,15,4092.0,122.0,2262.0,8.417154
lcamap,2,7,95,15,4291.0,143.0,2146.0,0.077914
segdup,2,7,95,20,5006,143,2146,265.202660
insider,2,7,95,20,4613.0,110.0,2413.0,1.081302
insider_relax,2,7,95,20,4613.0,110.0,2413.0,1.283534
fastmultrec_greedy,2,7,95,20,4692.0,120.0,2292.0,9.146028
lcamap,2,7,95,20,5006.0,143.0,2146.0,0.075293
segdup,2,9,95,5,25,4,5,136.728805
insider,2,9,95,5,25.0,4.0,5.0,0.116545
insider_relax,2,9,95,5,25.0,4.0,5.0,0.118386
fastmultrec_greedy,2,9,95,5,25.0,4.0,5.0,0.370716
lcamap,2,9,95,5,25.0,4.0,5.0,0.064113
segdup,2,9,95,10,45,4,5,122.680970
insider,2,9,95,10,45.0,4.0,5.0,0.116056
insider_relax,2,9,95,10,45.0,4.0,5.0,0.115106
fastmultrec_greedy,2,9,95,10,45.0,4.0,5.0,0.370573
lcamap,2,9,95,10,45.0,4.0,5.0,0.060357
segdup,2,9,95,15,65,4,5,67.336332
insider,2,9,95,15,65.0,4.0,5.0,0.116106
insider_relax,2,9,95,15,65.0,4.0,5.0,0.117711
fastmultrec_greedy,2,9,95,15,65.0,4.0,5.0,0.371437
lcamap,2,9,95,15,65.0,4.0,5.0,0.061492
segdup,2,9,95,20,85,4,5,67.483779
insider,2,9,95,20,85.0,4.0,5.0,0.120512
insider_relax,2,9,95,20,85.0,4.0,5.0,0.123044
fastmultrec_greedy,2,9,95,20,85.0,4.0,5.0,0.366107
lcamap,2,9,95,20,85.0,4.0,5.0,0.060176
segdup,2,10,95,5,26,5,1,174.749647
insider,2,10,95,5,26.0,5.0,1.0,0.123157
insider_relax,2,10,95,5,26.0,5.0,1.0,0.134344
fastmultrec_greedy,2,10,95,5,26.0,5.0,1.0,0.344472
lcamap,2,10,95,5,26.0,5.0,1.0,0.065186
segdup,2,10,95,10,51,5,1,152.297035
insider,2,10,95,10,51.0,5.0,1.0,0.122890
insider_relax,2,10,95,10,51.0,5.0,1.0,0.130082
fastmultrec_greedy,2,10,95,10,51.0,5.0,1.0,0.342022
lcamap,2,10,95,10,51.0,5.0,1.0,0.063989
segdup,2,10,95,15,76,5,1,73.655934
insider,2,10,95,15,76.0,5.0,1.0,0.133063
insider_relax,2,10,95,15,76.0,5.0,1.0,0.135042
fastmultrec_greedy,2,10,95,15,76.0,5.0,1.0,0.342438
lcamap,2,10,95,15,76.0,5.0,1.0,0.066810
segdup,2,10,95,20,101,5,1,142.238114
insider,2,10,95,20,101.0,5.0,1.0,0.137004
insider_relax,2,10,95,20,101.0,5.0,1.0,0.136847
fastmultrec_greedy,2,10,95,20,101.0,5.0,1.0,0.341845
lcamap,2,10,95,20,101.0,5.0,1.0,0.070366
segdup,1,7,96,5,689,71,334,67.321359
insider,1,7,96,5,687.0,70.0,337.0,0.098996
insider_relax,1,7,96,5,687.0,70.0,337.0,0.124917
fastmultrec_greedy,1,7,96,5,687.0,70.0,337.0,0.293849
lcamap,1,7,96,5,689.0,71.0,334.0,0.028288
segdup,1,7,96,10,1044,71,334,64.743872
insider,1,7,96,10,1020.0,64.0,380.0,0.180868
insider_relax,1,7,96,10,1020.0,64.0,380.0,0.224895
fastmultrec_greedy,1,7,96,10,1035.0,68.0,355.0,0.548270
lcamap,1,7,96,10,1044.0,71.0,334.0,0.027836
segdup,1,7,96,15,1392,69,357,63.792485
insider,1,7,96,15,1334.0,61.0,419.0,0.402894
insider_relax,1,7,96,15,1334.0,61.0,419.0,0.542002
fastmultrec_greedy,1,7,96,15,1372.0,67.0,367.0,0.674157
lcamap,1,7,96,15,1399.0,71.0,334.0,0.027739
segdup,1,7,96,20,1718,68,358,64.589582
insider,1,7,96,20,1634.0,59.0,454.0,1.044840
insider_relax,1,7,96,20,1634.0,59.0,454.0,1.535573
fastmultrec_greedy,1,7,96,20,1706.0,66.0,386.0,0.807640
lcamap,1,7,96,20,1754.0,71.0,334.0,0.027343
segdup,1,8,96,5,354,47,119,61.040761
insider,1,8,96,5,352.0,46.0,122.0,0.103079
insider_relax,1,8,96,5,352.0,46.0,122.0,0.124665
fastmultrec_greedy,1,8,96,5,352.0,46.0,122.0,0.536194
lcamap,1,8,96,5,358.0,49.0,113.0,0.028181
segdup,1,8,96,10,595,47,125,57.729049
insider,1,8,96,10,573.0,43.0,143.0,0.156500
insider_relax,1,8,96,10,573.0,43.0,143.0,0.236009
fastmultrec_greedy,1,8,96,10,578.0,45.0,128.0,0.668851
lcamap,1,8,96,10,603.0,49.0,113.0,0.029439
segdup,1,8,96,15,824,47,119,54.614539
insider,1,8,96,15,782.0,41.0,167.0,0.466397
insider_relax,1,8,96,15,782.0,41.0,167.0,0.604016
fastmultrec_greedy,1,8,96,15,803.0,45.0,128.0,0.669412
lcamap,1,8,96,15,848.0,49.0,113.0,0.029181
segdup,1,8,96,20,1059,47,119,55.640289
insider,1,8,96,20,982.0,40.0,182.0,1.741837
insider_relax,1,8,96,20,982.0,40.0,182.0,2.373493
fastmultrec_greedy,1,8,96,20,1028.0,45.0,128.0,0.660233
lcamap,1,8,96,20,1093.0,49.0,113.0,0.029933
segdup,1,9,96,5,12,2,2,68.412369
insider,1,9,96,5,12.0,2.0,2.0,0.051920
insider_relax,1,9,96,5,12.0,2.0,2.0,0.050050
fastmultrec_greedy,1,9,96,5,12.0,2.0,2.0,0.162025
lcamap,1,9,96,5,12.0,2.0,2.0,0.026751
segdup,1,9,96,10,22,2,2,58.981590
insider,1,9,96,10,22.0,2.0,2.0,0.052563
insider_relax,1,9,96,10,22.0,2.0,2.0,0.052501
fastmultrec_greedy,1,9,96,10,22.0,2.0,2.0,0.158332
lcamap,1,9,96,10,22.0,2.0,2.0,0.031027
segdup,1,9,96,15,32,2,2,64.690850
insider,1,9,96,15,32.0,2.0,2.0,0.049875
insider_relax,1,9,96,15,32.0,2.0,2.0,0.052074
fastmultrec_greedy,1,9,96,15,32.0,2.0,2.0,0.158652
lcamap,1,9,96,15,32.0,2.0,2.0,0.025599
segdup,1,9,96,20,42,2,2,40.702167
insider,1,9,96,20,42.0,2.0,2.0,0.049244
insider_relax,1,9,96,20,42.0,2.0,2.0,0.052197
fastmultrec_greedy,1,9,96,20,42.0,2.0,2.0,0.166311
lcamap,1,9,96,20,42.0,2.0,2.0,0.026321
segdup,1,10,96,5,7,1,2,57.695412
insider,1,10,96,5,7.0,1.0,2.0,0.050141
insider_relax,1,10,96,5,7.0,1.0,2.0,0.039957
fastmultrec_greedy,1,10,96,5,7.0,1.0,2.0,0.106082
lcamap,1,10,96,5,7.0,1.0,2.0,0.020419
segdup,1,10,96,10,12,1,2,52.474806
insider,1,10,96,10,12.0,1.0,2.0,0.042783
insider_relax,1,10,96,10,12.0,1.0,2.0,0.041796
fastmultrec_greedy,1,10,96,10,12.0,1.0,2.0,0.106515
lcamap,1,10,96,10,12.0,1.0,2.0,0.020233
segdup,1,10,96,15,17,1,2,53.468759
insider,1,10,96,15,17.0,1.0,2.0,0.050079
insider_relax,1,10,96,15,17.0,1.0,2.0,0.040423
fastmultrec_greedy,1,10,96,15,17.0,1.0,2.0,0.107473
lcamap,1,10,96,15,17.0,1.0,2.0,0.021664
segdup,1,10,96,20,22,1,2,31.605609
insider,1,10,96,20,22.0,1.0,2.0,0.044448
insider_relax,1,10,96,20,22.0,1.0,2.0,0.038578
fastmultrec_greedy,1,10,96,20,22.0,1.0,2.0,0.106956
lcamap,1,10,96,20,22.0,1.0,2.0,0.020965
segdup,1,11,96,5,5,1,0,169.441782
insider,1,11,96,5,5.0,1.0,0.0,0.100633
insider_relax,1,11,96,5,5.0,1.0,0.0,0.104342
fastmultrec_greedy,1,11,96,5,5.0,1.0,0.0,0.326262
lcamap,1,11,96,5,5.0,1.0,0.0,0.067195
segdup,1,11,96,10,10,1,0,157.609233
insider,1,11,96,10,10.0,1.0,0.0,0.099384
insider_relax,1,11,96,10,10.0,1.0,0.0,0.108529
fastmultrec_greedy,1,11,96,10,10.0,1.0,0.0,0.332814
lcamap,1,11,96,10,10.0,1.0,0.0,0.066955
segdup,1,11,96,15,15,1,0,92.785900
insider,1,11,96,15,15.0,1.0,0.0,0.100594
insider_relax,1,11,96,15,15.0,1.0,0.0,0.114548
fastmultrec_greedy,1,11,96,15,15.0,1.0,0.0,0.331460
lcamap,1,11,96,15,15.0,1.0,0.0,0.067692
segdup,1,11,96,20,20,1,0,92.228538
insider,1,11,96,20,20.0,1.0,0.0,0.100060
insider_relax,1,11,96,20,20.0,1.0,0.0,0.104502
fastmultrec_greedy,1,11,96,20,20.0,1.0,0.0,0.323259
lcamap,1,11,96,20,20.0,1.0,0.0,0.067300
segdup,2,7,96,5,4362,229,3217,318.225995
insider,2,7,96,5,4317.0,206.0,3287.0,0.337632
insider_relax,2,7,96,5,4317.0,206.0,3287.0,0.370631
fastmultrec_greedy,2,7,96,5,4323.0,209.0,3278.0,9.547319
lcamap,2,7,96,5,4362.0,229.0,3217.0,0.097802
segdup,2,7,96,10,5507,229,3217,321.550396
insider,2,7,96,10,5279.0,184.0,3439.0,0.647392
insider_relax,2,7,96,10,5279.0,183.0,3449.0,0.774556
fastmultrec_greedy,2,7,96,10,5315.0,194.0,3375.0,17.124020
lcamap,2,7,96,10,5507.0,229.0,3217.0,0.096184
segdup,2,7,96,15,6652,229,3217,319.017429
insider,2,7,96,15,6170.0,175.0,3545.0,1.129149
insider_relax,2,7,96,15,6170.0,175.0,3545.0,1.290551
fastmultrec_greedy,2,7,96,15,6273.0,191.0,3408.0,18.363229
lcamap,2,7,96,15,6652.0,229.0,3217.0,0.099837
segdup,2,7,96,20,7797,229,3217,316.936340
insider,2,7,96,20,7035.0,171.0,3615.0,1.762447
insider_relax,2,7,96,20,7035.0,171.0,3615.0,2.223465
fastmultrec_greedy,2,7,96,20,7220.0,188.0,3460.0,19.779448
lcamap,2,7,96,20,7797.0,229.0,3217.0,0.098718
segdup,2,8,96,5,620,68,280,143.605015
insider,2,8,96,5,619.0,67.0,284.0,0.212719
insider_relax,2,8,96,5,619.0,67.0,284.0,0.220385
fastmultrec_greedy,2,8,96,5,620.0,68.0,280.0,0.378685
lcamap,2,8,96,5,620.0,68.0,280.0,0.064002
segdup,2,8,96,10,960,68,280,140.698481
insider,2,8,96,10,953.0,66.0,293.0,0.389418
insider_relax,2,8,96,10,953.0,65.0,303.0,0.500347
fastmultrec_greedy,2,8,96,10,960.0,68.0,280.0,0.382839
lcamap,2,8,96,10,960.0,68.0,280.0,0.067762
segdup,2,8,96,15,1300,68,280,140.356551
insider,2,8,96,15,1275.0,63.0,330.0,1.085881
insider_relax,2,8,96,15,1275.0,63.0,330.0,1.190562
fastmultrec_greedy,2,8,96,15,1300.0,68.0,280.0,0.376412
lcamap,2,8,96,15,1300.0,68.0,280.0,0.066431
segdup,2,8,96,20,1633,67,293,133.216783
insider,2,8,96,20,1575.0,58.0,415.0,1.856808
insider_relax,2,8,96,20,1575.0,58.0,415.0,2.700475
fastmultrec_greedy,2,8,96,20,1640.0,68.0,280.0,0.376917
lcamap,2,8,96,20,1640.0,68.0,280.0,0.065151
segdup,2,9,96,5,39,7,4,112.627956
insider,2,9,96,5,39.0,7.0,4.0,0.091435
insider_relax,2,9,96,5,39.0,7.0,4.0,0.100325
fastmultrec_greedy,2,9,96,5,39.0,7.0,4.0,0.231044
lcamap,2,9,96,5,39.0,7.0,4.0,0.046426
segdup,2,9,96,10,74,7,4,104.204628
insider,2,9,96,10,74.0,7.0,4.0,0.101812
insider_relax,2,9,96,10,74.0,7.0,4.0,0.106844
fastmultrec_greedy,2,9,96,10,74.0,7.0,4.0,0.239319
lcamap,2,9,96,10,74.0,7.0,4.0,0.046493
segdup,2,9,96,15,109,7,4,100.985868
insider,2,9,96,15,109.0,7.0,4.0,0.106637
insider_relax,2,9,96,15,109.0,7.0,4.0,0.114093
fastmultrec_greedy,2,9,96,15,109.0,7.0,4.0,0.238068
lcamap,2,9,96,15,109.0,7.0,4.0,0.047448
segdup,2,9,96,20,144,7,4,84.598004
insider,2,9,96,20,144.0,7.0,4.0,0.115242
insider_relax,2,9,96,20,144.0,7.0,4.0,0.118612
fastmultrec_greedy,2,9,96,20,144.0,7.0,4.0,0.240921
lcamap,2,9,96,20,144.0,7.0,4.0,0.046283
segdup,2,10,96,5,15,3,0,120.064345
insider,2,10,96,5,15.0,3.0,0.0,0.087355
insider_relax,2,10,96,5,15.0,3.0,0.0,0.092655
fastmultrec_greedy,2,10,96,5,15.0,3.0,0.0,0.237759
lcamap,2,10,96,5,15.0,3.0,0.0,0.046953
segdup,2,10,96,10,30,3,0,108.002238
insider,2,10,96,10,30.0,3.0,0.0,0.085911
insider_relax,2,10,96,10,30.0,3.0,0.0,0.089483
fastmultrec_greedy,2,10,96,10,30.0,3.0,0.0,0.237107
lcamap,2,10,96,10,30.0,3.0,0.0,0.047964
segdup,2,10,96,15,45,3,0,54.463708
insider,2,10,96,15,45.0,3.0,0.0,0.088364
insider_relax,2,10,96,15,45.0,3.0,0.0,0.097115
fastmultrec_greedy,2,10,96,15,45.0,3.0,0.0,0.238009
lcamap,2,10,96,15,45.0,3.0,0.0,0.045911
segdup,2,10,96,20,60,3,0,51.295414
insider,2,10,96,20,60.0,3.0,0.0,0.091973
insider_relax,2,10,96,20,60.0,3.0,0.0,0.095639
fastmultrec_greedy,2,10,96,20,60.0,3.0,0.0,0.233009
lcamap,2,10,96,20,60.0,3.0,0.0,0.048540
segdup,2,11,96,5,10,2,0,140.287104
insider,2,11,96,5,10.0,2.0,0.0,0.113117
insider_relax,2,11,96,5,10.0,2.0,0.0,0.113295
fastmultrec_greedy,2,11,96,5,10.0,2.0,0.0,0.386768
lcamap,2,11,96,5,10.0,2.0,0.0,0.062558
segdup,2,11,96,10,20,2,0,129.638809
insider,2,11,96,10,20.0,2.0,0.0,0.112710
insider_relax,2,11,96,10,20.0,2.0,0.0,0.113357
fastmultrec_greedy,2,11,96,10,20.0,2.0,0.0,0.387280
lcamap,2,11,96,10,20.0,2.0,0.0,0.067222
segdup,2,11,96,15,30,2,0,110.809904
insider,2,11,96,15,30.0,2.0,0.0,0.114442
insider_relax,2,11,96,15,30.0,2.0,0.0,0.110544
fastmultrec_greedy,2,11,96,15,30.0,2.0,0.0,0.388685
lcamap,2,11,96,15,30.0,2.0,0.0,0.067054
segdup,2,11,96,20,40,2,0,69.932461
insider,2,11,96,20,40.0,2.0,0.0,0.107955
insider_relax,2,11,96,20,40.0,2.0,0.0,0.115676
fastmultrec_greedy,2,11,96,20,40.0,2.0,0.0,0.380456
lcamap,2,11,96,20,40.0,2.0,0.0,0.065238
segdup,1,7,97,5,1988,184,1068,163.690009
insider,1,7,97,5,1972.0,176.0,1092.0,0.259098
insider_relax,1,7,97,5,1972.0,176.0,1092.0,0.304452
fastmultrec_greedy,1,7,97,5,1973.0,177.0,1088.0,2.965399
lcamap,1,7,97,5,1988.0,184.0,1068.0,0.081576
segdup,1,7,97,10,2908,184,1068,170.195198
insider,1,7,97,10,2806.0,157.0,1236.0,0.502415
insider_relax,1,7,97,10,2806.0,157.0,1236.0,0.606368
fastmultrec_greedy,1,7,97,10,2851.0,173.0,1121.0,4.292502
lcamap,1,7,97,10,2908.0,184.0,1068.0,0.079518
segdup,1,7,97,15,3828,184,1068,164.198533
insider,1,7,97,15,3570.0,149.0,1335.0,1.180946
insider_relax,1,7,97,15,3570.0,149.0,1335.0,1.596825
fastmultrec_greedy,1,7,97,15,3711.0,171.0,1146.0,4.982887
lcamap,1,7,97,15,3828.0,184.0,1068.0,0.080712
segdup,1,7,97,20,4748,184,1068,160.217716
insider,1,7,97,20,4300.0,143.0,1440.0,2.735039
insider_relax,1,7,97,20,4300.0,143.0,1440.0,4.334041
fastmultrec_greedy,1,7,97,20,4557.0,169.0,1177.0,5.636604
lcamap,1,7,97,20,4748.0,184.0,1068.0,0.083893
segdup,1,8,97,5,310,52,50,137.484831
insider,1,8,97,5,310.0,52.0,50.0,0.182698
insider_relax,1,8,97,5,310.0,52.0,50.0,0.226696
fastmultrec_greedy,1,8,97,5,310.0,52.0,50.0,0.496966
lcamap,1,8,97,5,310.0,52.0,50.0,0.079293
segdup,1,8,97,10,570,52,50,139.617901
insider,1,8,97,10,567.0,50.0,67.0,0.344523
insider_relax,1,8,97,10,567.0,50.0,67.0,0.551891
fastmultrec_greedy,1,8,97,10,570.0,52.0,50.0,0.497603
lcamap,1,8,97,10,570.0,52.0,50.0,0.080983
segdup,1,8,97,15,830,52,50,127.009463
insider,1,8,97,15,805.0,45.0,130.0,1.290748
insider_relax,1,8,97,15,805.0,45.0,130.0,1.729956
fastmultrec_greedy,1,8,97,15,830.0,52.0,50.0,0.501193
lcamap,1,8,97,15,830.0,52.0,50.0,0.079244
segdup,1,8,97,20,1090,52,50,129.792641
insider,1,8,97,20,1026.0,44.0,146.0,6.897049
insider_relax,1,8,97,20,1026.0,44.0,146.0,21.529007
fastmultrec_greedy,1,8,97,20,1090.0,52.0,50.0,0.500289
lcamap,1,8,97,20,1090.0,52.0,50.0,0.081446
segdup,1,9,97,5,74,13,9,138.440315
insider,1,9,97,5,74.0,13.0,9.0,0.109419
insider_relax,1,9,97,5,74.0,13.0,9.0,0.114533
fastmultrec_greedy,1,9,97,5,74.0,13.0,9.0,0.342923
lcamap,1,9,97,5,74.0,13.0,9.0,0.059808
segdup,1,9,97,10,139,13,9,133.567720
insider,1,9,97,10,139.0,13.0,9.0,0.112459
insider_relax,1,9,97,10,139.0,13.0,9.0,0.128930
fastmultrec_greedy,1,9,97,10,139.0,13.0,9.0,0.341919
lcamap,1,9,97,10,139.0,13.0,9.0,0.061657
segdup,1,9,97,15,204,13,9,120.446739
insider,1,9,97,15,204.0,13.0,9.0,0.125963
insider_relax,1,9,97,15,204.0,13.0,9.0,0.129573
fastmultrec_greedy,1,9,97,15,204.0,13.0,9.0,0.334563
lcamap,1,9,97,15,204.0,13.0,9.0,0.060014
segdup,1,9,97,20,269,13,9,90.010543
insider,1,9,97,20,269.0,13.0,9.0,0.151417
insider_relax,1,9,97,20,269.0,13.0,9.0,0.150605
fastmultrec_greedy,1,9,97,20,269.0,13.0,9.0,0.335702
lcamap,1,9,97,20,269.0,13.0,9.0,0.060264
segdup,1,10,97,5,32,6,2,146.356960
insider,1,10,97,5,32.0,6.0,2.0,0.091383
insider_relax,1,10,97,5,32.0,6.0,2.0,0.104162
fastmultrec_greedy,1,10,97,5,32.0,6.0,2.0,0.294001
lcamap,1,10,97,5,32.0,6.0,2.0,0.054828
segdup,1,10,97,10,62,6,2,140.270747
insider,1,10,97,10,62.0,6.0,2.0,0.095843
insider_relax,1,10,97,10,62.0,6.0,2.0,0.098085
fastmultrec_greedy,1,10,97,10,62.0,6.0,2.0,0.294232
lcamap,1,10,97,10,62.0,6.0,2.0,0.057852
segdup,1,10,97,15,92,6,2,119.432638
insider,1,10,97,15,92.0,6.0,2.0,0.097322
insider_relax,1,10,97,15,92.0,6.0,2.0,0.101945
fastmultrec_greedy,1,10,97,15,92.0,6.0,2.0,0.294816
lcamap,1,10,97,15,92.0,6.0,2.0,0.053199
segdup,1,10,97,20,122,6,2,80.295752
insider,1,10,97,20,122.0,6.0,2.0,0.101836
insider_relax,1,10,97,20,122.0,6.0,2.0,0.104159
fastmultrec_greedy,1,10,97,20,122.0,6.0,2.0,0.301096
lcamap,1,10,97,20,122.0,6.0,2.0,0.054171
segdup,1,11,97,5,5,1,0,66.761237
insider,1,11,97,5,5.0,1.0,0.0,0.045766
insider_relax,1,11,97,5,5.0,1.0,0.0,0.042441
fastmultrec_greedy,1,11,97,5,5.0,1.0,0.0,0.114264
lcamap,1,11,97,5,5.0,1.0,0.0,0.021868
segdup,1,11,97,10,10,1,0,64.256617
insider,1,11,97,10,10.0,1.0,0.0,0.045035
insider_relax,1,11,97,10,10.0,1.0,0.0,0.043887
fastmultrec_greedy,1,11,97,10,10.0,1.0,0.0,0.112959
lcamap,1,11,97,10,10.0,1.0,0.0,0.021789
segdup,1,11,97,15,15,1,0,50.681344
insider,1,11,97,15,15.0,1.0,0.0,0.042121
insider_relax,1,11,97,15,15.0,1.0,0.0,0.045595
fastmultrec_greedy,1,11,97,15,15.0,1.0,0.0,0.114608
lcamap,1,11,97,15,15.0,1.0,0.0,0.023506
segdup,1,11,97,20,20,1,0,35.802153
insider,1,11,97,20,20.0,1.0,0.0,0.042835
insider_relax,1,11,97,20,20.0,1.0,0.0,0.043429
fastmultrec_greedy,1,11,97,20,20.0,1.0,0.0,0.113343
lcamap,1,11,97,20,20.0,1.0,0.0,0.022003
segdup,2,7,97,5,609,82,199,220.841550
insider,2,7,97,5,599.0,79.0,204.0,0.310225
insider_relax,2,7,97,5,599.0,79.0,204.0,0.362734
fastmultrec_greedy,2,7,97,5,599.0,79.0,204.0,2.242789
lcamap,2,7,97,5,609.0,82.0,199.0,0.092932
segdup,2,7,97,10,1019,82,199,222.525164
insider,2,7,97,10,979.0,71.0,269.0,0.599750
insider_relax,2,7,97,10,979.0,71.0,269.0,0.755007
fastmultrec_greedy,2,7,97,10,994.0,79.0,204.0,2.238877
lcamap,2,7,97,10,1019.0,82.0,199.0,0.092364
segdup,2,7,97,15,1429,82,199,213.730681
insider,2,7,97,15,1321.0,64.0,361.0,1.321066
insider_relax,2,7,97,15,1321.0,64.0,361.0,1.523597
fastmultrec_greedy,2,7,97,15,1389.0,79.0,204.0,2.248940
lcamap,2,7,97,15,1429.0,82.0,199.0,0.093187
segdup,2,7,97,20,1818,80,218,206.177189
insider,2,7,97,20,1632.0,61.0,412.0,2.812222
insider_relax,2,7,97,20,1632.0,61.0,412.0,4.789701
fastmultrec_greedy,2,7,97,20,1784.0,79.0,204.0,2.244894
lcamap,2,7,97,20,1839.0,82.0,199.0,0.096204
segdup,2,8,97,5,158,25,33,116.592952
insider,2,8,97,5,158.0,25.0,33.0,0.160469
insider_relax,2,8,97,5,158.0,25.0,33.0,0.184564
fastmultrec_greedy,2,8,97,5,158.0,25.0,33.0,0.347422
lcamap,2,8,97,5,158.0,25.0,33.0,0.069331
segdup,2,8,97,10,283,25,33,110.662097
insider,2,8,97,10,283.0,25.0,33.0,0.205201
insider_relax,2,8,97,10,283.0,25.0,33.0,0.302090
fastmultrec_greedy,2,8,97,10,283.0,25.0,33.0,0.344269
lcamap,2,8,97,10,283.0,25.0,33.0,0.067557
segdup,2,8,97,15,408,25,33,81.189293
insider,2,8,97,15,408.0,25.0,33.0,0.362963
insider_relax,2,8,97,15,408.0,25.0,33.0,0.368759
fastmultrec_greedy,2,8,97,15,408.0,25.0,33.0,0.349136
lcamap,2,8,97,15,408.0,25.0,33.0,0.070735
segdup,2,8,97,20,533,25,33,79.620010
insider,2,8,97,20,533.0,25.0,33.0,1.412883
insider_relax,2,8,97,20,533.0,25.0,33.0,1.632877
fastmultrec_greedy,2,8,97,20,533.0,25.0,33.0,0.342903
lcamap,2,8,97,20,533.0,25.0,33.0,0.070203
segdup,2,9,97,5,65,11,10,99.383312
insider,2,9,97,5,65.0,11.0,10.0,0.107988
insider_relax,2,9,97,5,65.0,11.0,10.0,0.118240
fastmultrec_greedy,2,9,97,5,65.0,11.0,10.0,0.303034
lcamap,2,9,97,5,65.0,11.0,10.0,0.049905
segdup,2,9,97,10,120,11,10,91.464837
insider,2,9,97,10,116.0,10.0,16.0,0.115853
insider_relax,2,9,97,10,116.0,10.0,16.0,0.134810
fastmultrec_greedy,2,9,97,10,120.0,11.0,10.0,0.300736
lcamap,2,9,97,10,120.0,11.0,10.0,0.047471
segdup,2,9,97,15,175,11,10,58.440472
insider,2,9,97,15,166.0,10.0,16.0,0.134279
insider_relax,2,9,97,15,166.0,10.0,16.0,0.133299
fastmultrec_greedy,2,9,97,15,175.0,11.0,10.0,0.296742
lcamap,2,9,97,15,175.0,11.0,10.0,0.047162
segdup,2,9,97,20,230,11,10,58.485609
insider,2,9,97,20,216.0,10.0,16.0,0.163299
insider_relax,2,9,97,20,216.0,10.0,16.0,0.162998
fastmultrec_greedy,2,9,97,20,230.0,11.0,10.0,0.293921
lcamap,2,9,97,20,230.0,11.0,10.0,0.045741
segdup,2,10,97,5,15,2,5,194.748506
insider,2,10,97,5,15.0,2.0,5.0,0.147664
insider_relax,2,10,97,5,15.0,2.0,5.0,0.134526
fastmultrec_greedy,2,10,97,5,15.0,2.0,5.0,0.475420
lcamap,2,10,97,5,15.0,2.0,5.0,0.081008
segdup,2,10,97,10,25,2,5,171.442966
insider,2,10,97,10,25.0,2.0,5.0,0.142537
insider_relax,2,10,97,10,25.0,2.0,5.0,0.136161
fastmultrec_greedy,2,10,97,10,25.0,2.0,5.0,0.482287
lcamap,2,10,97,10,25.0,2.0,5.0,0.086617
segdup,2,10,97,15,35,2,5,95.531825
insider,2,10,97,15,35.0,2.0,5.0,0.138967
insider_relax,2,10,97,15,35.0,2.0,5.0,0.138776
fastmultrec_greedy,2,10,97,15,35.0,2.0,5.0,0.481334
lcamap,2,10,97,15,35.0,2.0,5.0,0.084492
segdup,2,10,97,20,45,2,5,93.347411
insider,2,10,97,20,45.0,2.0,5.0,0.143430
insider_relax,2,10,97,20,45.0,2.0,5.0,0.133736
fastmultrec_greedy,2,10,97,20,45.0,2.0,5.0,0.477105
lcamap,2,10,97,20,45.0,2.0,5.0,0.083632
segdup,2,11,97,5,10,2,0,271.155890
insider,2,11,97,5,10.0,2.0,0.0,0.146227
insider_relax,2,11,97,5,10.0,2.0,0.0,0.143476
fastmultrec_greedy,2,11,97,5,10.0,2.0,0.0,0.480136
lcamap,2,11,97,5,10.0,2.0,0.0,0.083712
segdup,2,11,97,10,20,2,0,266.206542
insider,2,11,97,10,20.0,2.0,0.0,0.146892
insider_relax,2,11,97,10,20.0,2.0,0.0,0.143863
fastmultrec_greedy,2,11,97,10,20.0,2.0,0.0,0.479256
lcamap,2,11,97,10,20.0,2.0,0.0,0.083788
segdup,2,11,97,15,30,2,0,223.526003
insider,2,11,97,15,30.0,2.0,0.0,0.148739
insider_relax,2,11,97,15,30.0,2.0,0.0,0.145611
fastmultrec_greedy,2,11,97,15,30.0,2.0,0.0,0.479481
lcamap,2,11,97,15,30.0,2.0,0.0,0.088006
segdup,2,11,97,20,40,2,0,133.663670
insider,2,11,97,20,40.0,2.0,0.0,0.150701
insider_relax,2,11,97,20,40.0,2.0,0.0,0.147015
fastmultrec_greedy,2,11,97,20,40.0,2.0,0.0,0.476864
lcamap,2,11,97,20,40.0,2.0,0.0,0.083822
segdup,1,7,98,5,3162,227,2027,321.617444
insider,1,7,98,5,3118.0,207.0,2083.0,0.373562
insider_relax,1,7,98,5,3118.0,207.0,2083.0,0.401617
fastmultrec_greedy,1,7,98,5,3122.0,210.0,2072.0,12.554713
lcamap,1,7,98,5,3162.0,227.0,2027.0,0.123318
segdup,1,7,98,10,4297,227,2027,316.296076
insider,1,7,98,10,4103.0,185.0,2253.0,0.586974
insider_relax,1,7,98,10,4103.0,185.0,2253.0,0.682336
fastmultrec_greedy,1,7,98,10,4147.0,201.0,2137.0,19.372190
lcamap,1,7,98,10,4297.0,227.0,2027.0,0.124555
segdup,1,7,98,15,5432,227,2027,314.483793
insider,1,7,98,15,5010.0,176.0,2370.0,1.241920
insider_relax,1,7,98,15,5010.0,177.0,2355.0,1.571559
fastmultrec_greedy,1,7,98,15,5136.0,198.0,2166.0,23.318372
lcamap,1,7,98,15,5432.0,227.0,2027.0,0.129594
segdup,1,7,98,20,6567,227,2027,317.283344
insider,1,7,98,20,5877.0,170.0,2477.0,2.315790
insider_relax,1,7,98,20,5877.0,170.0,2477.0,3.099124
fastmultrec_greedy,1,7,98,20,6123.0,196.0,2203.0,24.051272
lcamap,1,7,98,20,6567.0,227.0,2027.0,0.124537
segdup,1,8,98,5,343,52,83,100.661537
insider,1,8,98,5,343.0,52.0,83.0,0.124883
insider_relax,1,8,98,5,343.0,52.0,83.0,0.168115
fastmultrec_greedy,1,8,98,5,343.0,52.0,83.0,0.244692
lcamap,1,8,98,5,343.0,52.0,83.0,0.047156
segdup,1,8,98,10,603,52,83,99.621866
insider,1,8,98,10,599.0,51.0,89.0,0.264093
insider_relax,1,8,98,10,599.0,51.0,89.0,0.425412
fastmultrec_greedy,1,8,98,10,603.0,52.0,83.0,0.241139
lcamap,1,8,98,10,603.0,52.0,83.0,0.048980
segdup,1,8,98,15,863,52,83,98.482081
insider,1,8,98,15,850.0,49.0,115.0,2.233558
insider_relax,1,8,98,15,850.0,49.0,115.0,4.142222
fastmultrec_greedy,1,8,98,15,863.0,52.0,83.0,0.240203
lcamap,1,8,98,15,863.0,52.0,83.0,0.046488
segdup,1,8,98,20,1123,52,83,90.552067
insider,1,8,98,20,1079.0,43.0,219.0,45.345979
insider_relax,1,8,98,20,1079.0,43.0,219.0,137.751217
fastmultrec_greedy,1,8,98,20,1123.0,52.0,83.0,0.244162
lcamap,1,8,98,20,1123.0,52.0,83.0,0.048593
segdup,1,9,98,5,40,7,5,72.892340
insider,1,9,98,5,40.0,7.0,5.0,0.052848
insider_relax,1,9,98,5,40.0,7.0,5.0,0.062150
fastmultrec_greedy,1,9,98,5,40.0,7.0,5.0,0.154860
lcamap,1,9,98,5,40.0,7.0,5.0,0.025806
segdup,1,9,98,10,75,7,5,66.551775
insider,1,9,98,10,75.0,7.0,5.0,0.056290
insider_relax,1,9,98,10,75.0,7.0,5.0,0.067029
fastmultrec_greedy,1,9,98,10,75.0,7.0,5.0,0.159159
lcamap,1,9,98,10,75.0,7.0,5.0,0.025504
segdup,1,9,98,15,110,7,5,62.421272
insider,1,9,98,15,110.0,7.0,5.0,0.063912
insider_relax,1,9,98,15,110.0,7.0,5.0,0.066810
fastmultrec_greedy,1,9,98,15,110.0,7.0,5.0,0.158785
lcamap,1,9,98,15,110.0,7.0,5.0,0.025931
segdup,1,9,98,20,145,7,5,41.610759
insider,1,9,98,20,145.0,7.0,5.0,0.072110
insider_relax,1,9,98,20,145.0,7.0,5.0,0.080129
fastmultrec_greedy,1,9,98,20,145.0,7.0,5.0,0.152683
lcamap,1,9,98,20,145.0,7.0,5.0,0.026406
segdup,1,10,98,5,5,1,0,56.675603
insider,1,10,98,5,5.0,1.0,0.0,0.036473
insider_relax,1,10,98,5,5.0,1.0,0.0,0.038934
fastmultrec_greedy,1,10,98,5,5.0,1.0,0.0,0.106462
lcamap,1,10,98,5,5.0,1.0,0.0,0.019108
segdup,1,10,98,10,10,1,0,53.754047
insider,1,10,98,10,10.0,1.0,0.0,0.039619
insider_relax,1,10,98,10,10.0,1.0,0.0,0.038681
fastmultrec_greedy,1,10,98,10,10.0,1.0,0.0,0.104835
lcamap,1,10,98,10,10.0,1.0,0.0,0.018924
segdup,1,10,98,15,15,1,0,48.075942
insider,1,10,98,15,15.0,1.0,0.0,0.038724
insider_relax,1,10,98,15,15.0,1.0,0.0,0.040100
fastmultrec_greedy,1,10,98,15,15.0,1.0,0.0,0.106129
lcamap,1,10,98,15,15.0,1.0,0.0,0.019181
segdup,1,10,98,20,20,1,0,30.454566
insider,1,10,98,20,20.0,1.0,0.0,0.038874
insider_relax,1,10,98,20,20.0,1.0,0.0,0.040270
fastmultrec_greedy,1,10,98,20,20.0,1.0,0.0,0.102422
lcamap,1,10,98,20,20.0,1.0,0.0,0.023144
segdup,1,11,98,5,5,1,0,100.341723
insider,1,11,98,5,5.0,1.0,0.0,0.058826
insider_relax,1,11,98,5,5.0,1.0,0.0,0.063425
fastmultrec_greedy,1,11,98,5,5.0,1.0,0.0,0.196641
lcamap,1,11,98,5,5.0,1.0,0.0,0.035254
segdup,1,11,98,10,10,1,0,94.678342
insider,1,11,98,10,10.0,1.0,0.0,0.058461
insider_relax,1,11,98,10,10.0,1.0,0.0,0.067492
fastmultrec_greedy,1,11,98,10,10.0,1.0,0.0,0.195550
lcamap,1,11,98,10,10.0,1.0,0.0,0.033561
segdup,1,11,98,15,15,1,0,55.584297
insider,1,11,98,15,15.0,1.0,0.0,0.058234
insider_relax,1,11,98,15,15.0,1.0,0.0,0.066347
fastmultrec_greedy,1,11,98,15,15.0,1.0,0.0,0.200886
lcamap,1,11,98,15,15.0,1.0,0.0,0.035621
segdup,1,11,98,20,20,1,0,54.233724
insider,1,11,98,20,20.0,1.0,0.0,0.059894
insider_relax,1,11,98,20,20.0,1.0,0.0,0.063673
fastmultrec_greedy,1,11,98,20,20.0,1.0,0.0,0.195073
lcamap,1,11,98,20,20.0,1.0,0.0,0.035913
segdup,2,7,98,5,3280,211,2225,458.409682
insider,2,7,98,5,3247.0,194.0,2277.0,0.542590
insider_relax,2,7,98,5,3247.0,194.0,2277.0,0.596986
fastmultrec_greedy,2,7,98,5,3249.0,196.0,2269.0,13.108803
lcamap,2,7,98,5,3280.0,211.0,2225.0,0.152797
segdup,2,7,98,10,4335,211,2225,459.788474
insider,2,7,98,10,4134.0,167.0,2464.0,0.973789
insider_relax,2,7,98,10,4134.0,167.0,2464.0,1.216650
fastmultrec_greedy,2,7,98,10,4185.0,182.0,2365.0,25.841301
lcamap,2,7,98,10,4335.0,211.0,2225.0,0.156804
segdup,2,7,98,15,5390,211,2225,446.409969
insider,2,7,98,15,4940.0,156.0,2600.0,1.918888
insider_relax,2,7,98,15,4940.0,156.0,2600.0,2.397829
fastmultrec_greedy,2,7,98,15,5095.0,182.0,2365.0,25.812263
lcamap,2,7,98,15,5390.0,211.0,2225.0,0.150556
segdup,2,7,98,20,6445,211,2225,459.547988
insider,2,7,98,20,5707.0,151.0,2687.0,3.541309
insider_relax,2,7,98,20,5707.0,151.0,2687.0,4.646045
fastmultrec_greedy,2,7,98,20,5984.0,176.0,2464.0,30.598823
lcamap,2,7,98,20,6445.0,211.0,2225.0,0.151634
segdup,2,8,98,5,794,100,294,164.759290
insider,2,8,98,5,786.0,96.0,306.0,0.246789
insider_relax,2,8,98,5,786.0,96.0,306.0,0.301847
fastmultrec_greedy,2,8,98,5,786.0,96.0,306.0,2.044516
lcamap,2,8,98,5,794.0,100.0,294.0,0.079953
segdup,2,8,98,10,1294,100,294,162.292625
insider,2,8,98,10,1258.0,91.0,348.0,0.476988
insider_relax,2,8,98,10,1258.0,91.0,348.0,0.682077
fastmultrec_greedy,2,8,98,10,1260.0,93.0,330.0,3.315358
lcamap,2,8,98,10,1294.0,100.0,294.0,0.080740
segdup,2,8,98,15,1794,100,294,164.772149
insider,2,8,98,15,1705.0,86.0,415.0,2.543163
insider_relax,2,8,98,15,1705.0,86.0,415.0,4.373980
fastmultrec_greedy,2,8,98,15,1725.0,93.0,330.0,3.314539
lcamap,2,8,98,15,1794.0,100.0,294.0,0.083895
segdup,2,8,98,20,2290,99,310,164.475581
insider,2,8,98,20,2121.0,81.0,501.0,14.886805
insider_relax,2,8,98,20,2121.0,81.0,501.0,31.000338
fastmultrec_greedy,2,8,98,20,2190.0,93.0,330.0,3.305071
lcamap,2,8,98,20,2294.0,100.0,294.0,0.079900
segdup,2,9,98,5,123,20,23,159.705682
insider,2,9,98,5,123.0,20.0,23.0,0.191993
insider_relax,2,9,98,5,123.0,20.0,23.0,0.209457
fastmultrec_greedy,2,9,98,5,123.0,20.0,23.0,0.498199
lcamap,2,9,98,5,123.0,20.0,23.0,0.090766
segdup,2,9,98,10,223,20,23,147.855208
insider,2,9,98,10,221.0,18.0,41.0,0.248759
insider_relax,2,9,98,10,221.0,18.0,41.0,0.282284
fastmultrec_greedy,2,9,98,10,223.0,20.0,23.0,0.501466
lcamap,2,9,98,10,223.0,20.0,23.0,0.089339
segdup,2,9,98,15,323,20,23,112.908674
insider,2,9,98,15,311.0,18.0,41.0,0.318539
insider_relax,2,9,98,15,311.0,18.0,41.0,0.354243
fastmultrec_greedy,2,9,98,15,323.0,20.0,23.0,0.500084
lcamap,2,9,98,15,323.0,20.0,23.0,0.091071
segdup,2,9,98,20,412,19,32,135.526586
insider,2,9,98,20,401.0,18.0,41.0,0.482769
insider_relax,2,9,98,20,401.0,18.0,41.0,0.543520
fastmultrec_greedy,2,9,98,20,423.0,20.0,23.0,0.498123
lcamap,2,9,98,20,423.0,20.0,23.0,0.087770
segdup,2,10,98,5,10,2,0,278.306908
insider,2,10,98,5,10.0,2.0,0.0,0.168618
insider_relax,2,10,98,5,10.0,2.0,0.0,0.168032
fastmultrec_greedy,2,10,98,5,10.0,2.0,0.0,0.584643
lcamap,2,10,98,5,10.0,2.0,0.0,0.105047
segdup,2,10,98,10,20,2,0,268.083858
insider,2,10,98,10,20.0,2.0,0.0,0.169216
insider_relax,2,10,98,10,20.0,2.0,0.0,0.163113
fastmultrec_greedy,2,10,98,10,20.0,2.0,0.0,0.582010
lcamap,2,10,98,10,20.0,2.0,0.0,0.104806
segdup,2,10,98,15,30,2,0,125.129579
insider,2,10,98,15,30.0,2.0,0.0,0.175365
insider_relax,2,10,98,15,30.0,2.0,0.0,0.165852
fastmultrec_greedy,2,10,98,15,30.0,2.0,0.0,0.579042
lcamap,2,10,98,15,30.0,2.0,0.0,0.106433
segdup,2,10,98,20,40,2,0,123.345074
insider,2,10,98,20,40.0,2.0,0.0,0.168677
insider_relax,2,10,98,20,40.0,2.0,0.0,0.163781
fastmultrec_greedy,2,10,98,20,40.0,2.0,0.0,0.585885
lcamap,2,10,98,20,40.0,2.0,0.0,0.101980
segdup,2,11,98,5,10,2,0,246.103285
insider,2,11,98,5,10.0,2.0,0.0,0.164426
insider_relax,2,11,98,5,10.0,2.0,0.0,0.162735
fastmultrec_greedy,2,11,98,5,10.0,2.0,0.0,0.533782
lcamap,2,11,98,5,10.0,2.0,0.0,0.093970
segdup,2,11,98,10,20,2,0,208.732228
insider,2,11,98,10,20.0,2.0,0.0,0.164402
insider_relax,2,11,98,10,20.0,2.0,0.0,0.163554
fastmultrec_greedy,2,11,98,10,20.0,2.0,0.0,0.555377
lcamap,2,11,98,10,20.0,2.0,0.0,0.093866
segdup,2,11,98,15,30,2,0,111.332769
insider,2,11,98,15,30.0,2.0,0.0,0.165021
insider_relax,2,11,98,15,30.0,2.0,0.0,0.164706
fastmultrec_greedy,2,11,98,15,30.0,2.0,0.0,0.540962
lcamap,2,11,98,15,30.0,2.0,0.0,0.092447
segdup,2,11,98,20,40,2,0,114.473452
insider,2,11,98,20,40.0,2.0,0.0,0.167465
insider_relax,2,11,98,20,40.0,2.0,0.0,0.157802
fastmultrec_greedy,2,11,98,20,40.0,2.0,0.0,0.536795
lcamap,2,11,98,20,40.0,2.0,0.0,0.095338
segdup,1,7,99,5,3218,228,2078,262.090710
insider,1,7,99,5,3177.0,208.0,2137.0,0.335271
insider_relax,1,7,99,5,3177.0,208.0,2137.0,0.377180
fastmultrec_greedy,1,7,99,5,3179.0,210.0,2129.0,8.071180
lcamap,1,7,99,5,3218.0,228.0,2078.0,0.096254
segdup,1,7,99,10,4358,228,2078,255.532778
insider,1,7,99,10,4141.0,182.0,2321.0,0.541255
insider_relax,1,7,99,10,4141.0,181.0,2331.0,0.658974
fastmultrec_greedy,1,7,99,10,4182.0,196.0,2222.0,14.228565
lcamap,1,7,99,10,4358.0,228.0,2078.0,0.092385
segdup,1,7,99,15,5498,228,2078,252.209960
insider,1,7,99,15,5025.0,171.0,2460.0,1.026143
insider_relax,1,7,99,15,5025.0,171.0,2460.0,1.243375
fastmultrec_greedy,1,7,99,15,5151.0,193.0,2256.0,15.525424
lcamap,1,7,99,15,5498.0,228.0,2078.0,0.092621
segdup,1,7,99,20,6638,228,2078,254.964901
insider,1,7,99,20,5871.0,166.0,2551.0,2.288700
insider_relax,1,7,99,20,5871.0,167.0,2531.0,3.421822
fastmultrec_greedy,1,7,99,20,6115.0,192.0,2275.0,15.971213
lcamap,1,7,99,20,6638.0,228.0,2078.0,0.093726
segdup,1,8,99,5,297,45,72,62.084093
insider,1,8,99,5,297.0,45.0,72.0,0.088206
insider_relax,1,8,99,5,297.0,45.0,72.0,0.114659
fastmultrec_greedy,1,8,99,5,297.0,45.0,72.0,0.272181
lcamap,1,8,99,5,301.0,46.0,71.0,0.033160
segdup,1,8,99,10,522,45,72,61.530882
insider,1,8,99,10,517.0,43.0,87.0,0.149539
insider_relax,1,8,99,10,517.0,43.0,87.0,0.212780
fastmultrec_greedy,1,8,99,10,522.0,45.0,72.0,0.280520
lcamap,1,8,99,10,531.0,46.0,71.0,0.032641
segdup,1,8,99,15,747,45,72,57.263164
insider,1,8,99,15,730.0,42.0,100.0,0.348010
insider_relax,1,8,99,15,730.0,42.0,100.0,0.387332
fastmultrec_greedy,1,8,99,15,747.0,45.0,72.0,0.272521
lcamap,1,8,99,15,761.0,46.0,71.0,0.030855
segdup,1,8,99,20,972,45,72,61.717683
insider,1,8,99,20,936.0,40.0,136.0,1.094354
insider_relax,1,8,99,20,936.0,40.0,136.0,1.917258
fastmultrec_greedy,1,8,99,20,972.0,45.0,72.0,0.267936
lcamap,1,8,99,20,991.0,46.0,71.0,0.031743
segdup,1,9,99,5,62,11,7,180.524851
insider,1,9,99,5,62.0,11.0,7.0,0.126724
insider_relax,1,9,99,5,62.0,11.0,7.0,0.137461
fastmultrec_greedy,1,9,99,5,62.0,11.0,7.0,0.428276
lcamap,1,9,99,5,62.0,11.0,7.0,0.072422
segdup,1,9,99,10,117,11,7,180.684154
insider,1,9,99,10,117.0,11.0,7.0,0.132444
insider_relax,1,9,99,10,117.0,11.0,7.0,0.146917
fastmultrec_greedy,1,9,99,10,117.0,11.0,7.0,0.421144
lcamap,1,9,99,10,117.0,11.0,7.0,0.074624
segdup,1,9,99,15,172,11,7,193.477222
insider,1,9,99,15,172.0,11.0,7.0,0.145407
insider_relax,1,9,99,15,172.0,11.0,7.0,0.145885
fastmultrec_greedy,1,9,99,15,172.0,11.0,7.0,0.428112
lcamap,1,9,99,15,172.0,11.0,7.0,0.075986
segdup,1,9,99,20,227,11,7,151.133680
insider,1,9,99,20,224.0,10.0,24.0,0.150231
insider_relax,1,9,99,20,224.0,10.0,24.0,0.155283
fastmultrec_greedy,1,9,99,20,227.0,11.0,7.0,0.424295
lcamap,1,9,99,20,227.0,11.0,7.0,0.075710
segdup,1,10,99,5,13,2,3,165.228912
insider,1,10,99,5,13.0,2.0,3.0,0.098516
insider_relax,1,10,99,5,13.0,2.0,3.0,0.107223
fastmultrec_greedy,1,10,99,5,13.0,2.0,3.0,0.332264
lcamap,1,10,99,5,13.0,2.0,3.0,0.059910
segdup,1,10,99,10,23,2,3,158.864564
insider,1,10,99,10,23.0,2.0,3.0,0.098167
insider_relax,1,10,99,10,23.0,2.0,3.0,0.100608
fastmultrec_greedy,1,10,99,10,23.0,2.0,3.0,0.324531
lcamap,1,10,99,10,23.0,2.0,3.0,0.058802
segdup,1,10,99,15,33,2,3,145.400163
insider,1,10,99,15,33.0,2.0,3.0,0.103136
insider_relax,1,10,99,15,33.0,2.0,3.0,0.103028
fastmultrec_greedy,1,10,99,15,33.0,2.0,3.0,0.324613
lcamap,1,10,99,15,33.0,2.0,3.0,0.059195
segdup,1,10,99,20,43,2,3,92.450211
insider,1,10,99,20,43.0,2.0,3.0,0.097088
insider_relax,1,10,99,20,43.0,2.0,3.0,0.100040
fastmultrec_greedy,1,10,99,20,43.0,2.0,3.0,0.329482
lcamap,1,10,99,20,43.0,2.0,3.0,0.060466
segdup,1,11,99,5,5,1,0,90.523269
insider,1,11,99,5,5.0,1.0,0.0,0.054648
insider_relax,1,11,99,5,5.0,1.0,0.0,0.062634
fastmultrec_greedy,1,11,99,5,5.0,1.0,0.0,0.161836
lcamap,1,11,99,5,5.0,1.0,0.0,0.030691
segdup,1,11,99,10,10,1,0,84.177266
insider,1,11,99,10,10.0,1.0,0.0,0.052496
insider_relax,1,11,99,10,10.0,1.0,0.0,0.058646
fastmultrec_greedy,1,11,99,10,10.0,1.0,0.0,0.161785
lcamap,1,11,99,10,10.0,1.0,0.0,0.030936
segdup,1,11,99,15,15,1,0,70.422305
insider,1,11,99,15,15.0,1.0,0.0,0.052614
insider_relax,1,11,99,15,15.0,1.0,0.0,0.071400
fastmultrec_greedy,1,11,99,15,15.0,1.0,0.0,0.157209
lcamap,1,11,99,15,15.0,1.0,0.0,0.030059
segdup,1,11,99,20,20,1,0,49.312301
insider,1,11,99,20,20.0,1.0,0.0,0.053768
insider_relax,1,11,99,20,20.0,1.0,0.0,0.054292
fastmultrec_greedy,1,11,99,20,20.0,1.0,0.0,0.169972
lcamap,1,11,99,20,20.0,1.0,0.0,0.029801
segdup,2,7,99,5,2934,185,2009,538.002793
insider,2,7,99,5,2910.0,172.0,2050.0,0.533794
insider_relax,2,7,99,5,2910.0,171.0,2055.0,0.583342
fastmultrec_greedy,2,7,99,5,2911.0,174.0,2041.0,10.975237
lcamap,2,7,99,5,2934.0,185.0,2009.0,0.173307
segdup,2,7,99,10,3859,185,2009,548.182294
insider,2,7,99,10,3714.0,154.0,2174.0,0.842007
insider_relax,2,7,99,10,3714.0,154.0,2174.0,0.979185
fastmultrec_greedy,2,7,99,10,3733.0,161.0,2123.0,27.079567
lcamap,2,7,99,10,3859.0,185.0,2009.0,0.174484
segdup,2,7,99,15,4784,185,2009,548.398672
insider,2,7,99,15,4462.0,145.0,2287.0,1.440648
insider_relax,2,7,99,15,4462.0,145.0,2287.0,1.697640
fastmultrec_greedy,2,7,99,15,4518.0,156.0,2178.0,36.339933
lcamap,2,7,99,15,4784.0,185.0,2009.0,0.173825
segdup,2,7,99,20,5709,185,2009,544.626757
insider,2,7,99,20,5180.0,141.0,2360.0,4.499743
insider_relax,2,7,99,20,5180.0,141.0,2360.0,6.794458
fastmultrec_greedy,2,7,99,20,5298.0,155.0,2198.0,35.394894
lcamap,2,7,99,20,5709.0,185.0,2009.0,0.172923
segdup,2,8,99,5,849,101,344,147.432024
insider,2,8,99,5,849.0,101.0,344.0,0.236252
insider_relax,2,8,99,5,849.0,101.0,344.0,0.268595
fastmultrec_greedy,2,8,99,5,849.0,101.0,344.0,0.406157
lcamap,2,8,99,5,849.0,101.0,344.0,0.076798
segdup,2,8,99,10,1354,101,344,140.695256
insider,2,8,99,10,1335.0,93.0,405.0,0.506504
insider_relax,2,8,99,10,1335.0,93.0,405.0,0.741193
fastmultrec_greedy,2,8,99,10,1346.0,98.0,366.0,1.380453
lcamap,2,8,99,10,1354.0,101.0,344.0,0.076892
segdup,2,8,99,15,1859,101,344,133.860692
insider,2,8,99,15,1785.0,87.0,480.0,1.617721
insider_relax,2,8,99,15,1785.0,87.0,480.0,2.463201
fastmultrec_greedy,2,8,99,15,1836.0,98.0,366.0,1.386572
lcamap,2,8,99,15,1859.0,101.0,344.0,0.079740
segdup,2,8,99,20,2364,101,344,134.059374
insider,2,8,99,20,2204.0,81.0,584.0,7.106067
insider_relax,2,8,99,20,2204.0,81.0,584.0,13.345051
fastmultrec_greedy,2,8,99,20,2322.0,96.0,402.0,2.058558
lcamap,2,8,99,20,2364.0,101.0,344.0,0.079265
segdup,2,9,99,5,186,30,36,211.863917
insider,2,9,99,5,186.0,30.0,36.0,0.219685
insider_relax,2,9,99,5,186.0,30.0,36.0,0.270031
fastmultrec_greedy,2,9,99,5,186.0,30.0,36.0,0.595009
lcamap,2,9,99,5,186.0,30.0,36.0,0.099668
segdup,2,9,99,10,336,30,36,208.005679
insider,2,9,99,10,332.0,29.0,42.0,0.275645
insider_relax,2,9,99,10,332.0,29.0,42.0,0.362036
fastmultrec_greedy,2,9,99,10,336.0,30.0,36.0,0.603767
lcamap,2,9,99,10,336.0,30.0,36.0,0.106804
segdup,2,9,99,15,486,30,36,177.884441
insider,2,9,99,15,477.0,29.0,42.0,0.513110
insider_relax,2,9,99,15,477.0,29.0,42.0,0.547888
fastmultrec_greedy,2,9,99,15,486.0,30.0,36.0,0.596790
lcamap,2,9,99,15,486.0,30.0,36.0,0.098889
segdup,2,9,99,20,636,30,36,178.214167
insider,2,9,99,20,622.0,29.0,42.0,1.111760
insider_relax,2,9,99,20,622.0,29.0,42.0,2.396566
fastmultrec_greedy,2,9,99,20,636.0,30.0,36.0,0.600540
lcamap,2,9,99,20,636.0,30.0,36.0,0.098849
segdup,2,10,99,5,23,4,3,271.751133
insider,2,10,99,5,23.0,4.0,3.0,0.188711
insider_relax,2,10,99,5,23.0,4.0,3.0,0.182576
fastmultrec_greedy,2,10,99,5,23.0,4.0,3.0,0.606969
lcamap,2,10,99,5,23.0,4.0,3.0,0.109301
segdup,2,10,99,10,43,4,3,242.393335
insider,2,10,99,10,43.0,4.0,3.0,0.188318
insider_relax,2,10,99,10,43.0,4.0,3.0,0.191144
fastmultrec_greedy,2,10,99,10,43.0,4.0,3.0,0.606346
lcamap,2,10,99,10,43.0,4.0,3.0,0.108892
segdup,2,10,99,15,63,4,3,204.315312
insider,2,10,99,15,63.0,4.0,3.0,0.191895
insider_relax,2,10,99,15,63.0,4.0,3.0,0.186690
fastmultrec_greedy,2,10,99,15,63.0,4.0,3.0,0.607172
lcamap,2,10,99,15,63.0,4.0,3.0,0.106514
segdup,2,10,99,20,83,4,3,198.605260
insider,2,10,99,20,83.0,4.0,3.0,0.198066
insider_relax,2,10,99,20,83.0,4.0,3.0,0.194718
fastmultrec_greedy,2,10,99,20,83.0,4.0,3.0,0.608531
lcamap,2,10,99,20,83.0,4.0,3.0,0.107820
segdup,2,11,99,5,10,2,0,245.586135
insider,2,11,99,5,10.0,2.0,0.0,0.165631
insider_relax,2,11,99,5,10.0,2.0,0.0,0.162166
fastmultrec_greedy,2,11,99,5,10.0,2.0,0.0,0.522238
lcamap,2,11,99,5,10.0,2.0,0.0,0.093178
segdup,2,11,99,10,20,2,0,211.748781
insider,2,11,99,10,20.0,2.0,0.0,0.159439
insider_relax,2,11,99,10,20.0,2.0,0.0,0.164773
fastmultrec_greedy,2,11,99,10,20.0,2.0,0.0,0.527830
lcamap,2,11,99,10,20.0,2.0,0.0,0.089867
segdup,2,11,99,15,30,2,0,110.564782
insider,2,11,99,15,30.0,2.0,0.0,0.159967
insider_relax,2,11,99,15,30.0,2.0,0.0,0.166259
fastmultrec_greedy,2,11,99,15,30.0,2.0,0.0,0.523889
lcamap,2,11,99,15,30.0,2.0,0.0,0.086753
segdup,2,11,99,20,40,2,0,108.657114
insider,2,11,99,20,40.0,2.0,0.0,0.154422
insider_relax,2,11,99,20,40.0,2.0,0.0,0.165169
fastmultrec_greedy,2,11,99,20,40.0,2.0,0.0,0.521437
lcamap,2,11,99,20,40.0,2.0,0.0,0.092739
segdup,1,7,100,5,437,64,117,73.767536
insider,1,7,100,5,437.0,64.0,117.0,0.115346
insider_relax,1,7,100,5,437.0,64.0,117.0,0.142032
fastmultrec_greedy,1,7,100,5,437.0,64.0,117.0,0.210583
lcamap,1,7,100,5,437.0,64.0,117.0,0.040654
segdup,1,7,100,10,757,64,117,72.715893
insider,1,7,100,10,753.0,60.0,153.0,0.202544
insider_relax,1,7,100,10,753.0,60.0,153.0,0.309966
fastmultrec_greedy,1,7,100,10,757.0,64.0,117.0,0.210193
lcamap,1,7,100,10,757.0,64.0,117.0,0.037122
segdup,1,7,100,15,1077,64,117,69.758227
insider,1,7,100,15,1050.0,58.0,180.0,0.768905
insider_relax,1,7,100,15,1050.0,58.0,180.0,1.092837
fastmultrec_greedy,1,7,100,15,1077.0,64.0,117.0,0.209892
lcamap,1,7,100,15,1077.0,64.0,117.0,0.040420
segdup,1,7,100,20,1397,64,117,64.824943
insider,1,7,100,20,1334.0,54.0,254.0,4.329658
insider_relax,1,7,100,20,1334.0,54.0,254.0,7.841878
fastmultrec_greedy,1,7,100,20,1397.0,64.0,117.0,0.210514
lcamap,1,7,100,20,1397.0,64.0,117.0,0.038440
segdup,1,8,100,5,329,48,89,76.604954
insider,1,8,100,5,329.0,48.0,89.0,0.116455
insider_relax,1,8,100,5,329.0,48.0,89.0,0.140604
fastmultrec_greedy,1,8,100,5,329.0,48.0,89.0,0.295847
lcamap,1,8,100,5,329.0,48.0,89.0,0.046820
segdup,1,8,100,10,569,48,89,75.335190
insider,1,8,100,10,565.0,47.0,95.0,0.150318
insider_relax,1,8,100,10,565.0,47.0,95.0,0.212742
fastmultrec_greedy,1,8,100,10,569.0,48.0,89.0,0.297659
lcamap,1,8,100,10,569.0,48.0,89.0,0.047513
segdup,1,8,100,15,809,48,89,75.874884
insider,1,8,100,15,797.0,46.0,107.0,0.268222
insider_relax,1,8,100,15,797.0,46.0,107.0,0.300433
fastmultrec_greedy,1,8,100,15,809.0,48.0,89.0,0.293730
lcamap,1,8,100,15,809.0,48.0,89.0,0.046019
segdup,1,8,100,20,1049,48,89,68.324533
insider,1,8,100,20,1026.0,45.0,126.0,0.703712
insider_relax,1,8,100,20,1026.0,45.0,126.0,1.493502
fastmultrec_greedy,1,8,100,20,1049.0,48.0,89.0,0.289239
lcamap,1,8,100,20,1049.0,48.0,89.0,0.047067
segdup,1,9,100,5,129,21,24,118.037722
insider,1,9,100,5,129.0,21.0,24.0,0.114603
insider_relax,1,9,100,5,129.0,21.0,24.0,0.127287
fastmultrec_greedy,1,9,100,5,129.0,21.0,24.0,0.350941
lcamap,1,9,100,5,129.0,21.0,24.0,0.060782
segdup,1,9,100,10,234,21,24,119.365927
insider,1,9,100,10,234.0,21.0,24.0,0.128284
insider_relax,1,9,100,10,234.0,21.0,24.0,0.153489
fastmultrec_greedy,1,9,100,10,234.0,21.0,24.0,0.355284
lcamap,1,9,100,10,234.0,21.0,24.0,0.061243
segdup,1,9,100,15,339,21,24,103.123404
insider,1,9,100,15,339.0,21.0,24.0,0.154868
insider_relax,1,9,100,15,339.0,21.0,24.0,0.154471
fastmultrec_greedy,1,9,100,15,339.0,21.0,24.0,0.359382
lcamap,1,9,100,15,339.0,21.0,24.0,0.059419
segdup,1,9,100,20,444,21,24,102.040560
insider,1,9,100,20,444.0,21.0,24.0,0.206316
insider_relax,1,9,100,20,444.0,21.0,24.0,0.210590
fastmultrec_greedy,1,9,100,20,444.0,21.0,24.0,0.349388
lcamap,1,9,100,20,444.0,21.0,24.0,0.058802
segdup,1,10,100,5,10,2,0,89.728278
insider,1,10,100,5,10.0,2.0,0.0,0.053359
insider_relax,1,10,100,5,10.0,2.0,0.0,0.062984
fastmultrec_greedy,1,10,100,5,10.0,2.0,0.0,0.179730
lcamap,1,10,100,5,10.0,2.0,0.0,0.034284
segdup,1,10,100,10,20,2,0,81.330630
insider,1,10,100,10,20.0,2.0,0.0,0.056968
insider_relax,1,10,100,10,20.0,2.0,0.0,0.065132
fastmultrec_greedy,1,10,100,10,20.0,2.0,0.0,0.175893
lcamap,1,10,100,10,20.0,2.0,0.0,0.034765
segdup,1,10,100,15,30,2,0,46.856538
insider,1,10,100,15,30.0,2.0,0.0,0.056273
insider_relax,1,10,100,15,30.0,2.0,0.0,0.062130
fastmultrec_greedy,1,10,100,15,30.0,2.0,0.0,0.172901
lcamap,1,10,100,15,30.0,2.0,0.0,0.032514
segdup,1,10,100,20,40,2,0,46.439612
insider,1,10,100,20,40.0,2.0,0.0,0.066514
insider_relax,1,10,100,20,40.0,2.0,0.0,0.064445
fastmultrec_greedy,1,10,100,20,40.0,2.0,0.0,0.177990
lcamap,1,10,100,20,40.0,2.0,0.0,0.031534
segdup,1,11,100,5,5,1,0,86.269004
insider,1,11,100,5,5.0,1.0,0.0,0.052989
insider_relax,1,11,100,5,5.0,1.0,0.0,0.057570
fastmultrec_greedy,1,11,100,5,5.0,1.0,0.0,0.177698
lcamap,1,11,100,5,5.0,1.0,0.0,0.030510
segdup,1,11,100,10,10,1,0,81.295547
insider,1,11,100,10,10.0,1.0,0.0,0.053566
insider_relax,1,11,100,10,10.0,1.0,0.0,0.058782
fastmultrec_greedy,1,11,100,10,10.0,1.0,0.0,0.177623
lcamap,1,11,100,10,10.0,1.0,0.0,0.031932
segdup,1,11,100,15,15,1,0,66.766434
insider,1,11,100,15,15.0,1.0,0.0,0.052876
insider_relax,1,11,100,15,15.0,1.0,0.0,0.059301
fastmultrec_greedy,1,11,100,15,15.0,1.0,0.0,0.175718
lcamap,1,11,100,15,15.0,1.0,0.0,0.032363
segdup,1,11,100,20,20,1,0,48.323056
insider,1,11,100,20,20.0,1.0,0.0,0.053944
insider_relax,1,11,100,20,20.0,1.0,0.0,0.058287
fastmultrec_greedy,1,11,100,20,20.0,1.0,0.0,0.180757
lcamap,1,11,100,20,20.0,1.0,0.0,0.030433
segdup,2,7,100,5,1900,141,1195,185.194417
insider,2,7,100,5,1872.0,131.0,1217.0,0.245081
insider_relax,2,7,100,5,1872.0,131.0,1217.0,0.271886
fastmultrec_greedy,2,7,100,5,1872.0,131.0,1217.0,3.165273
lcamap,2,7,100,5,1900.0,141.0,1195.0,0.065712
segdup,2,7,100,10,2605,141,1195,182.814470
insider,2,7,100,10,2496.0,117.0,1326.0,0.433197
insider_relax,2,7,100,10,2496.0,117.0,1326.0,0.544888
fastmultrec_greedy,2,7,100,10,2514.0,127.0,1244.0,4.586500
lcamap,2,7,100,10,2605.0,141.0,1195.0,0.071171
segdup,2,7,100,15,3310,141,1195,184.355701
insider,2,7,100,15,3069.0,110.0,1419.0,0.991535
insider_relax,2,7,100,15,3069.0,110.0,1419.0,1.371301
fastmultrec_greedy,2,7,100,15,3144.0,125.0,1269.0,5.173202
lcamap,2,7,100,15,3310.0,141.0,1195.0,0.070878
segdup,2,7,100,20,4002,140,1202,184.887032
insider,2,7,100,20,3608.0,105.0,1508.0,2.363849
insider_relax,2,7,100,20,3608.0,105.0,1508.0,3.623464
fastmultrec_greedy,2,7,100,20,3760.0,123.0,1300.0,5.484483
lcamap,2,7,100,20,4015.0,141.0,1195.0,0.067961
segdup,2,8,100,5,888,99,393,158.938694
insider,2,8,100,5,880.0,96.0,400.0,0.271861
insider_relax,2,8,100,5,880.0,95.0,405.0,0.290097
fastmultrec_greedy,2,8,100,5,880.0,95.0,405.0,1.855662
lcamap,2,8,100,5,888.0,99.0,393.0,0.079056
segdup,2,8,100,10,1383,99,393,160.317012
insider,2,8,100,10,1344.0,89.0,454.0,0.500501
insider_relax,2,8,100,10,1344.0,89.0,454.0,0.613217
fastmultrec_greedy,2,8,100,10,1351.0,94.0,411.0,2.246475
lcamap,2,8,100,10,1383.0,99.0,393.0,0.081657
segdup,2,8,100,15,1873,98,403,152.352277
insider,2,8,100,15,1774.0,82.0,544.0,0.838962
insider_relax,2,8,100,15,1774.0,82.0,544.0,0.993658
fastmultrec_greedy,2,8,100,15,1818.0,93.0,423.0,2.606163
lcamap,2,8,100,15,1878.0,99.0,393.0,0.080175
segdup,2,8,100,20,2373,99,393,149.456095
insider,2,8,100,20,2181.0,80.0,581.0,2.383913
insider_relax,2,8,100,20,2181.0,80.0,581.0,3.601843
fastmultrec_greedy,2,8,100,20,2276.0,91.0,456.0,3.364214
lcamap,2,8,100,20,2373.0,99.0,393.0,0.079802
segdup,2,9,100,5,25,5,0,84.072201
insider,2,9,100,5,25.0,5.0,0.0,0.062769
insider_relax,2,9,100,5,25.0,5.0,0.0,0.069011
fastmultrec_greedy,2,9,100,5,25.0,5.0,0.0,0.175337
lcamap,2,9,100,5,25.0,5.0,0.0,0.030556
segdup,2,9,100,10,50,5,0,70.834041
insider,2,9,100,10,50.0,5.0,0.0,0.061685
insider_relax,2,9,100,10,50.0,5.0,0.0,0.068025
fastmultrec_greedy,2,9,100,10,50.0,5.0,0.0,0.175657
lcamap,2,9,100,10,50.0,5.0,0.0,0.033535
segdup,2,9,100,15,75,5,0,36.112322
insider,2,9,100,15,75.0,5.0,0.0,0.064747
insider_relax,2,9,100,15,75.0,5.0,0.0,0.070709
fastmultrec_greedy,2,9,100,15,75.0,5.0,0.0,0.175171
lcamap,2,9,100,15,75.0,5.0,0.0,0.031837
segdup,2,9,100,20,100,5,0,35.658702
insider,2,9,100,20,100.0,5.0,0.0,0.064954
insider_relax,2,9,100,20,100.0,5.0,0.0,0.073246
fastmultrec_greedy,2,9,100,20,100.0,5.0,0.0,0.174133
lcamap,2,9,100,20,100.0,5.0,0.0,0.033219
segdup,2,10,100,5,32,6,2,218.061079
insider,2,10,100,5,32.0,6.0,2.0,0.160168
insider_relax,2,10,100,5,32.0,6.0,2.0,0.158410
fastmultrec_greedy,2,10,100,5,32.0,6.0,2.0,0.507892
lcamap,2,10,100,5,32.0,6.0,2.0,0.091331
segdup,2,10,100,10,62,6,2,207.101905
insider,2,10,100,10,62.0,6.0,2.0,0.162338
insider_relax,2,10,100,10,62.0,6.0,2.0,0.168763
fastmultrec_greedy,2,10,100,10,62.0,6.0,2.0,0.507623
lcamap,2,10,100,10,62.0,6.0,2.0,0.089452
segdup,2,10,100,15,92,6,2,135.198366
insider,2,10,100,15,92.0,6.0,2.0,0.173982
insider_relax,2,10,100,15,92.0,6.0,2.0,0.171874
fastmultrec_greedy,2,10,100,15,92.0,6.0,2.0,0.512167
lcamap,2,10,100,15,92.0,6.0,2.0,0.091292
segdup,2,10,100,20,122,6,2,184.806741
insider,2,10,100,20,122.0,6.0,2.0,0.191102
insider_relax,2,10,100,20,122.0,6.0,2.0,0.178764
fastmultrec_greedy,2,10,100,20,122.0,6.0,2.0,0.514817
lcamap,2,10,100,20,122.0,6.0,2.0,0.089704
segdup,2,11,100,5,10,2,0,207.167615
insider,2,11,100,5,10.0,2.0,0.0,0.136040
insider_relax,2,11,100,5,10.0,2.0,0.0,0.131731
fastmultrec_greedy,2,11,100,5,10.0,2.0,0.0,0.431655
lcamap,2,11,100,5,10.0,2.0,0.0,0.081184
segdup,2,11,100,10,20,2,0,183.204219
insider,2,11,100,10,20.0,2.0,0.0,0.137768
insider_relax,2,11,100,10,20.0,2.0,0.0,0.135013
fastmultrec_greedy,2,11,100,10,20.0,2.0,0.0,0.430539
lcamap,2,11,100,10,20.0,2.0,0.0,0.080889
segdup,2,11,100,15,30,2,0,96.052955
insider,2,11,100,15,30.0,2.0,0.0,0.144997
insider_relax,2,11,100,15,30.0,2.0,0.0,0.139480
fastmultrec_greedy,2,11,100,15,30.0,2.0,0.0,0.432090
lcamap,2,11,100,15,30.0,2.0,0.0,0.082453
segdup,2,11,100,20,40,2,0,92.137735
insider,2,11,100,20,40.0,2.0,0.0,0.142883
insider_relax,2,11,100,20,40.0,2.0,0.0,0.139863
fastmultrec_greedy,2,11,100,20,40.0,2.0,0.0,0.430914
lcamap,2,11,100,20,40.0,2.0,0.0,0.079649
