method,planted_wgds,duprate,simid,dup_cost,solution_cost,solution_nbdups,solution_nblosses,time
segdup,2,7,1,25,4981,152,1181,193.162119
insider,2,7,1,25,4389.0,115.0,1514.0,2.426086
fastmultrec_greedy,2,7,1,25,4555.0,131.0,1280.0,8.304619
lcamap,2,7,1,25,4981.0,152.0,1181.0,0.071046
segdup,2,8,1,25,1624,58,174,146.279135
insider,2,8,1,25,1558.0,50.0,308.0,17.501996
fastmultrec_greedy,2,8,1,25,1643.0,59.0,168.0,0.531928
lcamap,2,8,1,25,1643.0,59.0,168.0,0.072032
segdup,2,9,1,25,262,10,12,87.082484
insider,2,9,1,25,262.0,10.0,12.0,0.238414
fastmultrec_greedy,2,9,1,25,262.0,10.0,12.0,0.267447
lcamap,2,9,1,25,262.0,10.0,12.0,0.041307
segdup,2,11,1,25,50,2,0,106.590142
insider,2,11,1,25,50.0,2.0,0.0,0.136386
fastmultrec_greedy,2,11,1,25,50.0,2.0,0.0,0.570782
lcamap,2,11,1,25,50.0,2.0,0.0,0.082671
segdup,1,7,1,25,7636,219,2161,332.884900
insider,1,7,1,25,6720.0,157.0,2795.0,5.832706
fastmultrec_greedy,1,7,1,25,7033.0,186.0,2383.0,22.319645
lcamap,1,7,1,25,7636.0,219.0,2161.0,0.107802
segdup,1,8,1,25,1029,38,79,41.509581
insider,1,8,1,25,896.0,26.0,246.0,6.304190
fastmultrec_greedy,1,8,1,25,1026.0,38.0,76.0,0.259626
lcamap,1,8,1,25,1064.0,40.0,64.0,0.018065
segdup,1,9,1,25,284,11,9,39.783864
insider,1,9,1,25,284.0,11.0,9.0,0.256411
fastmultrec_greedy,1,9,1,25,284.0,11.0,9.0,0.157518
lcamap,1,9,1,25,284.0,11.0,9.0,0.022739
segdup,1,10,1,25,75,3,0,61.498697
insider,1,10,1,25,75.0,3.0,0.0,0.063704
fastmultrec_greedy,1,10,1,25,75.0,3.0,0.0,0.210541
lcamap,1,10,1,25,75.0,3.0,0.0,0.034431
segdup,1,11,1,25,26,1,1,80.417138
insider,1,11,1,25,26.0,1.0,1.0,0.080297
fastmultrec_greedy,1,11,1,25,26.0,1.0,1.0,0.337560
lcamap,1,11,1,25,26.0,1.0,1.0,0.051669
segdup,2,7,2,25,1862,66,212,112.397361
insider,2,7,2,25,1664.0,50.0,414.0,16.359251
fastmultrec_greedy,2,7,2,25,1791.0,63.0,216.0,2.184813
lcamap,2,7,2,25,1898.0,68.0,198.0,0.050190
segdup,2,8,2,25,1310,47,135,93.692538
insider,2,8,2,25,1287.0,45.0,162.0,11.238161
fastmultrec_greedy,2,8,2,25,1294.0,46.0,144.0,0.472887
lcamap,2,8,2,25,1310.0,47.0,135.0,0.047292
segdup,2,9,2,25,475,18,25,39.354554
insider,2,9,2,25,475.0,18.0,25.0,0.243317
fastmultrec_greedy,2,9,2,25,475.0,18.0,25.0,0.151374
lcamap,2,9,2,25,475.0,18.0,25.0,0.027132
segdup,2,10,2,25,102,4,2,42.830458
insider,2,10,2,25,102.0,4.0,2.0,0.071014
fastmultrec_greedy,2,10,2,25,102.0,4.0,2.0,0.230495
lcamap,2,10,2,25,102.0,4.0,2.0,0.035681
segdup,2,11,2,25,50,2,0,83.251260
insider,2,11,2,25,50.0,2.0,0.0,0.106935
fastmultrec_greedy,2,11,2,25,50.0,2.0,0.0,0.383863
lcamap,2,11,2,25,50.0,2.0,0.0,0.066109
segdup,1,7,2,25,4249,123,1174,109.278963
insider,1,7,2,25,3744.0,88.0,1544.0,5.067504
fastmultrec_greedy,1,7,2,25,3954.0,107.0,1279.0,2.474918
lcamap,1,7,2,25,4253.0,124.0,1153.0,0.029498
segdup,1,8,2,25,1345,51,70,86.444318
insider,1,8,2,25,1297.0,45.0,172.0,29.846661
fastmultrec_greedy,1,8,2,25,1345.0,51.0,70.0,0.309478
lcamap,1,8,2,25,1345.0,51.0,70.0,0.047072
segdup,1,9,2,25,340,13,15,66.279574
insider,1,9,2,25,340.0,13.0,15.0,0.488750
fastmultrec_greedy,1,9,2,25,340.0,13.0,15.0,0.165230
lcamap,1,9,2,25,340.0,13.0,15.0,0.028417
segdup,1,10,2,25,25,1,0,62.131547
insider,1,10,2,25,25.0,1.0,0.0,0.059305
fastmultrec_greedy,1,10,2,25,25.0,1.0,0.0,0.242799
lcamap,1,10,2,25,25.0,1.0,0.0,0.037049
segdup,1,11,2,25,25,1,0,73.239724
insider,1,11,2,25,25.0,1.0,0.0,0.068712
fastmultrec_greedy,1,11,2,25,25.0,1.0,0.0,0.254892
lcamap,1,11,2,25,25.0,1.0,0.0,0.043443
segdup,2,8,3,25,2321,86,171,199.596993
insider,2,8,3,25,-1,-1,-1,9999999999.000000
fastmultrec_greedy,2,8,3,25,2275.0,84.0,175.0,2.005654
lcamap,2,8,3,25,2337.0,87.0,162.0,0.095561
segdup,2,9,3,25,209,8,9,46.377034
insider,2,9,3,25,209.0,8.0,9.0,0.109745
fastmultrec_greedy,2,9,3,25,209.0,8.0,9.0,0.204694
lcamap,2,9,3,25,209.0,8.0,9.0,0.038563
segdup,2,10,3,25,50,2,0,116.936649
insider,2,10,3,25,50.0,2.0,0.0,0.142125
fastmultrec_greedy,2,10,3,25,50.0,2.0,0.0,0.575860
lcamap,2,10,3,25,50.0,2.0,0.0,0.089301
segdup,1,7,3,25,36391,83,34316,172.446381
insider,1,7,3,25,35835.0,66.0,34185.0,0.981964
fastmultrec_greedy,1,7,3,25,35878.0,67.0,34203.0,5.455095
lcamap,1,7,3,25,36598.0,110.0,33848.0,0.037789
segdup,1,8,3,25,1771,65,146,102.722254
insider,1,8,3,25,1668.0,55.0,293.0,3.273255
fastmultrec_greedy,1,8,3,25,1790.0,66.0,140.0,0.300633
lcamap,1,8,3,25,1790.0,66.0,140.0,0.049664
segdup,1,9,3,25,278,11,3,78.889072
insider,1,9,3,25,278.0,11.0,3.0,0.120051
fastmultrec_greedy,1,9,3,25,278.0,11.0,3.0,0.239138
lcamap,1,9,3,25,278.0,11.0,3.0,0.049357
segdup,1,10,3,25,25,1,0,51.516455
insider,1,10,3,25,25.0,1.0,0.0,0.051893
fastmultrec_greedy,1,10,3,25,25.0,1.0,0.0,0.234293
lcamap,1,10,3,25,25.0,1.0,0.0,0.030945
segdup,1,11,3,25,25,1,0,83.508507
insider,1,11,3,25,25.0,1.0,0.0,0.074203
fastmultrec_greedy,1,11,3,25,25.0,1.0,0.0,0.272167
lcamap,1,11,3,25,25.0,1.0,0.0,0.046695
segdup,2,7,4,25,6075,165,1950,454.944915
insider,2,7,4,25,5429.0,122.0,2379.0,4.260071
fastmultrec_greedy,2,7,4,25,5612.0,141.0,2087.0,21.766821
lcamap,2,7,4,25,6075.0,165.0,1950.0,0.126383
segdup,2,8,4,25,963,36,63,75.155110
insider,2,8,4,25,876.0,29.0,151.0,53.689509
fastmultrec_greedy,2,8,4,25,922.0,34.0,72.0,0.564110
lcamap,2,8,4,25,963.0,36.0,63.0,0.037805
segdup,2,9,4,25,125,5,0,94.673560
insider,2,9,4,25,125.0,5.0,0.0,0.136085
fastmultrec_greedy,2,9,4,25,125.0,5.0,0.0,0.564802
lcamap,2,9,4,25,125.0,5.0,0.0,0.070280
segdup,2,10,4,25,76,3,1,73.949627
insider,2,10,4,25,76.0,3.0,1.0,0.095500
fastmultrec_greedy,2,10,4,25,76.0,3.0,1.0,0.325524
lcamap,2,10,4,25,76.0,3.0,1.0,0.053031
segdup,2,11,4,25,50,2,0,57.133708
insider,2,11,4,25,50.0,2.0,0.0,0.061547
fastmultrec_greedy,2,11,4,25,50.0,2.0,0.0,0.206132
lcamap,2,11,4,25,50.0,2.0,0.0,0.033373
segdup,1,7,4,25,5393,173,1068,219.171893
insider,1,7,4,25,4639.0,125.0,1514.0,6.860308
fastmultrec_greedy,1,7,4,25,5023.0,152.0,1223.0,13.567145
lcamap,1,7,4,25,5393.0,173.0,1068.0,0.081078
segdup,1,8,4,25,1436,53,111,54.459101
insider,1,8,4,25,-1,-1,-1,9999999999.000000
fastmultrec_greedy,1,8,4,25,1433.0,53.0,108.0,0.389887
lcamap,1,8,4,25,1477.0,55.0,102.0,0.024335
segdup,1,9,4,25,204,8,4,49.626827
insider,1,9,4,25,204.0,8.0,4.0,0.089912
fastmultrec_greedy,1,9,4,25,204.0,8.0,4.0,0.170429
lcamap,1,9,4,25,204.0,8.0,4.0,0.033087
segdup,1,10,4,25,51,2,1,66.187084
insider,1,10,4,25,51.0,2.0,1.0,0.067116
fastmultrec_greedy,1,10,4,25,51.0,2.0,1.0,0.262833
lcamap,1,10,4,25,51.0,2.0,1.0,0.045172
segdup,1,11,4,25,26,1,1,85.211669
insider,1,11,4,25,26.0,1.0,1.0,0.096547
fastmultrec_greedy,1,11,4,25,26.0,1.0,1.0,0.340395
lcamap,1,11,4,25,26.0,1.0,1.0,0.059462
segdup,2,8,5,25,461,18,11,49.587189
insider,2,8,5,25,461.0,18.0,11.0,0.550795
fastmultrec_greedy,2,8,5,25,461.0,18.0,11.0,0.220302
lcamap,2,8,5,25,461.0,18.0,11.0,0.036554
segdup,2,9,5,25,487,19,12,98.508557
insider,2,9,5,25,487.0,19.0,12.0,4.992648
fastmultrec_greedy,2,9,5,25,487.0,19.0,12.0,0.399302
lcamap,2,9,5,25,487.0,19.0,12.0,0.066194
segdup,2,10,5,25,151,6,1,77.781012
insider,2,10,5,25,151.0,6.0,1.0,0.127467
fastmultrec_greedy,2,10,5,25,151.0,6.0,1.0,0.361972
lcamap,2,10,5,25,151.0,6.0,1.0,0.061372
segdup,2,11,5,25,50,2,0,93.065916
insider,2,11,5,25,50.0,2.0,0.0,0.111245
fastmultrec_greedy,2,11,5,25,50.0,2.0,0.0,0.416608
lcamap,2,11,5,25,50.0,2.0,0.0,0.066023
segdup,1,7,5,25,4149,119,1174,81.899851
insider,1,7,5,25,3620.0,82.0,1570.0,3.582934
fastmultrec_greedy,1,7,5,25,3804.0,98.0,1354.0,2.343389
lcamap,1,7,5,25,4168.0,120.0,1168.0,0.021019
segdup,1,8,5,25,2683,95,308,86.621084
insider,1,8,5,25,2442.0,77.0,517.0,9.944066
fastmultrec_greedy,1,8,5,25,2627.0,92.0,327.0,1.062582
lcamap,1,8,5,25,2694.0,96.0,294.0,0.042553
segdup,1,9,5,25,395,15,20,57.016140
insider,1,9,5,25,387.0,12.0,87.0,0.245498
fastmultrec_greedy,1,9,5,25,395.0,15.0,20.0,0.196128
lcamap,1,9,5,25,395.0,15.0,20.0,0.028363
segdup,1,10,5,25,50,2,0,51.136755
insider,1,10,5,25,50.0,2.0,0.0,0.053947
fastmultrec_greedy,1,10,5,25,50.0,2.0,0.0,0.201686
lcamap,1,10,5,25,50.0,2.0,0.0,0.031476
segdup,1,11,5,25,25,1,0,37.669745
insider,1,11,5,25,25.0,1.0,0.0,0.035742
fastmultrec_greedy,1,11,5,25,25.0,1.0,0.0,0.128315
lcamap,1,11,5,25,25.0,1.0,0.0,0.020815
segdup,2,7,6,25,6064,177,1639,375.126599
insider,2,7,6,25,5337.0,131.0,2062.0,8.142791
fastmultrec_greedy,2,7,6,25,5603.0,153.0,1778.0,21.917257
lcamap,2,7,6,25,6081.0,180.0,1581.0,0.133098
segdup,2,8,6,25,738,28,38,74.467992
insider,2,8,6,25,719.0,27.0,44.0,8.793975
fastmultrec_greedy,2,8,6,25,738.0,28.0,38.0,0.272884
lcamap,2,8,6,25,738.0,28.0,38.0,0.040741
segdup,2,9,6,25,339,13,14,37.699421
insider,2,9,6,25,339.0,13.0,14.0,0.327495
fastmultrec_greedy,2,9,6,25,339.0,13.0,14.0,0.161365
lcamap,2,9,6,25,339.0,13.0,14.0,0.029343
segdup,2,10,6,25,50,2,0,57.576047
insider,2,10,6,25,50.0,2.0,0.0,0.082368
fastmultrec_greedy,2,10,6,25,50.0,2.0,0.0,0.299982
lcamap,2,10,6,25,50.0,2.0,0.0,0.050078
segdup,2,11,6,25,100,4,0,190.201060
insider,2,11,6,25,100.0,4.0,0.0,0.110964
fastmultrec_greedy,2,11,6,25,100.0,4.0,0.0,0.383561
lcamap,2,11,6,25,100.0,4.0,0.0,0.061738
segdup,1,7,6,25,5299,173,974,177.606550
insider,1,7,6,25,4547.0,121.0,1522.0,32.474569
fastmultrec_greedy,1,7,6,25,4879.0,149.0,1154.0,10.262405
lcamap,1,7,6,25,5299.0,173.0,974.0,0.067909
segdup,1,8,6,25,2252,84,152,120.582276
insider,1,8,6,25,-1,-1,-1,9999999999.000000
fastmultrec_greedy,1,8,6,25,2252.0,84.0,152.0,0.442039
lcamap,1,8,6,25,2252.0,84.0,152.0,0.062316
segdup,1,9,6,25,53,2,3,57.281525
insider,1,9,6,25,53.0,2.0,3.0,0.052967
fastmultrec_greedy,1,9,6,25,53.0,2.0,3.0,0.165071
lcamap,1,9,6,25,53.0,2.0,3.0,0.029572
segdup,1,10,6,25,50,2,0,50.186392
insider,1,10,6,25,50.0,2.0,0.0,0.052379
fastmultrec_greedy,1,10,6,25,50.0,2.0,0.0,0.173833
lcamap,1,10,6,25,50.0,2.0,0.0,0.033850
segdup,1,11,6,25,25,1,0,33.516617
insider,1,11,6,25,25.0,1.0,0.0,0.039283
fastmultrec_greedy,1,11,6,25,25.0,1.0,0.0,0.113698
lcamap,1,11,6,25,25.0,1.0,0.0,0.018181
segdup,2,7,7,25,6825,180,2325,324.904213
insider,2,7,7,25,6073.0,133.0,2748.0,2.408823
fastmultrec_greedy,2,7,7,25,6292.0,151.0,2517.0,16.767538
lcamap,2,7,7,25,6842.0,181.0,2317.0,0.090200
segdup,2,8,7,25,1590,55,215,63.916769
insider,2,8,7,25,1524.0,48.0,324.0,2.297236
fastmultrec_greedy,2,8,7,25,1605.0,56.0,205.0,0.182637
lcamap,2,8,7,25,1605.0,56.0,205.0,0.032511
segdup,2,9,7,25,573,22,23,148.305981
insider,2,9,7,25,573.0,20.0,73.0,8.197486
fastmultrec_greedy,2,9,7,25,573.0,22.0,23.0,0.428827
lcamap,2,9,7,25,573.0,22.0,23.0,0.072478
segdup,2,10,7,25,150,6,0,135.080174
insider,2,10,7,25,150.0,6.0,0.0,0.120704
fastmultrec_greedy,2,10,7,25,150.0,6.0,0.0,0.382980
lcamap,2,10,7,25,150.0,6.0,0.0,0.059863
segdup,2,11,7,25,50,2,0,46.371606
insider,2,11,7,25,50.0,2.0,0.0,0.067761
fastmultrec_greedy,2,11,7,25,50.0,2.0,0.0,0.246837
lcamap,2,11,7,25,50.0,2.0,0.0,0.036130
segdup,1,7,7,25,8286,245,2161,272.006472
insider,1,7,7,25,7111.0,169.0,2886.0,5.111125
fastmultrec_greedy,1,7,7,25,7501.0,205.0,2376.0,19.911691
lcamap,1,7,7,25,8286.0,245.0,2161.0,0.091482
segdup,1,8,7,25,786,30,36,107.990787
insider,1,8,7,25,748.0,25.0,123.0,9.396410
fastmultrec_greedy,1,8,7,25,782.0,29.0,57.0,0.539040
lcamap,1,8,7,25,786.0,30.0,36.0,0.047500
segdup,1,9,7,25,677,26,27,86.868895
insider,1,9,7,25,658.0,25.0,33.0,0.597758
fastmultrec_greedy,1,9,7,25,677.0,26.0,27.0,0.338810
lcamap,1,9,7,25,677.0,26.0,27.0,0.053211
segdup,1,10,7,25,50,2,0,81.349637
insider,1,10,7,25,50.0,2.0,0.0,0.079495
fastmultrec_greedy,1,10,7,25,50.0,2.0,0.0,0.319429
lcamap,1,10,7,25,50.0,2.0,0.0,0.046977
segdup,1,11,7,25,25,1,0,87.857776
insider,1,11,7,25,25.0,1.0,0.0,0.082459
fastmultrec_greedy,1,11,7,25,25.0,1.0,0.0,0.325537
lcamap,1,11,7,25,25.0,1.0,0.0,0.053429
segdup,2,8,8,25,1581,58,131,94.369534
insider,2,8,8,25,1451.0,43.0,376.0,74.065923
fastmultrec_greedy,2,8,8,25,1558.0,57.0,133.0,0.722536
lcamap,2,8,8,25,1599.0,59.0,124.0,0.048280
segdup,2,9,8,25,625,24,25,68.770202
insider,2,9,8,25,606.0,23.0,31.0,1.694315
fastmultrec_greedy,2,9,8,25,625.0,24.0,25.0,0.253048
lcamap,2,9,8,25,625.0,24.0,25.0,0.040364
segdup,2,10,8,25,75,3,0,37.149625
insider,2,10,8,25,75.0,3.0,0.0,0.061671
fastmultrec_greedy,2,10,8,25,75.0,3.0,0.0,0.194301
lcamap,2,10,8,25,75.0,3.0,0.0,0.031788
segdup,2,11,8,25,50,2,0,134.433267
insider,2,11,8,25,50.0,2.0,0.0,0.153918
fastmultrec_greedy,2,11,8,25,50.0,2.0,0.0,0.647860
lcamap,2,11,8,25,50.0,2.0,0.0,0.099198
segdup,1,7,8,25,2439,80,439,63.921328
insider,1,7,8,25,2181.0,60.0,681.0,1.038310
fastmultrec_greedy,1,7,8,25,2328.0,74.0,478.0,0.721645
lcamap,1,7,8,25,2439.0,80.0,439.0,0.023454
segdup,1,8,8,25,641,24,41,68.169899
insider,1,8,8,25,576.0,20.0,76.0,0.980947
fastmultrec_greedy,1,8,8,25,641.0,24.0,41.0,0.276051
lcamap,1,8,8,25,663.0,25.0,38.0,0.025663
segdup,1,9,8,25,205,8,5,93.856402
insider,1,9,8,25,205.0,8.0,5.0,0.122442
fastmultrec_greedy,1,9,8,25,205.0,8.0,5.0,0.417332
lcamap,1,9,8,25,205.0,8.0,5.0,0.057060
segdup,1,10,8,25,25,1,0,30.329667
insider,1,10,8,25,25.0,1.0,0.0,0.033043
fastmultrec_greedy,1,10,8,25,25.0,1.0,0.0,0.094374
lcamap,1,10,8,25,25.0,1.0,0.0,0.018653
segdup,1,11,8,25,25,1,0,71.835899
insider,1,11,8,25,25.0,1.0,0.0,0.073402
fastmultrec_greedy,1,11,8,25,25.0,1.0,0.0,0.270402
lcamap,1,11,8,25,25.0,1.0,0.0,0.047292
segdup,2,7,9,25,4487,130,1237,159.233093
insider,2,7,9,25,3900.0,91.0,1625.0,3.268571
fastmultrec_greedy,2,7,9,25,4111.0,110.0,1361.0,4.978664
lcamap,2,7,9,25,4487.0,130.0,1237.0,0.053765
segdup,2,8,9,25,2326,83,251,165.325641
insider,2,8,9,25,2057.0,59.0,582.0,73.983106
fastmultrec_greedy,2,8,9,25,2238.0,79.0,263.0,3.157889
lcamap,2,8,9,25,2377.0,86.0,227.0,0.073178
segdup,2,9,9,25,290,11,15,91.648142
insider,2,9,9,25,290.0,11.0,15.0,0.193374
fastmultrec_greedy,2,9,9,25,290.0,11.0,15.0,0.430761
lcamap,2,9,9,25,290.0,11.0,15.0,0.077658
segdup,2,10,9,25,75,3,0,115.120093
insider,2,10,9,25,75.0,3.0,0.0,0.084422
fastmultrec_greedy,2,10,9,25,75.0,3.0,0.0,0.341853
lcamap,2,10,9,25,75.0,3.0,0.0,0.047863
segdup,2,11,9,25,50,2,0,120.708855
insider,2,11,9,25,50.0,2.0,0.0,0.122312
fastmultrec_greedy,2,11,9,25,50.0,2.0,0.0,0.495233
lcamap,2,11,9,25,50.0,2.0,0.0,0.076505
segdup,1,7,9,25,4443,135,1068,106.860136
insider,1,7,9,25,3787.0,91.0,1512.0,1.932506
fastmultrec_greedy,1,7,9,25,4070.0,116.0,1170.0,3.239206
lcamap,1,7,9,25,4443.0,135.0,1068.0,0.031987
segdup,1,8,9,25,2166,80,166,107.190143
insider,1,8,9,25,-1,-1,-1,9999999999.000000
fastmultrec_greedy,1,8,9,25,2150.0,79.0,175.0,0.690276
lcamap,1,8,9,25,2166.0,80.0,166.0,0.069084
segdup,1,9,9,25,232,9,7,58.718332
insider,1,9,9,25,232.0,9.0,7.0,0.093383
fastmultrec_greedy,1,9,9,25,232.0,9.0,7.0,0.218389
lcamap,1,9,9,25,232.0,9.0,7.0,0.034646
segdup,1,10,9,25,26,1,1,62.208168
insider,1,10,9,25,26.0,1.0,1.0,0.058553
fastmultrec_greedy,1,10,9,25,26.0,1.0,1.0,0.238588
lcamap,1,10,9,25,26.0,1.0,1.0,0.034614
segdup,1,11,9,25,25,1,0,78.718776
insider,1,11,9,25,25.0,1.0,0.0,0.075963
fastmultrec_greedy,1,11,9,25,25.0,1.0,0.0,0.314383
lcamap,1,11,9,25,25.0,1.0,0.0,0.051984
segdup,2,7,10,25,5730,160,1730,236.740722
insider,2,7,10,25,5090.0,119.0,2115.0,1.806194
fastmultrec_greedy,2,7,10,25,5290.0,136.0,1890.0,15.735061
lcamap,2,7,10,25,5743.0,162.0,1693.0,0.071224
segdup,2,8,10,25,3250,111,475,182.147803
insider,2,8,10,25,2935.0,85.0,810.0,21.039832
fastmultrec_greedy,2,8,10,25,3164.0,106.0,514.0,2.506221
lcamap,2,8,10,25,3250.0,111.0,475.0,0.083275
segdup,2,9,10,25,160,6,10,70.963270
insider,2,9,10,25,160.0,6.0,10.0,0.106111
fastmultrec_greedy,2,9,10,25,160.0,6.0,10.0,0.322635
lcamap,2,9,10,25,160.0,6.0,10.0,0.049816
segdup,2,10,10,25,128,5,3,161.458482
insider,2,10,10,25,128.0,5.0,3.0,0.153995
fastmultrec_greedy,2,10,10,25,128.0,5.0,3.0,0.606829
lcamap,2,10,10,25,128.0,5.0,3.0,0.091877
segdup,2,11,10,25,50,2,0,110.063752
insider,2,11,10,25,50.0,2.0,0.0,0.136105
fastmultrec_greedy,2,11,10,25,50.0,2.0,0.0,0.523425
lcamap,2,11,10,25,50.0,2.0,0.0,0.084601
segdup,1,7,10,25,8140,232,2340,260.978445
insider,1,7,10,25,7124.0,165.0,2999.0,15.558292
fastmultrec_greedy,1,7,10,25,7349.0,190.0,2599.0,24.940633
lcamap,1,7,10,25,8155.0,233.0,2330.0,0.091654
segdup,1,8,10,25,473,18,23,99.830860
insider,1,8,10,25,451.0,16.0,51.0,0.294674
fastmultrec_greedy,1,8,10,25,473.0,18.0,23.0,0.281161
lcamap,1,8,10,25,473.0,18.0,23.0,0.042741
segdup,1,9,10,25,128,5,3,74.100450
insider,1,9,10,25,128.0,5.0,3.0,0.077303
fastmultrec_greedy,1,9,10,25,128.0,5.0,3.0,0.222256
lcamap,1,9,10,25,128.0,5.0,3.0,0.039415
segdup,1,10,10,25,25,1,0,97.644767
insider,1,10,10,25,25.0,1.0,0.0,0.093871
fastmultrec_greedy,1,10,10,25,25.0,1.0,0.0,0.407573
lcamap,1,10,10,25,25.0,1.0,0.0,0.063000
segdup,1,11,10,25,50,2,0,56.486340
insider,1,11,10,25,50.0,2.0,0.0,0.057622
fastmultrec_greedy,1,11,10,25,50.0,2.0,0.0,0.199716
lcamap,1,11,10,25,50.0,2.0,0.0,0.034269
segdup,2,7,11,25,3824,125,699,208.828205
insider,2,7,11,25,3408.0,92.0,1108.0,25.877642
fastmultrec_greedy,2,7,11,25,3715.0,118.0,765.0,3.846588
lcamap,2,7,11,25,3824.0,125.0,699.0,0.084145
segdup,2,8,11,25,1945,72,145,184.555011
insider,2,8,11,25,1803.0,60.0,303.0,50.912980
fastmultrec_greedy,2,8,11,25,1945.0,72.0,145.0,0.610315
lcamap,2,8,11,25,1945.0,72.0,145.0,0.100641
segdup,2,9,11,25,381,15,6,103.648872
insider,2,9,11,25,381.0,15.0,6.0,1.186101
fastmultrec_greedy,2,9,11,25,381.0,15.0,6.0,0.466630
lcamap,2,9,11,25,381.0,15.0,6.0,0.067761
segdup,2,10,11,25,101,4,1,124.780061
insider,2,10,11,25,101.0,4.0,1.0,0.156945
fastmultrec_greedy,2,10,11,25,101.0,4.0,1.0,0.537435
lcamap,2,10,11,25,101.0,4.0,1.0,0.090634
segdup,2,11,11,25,50,2,0,106.033879
insider,2,11,11,25,50.0,2.0,0.0,0.093931
fastmultrec_greedy,2,11,11,25,50.0,2.0,0.0,0.334630
lcamap,2,11,11,25,50.0,2.0,0.0,0.051792
segdup,1,7,11,25,3987,129,762,116.313458
insider,1,7,11,25,3686.0,106.0,1036.0,11.450271
fastmultrec_greedy,1,7,11,25,3847.0,120.0,847.0,2.890548
lcamap,1,7,11,25,3987.0,129.0,762.0,0.049285
segdup,1,8,11,25,1374,51,99,45.145519
insider,1,8,11,25,1217.0,37.0,292.0,33.853865
fastmultrec_greedy,1,8,11,25,1341.0,49.0,116.0,0.576549
lcamap,1,8,11,25,1433.0,54.0,83.0,0.021256
segdup,1,9,11,25,460,18,10,42.939598
insider,1,9,11,25,460.0,18.0,10.0,0.490769
fastmultrec_greedy,1,9,11,25,460.0,18.0,10.0,0.152783
lcamap,1,9,11,25,460.0,18.0,10.0,0.024919
segdup,1,10,11,25,25,1,0,29.598364
insider,1,10,11,25,25.0,1.0,0.0,0.029992
fastmultrec_greedy,1,10,11,25,25.0,1.0,0.0,0.085375
lcamap,1,10,11,25,25.0,1.0,0.0,0.015528
segdup,1,11,11,25,26,1,1,65.105331
insider,1,11,11,25,26.0,1.0,1.0,0.047632
fastmultrec_greedy,1,11,11,25,26.0,1.0,1.0,0.166054
lcamap,1,11,11,25,26.0,1.0,1.0,0.028388
segdup,2,7,12,25,11488,271,4713,376.330560
insider,2,7,12,25,10094.0,186.0,5444.0,4.917622
fastmultrec_greedy,2,7,12,25,10353.0,211.0,5078.0,29.839070
lcamap,2,7,12,25,11488.0,271.0,4713.0,0.084717
segdup,2,8,12,25,2721,92,421,158.818298
insider,2,8,12,25,2501.0,72.0,701.0,2.160459
fastmultrec_greedy,2,8,12,25,2661.0,89.0,436.0,2.063651
lcamap,2,8,12,25,2725.0,93.0,400.0,0.067889
segdup,2,9,12,25,305,12,5,130.295729
insider,2,9,12,25,305.0,12.0,5.0,0.245130
fastmultrec_greedy,2,9,12,25,305.0,12.0,5.0,0.717581
lcamap,2,9,12,25,305.0,12.0,5.0,0.089780
segdup,2,10,12,25,153,6,3,134.064545
insider,2,10,12,25,153.0,6.0,3.0,0.161736
fastmultrec_greedy,2,10,12,25,153.0,6.0,3.0,0.678799
lcamap,2,10,12,25,153.0,6.0,3.0,0.098945
segdup,2,11,12,25,50,2,0,81.503500
insider,2,11,12,25,50.0,2.0,0.0,0.101754
fastmultrec_greedy,2,11,12,25,50.0,2.0,0.0,0.421855
lcamap,2,11,12,25,50.0,2.0,0.0,0.058236
segdup,1,7,12,25,1266,46,116,104.798508
insider,1,7,12,25,1167.0,39.0,192.0,33.052686
fastmultrec_greedy,1,7,12,25,1219.0,43.0,144.0,1.774022
lcamap,1,7,12,25,1302.0,48.0,102.0,0.040991
segdup,1,8,12,25,2575,95,200,114.991261
insider,1,8,12,25,2348.0,74.0,498.0,55.591088
fastmultrec_greedy,1,8,12,25,2565.0,94.0,215.0,0.700923
lcamap,1,8,12,25,2575.0,95.0,200.0,0.060981
segdup,1,9,12,25,78,3,3,66.467381
insider,1,9,12,25,78.0,3.0,3.0,0.053169
fastmultrec_greedy,1,9,12,25,78.0,3.0,3.0,0.207733
lcamap,1,9,12,25,78.0,3.0,3.0,0.030422
segdup,1,10,12,25,51,2,1,37.612491
insider,1,10,12,25,51.0,2.0,1.0,0.040102
fastmultrec_greedy,1,10,12,25,51.0,2.0,1.0,0.137775
lcamap,1,10,12,25,51.0,2.0,1.0,0.022590
segdup,1,11,12,25,25,1,0,50.085597
insider,1,11,12,25,25.0,1.0,0.0,0.046745
fastmultrec_greedy,1,11,12,25,25.0,1.0,0.0,0.167070
lcamap,1,11,12,25,25.0,1.0,0.0,0.029335
segdup,2,8,13,25,2240,79,265,106.781219
insider,2,8,13,25,2079.0,66.0,429.0,19.625202
fastmultrec_greedy,2,8,13,25,2227.0,78.0,277.0,0.636372
lcamap,2,8,13,25,2240.0,79.0,265.0,0.044455
segdup,2,9,13,25,259,10,9,128.298945
insider,2,9,13,25,259.0,10.0,9.0,0.160681
fastmultrec_greedy,2,9,13,25,259.0,10.0,9.0,0.394448
lcamap,2,9,13,25,259.0,10.0,9.0,0.063731
segdup,2,10,13,25,75,3,0,191.535316
insider,2,10,13,25,75.0,3.0,0.0,0.165368
fastmultrec_greedy,2,10,13,25,75.0,3.0,0.0,0.764101
lcamap,2,10,13,25,75.0,3.0,0.0,0.104489
segdup,2,11,13,25,51,2,1,73.881598
insider,2,11,13,25,51.0,2.0,1.0,0.093842
fastmultrec_greedy,2,11,13,25,51.0,2.0,1.0,0.353936
lcamap,2,11,13,25,51.0,2.0,1.0,0.052325
segdup,1,7,13,25,6326,170,2076,147.883128
insider,1,7,13,25,5438.0,115.0,2563.0,2.472843
fastmultrec_greedy,1,7,13,25,5849.0,145.0,2224.0,5.482605
lcamap,1,7,13,25,6326.0,170.0,2076.0,0.034136
segdup,1,8,13,25,367,14,17,98.010411
insider,1,8,13,25,367.0,14.0,17.0,0.167793
fastmultrec_greedy,1,8,13,25,367.0,14.0,17.0,0.449036
lcamap,1,8,13,25,367.0,14.0,17.0,0.058209
segdup,1,9,13,25,434,17,9,100.739147
insider,1,9,13,25,434.0,17.0,9.0,1.315915
fastmultrec_greedy,1,9,13,25,434.0,17.0,9.0,0.362958
lcamap,1,9,13,25,434.0,17.0,9.0,0.060740
segdup,1,10,13,25,51,2,1,52.501885
insider,1,10,13,25,51.0,2.0,1.0,0.047737
fastmultrec_greedy,1,10,13,25,51.0,2.0,1.0,0.171561
lcamap,1,10,13,25,51.0,2.0,1.0,0.028503
segdup,1,11,13,25,26,1,1,44.136738
insider,1,11,13,25,26.0,1.0,1.0,0.045206
fastmultrec_greedy,1,11,13,25,26.0,1.0,1.0,0.157043
lcamap,1,11,13,25,26.0,1.0,1.0,0.027205
segdup,2,7,14,25,7086,170,2836,264.504354
insider,2,7,14,25,6223.0,121.0,3198.0,1.065402
fastmultrec_greedy,2,7,14,25,6433.0,136.0,3033.0,12.798694
lcamap,2,7,14,25,7118.0,172.0,2818.0,0.054632
segdup,2,8,14,25,1201,45,76,124.324505
insider,2,8,14,25,1158.0,42.0,108.0,71.318045
fastmultrec_greedy,2,8,14,25,1201.0,45.0,76.0,0.578734
lcamap,2,8,14,25,1201.0,45.0,76.0,0.074354
segdup,2,10,14,25,100,4,0,85.551327
insider,2,10,14,25,100.0,4.0,0.0,0.114558
fastmultrec_greedy,2,10,14,25,100.0,4.0,0.0,0.416542
lcamap,2,10,14,25,100.0,4.0,0.0,0.063545
segdup,2,11,14,25,50,2,0,39.744755
insider,2,11,14,25,50.0,2.0,0.0,0.058364
fastmultrec_greedy,2,11,14,25,50.0,2.0,0.0,0.187561
lcamap,2,11,14,25,50.0,2.0,0.0,0.030622
segdup,1,7,14,25,2231,77,306,111.070101
insider,1,7,14,25,1944.0,57.0,519.0,12.393111
fastmultrec_greedy,1,7,14,25,2084.0,70.0,334.0,4.496750
lcamap,1,7,14,25,2273.0,80.0,273.0,0.039253
segdup,1,8,14,25,1202,45,77,71.707025
insider,1,8,14,25,-1,-1,-1,9999999999.000000
fastmultrec_greedy,1,8,14,25,1202.0,45.0,77.0,0.216239
lcamap,1,8,14,25,1202.0,45.0,77.0,0.033596
segdup,1,9,14,25,308,12,8,76.417358
insider,1,9,14,25,308.0,12.0,8.0,0.132469
fastmultrec_greedy,1,9,14,25,308.0,12.0,8.0,0.310360
lcamap,1,9,14,25,308.0,12.0,8.0,0.036757
segdup,1,10,14,25,69,2,19,99.594398
insider,1,10,14,25,69.0,2.0,19.0,0.085504
fastmultrec_greedy,1,10,14,25,69.0,2.0,19.0,0.373979
lcamap,1,10,14,25,69.0,2.0,19.0,0.060218
segdup,1,11,14,25,25,1,0,32.939396
insider,1,11,14,25,25.0,1.0,0.0,0.035350
fastmultrec_greedy,1,11,14,25,25.0,1.0,0.0,0.109424
lcamap,1,11,14,25,25.0,1.0,0.0,0.019210
segdup,2,7,15,25,4096,125,971,169.883316
insider,2,7,15,25,3668.0,91.0,1393.0,27.568527
fastmultrec_greedy,2,7,15,25,3934.0,115.0,1059.0,3.581706
lcamap,2,7,15,25,4096.0,125.0,971.0,0.055891
segdup,2,8,15,25,935,35,60,76.300385
insider,2,8,15,25,912.0,30.0,162.0,16.516766
fastmultrec_greedy,2,8,15,25,935.0,35.0,60.0,0.296649
lcamap,2,8,15,25,935.0,35.0,60.0,0.040505
segdup,2,9,15,25,354,13,29,135.612171
insider,2,9,15,25,354.0,13.0,29.0,0.497136
fastmultrec_greedy,2,9,15,25,354.0,13.0,29.0,0.671677
lcamap,2,9,15,25,354.0,13.0,29.0,0.104383
segdup,2,10,15,25,155,6,5,42.571194
insider,2,10,15,25,155.0,6.0,5.0,0.087142
fastmultrec_greedy,2,10,15,25,155.0,6.0,5.0,0.229485
lcamap,2,10,15,25,155.0,6.0,5.0,0.035408
segdup,2,11,15,25,50,2,0,114.709395
insider,2,11,15,25,50.0,2.0,0.0,0.133048
fastmultrec_greedy,2,11,15,25,50.0,2.0,0.0,0.551496
lcamap,2,11,15,25,50.0,2.0,0.0,0.085042
segdup,1,7,15,25,4607,146,957,213.655463
insider,1,7,15,25,4141.0,110.0,1391.0,3.709605
fastmultrec_greedy,1,7,15,25,4332.0,128.0,1132.0,10.156231
lcamap,1,7,15,25,4607.0,146.0,957.0,0.078511
segdup,1,8,15,25,2190,81,165,125.925940
insider,1,8,15,25,2034.0,66.0,384.0,105.788608
fastmultrec_greedy,1,8,15,25,2146.0,79.0,171.0,1.390623
lcamap,1,8,15,25,2212.0,82.0,162.0,0.057732
segdup,1,9,15,25,414,16,14,71.814696
insider,1,9,15,25,414.0,16.0,14.0,0.211618
fastmultrec_greedy,1,9,15,25,414.0,16.0,14.0,0.251052
lcamap,1,9,15,25,414.0,16.0,14.0,0.043312
segdup,1,10,15,25,77,3,2,63.641434
insider,1,10,15,25,77.0,3.0,2.0,0.053070
fastmultrec_greedy,1,10,15,25,77.0,3.0,2.0,0.173942
lcamap,1,10,15,25,77.0,3.0,2.0,0.029031
segdup,1,11,15,25,26,1,1,84.523186
insider,1,11,15,25,26.0,1.0,1.0,0.058725
fastmultrec_greedy,1,11,15,25,26.0,1.0,1.0,0.230511
lcamap,1,11,15,25,26.0,1.0,1.0,0.036900
segdup,2,7,16,25,5899,160,1899,261.589913
insider,2,7,16,25,5134.0,111.0,2359.0,2.714703
fastmultrec_greedy,2,7,16,25,5368.0,131.0,2093.0,12.740172
lcamap,2,7,16,25,5899.0,160.0,1899.0,0.068106
segdup,2,8,16,25,741,28,41,92.967977
insider,2,8,16,25,722.0,27.0,47.0,1.297565
fastmultrec_greedy,2,8,16,25,741.0,28.0,41.0,0.313782
lcamap,2,8,16,25,741.0,28.0,41.0,0.050569
segdup,2,9,16,25,1049,40,49,178.135361
insider,2,9,16,25,1013.0,37.0,88.0,8.168489
fastmultrec_greedy,2,9,16,25,1049.0,40.0,49.0,0.595543
lcamap,2,9,16,25,1049.0,40.0,49.0,0.093088
segdup,2,11,16,25,51,2,1,132.452687
insider,2,11,16,25,51.0,2.0,1.0,0.146181
fastmultrec_greedy,2,11,16,25,51.0,2.0,1.0,0.568963
lcamap,2,11,16,25,51.0,2.0,1.0,0.095387
segdup,1,7,16,25,8169,231,2394,182.334189
insider,1,7,16,25,7149.0,165.0,3024.0,6.423621
fastmultrec_greedy,1,7,16,25,7424.0,192.0,2624.0,13.439852
lcamap,1,7,16,25,8169.0,231.0,2394.0,0.057023
segdup,1,8,16,25,663,25,38,38.521684
insider,1,8,16,25,615.0,20.0,115.0,7.382725
fastmultrec_greedy,1,8,16,25,663.0,25.0,38.0,0.098734
lcamap,1,8,16,25,663.0,25.0,38.0,0.017868
segdup,1,9,16,25,365,14,15,79.108608
insider,1,9,16,25,365.0,14.0,15.0,0.261717
fastmultrec_greedy,1,9,16,25,365.0,14.0,15.0,0.290883
lcamap,1,9,16,25,365.0,14.0,15.0,0.044718
segdup,1,10,16,25,26,1,1,38.138926
insider,1,10,16,25,26.0,1.0,1.0,0.037868
fastmultrec_greedy,1,10,16,25,26.0,1.0,1.0,0.118224
lcamap,1,10,16,25,26.0,1.0,1.0,0.021412
segdup,1,11,16,25,25,1,0,73.348838
insider,1,11,16,25,25.0,1.0,0.0,0.070776
fastmultrec_greedy,1,11,16,25,25.0,1.0,0.0,0.290043
lcamap,1,11,16,25,25.0,1.0,0.0,0.042812
segdup,2,7,17,25,4122,120,1122,175.864347
insider,2,7,17,25,3548.0,85.0,1423.0,1.997571
fastmultrec_greedy,2,7,17,25,3760.0,102.0,1210.0,5.096664
lcamap,2,7,17,25,4122.0,120.0,1122.0,0.053316
segdup,2,8,17,25,2245,83,170,171.638454
insider,2,8,17,25,2027.0,65.0,402.0,139.154554
fastmultrec_greedy,2,8,17,25,2219.0,82.0,169.0,1.692417
lcamap,2,8,17,25,2265.0,84.0,165.0,0.087362
segdup,2,10,17,25,177,7,2,75.971258
insider,2,10,17,25,177.0,7.0,2.0,0.141927
fastmultrec_greedy,2,10,17,25,177.0,7.0,2.0,0.401524
lcamap,2,10,17,25,177.0,7.0,2.0,0.064657
segdup,2,11,17,25,50,2,0,60.222737
insider,2,11,17,25,50.0,2.0,0.0,0.060542
fastmultrec_greedy,2,11,17,25,50.0,2.0,0.0,0.213215
lcamap,2,11,17,25,50.0,2.0,0.0,0.032875
segdup,1,7,17,25,7649,221,2124,294.234442
insider,1,7,17,25,6820.0,165.0,2695.0,8.032234
fastmultrec_greedy,1,7,17,25,7209.0,198.0,2259.0,13.056230
lcamap,1,7,17,25,7649.0,221.0,2124.0,0.100373
segdup,1,8,17,25,690,26,40,116.625799
insider,1,8,17,25,690.0,26.0,40.0,1.202736
fastmultrec_greedy,1,8,17,25,690.0,26.0,40.0,0.579880
lcamap,1,8,17,25,712.0,27.0,37.0,0.048759
segdup,1,9,17,25,80,3,5,103.010053
insider,1,9,17,25,80.0,3.0,5.0,0.073361
fastmultrec_greedy,1,9,17,25,80.0,3.0,5.0,0.286066
lcamap,1,9,17,25,80.0,3.0,5.0,0.045887
segdup,1,10,17,25,51,2,1,46.581294
insider,1,10,17,25,51.0,2.0,1.0,0.048247
fastmultrec_greedy,1,10,17,25,51.0,2.0,1.0,0.211233
lcamap,1,10,17,25,51.0,2.0,1.0,0.026750
segdup,1,11,17,25,25,1,0,57.941610
insider,1,11,17,25,25.0,1.0,0.0,0.054981
fastmultrec_greedy,1,11,17,25,25.0,1.0,0.0,0.211692
lcamap,1,11,17,25,25.0,1.0,0.0,0.032810
segdup,2,7,18,25,4872,131,1597,245.783543
insider,2,7,18,25,4479.0,104.0,1879.0,2.947704
fastmultrec_greedy,2,7,18,25,4570.0,114.0,1720.0,9.066578
lcamap,2,7,18,25,4872.0,131.0,1597.0,0.067647
segdup,2,8,18,25,1395,50,145,68.457315
insider,2,8,18,25,1245.0,39.0,270.0,2.901117
fastmultrec_greedy,2,8,18,25,1395.0,50.0,145.0,0.169023
lcamap,2,8,18,25,1395.0,50.0,145.0,0.030923
segdup,2,9,18,25,674,26,24,119.173332
insider,2,9,18,25,669.0,25.0,44.0,13.435887
fastmultrec_greedy,2,9,18,25,674.0,26.0,24.0,0.479571
lcamap,2,9,18,25,674.0,26.0,24.0,0.073026
segdup,2,10,18,25,183,7,8,87.501928
insider,2,10,18,25,183.0,7.0,8.0,0.157367
fastmultrec_greedy,2,10,18,25,183.0,7.0,8.0,0.378507
lcamap,2,10,18,25,183.0,7.0,8.0,0.062802
segdup,2,11,18,25,50,2,0,61.245306
insider,2,11,18,25,50.0,2.0,0.0,0.085625
fastmultrec_greedy,2,11,18,25,50.0,2.0,0.0,0.351090
lcamap,2,11,18,25,50.0,2.0,0.0,0.051494
segdup,1,7,18,25,3929,123,854,137.880016
insider,1,7,18,25,3546.0,98.0,1096.0,13.491137
fastmultrec_greedy,1,7,18,25,3697.0,115.0,822.0,4.181378
lcamap,1,7,18,25,3995.0,130.0,745.0,0.047150
segdup,1,8,18,25,841,31,66,51.236883
insider,1,8,18,25,799.0,28.0,99.0,3.891578
fastmultrec_greedy,1,8,18,25,841.0,31.0,66.0,0.153144
lcamap,1,8,18,25,841.0,31.0,66.0,0.023430
segdup,1,9,18,25,26,1,1,47.772390
insider,1,9,18,25,26.0,1.0,1.0,0.047195
fastmultrec_greedy,1,9,18,25,26.0,1.0,1.0,0.162122
lcamap,1,9,18,25,26.0,1.0,1.0,0.028850
segdup,1,10,18,25,76,3,1,65.021176
insider,1,10,18,25,76.0,3.0,1.0,0.069174
fastmultrec_greedy,1,10,18,25,76.0,3.0,1.0,0.314179
lcamap,1,10,18,25,76.0,3.0,1.0,0.044209
segdup,1,11,18,25,25,1,0,47.414543
insider,1,11,18,25,25.0,1.0,0.0,0.047471
fastmultrec_greedy,1,11,18,25,25.0,1.0,0.0,0.181252
lcamap,1,11,18,25,25.0,1.0,0.0,0.029160
segdup,2,7,19,25,1175,43,100,80.512772
insider,2,7,19,25,1040.0,30.0,290.0,5.075901
fastmultrec_greedy,2,7,19,25,1175.0,43.0,100.0,0.282660
lcamap,2,7,19,25,1175.0,43.0,100.0,0.037614
segdup,2,8,19,25,1334,48,134,61.995635
insider,2,8,19,25,1183.0,33.0,358.0,28.998641
fastmultrec_greedy,2,8,19,25,1318.0,46.0,168.0,0.586555
lcamap,2,8,19,25,1354.0,49.0,129.0,0.029771
segdup,2,9,19,25,388,15,13,99.591598
insider,2,9,19,25,388.0,15.0,13.0,0.326337
fastmultrec_greedy,2,9,19,25,388.0,15.0,13.0,0.273550
lcamap,2,9,19,25,388.0,15.0,13.0,0.043186
segdup,2,10,19,25,51,2,1,71.368952
insider,2,10,19,25,51.0,2.0,1.0,0.073380
fastmultrec_greedy,2,10,19,25,51.0,2.0,1.0,0.322418
lcamap,2,10,19,25,51.0,2.0,1.0,0.042304
segdup,2,11,19,25,75,3,0,115.945571
insider,2,11,19,25,75.0,3.0,0.0,0.136052
fastmultrec_greedy,2,11,19,25,75.0,3.0,0.0,0.566846
lcamap,2,11,19,25,75.0,3.0,0.0,0.086414
segdup,1,7,19,25,3629,122,579,108.348455
insider,1,7,19,25,3205.0,94.0,855.0,13.117629
fastmultrec_greedy,1,7,19,25,3478.0,115.0,603.0,2.206085
lcamap,1,7,19,25,3636.0,124.0,536.0,0.042509
segdup,1,8,19,25,1683,61,158,60.132084
insider,1,8,19,25,1568.0,48.0,368.0,6.156090
fastmultrec_greedy,1,8,19,25,1674.0,61.0,149.0,0.306512
lcamap,1,8,19,25,1696.0,62.0,146.0,0.030973
segdup,1,9,19,25,210,8,10,39.523802
insider,1,9,19,25,210.0,8.0,10.0,0.076132
fastmultrec_greedy,1,9,19,25,210.0,8.0,10.0,0.121319
lcamap,1,9,19,25,210.0,8.0,10.0,0.021071
segdup,1,10,19,25,26,1,1,61.893960
insider,1,10,19,25,26.0,1.0,1.0,0.068185
fastmultrec_greedy,1,10,19,25,26.0,1.0,1.0,0.311940
lcamap,1,10,19,25,26.0,1.0,1.0,0.039815
segdup,1,11,19,25,25,1,0,26.979586
insider,1,11,19,25,25.0,1.0,0.0,0.027308
fastmultrec_greedy,1,11,19,25,25.0,1.0,0.0,0.084407
lcamap,1,11,19,25,25.0,1.0,0.0,0.015413
segdup,2,7,20,25,5311,162,1261,295.152788
insider,2,7,20,25,4923.0,131.0,1648.0,7.458915
fastmultrec_greedy,2,7,20,25,5159.0,153.0,1334.0,6.056648
lcamap,2,7,20,25,5311.0,162.0,1261.0,0.109897
segdup,2,8,20,25,648,25,23,48.582630
insider,2,8,20,25,619.0,23.0,44.0,1.224224
fastmultrec_greedy,2,8,20,25,648.0,25.0,23.0,0.172833
lcamap,2,8,20,25,648.0,25.0,23.0,0.029480
segdup,2,9,20,25,128,5,3,41.307854
insider,2,9,20,25,128.0,5.0,3.0,0.065809
fastmultrec_greedy,2,9,20,25,128.0,5.0,3.0,0.195133
lcamap,2,9,20,25,128.0,5.0,3.0,0.031668
segdup,2,10,20,25,52,2,2,66.668367
insider,2,10,20,25,52.0,2.0,2.0,0.073380
fastmultrec_greedy,2,10,20,25,52.0,2.0,2.0,0.263802
lcamap,2,10,20,25,52.0,2.0,2.0,0.042515
segdup,2,11,20,25,50,2,0,68.238898
insider,2,11,20,25,50.0,2.0,0.0,0.092951
fastmultrec_greedy,2,11,20,25,50.0,2.0,0.0,0.336201
lcamap,2,11,20,25,50.0,2.0,0.0,0.050153
segdup,1,7,20,25,6840,199,1865,156.635722
insider,1,7,20,25,6071.0,146.0,2421.0,24.085639
fastmultrec_greedy,1,7,20,25,6313.0,170.0,2063.0,7.893218
lcamap,1,7,20,25,6853.0,200.0,1853.0,0.047883
segdup,1,8,20,25,1212,45,87,112.865241
insider,1,8,20,25,-1,-1,-1,9999999999.000000
fastmultrec_greedy,1,8,20,25,1212.0,45.0,87.0,0.426503
lcamap,1,8,20,25,1212.0,45.0,87.0,0.078282
segdup,1,9,20,25,258,10,8,50.082398
insider,1,9,20,25,258.0,10.0,8.0,0.094700
fastmultrec_greedy,1,9,20,25,258.0,10.0,8.0,0.169000
lcamap,1,9,20,25,258.0,10.0,8.0,0.027851
segdup,1,10,20,25,103,4,3,44.750508
insider,1,10,20,25,103.0,4.0,3.0,0.055145
fastmultrec_greedy,1,10,20,25,103.0,4.0,3.0,0.158284
lcamap,1,10,20,25,103.0,4.0,3.0,0.030694
segdup,1,11,20,25,50,2,0,88.831193
insider,1,11,20,25,50.0,2.0,0.0,0.085260
fastmultrec_greedy,1,11,20,25,50.0,2.0,0.0,0.312005
lcamap,1,11,20,25,50.0,2.0,0.0,0.050602
segdup,2,7,21,25,8778,208,3578,341.770962
insider,2,7,21,25,7798.0,146.0,4148.0,3.009648
fastmultrec_greedy,2,7,21,25,8115.0,173.0,3790.0,21.192737
lcamap,2,7,21,25,8785.0,210.0,3535.0,0.088157
segdup,2,8,21,25,3411,121,386,216.196083
insider,2,8,21,25,3179.0,97.0,754.0,84.622615
fastmultrec_greedy,2,8,21,25,3411.0,121.0,386.0,0.599012
lcamap,2,8,21,25,3411.0,121.0,386.0,0.101657
segdup,2,9,21,25,257,10,7,35.918630
insider,2,9,21,25,257.0,10.0,7.0,0.344663
fastmultrec_greedy,2,9,21,25,257.0,10.0,7.0,0.166038
lcamap,2,9,21,25,257.0,10.0,7.0,0.027581
segdup,2,10,21,25,50,2,0,45.672279
insider,2,10,21,25,50.0,2.0,0.0,0.067811
fastmultrec_greedy,2,10,21,25,50.0,2.0,0.0,0.247645
lcamap,2,10,21,25,50.0,2.0,0.0,0.044481
segdup,2,11,21,25,50,2,0,46.223299
insider,2,11,21,25,50.0,2.0,0.0,0.066318
fastmultrec_greedy,2,11,21,25,50.0,2.0,0.0,0.224837
lcamap,2,11,21,25,50.0,2.0,0.0,0.036363
segdup,1,7,21,25,4264,141,739,265.356975
insider,1,7,21,25,3781.0,108.0,1081.0,31.496921
fastmultrec_greedy,1,7,21,25,3942.0,125.0,817.0,16.543719
lcamap,1,7,21,25,4273.0,145.0,648.0,0.104955
segdup,1,8,21,25,1461,51,186,36.454958
insider,1,8,21,25,1379.0,41.0,354.0,8.028914
fastmultrec_greedy,1,8,21,25,1459.0,51.0,184.0,0.143533
lcamap,1,8,21,25,1483.0,52.0,183.0,0.023346
segdup,1,9,21,25,127,5,2,78.929564
insider,1,9,21,25,127.0,5.0,2.0,0.091110
fastmultrec_greedy,1,9,21,25,127.0,5.0,2.0,0.337089
lcamap,1,9,21,25,127.0,5.0,2.0,0.047042
segdup,1,10,21,25,52,2,2,46.279788
insider,1,10,21,25,52.0,2.0,2.0,0.049554
fastmultrec_greedy,1,10,21,25,52.0,2.0,2.0,0.163249
lcamap,1,10,21,25,52.0,2.0,2.0,0.027355
segdup,1,11,21,25,25,1,0,57.854464
insider,1,11,21,25,25.0,1.0,0.0,0.060688
fastmultrec_greedy,1,11,21,25,25.0,1.0,0.0,0.209718
lcamap,1,11,21,25,25.0,1.0,0.0,0.037456
segdup,2,7,22,25,3744,108,1044,239.002630
insider,2,7,22,25,3370.0,86.0,1220.0,1.620940
fastmultrec_greedy,2,7,22,25,3470.0,94.0,1120.0,6.865926
lcamap,2,7,22,25,3744.0,108.0,1044.0,0.070083
segdup,2,8,22,25,1794,65,169,202.736910
insider,2,8,22,25,1590.0,50.0,340.0,32.331097
fastmultrec_greedy,2,8,22,25,1746.0,63.0,171.0,2.899092
lcamap,2,8,22,25,1825.0,67.0,150.0,0.098527
segdup,2,9,22,25,567,22,17,111.858359
insider,2,9,22,25,560.0,19.0,85.0,37.533391
fastmultrec_greedy,2,9,22,25,567.0,22.0,17.0,0.407614
lcamap,2,9,22,25,567.0,22.0,17.0,0.062953
segdup,2,10,22,25,102,4,2,136.373430
insider,2,10,22,25,102.0,4.0,2.0,0.160689
fastmultrec_greedy,2,10,22,25,102.0,4.0,2.0,0.588841
lcamap,2,10,22,25,102.0,4.0,2.0,0.101492
segdup,2,11,22,25,50,2,0,114.696023
insider,2,11,22,25,50.0,2.0,0.0,0.137747
fastmultrec_greedy,2,11,22,25,50.0,2.0,0.0,0.513141
lcamap,2,11,22,25,50.0,2.0,0.0,0.091033
segdup,1,7,22,25,8321,247,2146,173.570616
insider,1,7,22,25,7469.0,183.0,2894.0,37.887393
fastmultrec_greedy,1,7,22,25,7817.0,224.0,2217.0,9.401789
lcamap,1,7,22,25,8334.0,250.0,2084.0,0.068073
segdup,1,8,22,25,1438,54,88,87.572563
insider,1,8,22,25,1336.0,47.0,161.0,224.934073
fastmultrec_greedy,1,8,22,25,1410.0,53.0,85.0,0.704970
lcamap,1,8,22,25,1454.0,55.0,79.0,0.042251
segdup,1,9,22,25,471,18,21,60.632875
insider,1,9,22,25,471.0,18.0,21.0,0.532991
fastmultrec_greedy,1,9,22,25,471.0,18.0,21.0,0.239731
lcamap,1,9,22,25,471.0,18.0,21.0,0.036282
segdup,1,10,22,25,51,2,1,50.652940
insider,1,10,22,25,51.0,2.0,1.0,0.053725
fastmultrec_greedy,1,10,22,25,51.0,2.0,1.0,0.185675
lcamap,1,10,22,25,51.0,2.0,1.0,0.030731
segdup,1,11,22,25,25,1,0,33.648360
insider,1,11,22,25,25.0,1.0,0.0,0.036067
fastmultrec_greedy,1,11,22,25,25.0,1.0,0.0,0.125809
lcamap,1,11,22,25,25.0,1.0,0.0,0.019862
segdup,2,7,23,25,2130,78,180,174.065938
insider,2,7,23,25,2085.0,72.0,285.0,8.548940
fastmultrec_greedy,2,7,23,25,2130.0,78.0,180.0,0.836694
lcamap,2,7,23,25,2130.0,78.0,180.0,0.127311
segdup,2,8,23,25,892,34,42,126.967100
insider,2,8,23,25,828.0,26.0,178.0,10.916116
fastmultrec_greedy,2,8,23,25,891.0,34.0,41.0,0.854702
lcamap,2,8,23,25,913.0,35.0,38.0,0.066941
segdup,2,9,23,25,609,23,34,80.559263
insider,2,9,23,25,609.0,23.0,34.0,8.390495
fastmultrec_greedy,2,9,23,25,609.0,23.0,34.0,0.345998
lcamap,2,9,23,25,609.0,23.0,34.0,0.053534
segdup,2,10,23,25,126,5,1,110.661728
insider,2,10,23,25,126.0,5.0,1.0,0.140844
fastmultrec_greedy,2,10,23,25,126.0,5.0,1.0,0.565626
lcamap,2,10,23,25,126.0,5.0,1.0,0.089050
segdup,2,11,23,25,50,2,0,117.500356
insider,2,11,23,25,50.0,2.0,0.0,0.137264
fastmultrec_greedy,2,11,23,25,50.0,2.0,0.0,0.575248
lcamap,2,11,23,25,50.0,2.0,0.0,0.082158
segdup,1,7,23,25,8603,245,2478,284.487773
insider,1,7,23,25,7466.0,171.0,3191.0,6.139931
fastmultrec_greedy,1,7,23,25,7844.0,204.0,2744.0,28.690355
lcamap,1,7,23,25,8626.0,246.0,2476.0,0.097017
segdup,1,8,23,25,876,33,51,56.182779
insider,1,8,23,25,847.0,31.0,72.0,25.266402
fastmultrec_greedy,1,8,23,25,876.0,33.0,51.0,0.163966
lcamap,1,8,23,25,876.0,33.0,51.0,0.027333
segdup,1,9,23,25,802,30,52,87.968378
insider,1,9,23,25,802.0,30.0,52.0,1.650588
fastmultrec_greedy,1,9,23,25,802.0,30.0,52.0,0.309812
lcamap,1,9,23,25,802.0,30.0,52.0,0.052300
segdup,1,10,23,25,53,2,3,43.654179
insider,1,10,23,25,53.0,2.0,3.0,0.050388
fastmultrec_greedy,1,10,23,25,53.0,2.0,3.0,0.203258
lcamap,1,10,23,25,53.0,2.0,3.0,0.028264
segdup,1,11,23,25,25,1,0,26.048639
insider,1,11,23,25,25.0,1.0,0.0,0.027620
fastmultrec_greedy,1,11,23,25,25.0,1.0,0.0,0.088010
lcamap,1,11,23,25,25.0,1.0,0.0,0.015547
segdup,2,7,24,25,8260,206,3110,435.568814
insider,2,7,24,25,7363.0,148.0,3663.0,3.686178
fastmultrec_greedy,2,7,24,25,7554.0,164.0,3454.0,25.419486
lcamap,2,7,24,25,8260.0,206.0,3110.0,0.112582
segdup,2,8,24,25,2158,75,283,128.241529
insider,2,8,24,25,2030.0,64.0,430.0,5.323375
fastmultrec_greedy,2,8,24,25,2142.0,74.0,292.0,0.749708
lcamap,2,8,24,25,2158.0,75.0,283.0,0.061196
segdup,2,9,24,25,179,7,4,56.614909
insider,2,9,24,25,179.0,7.0,4.0,0.073539
fastmultrec_greedy,2,9,24,25,179.0,7.0,4.0,0.161258
lcamap,2,9,24,25,179.0,7.0,4.0,0.027976
segdup,2,10,24,25,102,4,2,50.470115
insider,2,10,24,25,102.0,4.0,2.0,0.053065
fastmultrec_greedy,2,10,24,25,102.0,4.0,2.0,0.210184
lcamap,2,10,24,25,102.0,4.0,2.0,0.028980
segdup,2,11,24,25,50,2,0,46.451019
insider,2,11,24,25,50.0,2.0,0.0,0.062730
fastmultrec_greedy,2,11,24,25,50.0,2.0,0.0,0.206667
lcamap,2,11,24,25,50.0,2.0,0.0,0.035566
segdup,1,7,24,25,4815,158,865,163.411514
insider,1,7,24,25,4308.0,123.0,1233.0,4.397750
fastmultrec_greedy,1,7,24,25,4534.0,143.0,959.0,8.114697
lcamap,1,7,24,25,4815.0,158.0,865.0,0.068244
segdup,1,8,24,25,804,30,54,30.890940
insider,1,8,24,25,745.0,25.0,120.0,2.785785
fastmultrec_greedy,1,8,24,25,785.0,29.0,60.0,0.129648
lcamap,1,8,24,25,804.0,30.0,54.0,0.015336
segdup,1,9,24,25,184,7,9,42.494543
insider,1,9,24,25,184.0,7.0,9.0,0.068747
fastmultrec_greedy,1,9,24,25,184.0,7.0,9.0,0.177873
lcamap,1,9,24,25,184.0,7.0,9.0,0.025927
segdup,1,10,24,25,25,1,0,80.422706
insider,1,10,24,25,25.0,1.0,0.0,0.079429
fastmultrec_greedy,1,10,24,25,25.0,1.0,0.0,0.308176
lcamap,1,10,24,25,25.0,1.0,0.0,0.051529
segdup,1,11,24,25,25,1,0,39.757968
insider,1,11,24,25,25.0,1.0,0.0,0.040725
fastmultrec_greedy,1,11,24,25,25.0,1.0,0.0,0.168929
lcamap,1,11,24,25,25.0,1.0,0.0,0.023483
segdup,2,7,25,25,7171,167,2996,298.429875
insider,2,7,25,25,6419.0,118.0,3469.0,2.353908
fastmultrec_greedy,2,7,25,25,6626.0,134.0,3276.0,13.250063
lcamap,2,7,25,25,7171.0,167.0,2996.0,0.072953
segdup,2,8,25,25,773,29,48,52.221515
insider,2,8,25,25,731.0,24.0,131.0,6.863278
fastmultrec_greedy,2,8,25,25,773.0,29.0,48.0,0.202205
lcamap,2,8,25,25,773.0,29.0,48.0,0.033801
segdup,2,9,25,25,260,10,10,53.205629
insider,2,9,25,25,260.0,10.0,10.0,0.134083
fastmultrec_greedy,2,9,25,25,260.0,10.0,10.0,0.265533
lcamap,2,9,25,25,260.0,10.0,10.0,0.041839
segdup,2,10,25,25,81,3,6,39.202155
insider,2,10,25,25,81.0,3.0,6.0,0.054910
fastmultrec_greedy,2,10,25,25,81.0,3.0,6.0,0.174480
lcamap,2,10,25,25,81.0,3.0,6.0,0.031781
segdup,2,11,25,25,50,2,0,64.323445
insider,2,11,25,25,50.0,2.0,0.0,0.087296
fastmultrec_greedy,2,11,25,25,50.0,2.0,0.0,0.350184
lcamap,2,11,25,25,50.0,2.0,0.0,0.052777
segdup,1,7,25,25,6546,191,1771,147.825290
insider,1,7,25,25,5547.0,131.0,2272.0,4.131442
fastmultrec_greedy,1,7,25,25,5881.0,159.0,1906.0,8.654169
lcamap,1,7,25,25,6570.0,194.0,1720.0,0.048002
segdup,1,8,25,25,2160,78,210,138.826141
insider,1,8,25,25,2033.0,67.0,358.0,49.452893
fastmultrec_greedy,1,8,25,25,2170.0,79.0,195.0,1.162054
lcamap,1,8,25,25,2211.0,81.0,186.0,0.070328
segdup,1,9,25,25,387,15,12,40.193959
insider,1,9,25,25,387.0,15.0,12.0,0.291292
fastmultrec_greedy,1,9,25,25,406.0,16.0,6.0,0.138345
lcamap,1,9,25,25,406.0,16.0,6.0,0.022126
segdup,1,10,25,25,26,1,1,48.513045
insider,1,10,25,25,26.0,1.0,1.0,0.047368
fastmultrec_greedy,1,10,25,25,26.0,1.0,1.0,0.180346
lcamap,1,10,25,25,26.0,1.0,1.0,0.028297
segdup,1,11,25,25,25,1,0,63.246802
insider,1,11,25,25,25.0,1.0,0.0,0.059535
fastmultrec_greedy,1,11,25,25,25.0,1.0,0.0,0.206710
lcamap,1,11,25,25,25.0,1.0,0.0,0.035357
segdup,2,7,26,25,11352,249,5127,501.112091
insider,2,7,26,25,10103.0,169.0,5878.0,2.388736
fastmultrec_greedy,2,7,26,25,10444.0,201.0,5419.0,33.693414
lcamap,2,7,26,25,11352.0,249.0,5127.0,0.115427
segdup,2,8,26,25,2454,89,229,131.831098
insider,2,8,26,25,2278.0,73.0,453.0,6.552811
fastmultrec_greedy,2,8,26,25,2409.0,86.0,259.0,1.749602
lcamap,2,8,26,25,2454.0,89.0,229.0,0.072367
segdup,2,9,26,25,154,6,4,108.065118
insider,2,9,26,25,154.0,6.0,4.0,0.143543
fastmultrec_greedy,2,9,26,25,154.0,6.0,4.0,0.392741
lcamap,2,9,26,25,154.0,6.0,4.0,0.063836
segdup,1,7,26,25,3529,120,529,89.318162
insider,1,7,26,25,3234.0,96.0,834.0,43.284328
fastmultrec_greedy,1,7,26,25,3420.0,114.0,570.0,2.506781
lcamap,1,7,26,25,3581.0,123.0,506.0,0.045443
segdup,1,8,26,25,1360,51,85,42.484576
insider,1,8,26,25,1275.0,42.0,225.0,23.843153
fastmultrec_greedy,1,8,26,25,1360.0,51.0,85.0,0.133065
lcamap,1,8,26,25,1360.0,51.0,85.0,0.022247
segdup,1,9,26,25,305,12,5,68.910723
insider,1,9,26,25,305.0,12.0,5.0,0.730472
fastmultrec_greedy,1,9,26,25,305.0,12.0,5.0,0.158736
lcamap,1,9,26,25,305.0,12.0,5.0,0.028604
segdup,1,10,26,25,26,1,1,38.775257
insider,1,10,26,25,26.0,1.0,1.0,0.041857
fastmultrec_greedy,1,10,26,25,26.0,1.0,1.0,0.169534
lcamap,1,10,26,25,26.0,1.0,1.0,0.023164
segdup,1,11,26,25,25,1,0,91.877709
insider,1,11,26,25,25.0,1.0,0.0,0.086358
fastmultrec_greedy,1,11,26,25,25.0,1.0,0.0,0.324278
lcamap,1,11,26,25,25.0,1.0,0.0,0.054751
segdup,2,7,27,25,10131,228,4431,426.659237
insider,2,7,27,25,8926.0,155.0,5051.0,5.924895
fastmultrec_greedy,2,7,27,25,9138.0,176.0,4738.0,29.919474
lcamap,2,7,27,25,10131.0,228.0,4431.0,0.100111
segdup,2,8,27,25,2383,87,208,187.639697
insider,2,8,27,25,2187.0,68.0,487.0,29.376414
fastmultrec_greedy,2,8,27,25,2356.0,84.0,256.0,3.119359
lcamap,2,8,27,25,2419.0,89.0,194.0,0.091890
segdup,2,9,27,25,496,19,21,82.909931
insider,2,9,27,25,496.0,19.0,21.0,2.234555
fastmultrec_greedy,2,9,27,25,496.0,19.0,21.0,0.357092
lcamap,2,9,27,25,496.0,19.0,21.0,0.058423
segdup,2,10,27,25,100,4,0,65.696917
insider,2,10,27,25,100.0,4.0,0.0,0.096676
fastmultrec_greedy,2,10,27,25,100.0,4.0,0.0,0.297663
lcamap,2,10,27,25,100.0,4.0,0.0,0.048524
segdup,2,11,27,25,50,2,0,91.197084
insider,2,11,27,25,50.0,2.0,0.0,0.110125
fastmultrec_greedy,2,11,27,25,50.0,2.0,0.0,0.405468
lcamap,2,11,27,25,50.0,2.0,0.0,0.068193
segdup,1,7,27,25,11529,300,4029,397.092777
insider,1,7,27,25,10164.0,216.0,4764.0,3.614864
fastmultrec_greedy,1,7,27,25,10637.0,253.0,4312.0,46.164528
lcamap,1,7,27,25,11529.0,300.0,4029.0,0.117027
segdup,1,8,27,25,1227,46,77,99.225641
insider,1,8,27,25,1187.0,43.0,112.0,5.270040
fastmultrec_greedy,1,8,27,25,1246.0,47.0,71.0,0.367928
lcamap,1,8,27,25,1246.0,47.0,71.0,0.056491
segdup,1,9,27,25,266,10,16,82.889988
insider,1,9,27,25,266.0,10.0,16.0,0.090875
fastmultrec_greedy,1,9,27,25,285.0,11.0,10.0,0.164290
lcamap,1,9,27,25,285.0,11.0,10.0,0.030032
segdup,1,10,27,25,79,3,4,47.054791
insider,1,10,27,25,79.0,3.0,4.0,0.056280
fastmultrec_greedy,1,10,27,25,79.0,3.0,4.0,0.186900
lcamap,1,10,27,25,79.0,3.0,4.0,0.031452
segdup,1,11,27,25,50,2,0,36.983608
insider,1,11,27,25,50.0,2.0,0.0,0.040545
fastmultrec_greedy,1,11,27,25,50.0,2.0,0.0,0.128779
lcamap,1,11,27,25,50.0,2.0,0.0,0.021680
segdup,2,7,28,25,3320,110,570,180.634077
insider,2,7,28,25,3017.0,88.0,817.0,10.265756
fastmultrec_greedy,2,7,28,25,3188.0,103.0,613.0,3.729453
lcamap,2,7,28,25,3320.0,110.0,570.0,0.086242
segdup,2,9,28,25,385,15,10,164.734559
insider,2,9,28,25,385.0,15.0,10.0,0.235023
fastmultrec_greedy,2,9,28,25,385.0,15.0,10.0,0.592600
lcamap,2,9,28,25,385.0,15.0,10.0,0.083851
segdup,2,10,28,25,131,5,6,111.814084
insider,2,10,28,25,131.0,5.0,6.0,0.153041
fastmultrec_greedy,2,10,28,25,131.0,5.0,6.0,0.525122
lcamap,2,10,28,25,131.0,5.0,6.0,0.080112
segdup,2,11,28,25,75,3,0,108.246672
insider,2,11,28,25,75.0,3.0,0.0,0.110567
fastmultrec_greedy,2,11,28,25,75.0,3.0,0.0,0.457838
lcamap,2,11,28,25,75.0,3.0,0.0,0.062573
segdup,1,7,28,25,5953,180,1453,139.869943
insider,1,7,28,25,5191.0,134.0,1841.0,2.576803
fastmultrec_greedy,1,7,28,25,5393.0,151.0,1618.0,8.142185
lcamap,1,7,28,25,5953.0,180.0,1453.0,0.050247
segdup,1,8,28,25,1978,73,153,86.907124
insider,1,8,28,25,1875.0,64.0,275.0,77.762049
fastmultrec_greedy,1,8,28,25,1978.0,73.0,153.0,0.695392
lcamap,1,8,28,25,2022.0,75.0,147.0,0.045474
segdup,1,9,28,25,79,3,4,63.928980
insider,1,9,28,25,79.0,3.0,4.0,0.066736
fastmultrec_greedy,1,9,28,25,79.0,3.0,4.0,0.274378
lcamap,1,9,28,25,79.0,3.0,4.0,0.037011
segdup,1,10,28,25,25,1,0,64.948283
insider,1,10,28,25,25.0,1.0,0.0,0.061712
fastmultrec_greedy,1,10,28,25,25.0,1.0,0.0,0.227201
lcamap,1,10,28,25,25.0,1.0,0.0,0.035379
segdup,1,11,28,25,25,1,0,51.500316
insider,1,11,28,25,25.0,1.0,0.0,0.052328
fastmultrec_greedy,1,11,28,25,25.0,1.0,0.0,0.188015
lcamap,1,11,28,25,25.0,1.0,0.0,0.033443
segdup,2,7,29,25,8023,173,3698,320.772433
insider,2,7,29,25,7226.0,128.0,4026.0,2.149752
fastmultrec_greedy,2,7,29,25,7460.0,147.0,3785.0,11.121071
lcamap,2,7,29,25,8023.0,173.0,3698.0,0.069111
segdup,2,8,29,25,3646,124,546,169.190936
insider,2,8,29,25,3387.0,102.0,837.0,15.603338
fastmultrec_greedy,2,8,29,25,3592.0,121.0,567.0,1.914242
lcamap,2,8,29,25,3646.0,124.0,546.0,0.086614
segdup,2,9,29,25,313,12,13,140.975229
insider,2,9,29,25,313.0,12.0,13.0,0.483611
fastmultrec_greedy,2,9,29,25,313.0,12.0,13.0,0.559962
lcamap,2,9,29,25,313.0,12.0,13.0,0.081141
segdup,2,10,29,25,75,3,0,68.933273
insider,2,10,29,25,75.0,3.0,0.0,0.063915
fastmultrec_greedy,2,10,29,25,75.0,3.0,0.0,0.246673
lcamap,2,10,29,25,75.0,3.0,0.0,0.035409
segdup,2,11,29,25,75,3,0,104.714703
insider,2,11,29,25,75.0,3.0,0.0,0.138309
fastmultrec_greedy,2,11,29,25,75.0,3.0,0.0,0.521687
lcamap,2,11,29,25,75.0,3.0,0.0,0.082894
segdup,1,7,29,25,4977,156,1077,110.193856
insider,1,7,29,25,4430.0,123.0,1355.0,1.693171
fastmultrec_greedy,1,7,29,25,4732.0,144.0,1132.0,3.034473
lcamap,1,7,29,25,4987.0,157.0,1062.0,0.043666
segdup,1,8,29,25,1473,54,123,53.259801
insider,1,8,29,25,1387.0,41.0,362.0,7.629089
fastmultrec_greedy,1,8,29,25,1473.0,54.0,123.0,0.155231
lcamap,1,8,29,25,1473.0,54.0,123.0,0.024266
segdup,1,9,29,25,624,24,24,77.756402
insider,1,9,29,25,624.0,24.0,24.0,1.099680
fastmultrec_greedy,1,9,29,25,624.0,24.0,24.0,0.287181
lcamap,1,9,29,25,624.0,24.0,24.0,0.046193
segdup,1,10,29,25,51,2,1,37.605695
insider,1,10,29,25,51.0,2.0,1.0,0.039037
fastmultrec_greedy,1,10,29,25,51.0,2.0,1.0,0.150735
lcamap,1,10,29,25,51.0,2.0,1.0,0.022681
segdup,1,11,29,25,26,1,1,67.972755
insider,1,11,29,25,26.0,1.0,1.0,0.065612
fastmultrec_greedy,1,11,29,25,26.0,1.0,1.0,0.235425
lcamap,1,11,29,25,26.0,1.0,1.0,0.038880
segdup,2,7,30,25,4737,130,1487,218.294092
insider,2,7,30,25,4216.0,95.0,1841.0,9.046055
fastmultrec_greedy,2,7,30,25,4350.0,110.0,1600.0,9.715008
lcamap,2,7,30,25,4737.0,130.0,1487.0,0.059577
segdup,2,8,30,25,1495,56,95,105.984691
insider,2,8,30,25,1354.0,41.0,329.0,93.207272
fastmultrec_greedy,2,8,30,25,1491.0,55.0,116.0,1.857971
lcamap,2,8,30,25,1539.0,58.0,89.0,0.066474
segdup,2,9,30,25,408,16,8,75.886311
insider,2,9,30,25,408.0,16.0,8.0,1.051757
fastmultrec_greedy,2,9,30,25,408.0,16.0,8.0,0.339440
lcamap,2,9,30,25,408.0,16.0,8.0,0.059198
segdup,2,10,30,25,50,2,0,73.332653
insider,2,10,30,25,50.0,2.0,0.0,0.070869
fastmultrec_greedy,2,10,30,25,50.0,2.0,0.0,0.289695
lcamap,2,10,30,25,50.0,2.0,0.0,0.040338
segdup,2,11,30,25,50,2,0,60.434034
insider,2,11,30,25,50.0,2.0,0.0,0.082301
fastmultrec_greedy,2,11,30,25,50.0,2.0,0.0,0.312867
lcamap,2,11,30,25,50.0,2.0,0.0,0.047737
segdup,1,7,30,25,8257,230,2507,175.697052
insider,1,7,30,25,7062.0,157.0,3137.0,8.586573
fastmultrec_greedy,1,7,30,25,7394.0,188.0,2694.0,13.601637
lcamap,1,7,30,25,8268.0,233.0,2443.0,0.054983
segdup,1,8,30,25,927,35,52,90.551377
insider,1,8,30,25,895.0,31.0,120.0,3.606029
fastmultrec_greedy,1,8,30,25,927.0,35.0,52.0,0.300732
lcamap,1,8,30,25,927.0,35.0,52.0,0.050613
segdup,1,9,30,25,102,4,2,74.756789
insider,1,9,30,25,102.0,4.0,2.0,0.083559
fastmultrec_greedy,1,9,30,25,102.0,4.0,2.0,0.317566
lcamap,1,9,30,25,102.0,4.0,2.0,0.047690
segdup,1,10,30,25,50,2,0,77.007830
insider,1,10,30,25,50.0,2.0,0.0,0.071690
fastmultrec_greedy,1,10,30,25,50.0,2.0,0.0,0.270031
lcamap,1,10,30,25,50.0,2.0,0.0,0.045445
segdup,1,11,30,25,25,1,0,97.607071
insider,1,11,30,25,25.0,1.0,0.0,0.091465
fastmultrec_greedy,1,11,30,25,25.0,1.0,0.0,0.374826
lcamap,1,11,30,25,25.0,1.0,0.0,0.061133
segdup,2,7,31,25,9637,233,3812,424.371759
insider,2,7,31,25,8577.0,170.0,4327.0,4.868191
fastmultrec_greedy,2,7,31,25,8856.0,192.0,4056.0,32.161634
lcamap,2,7,31,25,9671.0,235.0,3796.0,0.111353
segdup,2,8,31,25,828,31,53,58.858603
insider,2,8,31,25,783.0,26.0,133.0,8.916119
fastmultrec_greedy,2,8,31,25,828.0,31.0,53.0,0.240348
lcamap,2,8,31,25,828.0,31.0,53.0,0.040206
segdup,2,10,31,25,101,4,1,120.618487
insider,2,10,31,25,101.0,4.0,1.0,0.129156
fastmultrec_greedy,2,10,31,25,101.0,4.0,1.0,0.499156
lcamap,2,10,31,25,101.0,4.0,1.0,0.073638
segdup,2,11,31,25,50,2,0,72.196885
insider,2,11,31,25,50.0,2.0,0.0,0.098987
fastmultrec_greedy,2,11,31,25,50.0,2.0,0.0,0.363019
lcamap,2,11,31,25,50.0,2.0,0.0,0.064819
segdup,1,7,31,25,5196,149,1471,129.132055
insider,1,7,31,25,4519.0,105.0,1894.0,1.920600
fastmultrec_greedy,1,7,31,25,4680.0,121.0,1655.0,6.282078
lcamap,1,7,31,25,5212.0,150.0,1462.0,0.038133
segdup,1,8,31,25,1693,64,93,100.568915
insider,1,8,31,25,1557.0,53.0,232.0,21.138384
fastmultrec_greedy,1,8,31,25,1693.0,64.0,93.0,0.312318
lcamap,1,8,31,25,1693.0,64.0,93.0,0.055274
segdup,1,9,31,25,255,10,5,55.258281
insider,1,9,31,25,255.0,10.0,5.0,0.106904
fastmultrec_greedy,1,9,31,25,255.0,10.0,5.0,0.117719
lcamap,1,9,31,25,255.0,10.0,5.0,0.020534
segdup,1,10,31,25,50,2,0,66.298313
insider,1,10,31,25,50.0,2.0,0.0,0.065730
fastmultrec_greedy,1,10,31,25,50.0,2.0,0.0,0.249087
lcamap,1,10,31,25,50.0,2.0,0.0,0.038420
segdup,1,11,31,25,25,1,0,28.154433
insider,1,11,31,25,25.0,1.0,0.0,0.030777
fastmultrec_greedy,1,11,31,25,25.0,1.0,0.0,0.108870
lcamap,1,11,31,25,25.0,1.0,0.0,0.016492
segdup,2,7,32,25,3080,98,630,164.459319
insider,2,7,32,25,2589.0,66.0,939.0,2.090304
fastmultrec_greedy,2,7,32,25,2801.0,83.0,726.0,5.185582
lcamap,2,7,32,25,3080.0,98.0,630.0,0.050647
segdup,2,8,32,25,2470,88,270,189.767704
insider,2,8,32,25,2304.0,72.0,504.0,6.465071
fastmultrec_greedy,2,8,32,25,2451.0,87.0,276.0,1.299469
lcamap,2,8,32,25,2470.0,88.0,270.0,0.113430
segdup,2,9,32,25,1159,43,84,101.860004
insider,2,9,32,25,1109.0,40.0,109.0,9.702628
fastmultrec_greedy,2,9,32,25,1159.0,43.0,84.0,0.420657
lcamap,2,9,32,25,1159.0,43.0,84.0,0.070240
segdup,2,10,32,25,51,2,1,113.793116
insider,2,10,32,25,51.0,2.0,1.0,0.111977
fastmultrec_greedy,2,10,32,25,51.0,2.0,1.0,0.420074
lcamap,2,10,32,25,51.0,2.0,1.0,0.067390
segdup,2,11,32,25,50,2,0,37.337289
insider,2,11,32,25,50.0,2.0,0.0,0.057360
fastmultrec_greedy,2,11,32,25,50.0,2.0,0.0,0.178851
lcamap,2,11,32,25,50.0,2.0,0.0,0.031104
segdup,1,7,32,25,7401,222,1851,209.951197
insider,1,7,32,25,6356.0,156.0,2456.0,5.823937
fastmultrec_greedy,1,7,32,25,6732.0,185.0,2107.0,15.161111
lcamap,1,7,32,25,7415.0,224.0,1815.0,0.077975
segdup,1,8,32,25,741,28,41,46.357169
insider,1,8,32,25,723.0,25.0,98.0,19.310564
fastmultrec_greedy,1,8,32,25,741.0,28.0,41.0,0.120009
lcamap,1,8,32,25,741.0,28.0,41.0,0.020196
segdup,1,9,32,25,235,9,10,32.934704
insider,1,9,32,25,235.0,9.0,10.0,0.072800
fastmultrec_greedy,1,9,32,25,235.0,9.0,10.0,0.104505
lcamap,1,9,32,25,235.0,9.0,10.0,0.018140
segdup,1,10,32,25,51,2,1,53.173780
insider,1,10,32,25,51.0,2.0,1.0,0.055550
fastmultrec_greedy,1,10,32,25,51.0,2.0,1.0,0.201535
lcamap,1,10,32,25,51.0,2.0,1.0,0.030759
segdup,1,11,32,25,25,1,0,68.076409
insider,1,11,32,25,25.0,1.0,0.0,0.069597
fastmultrec_greedy,1,11,32,25,25.0,1.0,0.0,0.259236
lcamap,1,11,32,25,25.0,1.0,0.0,0.045163
segdup,2,7,33,25,2668,88,468,158.698330
insider,2,7,33,25,2396.0,68.0,696.0,1.298013
fastmultrec_greedy,2,7,33,25,2566.0,84.0,466.0,2.951828
lcamap,2,7,33,25,2670.0,90.0,420.0,0.055376
segdup,2,8,33,25,1872,66,222,92.234540
insider,2,8,33,25,1722.0,54.0,372.0,13.698661
fastmultrec_greedy,2,8,33,25,1828.0,64.0,228.0,0.658278
lcamap,2,8,33,25,1872.0,66.0,222.0,0.042112
segdup,2,9,33,25,316,12,16,109.152108
insider,2,9,33,25,316.0,12.0,16.0,0.238659
fastmultrec_greedy,2,9,33,25,316.0,12.0,16.0,0.461026
lcamap,2,9,33,25,316.0,12.0,16.0,0.065139
segdup,2,10,33,25,77,3,2,99.803870
insider,2,10,33,25,77.0,3.0,2.0,0.137094
fastmultrec_greedy,2,10,33,25,77.0,3.0,2.0,0.443321
lcamap,2,10,33,25,77.0,3.0,2.0,0.082557
segdup,1,7,33,25,3080,108,380,130.650978
insider,1,7,33,25,2761.0,84.0,661.0,9.484576
fastmultrec_greedy,1,7,33,25,3021.0,105.0,396.0,1.970259
lcamap,1,7,33,25,3091.0,109.0,366.0,0.062380
segdup,1,8,33,25,451,17,26,70.575281
insider,1,8,33,25,419.0,15.0,44.0,0.193607
fastmultrec_greedy,1,8,33,25,419.0,15.0,44.0,0.344082
lcamap,1,8,33,25,451.0,17.0,26.0,0.023579
segdup,1,9,33,25,386,15,11,87.573507
insider,1,9,33,25,386.0,15.0,11.0,0.233931
fastmultrec_greedy,1,9,33,25,386.0,15.0,11.0,0.381146
lcamap,1,9,33,25,386.0,15.0,11.0,0.053975
segdup,1,10,33,25,50,2,0,41.035602
insider,1,10,33,25,50.0,2.0,0.0,0.041827
fastmultrec_greedy,1,10,33,25,50.0,2.0,0.0,0.142090
lcamap,1,10,33,25,50.0,2.0,0.0,0.023688
segdup,1,11,33,25,25,1,0,50.173044
insider,1,11,33,25,25.0,1.0,0.0,0.050614
fastmultrec_greedy,1,11,33,25,25.0,1.0,0.0,0.173554
lcamap,1,11,33,25,25.0,1.0,0.0,0.029066
segdup,2,7,34,25,6904,194,2054,356.386376
insider,2,7,34,25,6136.0,142.0,2586.0,6.448281
fastmultrec_greedy,2,7,34,25,6382.0,167.0,2207.0,24.454051
lcamap,2,7,34,25,6904.0,194.0,2054.0,0.112997
segdup,2,8,34,25,3326,117,401,167.144187
insider,2,8,34,25,2985.0,91.0,710.0,18.468291
fastmultrec_greedy,2,8,34,25,3263.0,115.0,388.0,2.114643
lcamap,2,8,34,25,3353.0,119.0,378.0,0.083713
segdup,2,9,34,25,953,37,28,107.464269
insider,2,9,34,25,872.0,29.0,147.0,12.873986
fastmultrec_greedy,2,9,34,25,953.0,37.0,28.0,0.393946
lcamap,2,9,34,25,953.0,37.0,28.0,0.066136
segdup,2,10,34,25,103,4,3,50.303367
insider,2,10,34,25,103.0,4.0,3.0,0.076447
fastmultrec_greedy,2,10,34,25,103.0,4.0,3.0,0.254254
lcamap,2,10,34,25,103.0,4.0,3.0,0.038052
segdup,2,11,34,25,50,2,0,41.958423
insider,2,11,34,25,50.0,2.0,0.0,0.058735
fastmultrec_greedy,2,11,34,25,50.0,2.0,0.0,0.204701
lcamap,2,11,34,25,50.0,2.0,0.0,0.032695
segdup,1,7,34,25,2624,92,324,86.515357
insider,1,7,34,25,2340.0,68.0,640.0,10.063836
fastmultrec_greedy,1,7,34,25,2528.0,86.0,378.0,1.367770
lcamap,1,7,34,25,2624.0,92.0,324.0,0.036515
segdup,1,8,34,25,647,25,22,63.948388
insider,1,8,34,25,647.0,25.0,22.0,7.862197
fastmultrec_greedy,1,8,34,25,647.0,25.0,22.0,0.177034
lcamap,1,8,34,25,647.0,25.0,22.0,0.027973
segdup,1,9,34,25,210,8,10,57.247413
insider,1,9,34,25,210.0,8.0,10.0,0.076941
fastmultrec_greedy,1,9,34,25,210.0,8.0,10.0,0.198607
lcamap,1,9,34,25,210.0,8.0,10.0,0.032260
segdup,1,10,34,25,53,2,3,69.699127
insider,1,10,34,25,53.0,2.0,3.0,0.076148
fastmultrec_greedy,1,10,34,25,53.0,2.0,3.0,0.298718
lcamap,1,10,34,25,53.0,2.0,3.0,0.046425
segdup,1,11,34,25,25,1,0,80.152409
insider,1,11,34,25,25.0,1.0,0.0,0.075981
fastmultrec_greedy,1,11,34,25,25.0,1.0,0.0,0.304920
lcamap,1,11,34,25,25.0,1.0,0.0,0.047755
segdup,2,7,35,25,2783,86,633,176.852747
insider,2,7,35,25,2561.0,70.0,811.0,1.371794
fastmultrec_greedy,2,7,35,25,2661.0,78.0,711.0,2.969154
lcamap,2,7,35,25,2783.0,86.0,633.0,0.058693
segdup,2,8,35,25,1364,52,64,173.085338
insider,2,8,35,25,1308.0,45.0,183.0,21.510431
fastmultrec_greedy,2,8,35,25,1364.0,52.0,64.0,0.655096
lcamap,2,8,35,25,1364.0,52.0,64.0,0.094930
segdup,2,9,35,25,649,25,24,75.120629
insider,2,9,35,25,620.0,23.0,45.0,3.256191
fastmultrec_greedy,2,9,35,25,649.0,25.0,24.0,0.357368
lcamap,2,9,35,25,649.0,25.0,24.0,0.059991
segdup,2,10,35,25,100,4,0,101.286031
insider,2,10,35,25,100.0,4.0,0.0,0.128642
fastmultrec_greedy,2,10,35,25,100.0,4.0,0.0,0.440912
lcamap,2,10,35,25,100.0,4.0,0.0,0.074566
segdup,2,11,35,25,50,2,0,61.199855
insider,2,11,35,25,50.0,2.0,0.0,0.085858
fastmultrec_greedy,2,11,35,25,50.0,2.0,0.0,0.300416
lcamap,2,11,35,25,50.0,2.0,0.0,0.048754
segdup,1,7,35,25,3217,112,417,119.943065
insider,1,7,35,25,2923.0,89.0,698.0,5.790375
fastmultrec_greedy,1,7,35,25,3146.0,109.0,421.0,2.187662
lcamap,1,7,35,25,3238.0,114.0,388.0,0.063405
segdup,1,8,35,25,879,33,54,37.753539
insider,1,8,35,25,847.0,29.0,122.0,4.470469
fastmultrec_greedy,1,8,35,25,879.0,33.0,54.0,0.120449
lcamap,1,8,35,25,879.0,33.0,54.0,0.020348
segdup,1,9,35,25,100,4,0,54.232508
insider,1,9,35,25,100.0,4.0,0.0,0.039497
fastmultrec_greedy,1,9,35,25,100.0,4.0,0.0,0.120925
lcamap,1,9,35,25,100.0,4.0,0.0,0.020482
segdup,1,10,35,25,355,14,5,91.311765
insider,1,10,35,25,355.0,14.0,5.0,0.274016
fastmultrec_greedy,1,10,35,25,355.0,14.0,5.0,0.318646
lcamap,1,10,35,25,355.0,14.0,5.0,0.055697
segdup,1,11,35,25,25,1,0,76.352417
insider,1,11,35,25,25.0,1.0,0.0,0.072169
fastmultrec_greedy,1,11,35,25,25.0,1.0,0.0,0.272781
lcamap,1,11,35,25,25.0,1.0,0.0,0.048954
segdup,2,7,36,25,2936,107,261,210.497984
insider,2,7,36,25,2703.0,87.0,528.0,13.154876
fastmultrec_greedy,2,7,36,25,2946.0,108.0,246.0,0.689778
lcamap,2,7,36,25,2946.0,108.0,246.0,0.108657
segdup,2,8,36,25,2749,98,299,206.329938
insider,2,8,36,25,2474.0,77.0,549.0,22.248532
fastmultrec_greedy,2,8,36,25,2693.0,96.0,293.0,1.960577
lcamap,2,8,36,25,2750.0,99.0,275.0,0.092244
segdup,2,9,36,25,129,5,4,70.878138
insider,2,9,36,25,129.0,5.0,4.0,0.120456
fastmultrec_greedy,2,9,36,25,129.0,5.0,4.0,0.405471
lcamap,2,9,36,25,129.0,5.0,4.0,0.062459
segdup,2,10,36,25,100,4,0,77.592702
insider,2,10,36,25,100.0,4.0,0.0,0.088974
fastmultrec_greedy,2,10,36,25,100.0,4.0,0.0,0.351302
lcamap,2,10,36,25,100.0,4.0,0.0,0.042188
segdup,1,7,36,25,9476,259,3001,356.308680
insider,1,7,36,25,8384.0,187.0,3709.0,5.790601
fastmultrec_greedy,1,7,36,25,8726.0,215.0,3351.0,31.163159
lcamap,1,7,36,25,9476.0,259.0,3001.0,0.112786
segdup,1,8,36,25,1366,51,91,75.843083
insider,1,8,36,25,1317.0,47.0,142.0,6.572998
fastmultrec_greedy,1,8,36,25,1350.0,50.0,100.0,0.449243
lcamap,1,8,36,25,1366.0,51.0,91.0,0.043425
segdup,1,9,36,25,103,4,3,51.077733
insider,1,9,36,25,103.0,4.0,3.0,0.052702
fastmultrec_greedy,1,9,36,25,103.0,4.0,3.0,0.156108
lcamap,1,9,36,25,103.0,4.0,3.0,0.027499
segdup,1,10,36,25,25,1,0,49.381933
insider,1,10,36,25,25.0,1.0,0.0,0.049313
fastmultrec_greedy,1,10,36,25,25.0,1.0,0.0,0.177215
lcamap,1,10,36,25,25.0,1.0,0.0,0.029200
segdup,1,11,36,25,25,1,0,75.771131
insider,1,11,36,25,25.0,1.0,0.0,0.076624
fastmultrec_greedy,1,11,36,25,25.0,1.0,0.0,0.301235
lcamap,1,11,36,25,25.0,1.0,0.0,0.047872
segdup,2,7,37,25,2862,100,362,196.546165
insider,2,7,37,25,2675.0,83.0,600.0,37.186327
fastmultrec_greedy,2,7,37,25,2832.0,99.0,357.0,1.587388
lcamap,2,7,37,25,2876.0,101.0,351.0,0.092807
segdup,2,8,37,25,1796,65,171,179.887794
insider,2,8,37,25,1653.0,53.0,328.0,25.188129
fastmultrec_greedy,2,8,37,25,1788.0,65.0,163.0,1.058514
lcamap,2,8,37,25,1808.0,66.0,158.0,0.087867
segdup,2,9,37,25,586,23,11,92.523299
insider,2,9,37,25,582.0,22.0,32.0,2.543404
fastmultrec_greedy,2,9,37,25,586.0,23.0,11.0,0.427891
lcamap,2,9,37,25,586.0,23.0,11.0,0.070678
segdup,2,10,37,25,76,3,1,46.949912
insider,2,10,37,25,76.0,3.0,1.0,0.054263
fastmultrec_greedy,2,10,37,25,76.0,3.0,1.0,0.178767
lcamap,2,10,37,25,76.0,3.0,1.0,0.030402
segdup,2,11,37,25,50,2,0,49.619857
insider,2,11,37,25,50.0,2.0,0.0,0.068150
fastmultrec_greedy,2,11,37,25,50.0,2.0,0.0,0.230526
lcamap,2,11,37,25,50.0,2.0,0.0,0.037685
segdup,1,7,37,25,2210,78,260,77.543334
insider,1,7,37,25,1925.0,55.0,550.0,6.500547
fastmultrec_greedy,1,7,37,25,2109.0,73.0,284.0,1.002217
lcamap,1,7,37,25,2210.0,78.0,260.0,0.031514
segdup,1,8,37,25,1034,39,59,68.016922
insider,1,8,37,25,1018.0,38.0,68.0,9.806829
fastmultrec_greedy,1,8,37,25,1053.0,40.0,53.0,0.193949
lcamap,1,8,37,25,1053.0,40.0,53.0,0.033996
segdup,1,9,37,25,209,8,9,61.244417
insider,1,9,37,25,209.0,8.0,9.0,0.095472
fastmultrec_greedy,1,9,37,25,209.0,8.0,9.0,0.436015
lcamap,1,9,37,25,231.0,9.0,6.0,0.037060
segdup,1,10,37,25,25,1,0,51.400511
insider,1,10,37,25,25.0,1.0,0.0,0.049496
fastmultrec_greedy,1,10,37,25,25.0,1.0,0.0,0.172479
lcamap,1,10,37,25,25.0,1.0,0.0,0.031110
segdup,1,11,37,25,25,1,0,47.991515
insider,1,11,37,25,25.0,1.0,0.0,0.050337
fastmultrec_greedy,1,11,37,25,25.0,1.0,0.0,0.176859
lcamap,1,11,37,25,25.0,1.0,0.0,0.031711
segdup,2,7,38,25,4610,139,1135,244.086967
insider,2,7,38,25,4074.0,102.0,1524.0,4.423524
fastmultrec_greedy,2,7,38,25,4295.0,123.0,1220.0,7.519634
lcamap,2,7,38,25,4610.0,139.0,1135.0,0.077953
segdup,2,8,38,25,1452,54,102,140.953444
insider,2,8,38,25,1345.0,44.0,245.0,35.756711
fastmultrec_greedy,2,8,38,25,1452.0,54.0,102.0,0.903068
lcamap,2,8,38,25,1474.0,55.0,99.0,0.080725
segdup,2,9,38,25,488,19,13,55.098142
insider,2,9,38,25,465.0,17.0,40.0,0.469953
fastmultrec_greedy,2,9,38,25,488.0,19.0,13.0,0.200493
lcamap,2,9,38,25,488.0,19.0,13.0,0.033391
segdup,2,10,38,25,101,4,1,86.755253
insider,2,10,38,25,101.0,4.0,1.0,0.120740
fastmultrec_greedy,2,10,38,25,101.0,4.0,1.0,0.417667
lcamap,2,10,38,25,101.0,4.0,1.0,0.068546
segdup,2,11,38,25,75,3,0,103.687286
insider,2,11,38,25,75.0,3.0,0.0,0.102172
fastmultrec_greedy,2,11,38,25,75.0,3.0,0.0,0.408503
lcamap,2,11,38,25,75.0,3.0,0.0,0.061715
segdup,1,7,38,25,5868,172,1568,151.750307
insider,1,7,38,25,5040.0,121.0,2015.0,1.795650
fastmultrec_greedy,1,7,38,25,5243.0,140.0,1743.0,8.772518
lcamap,1,7,38,25,5868.0,172.0,1568.0,0.047481
segdup,1,8,38,25,1203,45,78,81.626679
insider,1,8,38,25,1179.0,41.0,154.0,140.157197
fastmultrec_greedy,1,8,38,25,1222.0,46.0,72.0,0.301484
lcamap,1,8,38,25,1222.0,46.0,72.0,0.045892
segdup,1,9,38,25,184,7,9,48.003814
insider,1,9,38,25,184.0,7.0,9.0,0.071313
fastmultrec_greedy,1,9,38,25,184.0,7.0,9.0,0.172021
lcamap,1,9,38,25,184.0,7.0,9.0,0.026584
segdup,1,10,38,25,77,3,2,67.224746
insider,1,10,38,25,77.0,3.0,2.0,0.067764
fastmultrec_greedy,1,10,38,25,77.0,3.0,2.0,0.218052
lcamap,1,10,38,25,77.0,3.0,2.0,0.037558
segdup,1,11,38,25,25,1,0,83.927171
insider,1,11,38,25,25.0,1.0,0.0,0.079242
fastmultrec_greedy,1,11,38,25,25.0,1.0,0.0,0.297862
lcamap,1,11,38,25,25.0,1.0,0.0,0.049363
segdup,2,7,39,25,4031,119,1056,182.677904
insider,2,7,39,25,3598.0,89.0,1373.0,3.607042
fastmultrec_greedy,2,7,39,25,3774.0,107.0,1099.0,4.272138
lcamap,2,7,39,25,4031.0,119.0,1056.0,0.059582
segdup,2,8,39,25,477,18,27,96.298105
insider,2,8,39,25,453.0,16.0,53.0,1.388340
fastmultrec_greedy,2,8,39,25,477.0,18.0,27.0,0.273530
lcamap,2,8,39,25,477.0,18.0,27.0,0.046338
segdup,2,9,39,25,129,4,29,64.307553
insider,2,9,39,25,129.0,4.0,29.0,0.092805
fastmultrec_greedy,2,9,39,25,129.0,4.0,29.0,0.304493
lcamap,2,9,39,25,129.0,4.0,29.0,0.050180
segdup,2,10,39,25,51,2,1,63.071098
insider,2,10,39,25,51.0,2.0,1.0,0.086082
fastmultrec_greedy,2,10,39,25,51.0,2.0,1.0,0.287163
lcamap,2,10,39,25,51.0,2.0,1.0,0.051437
segdup,2,11,39,25,50,2,0,75.113200
insider,2,11,39,25,50.0,2.0,0.0,0.099351
fastmultrec_greedy,2,11,39,25,50.0,2.0,0.0,0.365803
lcamap,2,11,39,25,50.0,2.0,0.0,0.056721
segdup,1,7,39,25,1663,62,113,67.598572
insider,1,7,39,25,1630.0,57.0,205.0,1.485804
fastmultrec_greedy,1,7,39,25,1663.0,62.0,113.0,0.259690
lcamap,1,7,39,25,1663.0,62.0,113.0,0.038095
segdup,1,8,39,25,1701,63,126,82.122494
insider,1,8,39,25,-1,-1,-1,9999999999.000000
fastmultrec_greedy,1,8,39,25,1701.0,63.0,126.0,0.301661
lcamap,1,8,39,25,1701.0,63.0,126.0,0.043250
segdup,1,9,39,25,131,5,6,88.830333
insider,1,9,39,25,131.0,5.0,6.0,0.078893
fastmultrec_greedy,1,9,39,25,131.0,5.0,6.0,0.222825
lcamap,1,9,39,25,131.0,5.0,6.0,0.036747
segdup,1,10,39,25,51,2,1,77.623428
insider,1,10,39,25,51.0,2.0,1.0,0.072789
fastmultrec_greedy,1,10,39,25,51.0,2.0,1.0,0.281770
lcamap,1,10,39,25,51.0,2.0,1.0,0.046457
segdup,1,11,39,25,25,1,0,69.167225
insider,1,11,39,25,25.0,1.0,0.0,0.066817
fastmultrec_greedy,1,11,39,25,25.0,1.0,0.0,0.276907
lcamap,1,11,39,25,25.0,1.0,0.0,0.041348
segdup,2,7,40,25,6261,176,1861,290.399907
insider,2,7,40,25,5613.0,128.0,2413.0,7.321241
fastmultrec_greedy,2,7,40,25,5894.0,156.0,1994.0,10.043145
lcamap,2,7,40,25,6277.0,177.0,1852.0,0.096511
segdup,2,8,40,25,1110,42,60,242.775949
insider,2,8,40,25,967.0,32.0,167.0,123.024180
fastmultrec_greedy,2,8,40,25,1066.0,40.0,66.0,1.292916
lcamap,2,8,40,25,1110.0,42.0,60.0,0.074607
segdup,2,9,40,25,413,16,13,164.991646
insider,2,9,40,25,387.0,14.0,37.0,0.514734
fastmultrec_greedy,2,9,40,25,413.0,16.0,13.0,0.567665
lcamap,2,9,40,25,413.0,16.0,13.0,0.085889
segdup,2,10,40,25,100,4,0,71.777834
insider,2,10,40,25,100.0,4.0,0.0,0.106109
fastmultrec_greedy,2,10,40,25,100.0,4.0,0.0,0.359000
lcamap,2,10,40,25,100.0,4.0,0.0,0.051728
segdup,2,11,40,25,51,2,1,103.017955
insider,2,11,40,25,51.0,2.0,1.0,0.132762
fastmultrec_greedy,2,11,40,25,51.0,2.0,1.0,0.486793
lcamap,2,11,40,25,51.0,2.0,1.0,0.095506
segdup,1,7,40,25,6415,195,1540,172.190142
insider,1,7,40,25,5606.0,139.0,2131.0,5.152809
fastmultrec_greedy,1,7,40,25,5859.0,163.0,1784.0,13.875196
lcamap,1,7,40,25,6448.0,197.0,1523.0,0.066020
segdup,1,8,40,25,1226,47,51,87.093131
insider,1,8,40,25,1198.0,45.0,73.0,5.265055
fastmultrec_greedy,1,8,40,25,1226.0,47.0,51.0,0.422222
lcamap,1,8,40,25,1226.0,47.0,51.0,0.053727
segdup,1,9,40,25,207,8,7,73.943038
insider,1,9,40,25,207.0,8.0,7.0,0.090415
fastmultrec_greedy,1,9,40,25,207.0,8.0,7.0,0.277165
lcamap,1,9,40,25,207.0,8.0,7.0,0.051232
segdup,1,10,40,25,156,6,6,59.342256
insider,1,10,40,25,156.0,6.0,6.0,0.078148
fastmultrec_greedy,1,10,40,25,156.0,6.0,6.0,0.210385
lcamap,1,10,40,25,156.0,6.0,6.0,0.036480
segdup,1,11,40,25,25,1,0,70.685035
insider,1,11,40,25,25.0,1.0,0.0,0.066080
fastmultrec_greedy,1,11,40,25,25.0,1.0,0.0,0.252014
lcamap,1,11,40,25,25.0,1.0,0.0,0.041744
segdup,2,7,41,25,4275,109,1550,237.040446
insider,2,7,41,25,3822.0,82.0,1772.0,0.891003
fastmultrec_greedy,2,7,41,25,3923.0,90.0,1673.0,6.799853
lcamap,2,7,41,25,4297.0,110.0,1547.0,0.060858
segdup,2,8,41,25,1857,67,182,111.066588
insider,2,8,41,25,1712.0,53.0,387.0,25.873428
fastmultrec_greedy,2,8,41,25,1835.0,66.0,185.0,0.633175
lcamap,2,8,41,25,1857.0,67.0,182.0,0.055733
segdup,2,9,41,25,577,22,27,157.561382
insider,2,9,41,25,577.0,22.0,27.0,1.763176
fastmultrec_greedy,2,9,41,25,577.0,22.0,27.0,0.507572
lcamap,2,9,41,25,577.0,22.0,27.0,0.088943
segdup,2,10,41,25,50,2,0,32.439412
insider,2,10,41,25,50.0,2.0,0.0,0.050321
fastmultrec_greedy,2,10,41,25,50.0,2.0,0.0,0.148711
lcamap,2,10,41,25,50.0,2.0,0.0,0.028431
segdup,2,11,41,25,51,2,1,72.460545
insider,2,11,41,25,51.0,2.0,1.0,0.094969
fastmultrec_greedy,2,11,41,25,51.0,2.0,1.0,0.331952
lcamap,2,11,41,25,51.0,2.0,1.0,0.054623
segdup,1,7,41,25,4381,127,1206,111.236266
insider,1,7,41,25,3781.0,96.0,1381.0,2.046290
fastmultrec_greedy,1,7,41,25,4001.0,113.0,1176.0,5.365988
lcamap,1,7,41,25,4522.0,138.0,1072.0,0.032760
segdup,1,8,41,25,207,8,7,62.118215
insider,1,8,41,25,207.0,8.0,7.0,0.110024
fastmultrec_greedy,1,8,41,25,207.0,8.0,7.0,0.263934
lcamap,1,8,41,25,207.0,8.0,7.0,0.044876
segdup,1,9,41,25,523,20,23,77.782159
insider,1,9,41,25,523.0,20.0,23.0,7.837130
fastmultrec_greedy,1,9,41,25,523.0,20.0,23.0,0.297734
lcamap,1,9,41,25,523.0,20.0,23.0,0.044399
segdup,1,10,41,25,51,2,1,91.369008
insider,1,10,41,25,51.0,2.0,1.0,0.087386
fastmultrec_greedy,1,10,41,25,51.0,2.0,1.0,0.353688
lcamap,1,10,41,25,51.0,2.0,1.0,0.054349
segdup,1,11,41,25,25,1,0,68.560141
insider,1,11,41,25,25.0,1.0,0.0,0.065505
fastmultrec_greedy,1,11,41,25,25.0,1.0,0.0,0.229590
lcamap,1,11,41,25,25.0,1.0,0.0,0.044604
segdup,2,7,42,25,3125,94,775,163.580021
insider,2,7,42,25,2849.0,75.0,974.0,10.774997
fastmultrec_greedy,2,7,42,25,3013.0,88.0,813.0,2.061144
lcamap,2,7,42,25,3125.0,94.0,775.0,0.060474
segdup,2,8,42,25,1077,41,52,183.166031
insider,2,8,42,25,-1,-1,-1,9999999999.000000
fastmultrec_greedy,2,8,42,25,1077.0,41.0,52.0,0.575653
lcamap,2,8,42,25,1077.0,41.0,52.0,0.089503
segdup,2,9,42,25,430,16,30,72.558442
insider,2,9,42,25,414.0,15.0,39.0,3.683678
fastmultrec_greedy,2,9,42,25,430.0,16.0,30.0,0.341579
lcamap,2,9,42,25,430.0,16.0,30.0,0.050933
segdup,2,11,42,25,50,2,0,71.875255
insider,2,11,42,25,50.0,2.0,0.0,0.098915
fastmultrec_greedy,2,11,42,25,50.0,2.0,0.0,0.381528
lcamap,2,11,42,25,50.0,2.0,0.0,0.060861
segdup,1,7,42,25,3659,120,659,104.613339
insider,1,7,42,25,3378.0,98.0,928.0,5.024124
fastmultrec_greedy,1,7,42,25,3541.0,114.0,691.0,4.585139
lcamap,1,7,42,25,3817.0,128.0,617.0,0.046927
segdup,1,8,42,25,1223,46,73,123.275727
insider,1,8,42,25,-1,-1,-1,9999999999.000000
fastmultrec_greedy,1,8,42,25,1223.0,46.0,73.0,0.710784
lcamap,1,8,42,25,1247.0,47.0,72.0,0.062694
segdup,1,9,42,25,257,10,7,53.952734
insider,1,9,42,25,257.0,10.0,7.0,0.100486
fastmultrec_greedy,1,9,42,25,257.0,10.0,7.0,0.225776
lcamap,1,9,42,25,257.0,10.0,7.0,0.035352
segdup,1,10,42,25,25,1,0,53.673109
insider,1,10,42,25,25.0,1.0,0.0,0.058687
fastmultrec_greedy,1,10,42,25,25.0,1.0,0.0,0.205560
lcamap,1,10,42,25,25.0,1.0,0.0,0.031594
segdup,1,11,42,25,25,1,0,36.414571
insider,1,11,42,25,25.0,1.0,0.0,0.039113
fastmultrec_greedy,1,11,42,25,25.0,1.0,0.0,0.127876
lcamap,1,11,42,25,25.0,1.0,0.0,0.021943
segdup,2,7,43,25,2976,95,601,147.258580
insider,2,7,43,25,2630.0,71.0,855.0,3.895462
fastmultrec_greedy,2,7,43,25,2824.0,85.0,699.0,3.847768
lcamap,2,7,43,25,2976.0,95.0,601.0,0.050289
segdup,2,8,43,25,2875,96,475,169.605445
insider,2,8,43,25,2698.0,80.0,698.0,60.215595
fastmultrec_greedy,2,8,43,25,2830.0,93.0,505.0,1.639488
lcamap,2,8,43,25,2875.0,96.0,475.0,0.077827
segdup,2,9,43,25,284,11,9,127.712996
insider,2,9,43,25,284.0,11.0,9.0,0.261285
fastmultrec_greedy,2,9,43,25,284.0,11.0,9.0,0.573034
lcamap,2,9,43,25,284.0,11.0,9.0,0.082240
segdup,2,10,43,25,103,4,3,71.952432
insider,2,10,43,25,103.0,4.0,3.0,0.092497
fastmultrec_greedy,2,10,43,25,103.0,4.0,3.0,0.341947
lcamap,2,10,43,25,103.0,4.0,3.0,0.056542
segdup,2,11,43,25,75,3,0,94.617131
insider,2,11,43,25,75.0,3.0,0.0,0.122784
fastmultrec_greedy,2,11,43,25,75.0,3.0,0.0,0.449114
lcamap,2,11,43,25,75.0,3.0,0.0,0.068776
segdup,1,7,43,25,1618,59,143,62.321159
insider,1,7,43,25,1499.0,50.0,249.0,5.476119
fastmultrec_greedy,1,7,43,25,1618.0,59.0,143.0,0.299757
lcamap,1,7,43,25,1642.0,60.0,142.0,0.029631
segdup,1,8,43,25,2367,88,167,104.543274
insider,1,8,43,25,-1,-1,-1,9999999999.000000
fastmultrec_greedy,1,8,43,25,2364.0,88.0,164.0,0.926844
lcamap,1,8,43,25,2408.0,90.0,158.0,0.059078
segdup,1,9,43,25,179,7,4,39.461561
insider,1,9,43,25,179.0,7.0,4.0,0.045900
fastmultrec_greedy,1,9,43,25,179.0,7.0,4.0,0.092411
lcamap,1,9,43,25,179.0,7.0,4.0,0.018014
segdup,1,10,43,25,50,2,0,63.570463
insider,1,10,43,25,50.0,2.0,0.0,0.059802
fastmultrec_greedy,1,10,43,25,50.0,2.0,0.0,0.206838
lcamap,1,10,43,25,50.0,2.0,0.0,0.039161
segdup,1,11,43,25,26,1,1,45.579139
insider,1,11,43,25,26.0,1.0,1.0,0.044367
fastmultrec_greedy,1,11,43,25,26.0,1.0,1.0,0.161779
lcamap,1,11,43,25,26.0,1.0,1.0,0.025828
segdup,2,7,44,25,3054,99,579,122.594035
insider,2,7,44,25,2712.0,72.0,912.0,22.706260
fastmultrec_greedy,2,7,44,25,2875.0,90.0,625.0,3.277680
lcamap,2,7,44,25,3054.0,99.0,579.0,0.049533
segdup,2,8,44,25,1903,67,228,91.715970
insider,2,8,44,25,1776.0,57.0,351.0,15.337667
fastmultrec_greedy,2,8,44,25,1903.0,67.0,228.0,0.346077
lcamap,2,8,44,25,1903.0,67.0,228.0,0.059532
segdup,2,10,44,25,75,3,0,93.671992
insider,2,10,44,25,75.0,3.0,0.0,0.071947
fastmultrec_greedy,2,10,44,25,75.0,3.0,0.0,0.261154
lcamap,2,10,44,25,75.0,3.0,0.0,0.040726
segdup,2,11,44,25,51,2,1,47.869533
insider,2,11,44,25,51.0,2.0,1.0,0.071112
fastmultrec_greedy,2,11,44,25,51.0,2.0,1.0,0.216349
lcamap,2,11,44,25,51.0,2.0,1.0,0.033670
segdup,1,7,44,25,5695,163,1620,109.829757
insider,1,7,44,25,4854.0,111.0,2079.0,3.683664
fastmultrec_greedy,1,7,44,25,5119.0,133.0,1794.0,5.195988
lcamap,1,7,44,25,5711.0,164.0,1611.0,0.031058
segdup,1,8,44,25,863,33,38,102.380409
insider,1,8,44,25,845.0,30.0,95.0,35.322105
fastmultrec_greedy,1,8,44,25,863.0,33.0,38.0,0.718627
lcamap,1,8,44,25,907.0,35.0,32.0,0.044619
segdup,1,9,44,25,77,3,2,72.505715
insider,1,9,44,25,77.0,3.0,2.0,0.088278
fastmultrec_greedy,1,9,44,25,77.0,3.0,2.0,0.332102
lcamap,1,9,44,25,77.0,3.0,2.0,0.049240
segdup,1,10,44,25,53,2,3,80.473610
insider,1,10,44,25,53.0,2.0,3.0,0.083563
fastmultrec_greedy,1,10,44,25,53.0,2.0,3.0,0.322541
lcamap,1,10,44,25,53.0,2.0,3.0,0.051160
segdup,1,11,44,25,25,1,0,32.179095
insider,1,11,44,25,25.0,1.0,0.0,0.033777
fastmultrec_greedy,1,11,44,25,25.0,1.0,0.0,0.098511
lcamap,1,11,44,25,25.0,1.0,0.0,0.023593
segdup,2,7,45,25,3861,117,936,194.200258
insider,2,7,45,25,3417.0,87.0,1242.0,3.749754
fastmultrec_greedy,2,7,45,25,3598.0,102.0,1048.0,7.142198
lcamap,2,7,45,25,3861.0,117.0,936.0,0.069226
segdup,2,8,45,25,2917,101,392,201.750893
insider,2,8,45,25,2690.0,81.0,665.0,13.566364
fastmultrec_greedy,2,8,45,25,2894.0,101.0,369.0,0.891170
lcamap,2,8,45,25,2918.0,102.0,368.0,0.089125
segdup,2,9,45,25,517,20,17,79.818939
insider,2,9,45,25,498.0,19.0,23.0,1.532083
fastmultrec_greedy,2,9,45,25,536.0,21.0,11.0,0.385359
lcamap,2,9,45,25,536.0,21.0,11.0,0.052229
segdup,2,10,45,25,101,4,1,118.070162
insider,2,10,45,25,101.0,4.0,1.0,0.162872
fastmultrec_greedy,2,10,45,25,101.0,4.0,1.0,0.672851
lcamap,2,10,45,25,101.0,4.0,1.0,0.084894
segdup,2,11,45,25,75,3,0,92.834736
insider,2,11,45,25,75.0,3.0,0.0,0.133371
fastmultrec_greedy,2,11,45,25,75.0,3.0,0.0,0.449629
lcamap,2,11,45,25,75.0,3.0,0.0,0.083139
segdup,1,7,45,25,3883,135,508,137.932634
insider,1,7,45,25,3601.0,111.0,826.0,60.033605
fastmultrec_greedy,1,7,45,25,3838.0,132.0,538.0,2.230975
lcamap,1,7,45,25,3899.0,136.0,499.0,0.070301
segdup,1,8,45,25,1721,64,121,100.145894
insider,1,8,45,25,1557.0,47.0,382.0,16.900662
fastmultrec_greedy,1,8,45,25,1721.0,64.0,121.0,0.309909
lcamap,1,8,45,25,1721.0,64.0,121.0,0.046175
segdup,1,9,45,25,254,10,4,80.103608
insider,1,9,45,25,254.0,10.0,4.0,0.109421
fastmultrec_greedy,1,9,45,25,254.0,10.0,4.0,0.205083
lcamap,1,9,45,25,254.0,10.0,4.0,0.034307
segdup,1,10,45,25,77,3,2,65.157461
insider,1,10,45,25,77.0,3.0,2.0,0.070648
fastmultrec_greedy,1,10,45,25,77.0,3.0,2.0,0.234619
lcamap,1,10,45,25,77.0,3.0,2.0,0.037795
segdup,1,11,45,25,25,1,0,32.503494
insider,1,11,45,25,25.0,1.0,0.0,0.031470
fastmultrec_greedy,1,11,45,25,25.0,1.0,0.0,0.096880
lcamap,1,11,45,25,25.0,1.0,0.0,0.016614
segdup,2,7,46,25,3609,102,1059,148.165985
insider,2,7,46,25,3224.0,78.0,1274.0,2.705719
fastmultrec_greedy,2,7,46,25,3339.0,84.0,1239.0,5.237633
lcamap,2,7,46,25,3609.0,102.0,1059.0,0.044980
segdup,2,8,46,25,703,27,28,59.326506
insider,2,8,46,25,691.0,25.0,66.0,11.855607
fastmultrec_greedy,2,8,46,25,703.0,27.0,28.0,0.237621
lcamap,2,8,46,25,703.0,27.0,28.0,0.042257
segdup,2,10,46,25,76,3,1,100.558353
insider,2,10,46,25,76.0,3.0,1.0,0.128862
fastmultrec_greedy,2,10,46,25,76.0,3.0,1.0,0.450104
lcamap,2,10,46,25,76.0,3.0,1.0,0.071585
segdup,2,11,46,25,52,2,2,52.065978
insider,2,11,46,25,52.0,2.0,2.0,0.075098
fastmultrec_greedy,2,11,46,25,52.0,2.0,2.0,0.244907
lcamap,2,11,46,25,52.0,2.0,2.0,0.040545
segdup,1,7,46,25,7853,216,2453,217.968125
insider,1,7,46,25,6800.0,151.0,3025.0,3.800352
fastmultrec_greedy,1,7,46,25,7187.0,182.0,2637.0,11.463626
lcamap,1,7,46,25,7853.0,216.0,2453.0,0.064951
segdup,1,8,46,25,2659,95,284,99.550846
insider,1,8,46,25,2455.0,77.0,530.0,7.313900
fastmultrec_greedy,1,8,46,25,2601.0,92.0,301.0,1.470040
lcamap,1,8,46,25,2674.0,96.0,274.0,0.050077
segdup,1,9,46,25,359,14,9,44.367181
insider,1,9,46,25,359.0,14.0,9.0,0.609839
fastmultrec_greedy,1,9,46,25,359.0,14.0,9.0,0.159192
lcamap,1,9,46,25,359.0,14.0,9.0,0.024974
segdup,1,10,46,25,27,1,2,44.296813
insider,1,10,46,25,27.0,1.0,2.0,0.046724
fastmultrec_greedy,1,10,46,25,27.0,1.0,2.0,0.194888
lcamap,1,10,46,25,27.0,1.0,2.0,0.028870
segdup,1,11,46,25,25,1,0,47.411696
insider,1,11,46,25,25.0,1.0,0.0,0.044601
fastmultrec_greedy,1,11,46,25,25.0,1.0,0.0,0.156465
lcamap,1,11,46,25,25.0,1.0,0.0,0.026368
segdup,2,8,47,25,1786,66,136,199.682163
insider,2,8,47,25,1610.0,51.0,335.0,137.869848
fastmultrec_greedy,2,8,47,25,1769.0,64.0,169.0,1.768573
lcamap,2,8,47,25,1786.0,66.0,136.0,0.098980
segdup,2,9,47,25,261,10,11,130.532169
insider,2,9,47,25,261.0,10.0,11.0,0.156106
fastmultrec_greedy,2,9,47,25,261.0,10.0,11.0,0.365654
lcamap,2,9,47,25,261.0,10.0,11.0,0.047596
segdup,2,10,47,25,106,4,6,151.856535
insider,2,10,47,25,106.0,4.0,6.0,0.162342
fastmultrec_greedy,2,10,47,25,106.0,4.0,6.0,0.565326
lcamap,2,10,47,25,106.0,4.0,6.0,0.094706
segdup,1,7,47,25,3444,116,544,86.894346
insider,1,7,47,25,3103.0,88.0,903.0,2.611686
fastmultrec_greedy,1,7,47,25,3384.0,113.0,559.0,1.418901
lcamap,1,7,47,25,3488.0,119.0,513.0,0.038303
segdup,1,8,47,25,898,34,48,42.024750
insider,1,8,47,25,836.0,27.0,161.0,56.250299
fastmultrec_greedy,1,8,47,25,879.0,33.0,54.0,0.207022
lcamap,1,8,47,25,898.0,34.0,48.0,0.020825
segdup,1,9,47,25,178,7,3,94.976358
insider,1,9,47,25,171.0,6.0,21.0,0.092651
fastmultrec_greedy,1,9,47,25,178.0,7.0,3.0,0.316194
lcamap,1,9,47,25,178.0,7.0,3.0,0.051990
segdup,1,10,47,25,75,3,0,50.017624
insider,1,10,47,25,75.0,3.0,0.0,0.055291
fastmultrec_greedy,1,10,47,25,75.0,3.0,0.0,0.191292
lcamap,1,10,47,25,75.0,3.0,0.0,0.029879
segdup,1,11,47,25,25,1,0,48.977560
insider,1,11,47,25,25.0,1.0,0.0,0.049631
fastmultrec_greedy,1,11,47,25,25.0,1.0,0.0,0.170008
lcamap,1,11,47,25,25.0,1.0,0.0,0.031177
segdup,2,7,48,25,10483,231,4708,481.504468
insider,2,7,48,25,9282.0,158.0,5332.0,4.942705
fastmultrec_greedy,2,7,48,25,9591.0,182.0,5041.0,31.350229
lcamap,2,7,48,25,10483.0,231.0,4708.0,0.105700
segdup,2,8,48,25,2728,95,353,150.759550
insider,2,8,48,25,2521.0,76.0,621.0,101.058136
fastmultrec_greedy,2,8,48,25,2684.0,93.0,359.0,1.370777
lcamap,2,8,48,25,2728.0,95.0,353.0,0.076964
segdup,2,9,48,25,451,17,26,138.529278
insider,2,9,48,25,451.0,17.0,26.0,0.565732
fastmultrec_greedy,2,9,48,25,451.0,17.0,26.0,0.616642
lcamap,2,9,48,25,451.0,17.0,26.0,0.079762
segdup,2,10,48,25,101,4,1,97.252819
insider,2,10,48,25,101.0,4.0,1.0,0.138028
fastmultrec_greedy,2,10,48,25,101.0,4.0,1.0,0.477374
lcamap,2,10,48,25,101.0,4.0,1.0,0.078019
segdup,2,11,48,25,50,2,0,147.073474
insider,2,11,48,25,50.0,2.0,0.0,0.133098
fastmultrec_greedy,2,11,48,25,50.0,2.0,0.0,0.581466
lcamap,2,11,48,25,50.0,2.0,0.0,0.077409
segdup,1,7,48,25,6678,198,1728,134.529523
insider,1,7,48,25,5777.0,137.0,2352.0,14.282800
fastmultrec_greedy,1,7,48,25,6077.0,167.0,1902.0,7.288675
lcamap,1,7,48,25,6678.0,198.0,1728.0,0.046166
segdup,1,8,48,25,415,16,15,56.734555
insider,1,8,48,25,385.0,13.0,60.0,0.569105
fastmultrec_greedy,1,8,48,25,393.0,15.0,18.0,0.268218
lcamap,1,8,48,25,415.0,16.0,15.0,0.022531
segdup,1,9,48,25,152,6,2,63.001701
insider,1,9,48,25,152.0,6.0,2.0,0.084860
fastmultrec_greedy,1,9,48,25,152.0,6.0,2.0,0.316924
lcamap,1,9,48,25,152.0,6.0,2.0,0.046848
segdup,1,10,48,25,76,3,1,62.507520
insider,1,10,48,25,76.0,3.0,1.0,0.073290
fastmultrec_greedy,1,10,48,25,76.0,3.0,1.0,0.236325
lcamap,1,10,48,25,76.0,3.0,1.0,0.043362
segdup,1,11,48,25,25,1,0,33.095331
insider,1,11,48,25,25.0,1.0,0.0,0.033183
fastmultrec_greedy,1,11,48,25,25.0,1.0,0.0,0.122170
lcamap,1,11,48,25,25.0,1.0,0.0,0.018761
segdup,2,7,49,25,10673,275,3798,415.031575
insider,2,7,49,25,9395.0,192.0,4595.0,12.003539
fastmultrec_greedy,2,7,49,25,9811.0,225.0,4186.0,39.161178
lcamap,2,7,49,25,10673.0,275.0,3798.0,0.120670
segdup,2,8,49,25,2025,74,175,140.270582
insider,2,8,49,25,-1,-1,-1,9999999999.000000
fastmultrec_greedy,2,8,49,25,1964.0,69.0,239.0,2.262334
lcamap,2,8,49,25,2025.0,74.0,175.0,0.072194
segdup,2,9,49,25,206,8,6,51.163538
insider,2,9,49,25,206.0,8.0,6.0,0.103206
fastmultrec_greedy,2,9,49,25,206.0,8.0,6.0,0.243493
lcamap,2,9,49,25,206.0,8.0,6.0,0.038083
segdup,2,10,49,25,50,2,0,73.628561
insider,2,10,49,25,50.0,2.0,0.0,0.106499
fastmultrec_greedy,2,10,49,25,50.0,2.0,0.0,0.370877
lcamap,2,10,49,25,50.0,2.0,0.0,0.057922
segdup,1,7,49,25,5573,182,1023,144.002190
insider,1,7,49,25,4886.0,134.0,1536.0,3.650495
fastmultrec_greedy,1,7,49,25,5207.0,162.0,1157.0,7.981881
lcamap,1,7,49,25,5584.0,183.0,1009.0,0.066107
segdup,1,8,49,25,2151,80,151,87.387431
insider,1,8,49,25,1990.0,68.0,290.0,5.665304
fastmultrec_greedy,1,8,49,25,2151.0,80.0,151.0,0.315614
lcamap,1,8,49,25,2151.0,80.0,151.0,0.056309
segdup,1,9,49,25,127,5,2,38.165696
insider,1,9,49,25,127.0,5.0,2.0,0.051943
fastmultrec_greedy,1,9,49,25,127.0,5.0,2.0,0.131368
lcamap,1,9,49,25,127.0,5.0,2.0,0.020348
segdup,1,10,49,25,26,1,1,63.963211
insider,1,10,49,25,26.0,1.0,1.0,0.067088
fastmultrec_greedy,1,10,49,25,26.0,1.0,1.0,0.290930
lcamap,1,10,49,25,26.0,1.0,1.0,0.040987
segdup,1,11,49,25,25,1,0,41.262641
insider,1,11,49,25,25.0,1.0,0.0,0.049012
fastmultrec_greedy,1,11,49,25,25.0,1.0,0.0,0.148480
lcamap,1,11,49,25,25.0,1.0,0.0,0.024852
segdup,2,7,50,25,8207,219,2732,746.081505
insider,2,7,50,25,7360.0,159.0,3385.0,9.596387
fastmultrec_greedy,2,7,50,25,7712.0,191.0,2937.0,46.672617
lcamap,2,7,50,25,8207.0,219.0,2732.0,0.206993
segdup,2,8,50,25,1074,41,49,131.551614
insider,2,8,50,25,1041.0,38.0,91.0,18.201977
fastmultrec_greedy,2,8,50,25,1074.0,41.0,49.0,0.641170
lcamap,2,8,50,25,1074.0,41.0,49.0,0.096700
segdup,2,9,50,25,484,19,9,93.353437
insider,2,9,50,25,484.0,19.0,9.0,1.757057
fastmultrec_greedy,2,9,50,25,484.0,19.0,9.0,0.424681
lcamap,2,9,50,25,484.0,19.0,9.0,0.072786
segdup,2,11,50,25,50,2,0,94.870523
insider,2,11,50,25,50.0,2.0,0.0,0.124696
fastmultrec_greedy,2,11,50,25,50.0,2.0,0.0,0.475576
lcamap,2,11,50,25,50.0,2.0,0.0,0.074093
segdup,1,7,50,25,3539,120,539,115.689037
insider,1,7,50,25,3182.0,92.0,882.0,7.813718
fastmultrec_greedy,1,7,50,25,3346.0,109.0,621.0,4.123167
lcamap,1,7,50,25,3561.0,121.0,536.0,0.052338
segdup,1,8,50,25,1270,47,95,39.273501
insider,1,8,50,25,1164.0,34.0,314.0,36.902338
fastmultrec_greedy,1,8,50,25,1257.0,46.0,107.0,0.184905
lcamap,1,8,50,25,1270.0,47.0,95.0,0.018688
segdup,1,9,50,25,309,12,9,32.691673
insider,1,9,50,25,309.0,12.0,9.0,0.509696
fastmultrec_greedy,1,9,50,25,309.0,12.0,9.0,0.125553
lcamap,1,9,50,25,309.0,12.0,9.0,0.018374
segdup,1,10,50,25,50,2,0,80.326889
insider,1,10,50,25,50.0,2.0,0.0,0.082866
fastmultrec_greedy,1,10,50,25,50.0,2.0,0.0,0.316332
lcamap,1,10,50,25,50.0,2.0,0.0,0.050215
segdup,1,11,50,25,25,1,0,54.692054
insider,1,11,50,25,25.0,1.0,0.0,0.055693
fastmultrec_greedy,1,11,50,25,25.0,1.0,0.0,0.226475
lcamap,1,11,50,25,25.0,1.0,0.0,0.034902
segdup,2,8,51,25,3140,108,440,167.304343
insider,2,8,51,25,2973.0,91.0,698.0,29.511364
fastmultrec_greedy,2,8,51,25,3119.0,108.0,419.0,0.987859
lcamap,2,8,51,25,3141.0,109.0,416.0,0.087963
segdup,2,10,51,25,102,4,2,122.201841
insider,2,10,51,25,102.0,4.0,2.0,0.152142
fastmultrec_greedy,2,10,51,25,102.0,4.0,2.0,0.548883
lcamap,2,10,51,25,102.0,4.0,2.0,0.086213
segdup,2,11,51,25,50,2,0,53.005154
insider,2,11,51,25,50.0,2.0,0.0,0.074116
fastmultrec_greedy,2,11,51,25,50.0,2.0,0.0,0.275937
lcamap,2,11,51,25,50.0,2.0,0.0,0.044023
segdup,1,7,51,25,3025,101,500,134.098339
insider,1,7,51,25,2767.0,81.0,742.0,10.095812
fastmultrec_greedy,1,7,51,25,2886.0,93.0,561.0,5.936022
lcamap,1,7,51,25,3042.0,103.0,467.0,0.055813
segdup,1,8,51,25,524,20,24,88.395868
insider,1,8,51,25,508.0,19.0,33.0,1.463583
fastmultrec_greedy,1,8,51,25,524.0,20.0,24.0,0.234479
lcamap,1,8,51,25,524.0,20.0,24.0,0.038052
segdup,1,9,51,25,127,5,2,34.581354
insider,1,9,51,25,127.0,5.0,2.0,0.052379
fastmultrec_greedy,1,9,51,25,127.0,5.0,2.0,0.120172
lcamap,1,9,51,25,127.0,5.0,2.0,0.018800
segdup,1,10,51,25,26,1,1,32.904544
insider,1,10,51,25,26.0,1.0,1.0,0.035466
fastmultrec_greedy,1,10,51,25,26.0,1.0,1.0,0.127249
lcamap,1,10,51,25,26.0,1.0,1.0,0.018087
segdup,1,11,51,25,25,1,0,57.512897
insider,1,11,51,25,25.0,1.0,0.0,0.056411
fastmultrec_greedy,1,11,51,25,25.0,1.0,0.0,0.223271
lcamap,1,11,51,25,25.0,1.0,0.0,0.033719
segdup,2,7,52,25,5357,133,2032,179.827617
insider,2,7,52,25,4789.0,97.0,2364.0,1.475676
fastmultrec_greedy,2,7,52,25,4956.0,113.0,2131.0,6.387597
lcamap,2,7,52,25,5368.0,134.0,2018.0,0.042630
segdup,2,9,52,25,438,17,13,78.458009
insider,2,9,52,25,438.0,17.0,13.0,0.637577
fastmultrec_greedy,2,9,52,25,438.0,17.0,13.0,0.262961
lcamap,2,9,52,25,438.0,17.0,13.0,0.039043
segdup,2,10,52,25,101,4,1,102.110046
insider,2,10,52,25,101.0,4.0,1.0,0.141630
fastmultrec_greedy,2,10,52,25,101.0,4.0,1.0,0.522335
lcamap,2,10,52,25,101.0,4.0,1.0,0.081599
segdup,2,11,52,25,50,2,0,78.523600
insider,2,11,52,25,50.0,2.0,0.0,0.083458
fastmultrec_greedy,2,11,52,25,50.0,2.0,0.0,0.319454
lcamap,2,11,52,25,50.0,2.0,0.0,0.048012
segdup,1,7,52,25,4006,139,531,169.398025
insider,1,7,52,25,3550.0,98.0,1100.0,22.617270
fastmultrec_greedy,1,7,52,25,3858.0,129.0,633.0,4.969627
lcamap,1,7,52,25,4006.0,139.0,531.0,0.075942
segdup,1,8,52,25,2370,87,195,124.041240
insider,1,8,52,25,2208.0,72.0,408.0,27.309072
fastmultrec_greedy,1,8,52,25,2351.0,86.0,201.0,0.713237
lcamap,1,8,52,25,2370.0,87.0,195.0,0.067212
segdup,1,9,52,25,260,10,10,65.819251
insider,1,9,52,25,260.0,10.0,10.0,0.097121
fastmultrec_greedy,1,9,52,25,260.0,10.0,10.0,0.233245
lcamap,1,9,52,25,260.0,10.0,10.0,0.037561
segdup,1,10,52,25,25,1,0,36.929497
insider,1,10,52,25,25.0,1.0,0.0,0.040311
fastmultrec_greedy,1,10,52,25,25.0,1.0,0.0,0.105365
lcamap,1,10,52,25,25.0,1.0,0.0,0.019176
segdup,1,11,52,25,25,1,0,71.068008
insider,1,11,52,25,25.0,1.0,0.0,0.066770
fastmultrec_greedy,1,11,52,25,25.0,1.0,0.0,0.249849
lcamap,1,11,52,25,25.0,1.0,0.0,0.041527
segdup,2,7,53,25,8760,199,3785,378.364792
insider,2,7,53,25,7734.0,139.0,4259.0,3.605787
fastmultrec_greedy,2,7,53,25,8010.0,162.0,3960.0,20.390912
lcamap,2,7,53,25,8772.0,200.0,3772.0,0.088272
segdup,2,8,53,25,2643,90,393,131.754236
insider,2,8,53,25,2509.0,76.0,609.0,3.569337
fastmultrec_greedy,2,8,53,25,2643.0,90.0,393.0,0.373383
lcamap,2,8,53,25,2643.0,90.0,393.0,0.061167
segdup,2,10,53,25,310,12,10,123.768373
insider,2,10,53,25,310.0,12.0,10.0,0.284132
fastmultrec_greedy,2,10,53,25,310.0,12.0,10.0,0.758869
lcamap,2,10,53,25,310.0,12.0,10.0,0.097652
segdup,2,11,53,25,50,2,0,91.236941
insider,2,11,53,25,50.0,2.0,0.0,0.095803
fastmultrec_greedy,2,11,53,25,50.0,2.0,0.0,0.377305
lcamap,2,11,53,25,50.0,2.0,0.0,0.055253
segdup,1,7,53,25,5283,170,1033,137.152081
insider,1,7,53,25,4720.0,128.0,1520.0,9.269889
fastmultrec_greedy,1,7,53,25,5056.0,157.0,1131.0,4.584444
lcamap,1,7,53,25,5283.0,170.0,1033.0,0.055095
segdup,1,8,53,25,2515,93,190,99.004438
insider,1,8,53,25,2229.0,69.0,504.0,41.383601
fastmultrec_greedy,1,8,53,25,2388.0,87.0,213.0,2.209515
lcamap,1,8,53,25,2535.0,94.0,185.0,0.051201
segdup,1,9,53,25,339,13,14,57.021889
insider,1,9,53,25,339.0,13.0,14.0,0.129033
fastmultrec_greedy,1,9,53,25,339.0,13.0,14.0,0.274112
lcamap,1,9,53,25,339.0,13.0,14.0,0.036684
segdup,1,10,53,25,51,2,1,58.106750
insider,1,10,53,25,51.0,2.0,1.0,0.057034
fastmultrec_greedy,1,10,53,25,51.0,2.0,1.0,0.197702
lcamap,1,10,53,25,51.0,2.0,1.0,0.034516
segdup,1,11,53,25,25,1,0,60.596088
insider,1,11,53,25,25.0,1.0,0.0,0.061359
fastmultrec_greedy,1,11,53,25,25.0,1.0,0.0,0.219231
lcamap,1,11,53,25,25.0,1.0,0.0,0.037169
segdup,2,7,54,25,6727,165,2602,338.254115
insider,2,7,54,25,6004.0,119.0,3029.0,1.831471
fastmultrec_greedy,2,7,54,25,6211.0,138.0,2761.0,14.704640
lcamap,2,7,54,25,6727.0,165.0,2602.0,0.086928
segdup,2,8,54,25,1040,40,40,159.211510
insider,2,8,54,25,1017.0,38.0,67.0,18.497825
fastmultrec_greedy,2,8,54,25,1040.0,40.0,40.0,0.643815
lcamap,2,8,54,25,1040.0,40.0,40.0,0.095056
segdup,2,9,54,25,386,15,11,241.418192
insider,2,9,54,25,370.0,14.0,20.0,0.275682
fastmultrec_greedy,2,9,54,25,386.0,15.0,11.0,0.704960
lcamap,2,9,54,25,386.0,15.0,11.0,0.106313
segdup,2,10,54,25,78,3,3,103.648000
insider,2,10,54,25,78.0,3.0,3.0,0.130936
fastmultrec_greedy,2,10,54,25,78.0,3.0,3.0,0.518599
lcamap,2,10,54,25,78.0,3.0,3.0,0.077343
segdup,2,11,54,25,76,3,1,120.947065
insider,2,11,54,25,76.0,3.0,1.0,0.159511
fastmultrec_greedy,2,11,54,25,76.0,3.0,1.0,0.637340
lcamap,2,11,54,25,76.0,3.0,1.0,0.094392
segdup,1,7,54,25,1444,52,144,48.671795
insider,1,7,54,25,1381.0,46.0,231.0,0.828152
fastmultrec_greedy,1,7,54,25,1434.0,51.0,159.0,0.360885
lcamap,1,7,54,25,1466.0,53.0,141.0,0.024255
segdup,1,8,54,25,376,14,26,81.332099
insider,1,8,54,25,376.0,14.0,26.0,0.099591
fastmultrec_greedy,1,8,54,25,376.0,14.0,26.0,0.219628
lcamap,1,8,54,25,376.0,14.0,26.0,0.035739
segdup,1,9,54,25,280,11,5,57.601912
insider,1,9,54,25,280.0,11.0,5.0,0.145761
fastmultrec_greedy,1,9,54,25,280.0,11.0,5.0,0.202925
lcamap,1,9,54,25,280.0,11.0,5.0,0.035184
segdup,1,10,54,25,28,1,3,43.306639
insider,1,10,54,25,28.0,1.0,3.0,0.047023
fastmultrec_greedy,1,10,54,25,28.0,1.0,3.0,0.175290
lcamap,1,10,54,25,28.0,1.0,3.0,0.025626
segdup,1,11,54,25,25,1,0,70.871489
insider,1,11,54,25,25.0,1.0,0.0,0.068901
fastmultrec_greedy,1,11,54,25,25.0,1.0,0.0,0.242725
lcamap,1,11,54,25,25.0,1.0,0.0,0.043462
segdup,2,7,55,25,2554,91,279,160.644631
insider,2,7,55,25,2327.0,72.0,527.0,20.732159
fastmultrec_greedy,2,7,55,25,2544.0,91.0,269.0,0.851310
lcamap,2,7,55,25,2568.0,92.0,268.0,0.082647
segdup,2,8,55,25,1823,68,123,156.489647
insider,2,8,55,25,1608.0,49.0,383.0,148.385300
fastmultrec_greedy,2,8,55,25,1823.0,68.0,123.0,0.460721
lcamap,2,8,55,25,1823.0,68.0,123.0,0.075221
segdup,2,10,55,25,51,2,1,120.564411
insider,2,10,55,25,51.0,2.0,1.0,0.145812
fastmultrec_greedy,2,10,55,25,51.0,2.0,1.0,0.590497
lcamap,2,10,55,25,51.0,2.0,1.0,0.087526
segdup,2,11,55,25,50,2,0,90.072122
insider,2,11,55,25,50.0,2.0,0.0,0.112666
fastmultrec_greedy,2,11,55,25,50.0,2.0,0.0,0.447203
lcamap,2,11,55,25,50.0,2.0,0.0,0.069532
segdup,1,7,55,25,9610,258,3160,307.888887
insider,1,7,55,25,8262.0,177.0,3837.0,2.940130
fastmultrec_greedy,1,7,55,25,8742.0,211.0,3467.0,25.563877
lcamap,1,7,55,25,9610.0,258.0,3160.0,0.094249
segdup,1,8,55,25,228,9,3,46.677547
insider,1,8,55,25,228.0,9.0,3.0,0.151062
fastmultrec_greedy,1,8,55,25,228.0,9.0,3.0,0.201551
lcamap,1,8,55,25,228.0,9.0,3.0,0.027942
segdup,1,9,55,25,340,13,15,44.656629
insider,1,9,55,25,340.0,13.0,15.0,0.244828
fastmultrec_greedy,1,9,55,25,340.0,13.0,15.0,0.144774
lcamap,1,9,55,25,340.0,13.0,15.0,0.023584
segdup,1,10,55,25,50,2,0,41.918538
insider,1,10,55,25,50.0,2.0,0.0,0.043458
fastmultrec_greedy,1,10,55,25,50.0,2.0,0.0,0.143742
lcamap,1,10,55,25,50.0,2.0,0.0,0.022934
segdup,1,11,55,25,25,1,0,83.077477
insider,1,11,55,25,25.0,1.0,0.0,0.089130
fastmultrec_greedy,1,11,55,25,25.0,1.0,0.0,0.382422
lcamap,1,11,55,25,25.0,1.0,0.0,0.055984
segdup,2,7,56,25,5430,159,1455,297.173665
insider,2,7,56,25,4923.0,123.0,1848.0,6.740962
fastmultrec_greedy,2,7,56,25,5158.0,143.0,1583.0,11.744213
lcamap,2,7,56,25,5430.0,159.0,1455.0,0.098345
segdup,2,8,56,25,630,24,30,86.650996
insider,2,8,56,25,630.0,24.0,30.0,1.197880
fastmultrec_greedy,2,8,56,25,630.0,24.0,30.0,0.421961
lcamap,2,8,56,25,630.0,24.0,30.0,0.066003
segdup,2,9,56,25,447,17,22,60.076423
insider,2,9,56,25,447.0,17.0,22.0,1.228555
fastmultrec_greedy,2,9,56,25,466.0,18.0,16.0,0.302098
lcamap,2,9,56,25,466.0,18.0,16.0,0.040611
segdup,2,10,56,25,51,2,1,118.465473
insider,2,10,56,25,51.0,2.0,1.0,0.138964
fastmultrec_greedy,2,10,56,25,51.0,2.0,1.0,0.529723
lcamap,2,10,56,25,51.0,2.0,1.0,0.091150
segdup,2,11,56,25,94768,21,94243,465.195961
insider,2,11,56,25,94768.0,21.0,94243.0,0.244708
fastmultrec_greedy,2,11,56,25,94768.0,21.0,94243.0,0.513455
lcamap,2,11,56,25,94768.0,21.0,94243.0,0.108654
segdup,1,7,56,25,7909,234,2059,234.415590
insider,1,7,56,25,6839.0,163.0,2764.0,7.125094
fastmultrec_greedy,1,7,56,25,7194.0,195.0,2319.0,21.999948
lcamap,1,7,56,25,7909.0,234.0,2059.0,0.089713
segdup,1,8,56,25,1777,66,127,69.583649
insider,1,8,56,25,1581.0,50.0,331.0,242.197454
fastmultrec_greedy,1,8,56,25,1738.0,63.0,163.0,0.629208
lcamap,1,8,56,25,1777.0,66.0,127.0,0.032357
segdup,1,9,56,25,309,12,9,83.583569
insider,1,9,56,25,309.0,12.0,9.0,0.116836
fastmultrec_greedy,1,9,56,25,309.0,12.0,9.0,0.355567
lcamap,1,9,56,25,309.0,12.0,9.0,0.050286
segdup,1,10,56,25,50,2,0,42.366918
insider,1,10,56,25,50.0,2.0,0.0,0.047735
fastmultrec_greedy,1,10,56,25,50.0,2.0,0.0,0.183236
lcamap,1,10,56,25,50.0,2.0,0.0,0.027233
segdup,1,11,56,25,25,1,0,65.269275
insider,1,11,56,25,25.0,1.0,0.0,0.065587
fastmultrec_greedy,1,11,56,25,25.0,1.0,0.0,0.237049
lcamap,1,11,56,25,25.0,1.0,0.0,0.038269
segdup,2,7,57,25,7021,181,2496,238.475639
insider,2,7,57,25,6121.0,124.0,3021.0,5.739677
fastmultrec_greedy,2,7,57,25,6463.0,152.0,2663.0,10.168704
lcamap,2,7,57,25,7021.0,181.0,2496.0,0.060221
segdup,2,8,57,25,1457,55,82,96.332960
insider,2,8,57,25,1370.0,47.0,195.0,17.109778
fastmultrec_greedy,2,8,57,25,1457.0,55.0,82.0,0.383292
lcamap,2,8,57,25,1457.0,55.0,82.0,0.060023
segdup,2,9,57,25,514,20,14,181.641719
insider,2,9,57,25,514.0,20.0,14.0,0.827163
fastmultrec_greedy,2,9,57,25,514.0,20.0,14.0,0.695934
lcamap,2,9,57,25,514.0,20.0,14.0,0.094823
segdup,1,7,57,25,2873,96,473,89.318967
insider,1,7,57,25,2659.0,79.0,684.0,4.632630
fastmultrec_greedy,1,7,57,25,2800.0,91.0,525.0,1.293308
lcamap,1,7,57,25,2873.0,96.0,473.0,0.040274
segdup,1,8,57,25,3300,116,400,98.172442
insider,1,8,57,25,3003.0,91.0,728.0,4.755809
fastmultrec_greedy,1,8,57,25,3254.0,113.0,429.0,1.027863
lcamap,1,8,57,25,3300.0,116.0,400.0,0.049301
segdup,1,9,57,25,436,17,11,58.831986
insider,1,9,57,25,436.0,17.0,11.0,1.128081
fastmultrec_greedy,1,9,57,25,436.0,17.0,11.0,0.213777
lcamap,1,9,57,25,436.0,17.0,11.0,0.032969
segdup,1,10,57,25,100,4,0,79.717457
insider,1,10,57,25,100.0,4.0,0.0,0.058502
fastmultrec_greedy,1,10,57,25,100.0,4.0,0.0,0.192875
lcamap,1,10,57,25,100.0,4.0,0.0,0.034088
segdup,1,11,57,25,25,1,0,71.059341
insider,1,11,57,25,25.0,1.0,0.0,0.066439
fastmultrec_greedy,1,11,57,25,25.0,1.0,0.0,0.258194
lcamap,1,11,57,25,25.0,1.0,0.0,0.046465
segdup,2,7,58,25,10825,214,5475,524.030952
insider,2,7,58,25,9760.0,149.0,6035.0,2.458897
fastmultrec_greedy,2,7,58,25,10016.0,171.0,5741.0,26.109274
lcamap,2,7,58,25,10825.0,214.0,5475.0,0.104664
segdup,2,8,58,25,1304,47,129,64.032478
insider,2,8,58,25,1188.0,40.0,188.0,5.632599
fastmultrec_greedy,2,8,58,25,1263.0,45.0,138.0,0.448718
lcamap,2,8,58,25,1304.0,47.0,129.0,0.032276
segdup,2,9,58,25,384,15,9,101.606548
insider,2,9,58,25,384.0,15.0,9.0,0.361864
fastmultrec_greedy,2,9,58,25,384.0,15.0,9.0,0.515046
lcamap,2,9,58,25,384.0,15.0,9.0,0.074979
segdup,2,10,58,25,50,2,0,74.936834
insider,2,10,58,25,50.0,2.0,0.0,0.111062
fastmultrec_greedy,2,10,58,25,50.0,2.0,0.0,0.410928
lcamap,2,10,58,25,50.0,2.0,0.0,0.057716
segdup,2,11,58,25,50,2,0,118.760379
insider,2,11,58,25,50.0,2.0,0.0,0.142504
fastmultrec_greedy,2,11,58,25,50.0,2.0,0.0,0.556214
lcamap,2,11,58,25,50.0,2.0,0.0,0.088193
segdup,1,7,58,25,4616,151,841,116.419592
insider,1,7,58,25,4077.0,115.0,1202.0,14.044636
fastmultrec_greedy,1,7,58,25,4361.0,138.0,911.0,4.125425
lcamap,1,7,58,25,4616.0,151.0,841.0,0.048700
segdup,1,8,58,25,2543,93,218,112.306090
insider,1,8,58,25,2319.0,72.0,519.0,84.417346
fastmultrec_greedy,1,8,58,25,2541.0,93.0,216.0,0.603959
lcamap,1,8,58,25,2563.0,94.0,213.0,0.065558
segdup,1,9,58,25,959,37,34,93.275206
insider,1,9,58,25,943.0,36.0,43.0,8.323314
fastmultrec_greedy,1,9,58,25,959.0,37.0,34.0,0.290399
lcamap,1,9,58,25,959.0,37.0,34.0,0.050597
segdup,1,10,58,25,50,2,0,50.819123
insider,1,10,58,25,50.0,2.0,0.0,0.048594
fastmultrec_greedy,1,10,58,25,50.0,2.0,0.0,0.200371
lcamap,1,10,58,25,50.0,2.0,0.0,0.029657
segdup,1,11,58,25,25,1,0,91.729111
insider,1,11,58,25,25.0,1.0,0.0,0.092470
fastmultrec_greedy,1,11,58,25,25.0,1.0,0.0,0.355875
lcamap,1,11,58,25,25.0,1.0,0.0,0.059024
segdup,2,7,59,25,2979,96,579,153.014222
insider,2,7,59,25,2712.0,73.0,887.0,4.100606
fastmultrec_greedy,2,7,59,25,2856.0,87.0,681.0,3.114132
lcamap,2,7,59,25,2979.0,96.0,579.0,0.054756
segdup,2,8,59,25,4233,141,708,258.207349
insider,2,8,59,25,3859.0,114.0,1009.0,50.830245
fastmultrec_greedy,2,8,59,25,4087.0,134.0,737.0,8.621548
lcamap,2,8,59,25,4237.0,143.0,662.0,0.116892
segdup,2,9,59,25,361,14,11,150.874434
insider,2,9,59,25,361.0,14.0,11.0,0.472361
fastmultrec_greedy,2,9,59,25,361.0,14.0,11.0,0.454387
lcamap,2,9,59,25,361.0,14.0,11.0,0.077585
segdup,2,10,59,25,50,2,0,63.387157
insider,2,10,59,25,50.0,2.0,0.0,0.080369
fastmultrec_greedy,2,10,59,25,50.0,2.0,0.0,0.294493
lcamap,2,10,59,25,50.0,2.0,0.0,0.047707
segdup,2,11,59,25,75,3,0,76.359755
insider,2,11,59,25,75.0,3.0,0.0,0.099271
fastmultrec_greedy,2,11,59,25,75.0,3.0,0.0,0.358053
lcamap,2,11,59,25,75.0,3.0,0.0,0.058576
segdup,1,7,59,25,2647,88,447,84.803116
insider,1,7,59,25,2313.0,64.0,713.0,7.059740
fastmultrec_greedy,1,7,59,25,2503.0,80.0,503.0,2.100022
lcamap,1,7,59,25,2688.0,91.0,413.0,0.034658
segdup,1,8,59,25,918,35,43,52.648333
insider,1,8,59,25,902.0,34.0,52.0,8.959361
fastmultrec_greedy,1,8,59,25,918.0,35.0,43.0,0.235233
lcamap,1,8,59,25,918.0,35.0,43.0,0.031095
segdup,1,9,59,25,77,3,2,66.250322
insider,1,9,59,25,77.0,3.0,2.0,0.050897
fastmultrec_greedy,1,9,59,25,77.0,3.0,2.0,0.168725
lcamap,1,9,59,25,77.0,3.0,2.0,0.027318
segdup,1,10,59,25,25,1,0,62.627443
insider,1,10,59,25,25.0,1.0,0.0,0.059900
fastmultrec_greedy,1,10,59,25,25.0,1.0,0.0,0.207067
lcamap,1,10,59,25,25.0,1.0,0.0,0.035798
segdup,1,11,59,25,26,1,1,56.563308
insider,1,11,59,25,26.0,1.0,1.0,0.055255
fastmultrec_greedy,1,11,59,25,26.0,1.0,1.0,0.212853
lcamap,1,11,59,25,26.0,1.0,1.0,0.032354
segdup,2,7,60,25,7919,191,3144,295.623315
insider,2,7,60,25,6852.0,128.0,3652.0,3.545850
fastmultrec_greedy,2,7,60,25,7077.0,145.0,3452.0,27.850021
lcamap,2,7,60,25,7925.0,192.0,3125.0,0.070840
segdup,2,8,60,25,1197,44,97,65.559469
insider,2,8,60,25,1133.0,37.0,208.0,25.556346
fastmultrec_greedy,2,8,60,25,1197.0,44.0,97.0,0.205489
lcamap,2,8,60,25,1197.0,44.0,97.0,0.032566
segdup,2,9,60,25,77,3,2,45.289597
insider,2,9,60,25,77.0,3.0,2.0,0.052594
fastmultrec_greedy,2,9,60,25,77.0,3.0,2.0,0.160073
lcamap,2,9,60,25,77.0,3.0,2.0,0.026842
segdup,2,10,60,25,77,3,2,131.997443
insider,2,10,60,25,77.0,3.0,2.0,0.169669
fastmultrec_greedy,2,10,60,25,77.0,3.0,2.0,0.660945
lcamap,2,10,60,25,77.0,3.0,2.0,0.100170
segdup,2,11,60,25,50,2,0,69.998869
insider,2,11,60,25,50.0,2.0,0.0,0.093861
fastmultrec_greedy,2,11,60,25,50.0,2.0,0.0,0.322497
lcamap,2,11,60,25,50.0,2.0,0.0,0.055715
segdup,1,7,60,25,7190,215,1815,140.645552
insider,1,7,60,25,6231.0,155.0,2356.0,26.130654
fastmultrec_greedy,1,7,60,25,6601.0,186.0,1951.0,9.388926
lcamap,1,7,60,25,7197.0,220.0,1697.0,0.051894
segdup,1,8,60,25,1670,62,120,95.831638
insider,1,8,60,25,1537.0,47.0,362.0,83.763519
fastmultrec_greedy,1,8,60,25,1670.0,62.0,120.0,0.297547
lcamap,1,8,60,25,1670.0,62.0,120.0,0.045708
segdup,1,9,60,25,353,13,28,60.103132
insider,1,9,60,25,353.0,13.0,28.0,0.372930
fastmultrec_greedy,1,9,60,25,353.0,13.0,28.0,0.159637
lcamap,1,9,60,25,353.0,13.0,28.0,0.024806
segdup,1,10,60,25,25,1,0,30.531049
insider,1,10,60,25,25.0,1.0,0.0,0.031297
fastmultrec_greedy,1,10,60,25,25.0,1.0,0.0,0.089303
lcamap,1,10,60,25,25.0,1.0,0.0,0.016752
segdup,1,11,60,25,25,1,0,86.828902
insider,1,11,60,25,25.0,1.0,0.0,0.080136
fastmultrec_greedy,1,11,60,25,25.0,1.0,0.0,0.300372
lcamap,1,11,60,25,25.0,1.0,0.0,0.057404
segdup,2,7,61,25,5382,153,1557,267.008967
insider,2,7,61,25,4911.0,124.0,1811.0,6.525698
fastmultrec_greedy,2,7,61,25,5120.0,139.0,1645.0,10.515734
lcamap,2,7,61,25,5382.0,153.0,1557.0,0.099177
segdup,2,8,61,25,3168,106,518,190.828340
insider,2,8,61,25,2918.0,84.0,818.0,25.383036
fastmultrec_greedy,2,8,61,25,3115.0,103.0,540.0,2.988435
lcamap,2,8,61,25,3192.0,108.0,492.0,0.083043
segdup,2,9,61,25,358,14,8,110.264510
insider,2,9,61,25,341.0,13.0,16.0,0.288602
fastmultrec_greedy,2,9,61,25,358.0,14.0,8.0,0.316437
lcamap,2,9,61,25,358.0,14.0,8.0,0.050626
segdup,2,10,61,25,76,3,1,48.579161
insider,2,10,61,25,76.0,3.0,1.0,0.057947
fastmultrec_greedy,2,10,61,25,76.0,3.0,1.0,0.180983
lcamap,2,10,61,25,76.0,3.0,1.0,0.028972
segdup,2,11,61,25,50,2,0,53.335542
insider,2,11,61,25,50.0,2.0,0.0,0.080105
fastmultrec_greedy,2,11,61,25,50.0,2.0,0.0,0.305014
lcamap,2,11,61,25,50.0,2.0,0.0,0.046110
segdup,1,7,61,25,4844,142,1294,121.155023
insider,1,7,61,25,4143.0,102.0,1593.0,12.721795
fastmultrec_greedy,1,7,61,25,4295.0,112.0,1495.0,7.878627
lcamap,1,7,61,25,4844.0,142.0,1294.0,0.037404
segdup,1,8,61,25,608,23,33,96.573168
insider,1,8,61,25,608.0,23.0,33.0,2.605431
fastmultrec_greedy,1,8,61,25,608.0,23.0,33.0,0.258638
lcamap,1,8,61,25,608.0,23.0,33.0,0.038172
segdup,1,9,61,25,229,9,4,89.367211
insider,1,9,61,25,229.0,9.0,4.0,0.107233
fastmultrec_greedy,1,9,61,25,229.0,9.0,4.0,0.297147
lcamap,1,9,61,25,229.0,9.0,4.0,0.054730
segdup,1,10,61,25,25,1,0,76.014958
insider,1,10,61,25,25.0,1.0,0.0,0.072482
fastmultrec_greedy,1,10,61,25,25.0,1.0,0.0,0.277417
lcamap,1,10,61,25,25.0,1.0,0.0,0.045660
segdup,1,11,61,25,25,1,0,68.221376
insider,1,11,61,25,25.0,1.0,0.0,0.070144
fastmultrec_greedy,1,11,61,25,25.0,1.0,0.0,0.251488
lcamap,1,11,61,25,25.0,1.0,0.0,0.042975
segdup,2,7,62,25,8862,248,2662,599.831893
insider,2,7,62,25,7631.0,168.0,3431.0,8.804988
fastmultrec_greedy,2,7,62,25,7959.0,199.0,2984.0,63.519354
lcamap,2,7,62,25,8862.0,248.0,2662.0,0.182783
segdup,2,8,62,25,915,33,90,36.320680
insider,2,8,62,25,902.0,31.0,127.0,0.999220
fastmultrec_greedy,2,8,62,25,915.0,33.0,90.0,0.133521
lcamap,2,8,62,25,915.0,33.0,90.0,0.024397
segdup,2,9,62,25,493,19,18,52.677085
insider,2,9,62,25,493.0,19.0,18.0,0.886941
fastmultrec_greedy,2,9,62,25,493.0,19.0,18.0,0.279741
lcamap,2,9,62,25,493.0,19.0,18.0,0.039678
segdup,2,10,62,25,101,4,1,122.564022
insider,2,10,62,25,101.0,4.0,1.0,0.155670
fastmultrec_greedy,2,10,62,25,101.0,4.0,1.0,0.560826
lcamap,2,10,62,25,101.0,4.0,1.0,0.094161
segdup,2,11,62,25,50,2,0,45.084674
insider,2,11,62,25,50.0,2.0,0.0,0.066455
fastmultrec_greedy,2,11,62,25,50.0,2.0,0.0,0.223211
lcamap,2,11,62,25,50.0,2.0,0.0,0.035541
segdup,1,7,62,25,4884,155,1009,139.146202
insider,1,7,62,25,4242.0,114.0,1392.0,2.823517
fastmultrec_greedy,1,7,62,25,4409.0,127.0,1234.0,8.824953
lcamap,1,7,62,25,4884.0,155.0,1009.0,0.053499
segdup,1,8,62,25,2394,88,194,126.932482
insider,1,8,62,25,2120.0,66.0,470.0,63.578298
fastmultrec_greedy,1,8,62,25,2314.0,83.0,239.0,2.334136
lcamap,1,8,62,25,2394.0,88.0,194.0,0.064689
segdup,1,9,62,25,204,8,4,78.267744
insider,1,9,62,25,204.0,8.0,4.0,0.108358
fastmultrec_greedy,1,9,62,25,204.0,8.0,4.0,0.283608
lcamap,1,9,62,25,204.0,8.0,4.0,0.048313
segdup,1,10,62,25,51,2,1,107.001910
insider,1,10,62,25,51.0,2.0,1.0,0.100010
fastmultrec_greedy,1,10,62,25,51.0,2.0,1.0,0.442793
lcamap,1,10,62,25,51.0,2.0,1.0,0.063531
segdup,1,11,62,25,25,1,0,62.586962
insider,1,11,62,25,25.0,1.0,0.0,0.060180
fastmultrec_greedy,1,11,62,25,25.0,1.0,0.0,0.218887
lcamap,1,11,62,25,25.0,1.0,0.0,0.037439
segdup,2,7,63,25,3842,120,842,310.455230
insider,2,7,63,25,3455.0,92.0,1155.0,2.238912
fastmultrec_greedy,2,7,63,25,3597.0,106.0,947.0,10.063092
lcamap,2,7,63,25,3842.0,120.0,842.0,0.103824
segdup,2,9,63,25,411,16,11,86.090478
insider,2,9,63,25,411.0,16.0,11.0,0.208447
fastmultrec_greedy,2,9,63,25,411.0,16.0,11.0,0.376378
lcamap,2,9,63,25,411.0,16.0,11.0,0.060149
segdup,2,10,63,25,75,3,0,130.011228
insider,2,10,63,25,75.0,3.0,0.0,0.161616
fastmultrec_greedy,2,10,63,25,75.0,3.0,0.0,0.650942
lcamap,2,10,63,25,75.0,3.0,0.0,0.103887
segdup,2,11,63,25,50,2,0,80.683816
insider,2,11,63,25,50.0,2.0,0.0,0.104872
fastmultrec_greedy,2,11,63,25,50.0,2.0,0.0,0.388125
lcamap,2,11,63,25,50.0,2.0,0.0,0.067659
segdup,1,7,63,25,2459,82,409,49.968761
insider,1,7,63,25,2227.0,64.0,627.0,10.256436
fastmultrec_greedy,1,7,63,25,2296.0,72.0,496.0,0.842016
lcamap,1,7,63,25,2459.0,82.0,409.0,0.019048
segdup,1,8,63,25,1884,70,134,94.543875
insider,1,8,63,25,1750.0,60.0,250.0,9.650978
fastmultrec_greedy,1,8,63,25,1823.0,66.0,173.0,1.365369
lcamap,1,8,63,25,1884.0,70.0,134.0,0.052533
segdup,1,9,63,25,463,18,13,65.827333
insider,1,9,63,25,463.0,18.0,13.0,1.957021
fastmultrec_greedy,1,9,63,25,463.0,18.0,13.0,0.156416
lcamap,1,9,63,25,463.0,18.0,13.0,0.029273
segdup,1,10,63,25,25,1,0,56.277611
insider,1,10,63,25,25.0,1.0,0.0,0.054444
fastmultrec_greedy,1,10,63,25,25.0,1.0,0.0,0.196554
lcamap,1,10,63,25,25.0,1.0,0.0,0.034041
segdup,1,11,63,25,25,1,0,73.620888
insider,1,11,63,25,25.0,1.0,0.0,0.073804
fastmultrec_greedy,1,11,63,25,25.0,1.0,0.0,0.301583
lcamap,1,11,63,25,25.0,1.0,0.0,0.047201
segdup,2,7,64,25,3063,101,538,164.488139
insider,2,7,64,25,2777.0,80.0,777.0,3.943975
fastmultrec_greedy,2,7,64,25,2963.0,94.0,613.0,3.901803
lcamap,2,7,64,25,3063.0,101.0,538.0,0.065164
segdup,2,8,64,25,1790,65,165,106.923138
insider,2,8,64,25,1636.0,51.0,361.0,4.741237
fastmultrec_greedy,2,8,64,25,1774.0,64.0,174.0,0.602244
lcamap,2,8,64,25,1790.0,65.0,165.0,0.049162
segdup,2,9,64,25,259,10,9,83.510062
insider,2,9,64,25,259.0,10.0,9.0,0.271514
fastmultrec_greedy,2,9,64,25,259.0,10.0,9.0,0.391879
lcamap,2,9,64,25,259.0,10.0,9.0,0.062386
segdup,2,10,64,25,126,5,1,51.287020
insider,2,10,64,25,126.0,5.0,1.0,0.103227
fastmultrec_greedy,2,10,64,25,126.0,5.0,1.0,0.225619
lcamap,2,10,64,25,126.0,5.0,1.0,0.036900
segdup,2,11,64,25,50,2,0,52.046700
insider,2,11,64,25,50.0,2.0,0.0,0.071347
fastmultrec_greedy,2,11,64,25,50.0,2.0,0.0,0.269721
lcamap,2,11,64,25,50.0,2.0,0.0,0.039364
segdup,1,7,64,25,9564,260,3064,212.912755
insider,1,7,64,25,8257.0,180.0,3757.0,9.571066
fastmultrec_greedy,1,7,64,25,8644.0,209.0,3419.0,22.207656
lcamap,1,7,64,25,9564.0,260.0,3064.0,0.065823
segdup,1,8,64,25,1331,48,131,48.210811
insider,1,8,64,25,1223.0,41.0,198.0,0.756657
fastmultrec_greedy,1,8,64,25,1352.0,49.0,127.0,0.273966
lcamap,1,8,64,25,1374.0,50.0,124.0,0.021338
segdup,1,9,64,25,291,11,16,85.348180
insider,1,9,64,25,272.0,10.0,22.0,0.117860
fastmultrec_greedy,1,9,64,25,291.0,11.0,16.0,0.315059
lcamap,1,9,64,25,291.0,11.0,16.0,0.049690
segdup,1,10,64,25,76,3,1,61.789559
insider,1,10,64,25,76.0,3.0,1.0,0.068376
fastmultrec_greedy,1,10,64,25,76.0,3.0,1.0,0.213864
lcamap,1,10,64,25,76.0,3.0,1.0,0.038415
segdup,1,11,64,25,25,1,0,36.681307
insider,1,11,64,25,25.0,1.0,0.0,0.035551
fastmultrec_greedy,1,11,64,25,25.0,1.0,0.0,0.121990
lcamap,1,11,64,25,25.0,1.0,0.0,0.020719
segdup,2,7,65,25,7707,217,2282,393.395991
insider,2,7,65,25,6768.0,157.0,2843.0,7.860979
fastmultrec_greedy,2,7,65,25,7123.0,186.0,2473.0,24.068393
lcamap,2,7,65,25,7707.0,217.0,2282.0,0.127805
segdup,2,8,65,25,1861,69,136,164.857780
insider,2,8,65,25,1703.0,57.0,278.0,11.559047
fastmultrec_greedy,2,8,65,25,1861.0,69.0,136.0,0.502471
lcamap,2,8,65,25,1861.0,69.0,136.0,0.080426
segdup,2,9,65,25,177,7,2,221.177749
insider,2,9,65,25,177.0,7.0,2.0,0.180154
fastmultrec_greedy,2,9,65,25,177.0,7.0,2.0,0.659006
lcamap,2,9,65,25,177.0,7.0,2.0,0.101557
segdup,2,10,65,25,77,3,2,62.863142
insider,2,10,65,25,77.0,3.0,2.0,0.092272
fastmultrec_greedy,2,10,65,25,77.0,3.0,2.0,0.310907
lcamap,2,10,65,25,77.0,3.0,2.0,0.046193
segdup,2,11,65,25,50,2,0,31.473519
insider,2,11,65,25,50.0,2.0,0.0,0.045592
fastmultrec_greedy,2,11,65,25,50.0,2.0,0.0,0.142356
lcamap,2,11,65,25,50.0,2.0,0.0,0.024888
segdup,1,7,65,25,3850,123,775,112.737422
insider,1,7,65,25,3518.0,98.0,1068.0,15.639530
fastmultrec_greedy,1,7,65,25,3683.0,113.0,858.0,2.921420
lcamap,1,7,65,25,3850.0,123.0,775.0,0.046206
segdup,1,8,65,25,1287,49,62,77.053508
insider,1,8,65,25,1203.0,40.0,203.0,2.194610
fastmultrec_greedy,1,8,65,25,1287.0,49.0,62.0,0.228838
lcamap,1,8,65,25,1287.0,49.0,62.0,0.036849
segdup,1,9,65,25,255,10,5,55.388213
insider,1,9,65,25,255.0,10.0,5.0,0.187166
fastmultrec_greedy,1,9,65,25,255.0,10.0,5.0,0.188413
lcamap,1,9,65,25,255.0,10.0,5.0,0.031061
segdup,1,10,65,25,25,1,0,36.476224
insider,1,10,65,25,25.0,1.0,0.0,0.039891
fastmultrec_greedy,1,10,65,25,25.0,1.0,0.0,0.138395
lcamap,1,10,65,25,25.0,1.0,0.0,0.020897
segdup,1,11,65,25,25,1,0,79.500102
insider,1,11,65,25,25.0,1.0,0.0,0.072009
fastmultrec_greedy,1,11,65,25,25.0,1.0,0.0,0.282211
lcamap,1,11,65,25,25.0,1.0,0.0,0.045095
segdup,2,7,66,25,4974,151,1199,424.127988
insider,2,7,66,25,4491.0,117.0,1566.0,4.698317
fastmultrec_greedy,2,7,66,25,4735.0,135.0,1360.0,19.195064
lcamap,2,7,66,25,4974.0,151.0,1199.0,0.139912
segdup,2,8,66,25,2632,90,382,158.945707
insider,2,8,66,25,2422.0,71.0,647.0,32.669141
fastmultrec_greedy,2,8,66,25,2560.0,87.0,385.0,2.064117
lcamap,2,8,66,25,2642.0,91.0,367.0,0.074214
segdup,2,9,66,25,420,16,20,48.232838
insider,2,9,66,25,420.0,16.0,20.0,0.351493
fastmultrec_greedy,2,9,66,25,420.0,16.0,20.0,0.252516
lcamap,2,9,66,25,420.0,16.0,20.0,0.037509
segdup,2,10,66,25,103,4,3,79.124931
insider,2,10,66,25,103.0,4.0,3.0,0.109652
fastmultrec_greedy,2,10,66,25,103.0,4.0,3.0,0.364660
lcamap,2,10,66,25,103.0,4.0,3.0,0.057968
segdup,2,11,66,25,50,2,0,58.907382
insider,2,11,66,25,50.0,2.0,0.0,0.088971
fastmultrec_greedy,2,11,66,25,50.0,2.0,0.0,0.331148
lcamap,2,11,66,25,50.0,2.0,0.0,0.050087
segdup,1,7,66,25,5165,147,1490,142.887957
insider,1,7,66,25,4459.0,101.0,1934.0,2.245285
fastmultrec_greedy,1,7,66,25,4659.0,123.0,1584.0,7.729888
lcamap,1,7,66,25,5188.0,150.0,1438.0,0.043788
segdup,1,8,66,25,1947,73,122,67.442393
insider,1,8,66,25,1797.0,57.0,372.0,35.965982
fastmultrec_greedy,1,8,66,25,1947.0,73.0,122.0,0.378944
lcamap,1,8,66,25,1971.0,74.0,121.0,0.035017
segdup,1,9,66,25,79,3,4,39.721801
insider,1,9,66,25,79.0,3.0,4.0,0.040568
fastmultrec_greedy,1,9,66,25,79.0,3.0,4.0,0.128012
lcamap,1,9,66,25,79.0,3.0,4.0,0.020383
segdup,1,10,66,25,25,1,0,52.435859
insider,1,10,66,25,25.0,1.0,0.0,0.038675
fastmultrec_greedy,1,10,66,25,25.0,1.0,0.0,0.137390
lcamap,1,10,66,25,25.0,1.0,0.0,0.022408
segdup,1,11,66,25,25,1,0,36.008693
insider,1,11,66,25,25.0,1.0,0.0,0.038319
fastmultrec_greedy,1,11,66,25,25.0,1.0,0.0,0.151705
lcamap,1,11,66,25,25.0,1.0,0.0,0.020960
segdup,2,8,67,25,2873,105,248,184.495354
insider,2,8,67,25,2514.0,79.0,539.0,21.644052
fastmultrec_greedy,2,8,67,25,2755.0,99.0,280.0,4.238819
lcamap,2,8,67,25,2882.0,106.0,232.0,0.092170
segdup,2,9,67,25,519,20,19,115.789669
insider,2,9,67,25,519.0,20.0,19.0,2.332157
fastmultrec_greedy,2,9,67,25,519.0,20.0,19.0,0.407519
lcamap,2,9,67,25,519.0,20.0,19.0,0.069964
segdup,2,10,67,25,50,2,0,37.764546
insider,2,10,67,25,50.0,2.0,0.0,0.055627
fastmultrec_greedy,2,10,67,25,50.0,2.0,0.0,0.178529
lcamap,2,10,67,25,50.0,2.0,0.0,0.031563
segdup,2,11,67,25,51,2,1,47.466775
insider,2,11,67,25,51.0,2.0,1.0,0.071034
fastmultrec_greedy,2,11,67,25,51.0,2.0,1.0,0.239095
lcamap,2,11,67,25,51.0,2.0,1.0,0.039469
segdup,1,7,67,25,4378,138,928,105.142229
insider,1,7,67,25,3756.0,97.0,1331.0,2.319143
fastmultrec_greedy,1,7,67,25,3922.0,110.0,1172.0,7.200238
lcamap,1,7,67,25,4378.0,138.0,928.0,0.039694
segdup,1,8,67,25,2209,82,159,98.830287
insider,1,8,67,25,2033.0,67.0,358.0,29.269426
fastmultrec_greedy,1,8,67,25,2174.0,80.0,174.0,0.835767
lcamap,1,8,67,25,2209.0,82.0,159.0,0.058954
segdup,1,9,67,25,362,14,12,63.279805
insider,1,9,67,25,362.0,14.0,12.0,0.147661
fastmultrec_greedy,1,9,67,25,362.0,14.0,12.0,0.165611
lcamap,1,9,67,25,362.0,14.0,12.0,0.028080
segdup,1,10,67,25,51,2,1,102.321766
insider,1,10,67,25,51.0,2.0,1.0,0.094928
fastmultrec_greedy,1,10,67,25,51.0,2.0,1.0,0.366000
lcamap,1,10,67,25,51.0,2.0,1.0,0.063288
segdup,1,11,67,25,25,1,0,46.874408
insider,1,11,67,25,25.0,1.0,0.0,0.050211
fastmultrec_greedy,1,11,67,25,25.0,1.0,0.0,0.191788
lcamap,1,11,67,25,25.0,1.0,0.0,0.031231
segdup,2,8,68,25,2069,73,244,92.133538
insider,2,8,68,25,1897.0,58.0,447.0,3.071238
fastmultrec_greedy,2,8,68,25,2028.0,71.0,253.0,0.816314
lcamap,2,8,68,25,2069.0,73.0,244.0,0.046672
segdup,2,9,68,25,102,4,2,68.845830
insider,2,9,68,25,102.0,4.0,2.0,0.098302
fastmultrec_greedy,2,9,68,25,102.0,4.0,2.0,0.311924
lcamap,2,9,68,25,102.0,4.0,2.0,0.051925
segdup,2,10,68,25,157,6,7,113.069171
insider,2,10,68,25,157.0,6.0,7.0,0.166998
fastmultrec_greedy,2,10,68,25,157.0,6.0,7.0,0.543513
lcamap,2,10,68,25,157.0,6.0,7.0,0.091545
segdup,2,11,68,25,50,2,0,46.877652
insider,2,11,68,25,50.0,2.0,0.0,0.067730
fastmultrec_greedy,2,11,68,25,50.0,2.0,0.0,0.226575
lcamap,2,11,68,25,50.0,2.0,0.0,0.037298
segdup,1,7,68,25,7022,215,1647,137.936576
insider,1,7,68,25,6154.0,160.0,2154.0,21.664972
fastmultrec_greedy,1,7,68,25,6426.0,188.0,1726.0,8.228366
lcamap,1,7,68,25,7044.0,218.0,1594.0,0.053077
segdup,1,8,68,25,2169,78,219,74.974080
insider,1,8,68,25,2045.0,61.0,520.0,75.066143
fastmultrec_greedy,1,8,68,25,2130.0,75.0,255.0,0.910624
lcamap,1,8,68,25,2193.0,79.0,218.0,0.036408
segdup,1,9,68,25,227,9,2,69.581724
insider,1,9,68,25,208.0,8.0,8.0,0.052810
fastmultrec_greedy,1,9,68,25,227.0,9.0,2.0,0.141700
lcamap,1,9,68,25,227.0,9.0,2.0,0.024455
segdup,1,10,68,25,51,2,1,30.677756
insider,1,10,68,25,51.0,2.0,1.0,0.033435
fastmultrec_greedy,1,10,68,25,51.0,2.0,1.0,0.095973
lcamap,1,10,68,25,51.0,2.0,1.0,0.017075
segdup,1,11,68,25,25,1,0,82.111867
insider,1,11,68,25,25.0,1.0,0.0,0.078484
fastmultrec_greedy,1,11,68,25,25.0,1.0,0.0,0.326122
lcamap,1,11,68,25,25.0,1.0,0.0,0.048736
segdup,2,8,69,25,2149,77,224,141.369395
insider,2,8,69,25,2031.0,63.0,456.0,26.777636
fastmultrec_greedy,2,8,69,25,2149.0,77.0,224.0,0.477042
lcamap,2,8,69,25,2149.0,77.0,224.0,0.079768
segdup,2,9,69,25,811,31,36,123.070487
insider,2,9,69,25,783.0,28.0,83.0,12.699164
fastmultrec_greedy,2,9,69,25,811.0,31.0,36.0,0.440720
lcamap,2,9,69,25,811.0,31.0,36.0,0.072940
segdup,2,10,69,25,151,6,1,75.124620
insider,2,10,69,25,151.0,6.0,1.0,0.119906
fastmultrec_greedy,2,10,69,25,151.0,6.0,1.0,0.392242
lcamap,2,10,69,25,151.0,6.0,1.0,0.064063
segdup,2,11,69,25,50,2,0,118.499655
insider,2,11,69,25,50.0,2.0,0.0,0.147789
fastmultrec_greedy,2,11,69,25,50.0,2.0,0.0,0.614249
lcamap,2,11,69,25,50.0,2.0,0.0,0.094727
segdup,1,7,69,25,7038,180,2538,164.208611
insider,1,7,69,25,6221.0,126.0,3071.0,4.013801
fastmultrec_greedy,1,7,69,25,6416.0,147.0,2741.0,8.917286
lcamap,1,7,69,25,7063.0,182.0,2513.0,0.039967
segdup,1,8,69,25,1645,59,170,71.466079
insider,1,8,69,25,1527.0,48.0,327.0,3.265066
fastmultrec_greedy,1,8,69,25,1675.0,61.0,150.0,0.200456
lcamap,1,8,69,25,1675.0,61.0,150.0,0.031955
segdup,1,9,69,25,246,9,21,77.587358
insider,1,9,69,25,246.0,9.0,21.0,0.104171
fastmultrec_greedy,1,9,69,25,246.0,9.0,21.0,0.228809
lcamap,1,9,69,25,246.0,9.0,21.0,0.034802
segdup,1,10,69,25,25,1,0,37.820405
insider,1,10,69,25,25.0,1.0,0.0,0.038418
fastmultrec_greedy,1,10,69,25,25.0,1.0,0.0,0.121784
lcamap,1,10,69,25,25.0,1.0,0.0,0.020266
segdup,1,11,69,25,25,1,0,37.667400
insider,1,11,69,25,25.0,1.0,0.0,0.036270
fastmultrec_greedy,1,11,69,25,25.0,1.0,0.0,0.113631
lcamap,1,11,69,25,25.0,1.0,0.0,0.019980
segdup,2,7,70,25,3878,125,753,171.289630
insider,2,7,70,25,3531.0,103.0,956.0,9.040239
fastmultrec_greedy,2,7,70,25,3732.0,118.0,782.0,3.131933
lcamap,2,7,70,25,3878.0,125.0,753.0,0.075187
segdup,2,8,70,25,1137,42,87,86.228247
insider,2,8,70,25,1092.0,36.0,192.0,5.989431
fastmultrec_greedy,2,8,70,25,1137.0,42.0,87.0,0.360499
lcamap,2,8,70,25,1137.0,42.0,87.0,0.051313
segdup,2,9,70,25,439,17,14,72.910947
insider,2,9,70,25,439.0,17.0,14.0,0.710243
fastmultrec_greedy,2,9,70,25,439.0,17.0,14.0,0.438445
lcamap,2,9,70,25,439.0,17.0,14.0,0.060408
segdup,2,10,70,25,50,2,0,95.496483
insider,2,10,70,25,50.0,2.0,0.0,0.132067
fastmultrec_greedy,2,10,70,25,50.0,2.0,0.0,0.569262
lcamap,2,10,70,25,50.0,2.0,0.0,0.086001
segdup,2,11,70,25,50,2,0,60.164686
insider,2,11,70,25,50.0,2.0,0.0,0.077970
fastmultrec_greedy,2,11,70,25,50.0,2.0,0.0,0.311011
lcamap,2,11,70,25,50.0,2.0,0.0,0.047289
segdup,1,7,70,25,2712,97,287,99.035550
insider,1,7,70,25,2420.0,73.0,595.0,11.242194
fastmultrec_greedy,1,7,70,25,2652.0,94.0,302.0,1.139441
lcamap,1,7,70,25,2730.0,98.0,280.0,0.047164
segdup,1,8,70,25,180,7,5,30.388039
insider,1,8,70,25,180.0,7.0,5.0,0.046978
fastmultrec_greedy,1,8,70,25,180.0,7.0,5.0,0.120455
lcamap,1,8,70,25,180.0,7.0,5.0,0.017461
segdup,1,9,70,25,356,14,6,49.908211
insider,1,9,70,25,348.0,13.0,23.0,0.274494
fastmultrec_greedy,1,9,70,25,356.0,14.0,6.0,0.100062
lcamap,1,9,70,25,356.0,14.0,6.0,0.017856
segdup,1,10,70,25,26,1,1,70.657022
insider,1,10,70,25,26.0,1.0,1.0,0.069170
fastmultrec_greedy,1,10,70,25,26.0,1.0,1.0,0.273688
lcamap,1,10,70,25,26.0,1.0,1.0,0.043861
segdup,1,11,70,25,51,2,1,45.694909
insider,1,11,70,25,51.0,2.0,1.0,0.047418
fastmultrec_greedy,1,11,70,25,51.0,2.0,1.0,0.157722
lcamap,1,11,70,25,51.0,2.0,1.0,0.026768
segdup,2,7,71,25,6906,156,3006,229.836865
insider,2,7,71,25,6118.0,111.0,3343.0,0.749051
fastmultrec_greedy,2,7,71,25,6243.0,123.0,3168.0,9.617931
lcamap,2,7,71,25,6919.0,157.0,2994.0,0.052491
segdup,2,8,71,25,1488,55,113,140.039852
insider,2,8,71,25,1335.0,40.0,335.0,65.956896
fastmultrec_greedy,2,8,71,25,1444.0,53.0,119.0,1.919727
lcamap,2,8,71,25,1506.0,56.0,106.0,0.066451
segdup,2,9,71,25,1004,38,54,119.840642
insider,2,9,71,25,944.0,33.0,119.0,23.942698
fastmultrec_greedy,2,9,71,25,1004.0,38.0,54.0,0.465829
lcamap,2,9,71,25,1004.0,38.0,54.0,0.072567
segdup,2,10,71,25,52,2,2,53.593827
insider,2,10,71,25,52.0,2.0,2.0,0.075284
fastmultrec_greedy,2,10,71,25,52.0,2.0,2.0,0.258724
lcamap,2,10,71,25,52.0,2.0,2.0,0.040971
segdup,2,11,71,25,50,2,0,93.075617
insider,2,11,71,25,50.0,2.0,0.0,0.113452
fastmultrec_greedy,2,11,71,25,50.0,2.0,0.0,0.436216
lcamap,2,11,71,25,50.0,2.0,0.0,0.072811
segdup,1,7,71,25,4781,152,981,119.558144
insider,1,7,71,25,4207.0,114.0,1357.0,23.368406
fastmultrec_greedy,1,7,71,25,4444.0,133.0,1119.0,5.211502
lcamap,1,7,71,25,4792.0,153.0,967.0,0.053651
segdup,1,8,71,25,232,9,7,87.254276
insider,1,8,71,25,232.0,9.0,7.0,0.118068
fastmultrec_greedy,1,8,71,25,232.0,9.0,7.0,0.336196
lcamap,1,8,71,25,232.0,9.0,7.0,0.054199
segdup,1,9,71,25,182,7,7,82.164038
insider,1,9,71,25,182.0,7.0,7.0,0.078033
fastmultrec_greedy,1,9,71,25,182.0,7.0,7.0,0.247140
lcamap,1,9,71,25,182.0,7.0,7.0,0.037378
segdup,1,10,71,25,26,1,1,48.623903
insider,1,10,71,25,26.0,1.0,1.0,0.047644
fastmultrec_greedy,1,10,71,25,26.0,1.0,1.0,0.168501
lcamap,1,10,71,25,26.0,1.0,1.0,0.027120
segdup,1,11,71,25,25,1,0,67.426020
insider,1,11,71,25,25.0,1.0,0.0,0.065714
fastmultrec_greedy,1,11,71,25,25.0,1.0,0.0,0.235548
lcamap,1,11,71,25,25.0,1.0,0.0,0.041886
segdup,2,7,72,25,5878,150,2128,259.206396
insider,2,7,72,25,5171.0,106.0,2521.0,7.609223
fastmultrec_greedy,2,7,72,25,5408.0,124.0,2308.0,11.742267
lcamap,2,7,72,25,5878.0,150.0,2128.0,0.066022
segdup,2,10,72,25,128,5,3,94.252461
insider,2,10,72,25,128.0,5.0,3.0,0.137468
fastmultrec_greedy,2,10,72,25,128.0,5.0,3.0,0.426087
lcamap,2,10,72,25,128.0,5.0,3.0,0.071489
segdup,2,11,72,25,50,2,0,78.384893
insider,2,11,72,25,50.0,2.0,0.0,0.104715
fastmultrec_greedy,2,11,72,25,50.0,2.0,0.0,0.400759
lcamap,2,11,72,25,50.0,2.0,0.0,0.067903
segdup,1,7,72,25,6196,188,1496,185.306762
insider,1,7,72,25,5329.0,133.0,2004.0,9.514319
fastmultrec_greedy,1,7,72,25,5695.0,162.0,1645.0,12.281267
lcamap,1,7,72,25,6196.0,188.0,1496.0,0.064182
segdup,1,8,72,25,1311,49,86,55.167921
insider,1,8,72,25,1072.0,32.0,272.0,5.637662
fastmultrec_greedy,1,8,72,25,1217.0,44.0,117.0,0.797540
lcamap,1,8,72,25,1329.0,50.0,79.0,0.023119
segdup,1,9,72,25,513,20,13,93.122956
insider,1,9,72,25,513.0,20.0,13.0,0.565175
fastmultrec_greedy,1,9,72,25,513.0,20.0,13.0,0.329305
lcamap,1,9,72,25,513.0,20.0,13.0,0.059562
segdup,1,10,72,25,52,2,2,49.486603
insider,1,10,72,25,52.0,2.0,2.0,0.047612
fastmultrec_greedy,1,10,72,25,52.0,2.0,2.0,0.168184
lcamap,1,10,72,25,52.0,2.0,2.0,0.026941
segdup,1,11,72,25,25,1,0,56.792723
insider,1,11,72,25,25.0,1.0,0.0,0.063910
fastmultrec_greedy,1,11,72,25,25.0,1.0,0.0,0.234252
lcamap,1,11,72,25,25.0,1.0,0.0,0.037345
segdup,2,7,73,25,3812,126,662,230.777267
insider,2,7,73,25,3506.0,100.0,1006.0,4.496675
fastmultrec_greedy,2,7,73,25,3756.0,123.0,681.0,2.525720
lcamap,2,7,73,25,3812.0,126.0,662.0,0.097297
segdup,2,8,73,25,1017,38,67,134.899489
insider,2,8,73,25,983.0,35.0,108.0,30.081056
fastmultrec_greedy,2,8,73,25,1033.0,39.0,58.0,0.539232
lcamap,2,8,73,25,1033.0,39.0,58.0,0.080038
segdup,2,10,73,25,50,2,0,30.408652
insider,2,10,73,25,50.0,2.0,0.0,0.049831
fastmultrec_greedy,2,10,73,25,50.0,2.0,0.0,0.168489
lcamap,2,10,73,25,50.0,2.0,0.0,0.027796
segdup,2,11,73,25,50,2,0,89.904461
insider,2,11,73,25,50.0,2.0,0.0,0.118758
fastmultrec_greedy,2,11,73,25,50.0,2.0,0.0,0.445244
lcamap,2,11,73,25,50.0,2.0,0.0,0.071447
segdup,1,7,73,25,3944,139,469,130.552617
insider,1,7,73,25,3506.0,106.0,856.0,9.570540
fastmultrec_greedy,1,7,73,25,3817.0,133.0,492.0,2.103441
lcamap,1,7,73,25,3944.0,139.0,469.0,0.059990
segdup,1,8,73,25,1986,74,136,98.191099
insider,1,8,73,25,1885.0,65.0,260.0,27.436858
fastmultrec_greedy,1,8,73,25,1986.0,74.0,136.0,0.295503
lcamap,1,8,73,25,1986.0,74.0,136.0,0.052344
segdup,1,9,73,25,467,18,17,70.957290
insider,1,9,73,25,467.0,18.0,17.0,1.050184
fastmultrec_greedy,1,9,73,25,467.0,18.0,17.0,0.195403
lcamap,1,9,73,25,467.0,18.0,17.0,0.033604
segdup,1,10,73,25,76,3,1,77.912884
insider,1,10,73,25,76.0,3.0,1.0,0.055484
fastmultrec_greedy,1,10,73,25,76.0,3.0,1.0,0.194993
lcamap,1,10,73,25,76.0,3.0,1.0,0.030054
segdup,1,11,73,25,25,1,0,38.259986
insider,1,11,73,25,25.0,1.0,0.0,0.041684
fastmultrec_greedy,1,11,73,25,25.0,1.0,0.0,0.156183
lcamap,1,11,73,25,25.0,1.0,0.0,0.023262
segdup,2,7,74,25,10388,243,4313,463.754290
insider,2,7,74,25,9302.0,174.0,4952.0,24.837680
fastmultrec_greedy,2,7,74,25,9550.0,197.0,4625.0,31.407833
lcamap,2,7,74,25,10397.0,244.0,4297.0,0.111303
segdup,2,8,74,25,2296,82,246,114.196242
insider,2,8,74,25,2169.0,68.0,469.0,175.295097
fastmultrec_greedy,2,8,74,25,2296.0,82.0,246.0,0.324523
lcamap,2,8,74,25,2296.0,82.0,246.0,0.055779
segdup,2,9,74,25,393,15,18,171.915517
insider,2,9,74,25,374.0,14.0,24.0,0.493507
fastmultrec_greedy,2,9,74,25,393.0,15.0,18.0,0.551654
lcamap,2,9,74,25,393.0,15.0,18.0,0.085393
segdup,2,10,74,25,76,3,1,87.482508
insider,2,10,74,25,76.0,3.0,1.0,0.098870
fastmultrec_greedy,2,10,74,25,76.0,3.0,1.0,0.334825
lcamap,2,10,74,25,76.0,3.0,1.0,0.049837
segdup,2,11,74,25,51,2,1,126.624645
insider,2,11,74,25,51.0,2.0,1.0,0.157257
fastmultrec_greedy,2,11,74,25,51.0,2.0,1.0,0.598729
lcamap,2,11,74,25,51.0,2.0,1.0,0.094019
segdup,1,7,74,25,6376,204,1276,188.210517
insider,1,7,74,25,5539.0,149.0,1814.0,5.377826
fastmultrec_greedy,1,7,74,25,5950.0,180.0,1450.0,9.953321
lcamap,1,7,74,25,6376.0,204.0,1276.0,0.077605
segdup,1,8,74,25,1815,67,140,73.685281
insider,1,8,74,25,1699.0,55.0,324.0,111.733560
fastmultrec_greedy,1,8,74,25,1793.0,66.0,143.0,0.460282
lcamap,1,8,74,25,1815.0,67.0,140.0,0.039797
segdup,1,9,74,25,517,20,17,46.555378
insider,1,9,74,25,513.0,19.0,38.0,0.458479
fastmultrec_greedy,1,9,74,25,517.0,20.0,17.0,0.148402
lcamap,1,9,74,25,517.0,20.0,17.0,0.024497
segdup,1,10,74,25,50,2,0,72.357167
insider,1,10,74,25,50.0,2.0,0.0,0.066488
fastmultrec_greedy,1,10,74,25,50.0,2.0,0.0,0.236804
lcamap,1,10,74,25,50.0,2.0,0.0,0.038461
segdup,1,11,74,25,25,1,0,32.466295
insider,1,11,74,25,25.0,1.0,0.0,0.038808
fastmultrec_greedy,1,11,74,25,25.0,1.0,0.0,0.110255
lcamap,1,11,74,25,25.0,1.0,0.0,0.018606
segdup,2,7,75,25,8000,206,2850,572.672344
insider,2,7,75,25,7062.0,146.0,3412.0,3.565183
fastmultrec_greedy,2,7,75,25,7424.0,178.0,2974.0,22.671346
lcamap,2,7,75,25,8000.0,206.0,2850.0,0.154576
segdup,2,8,75,25,1459,55,84,117.637560
insider,2,8,75,25,1357.0,43.0,282.0,79.779933
fastmultrec_greedy,2,8,75,25,1459.0,55.0,84.0,0.477318
lcamap,2,8,75,25,1459.0,55.0,84.0,0.072780
segdup,2,10,75,25,77,3,2,115.267271
insider,2,10,75,25,77.0,3.0,2.0,0.145961
fastmultrec_greedy,2,10,75,25,77.0,3.0,2.0,0.557476
lcamap,2,10,75,25,77.0,3.0,2.0,0.079984
segdup,2,11,75,25,75,3,0,74.273351
insider,2,11,75,25,75.0,3.0,0.0,0.099712
fastmultrec_greedy,2,11,75,25,75.0,3.0,0.0,0.335115
lcamap,2,11,75,25,75.0,3.0,0.0,0.057907
segdup,1,7,75,25,5782,175,1407,219.645774
insider,1,7,75,25,5005.0,126.0,1855.0,9.123962
fastmultrec_greedy,1,7,75,25,5290.0,149.0,1565.0,12.388044
lcamap,1,7,75,25,5782.0,175.0,1407.0,0.077764
segdup,1,8,75,25,1246,47,71,56.451841
insider,1,8,75,25,1132.0,38.0,182.0,20.541576
fastmultrec_greedy,1,8,75,25,1246.0,47.0,71.0,0.171723
lcamap,1,8,75,25,1246.0,47.0,71.0,0.030402
segdup,1,9,75,25,27,1,2,72.069397
insider,1,9,75,25,27.0,1.0,2.0,0.072959
fastmultrec_greedy,1,9,75,25,27.0,1.0,2.0,0.295685
lcamap,1,9,75,25,27.0,1.0,2.0,0.044564
segdup,1,10,75,25,50,2,0,82.524404
insider,1,10,75,25,50.0,2.0,0.0,0.080917
fastmultrec_greedy,1,10,75,25,50.0,2.0,0.0,0.337883
lcamap,1,10,75,25,50.0,2.0,0.0,0.052527
segdup,1,11,75,25,25,1,0,42.858404
insider,1,11,75,25,25.0,1.0,0.0,0.047203
fastmultrec_greedy,1,11,75,25,25.0,1.0,0.0,0.195817
lcamap,1,11,75,25,25.0,1.0,0.0,0.026531
segdup,2,7,76,25,7450,198,2500,438.309239
insider,2,7,76,25,6629.0,145.0,3004.0,6.039176
fastmultrec_greedy,2,7,76,25,6949.0,168.0,2749.0,20.289708
lcamap,2,7,76,25,7450.0,198.0,2500.0,0.123891
segdup,2,8,76,25,1529,56,129,101.693644
insider,2,8,76,25,1471.0,49.0,246.0,5.469589
fastmultrec_greedy,2,8,76,25,1529.0,56.0,129.0,0.378001
lcamap,2,8,76,25,1529.0,56.0,129.0,0.054550
segdup,2,9,76,25,434,17,9,160.145711
insider,2,9,76,25,434.0,17.0,9.0,0.288766
fastmultrec_greedy,2,9,76,25,434.0,17.0,9.0,0.597841
lcamap,2,9,76,25,434.0,17.0,9.0,0.080041
segdup,2,10,76,25,76,3,1,78.636014
insider,2,10,76,25,76.0,3.0,1.0,0.103950
fastmultrec_greedy,2,10,76,25,76.0,3.0,1.0,0.377850
lcamap,2,10,76,25,76.0,3.0,1.0,0.061850
segdup,2,11,76,25,50,2,0,77.464597
insider,2,11,76,25,50.0,2.0,0.0,0.080277
fastmultrec_greedy,2,11,76,25,50.0,2.0,0.0,0.301354
lcamap,2,11,76,25,50.0,2.0,0.0,0.045612
segdup,1,7,76,25,4120,139,645,145.553378
insider,1,7,76,25,3701.0,109.0,976.0,14.214849
fastmultrec_greedy,1,7,76,25,3840.0,121.0,815.0,8.134755
lcamap,1,7,76,25,4120.0,139.0,645.0,0.064323
segdup,1,8,76,25,541,21,16,36.114548
insider,1,8,76,25,502.0,16.0,102.0,3.464252
fastmultrec_greedy,1,8,76,25,541.0,21.0,16.0,0.089827
lcamap,1,8,76,25,541.0,21.0,16.0,0.016272
segdup,1,9,76,25,418,16,18,83.598488
insider,1,9,76,25,418.0,16.0,18.0,1.579500
fastmultrec_greedy,1,9,76,25,418.0,16.0,18.0,0.295850
lcamap,1,9,76,25,418.0,16.0,18.0,0.055556
segdup,1,10,76,25,52,2,2,51.467047
insider,1,10,76,25,52.0,2.0,2.0,0.054962
fastmultrec_greedy,1,10,76,25,52.0,2.0,2.0,0.214275
lcamap,1,10,76,25,52.0,2.0,2.0,0.031806
segdup,1,11,76,25,25,1,0,27.477427
insider,1,11,76,25,25.0,1.0,0.0,0.027669
fastmultrec_greedy,1,11,76,25,25.0,1.0,0.0,0.102751
lcamap,1,11,76,25,25.0,1.0,0.0,0.016495
segdup,2,7,77,25,4415,136,1015,186.775212
insider,2,7,77,25,4132.0,111.0,1357.0,11.196964
fastmultrec_greedy,2,7,77,25,4282.0,129.0,1057.0,3.434910
lcamap,2,7,77,25,4415.0,136.0,1015.0,0.076170
segdup,2,8,77,25,1742,63,167,103.761440
insider,2,8,77,25,1665.0,51.0,390.0,72.103349
fastmultrec_greedy,2,8,77,25,1740.0,63.0,165.0,0.828691
lcamap,2,8,77,25,1781.0,65.0,156.0,0.054399
segdup,2,9,77,25,179,7,4,42.981269
insider,2,9,77,25,179.0,7.0,4.0,0.084228
fastmultrec_greedy,2,9,77,25,179.0,7.0,4.0,0.225190
lcamap,2,9,77,25,179.0,7.0,4.0,0.036042
segdup,2,10,77,25,100,4,0,125.883385
insider,2,10,77,25,100.0,4.0,0.0,0.160745
fastmultrec_greedy,2,10,77,25,100.0,4.0,0.0,0.619651
lcamap,2,10,77,25,100.0,4.0,0.0,0.106247
segdup,2,11,77,25,50,2,0,36.146350
insider,2,11,77,25,50.0,2.0,0.0,0.059206
fastmultrec_greedy,2,11,77,25,50.0,2.0,0.0,0.191890
lcamap,2,11,77,25,50.0,2.0,0.0,0.033731
segdup,1,7,77,25,7374,216,1974,176.917594
insider,1,7,77,25,6397.0,157.0,2472.0,9.998338
fastmultrec_greedy,1,7,77,25,6856.0,191.0,2081.0,8.695242
lcamap,1,7,77,25,7375.0,217.0,1950.0,0.058064
segdup,1,8,77,25,1160,43,85,49.817769
insider,1,8,77,25,-1,-1,-1,9999999999.000000
fastmultrec_greedy,1,8,77,25,1160.0,43.0,85.0,0.171684
lcamap,1,8,77,25,1160.0,43.0,85.0,0.027602
segdup,1,9,77,25,202,8,2,43.853995
insider,1,9,77,25,202.0,8.0,2.0,0.069160
fastmultrec_greedy,1,9,77,25,202.0,8.0,2.0,0.082118
lcamap,1,9,77,25,202.0,8.0,2.0,0.017315
segdup,1,10,77,25,51,2,1,58.918545
insider,1,10,77,25,51.0,2.0,1.0,0.064050
fastmultrec_greedy,1,10,77,25,51.0,2.0,1.0,0.203221
lcamap,1,10,77,25,51.0,2.0,1.0,0.034842
segdup,1,11,77,25,25,1,0,31.619874
insider,1,11,77,25,25.0,1.0,0.0,0.038218
fastmultrec_greedy,1,11,77,25,25.0,1.0,0.0,0.131471
lcamap,1,11,77,25,25.0,1.0,0.0,0.021528
segdup,2,7,78,25,8794,245,2669,404.587223
insider,2,7,78,25,7448.0,162.0,3398.0,4.632664
fastmultrec_greedy,2,7,78,25,7779.0,191.0,3004.0,36.664128
lcamap,2,7,78,25,8794.0,245.0,2669.0,0.128879
segdup,2,8,78,25,2756,98,306,149.305849
insider,2,8,78,25,2519.0,79.0,544.0,92.696209
fastmultrec_greedy,2,8,78,25,2695.0,96.0,295.0,1.744715
lcamap,2,8,78,25,2760.0,99.0,285.0,0.072397
segdup,2,9,78,25,312,12,12,111.187876
insider,2,9,78,25,312.0,12.0,12.0,0.264351
fastmultrec_greedy,2,9,78,25,312.0,12.0,12.0,0.533329
lcamap,2,9,78,25,312.0,12.0,12.0,0.076474
segdup,2,11,78,25,51,2,1,79.715643
insider,2,11,78,25,51.0,2.0,1.0,0.100019
fastmultrec_greedy,2,11,78,25,51.0,2.0,1.0,0.391542
lcamap,2,11,78,25,51.0,2.0,1.0,0.066941
segdup,1,7,78,25,3214,113,389,106.016198
insider,1,7,78,25,2826.0,83.0,751.0,14.714511
fastmultrec_greedy,1,7,78,25,3072.0,106.0,422.0,2.594520
lcamap,1,7,78,25,3220.0,114.0,370.0,0.049723
segdup,1,8,78,25,1269,46,119,41.775839
insider,1,8,78,25,1207.0,41.0,182.0,2.599685
fastmultrec_greedy,1,8,78,25,1269.0,46.0,119.0,0.149441
lcamap,1,8,78,25,1269.0,46.0,119.0,0.023523
segdup,1,9,78,25,177,7,2,45.762785
insider,1,9,78,25,161.0,6.0,11.0,0.046192
fastmultrec_greedy,1,9,78,25,177.0,7.0,2.0,0.109291
lcamap,1,9,78,25,177.0,7.0,2.0,0.017521
segdup,1,10,78,25,105,4,5,111.608441
insider,1,10,78,25,105.0,4.0,5.0,0.079820
fastmultrec_greedy,1,10,78,25,105.0,4.0,5.0,0.274107
lcamap,1,10,78,25,105.0,4.0,5.0,0.043123
segdup,1,11,78,25,25,1,0,67.134674
insider,1,11,78,25,25.0,1.0,0.0,0.066060
fastmultrec_greedy,1,11,78,25,25.0,1.0,0.0,0.258744
lcamap,1,11,78,25,25.0,1.0,0.0,0.039493
segdup,2,7,79,25,10403,250,4153,475.725079
insider,2,7,79,25,9248.0,179.0,4773.0,3.027481
fastmultrec_greedy,2,7,79,25,9549.0,206.0,4399.0,32.360127
lcamap,2,7,79,25,10417.0,251.0,4142.0,0.116120
segdup,2,8,79,25,1037,38,87,62.518025
insider,2,8,79,25,963.0,33.0,138.0,46.135501
fastmultrec_greedy,2,8,79,25,1037.0,38.0,87.0,0.675076
lcamap,2,8,79,25,1083.0,40.0,83.0,0.038089
segdup,2,9,79,25,282,11,7,54.489660
insider,2,9,79,25,282.0,11.0,7.0,0.112388
fastmultrec_greedy,2,9,79,25,282.0,11.0,7.0,0.160888
lcamap,2,9,79,25,282.0,11.0,7.0,0.027693
segdup,2,10,79,25,152,6,2,97.741083
insider,2,10,79,25,152.0,6.0,2.0,0.178143
fastmultrec_greedy,2,10,79,25,152.0,6.0,2.0,0.488246
lcamap,2,10,79,25,152.0,6.0,2.0,0.091701
segdup,2,11,79,25,50,2,0,137.725507
insider,2,11,79,25,50.0,2.0,0.0,0.127216
fastmultrec_greedy,2,11,79,25,50.0,2.0,0.0,0.545610
lcamap,2,11,79,25,50.0,2.0,0.0,0.078991
segdup,1,7,79,25,2127,77,202,61.469196
insider,1,7,79,25,1990.0,63.0,415.0,15.056295
fastmultrec_greedy,1,7,79,25,2083.0,75.0,208.0,0.508022
lcamap,1,7,79,25,2127.0,77.0,202.0,0.039741
segdup,1,8,79,25,2050,73,225,51.602554
insider,1,8,79,25,1848.0,58.0,398.0,113.764250
fastmultrec_greedy,1,8,79,25,2028.0,72.0,228.0,0.364511
lcamap,1,8,79,25,2072.0,74.0,222.0,0.025919
segdup,1,9,79,25,351,14,1,75.445231
insider,1,9,79,25,351.0,14.0,1.0,0.209628
fastmultrec_greedy,1,9,79,25,351.0,14.0,1.0,0.332168
lcamap,1,9,79,25,351.0,14.0,1.0,0.054232
segdup,1,10,79,25,26,1,1,47.298337
insider,1,10,79,25,26.0,1.0,1.0,0.048604
fastmultrec_greedy,1,10,79,25,26.0,1.0,1.0,0.185978
lcamap,1,10,79,25,26.0,1.0,1.0,0.030437
segdup,2,7,80,25,8212,195,3337,301.680001
insider,2,7,80,25,7363.0,141.0,3838.0,6.084265
fastmultrec_greedy,2,7,80,25,7674.0,165.0,3549.0,14.104348
lcamap,2,7,80,25,8212.0,195.0,3337.0,0.080624
segdup,2,8,80,25,2208,81,183,198.898121
insider,2,8,80,25,2077.0,69.0,352.0,62.298259
fastmultrec_greedy,2,8,80,25,2192.0,80.0,192.0,1.090762
lcamap,2,8,80,25,2208.0,81.0,183.0,0.101662
segdup,2,9,80,25,185,7,10,34.116842
insider,2,9,80,25,185.0,7.0,10.0,0.074201
fastmultrec_greedy,2,9,80,25,185.0,7.0,10.0,0.228342
lcamap,2,9,80,25,185.0,7.0,10.0,0.028422
segdup,2,10,80,25,51,2,1,120.517538
insider,2,10,80,25,51.0,2.0,1.0,0.120281
fastmultrec_greedy,2,10,80,25,51.0,2.0,1.0,0.482892
lcamap,2,10,80,25,51.0,2.0,1.0,0.073965
segdup,2,11,80,25,75,3,0,116.912389
insider,2,11,80,25,75.0,3.0,0.0,0.157429
fastmultrec_greedy,2,11,80,25,75.0,3.0,0.0,0.619909
lcamap,2,11,80,25,75.0,3.0,0.0,0.098290
segdup,1,7,80,25,2275,80,275,93.992713
insider,1,7,80,25,1986.0,58.0,536.0,5.018582
fastmultrec_greedy,1,7,80,25,2153.0,74.0,303.0,1.705292
lcamap,1,7,80,25,2278.0,81.0,253.0,0.038001
segdup,1,8,80,25,1303,48,103,63.234030
insider,1,8,80,25,1263.0,43.0,188.0,3.527652
fastmultrec_greedy,1,8,80,25,1303.0,48.0,103.0,0.194154
lcamap,1,8,80,25,1303.0,48.0,103.0,0.031372
segdup,1,9,80,25,271,10,21,68.717126
insider,1,9,80,25,271.0,10.0,21.0,0.090712
fastmultrec_greedy,1,9,80,25,271.0,10.0,21.0,0.194880
lcamap,1,9,80,25,271.0,10.0,21.0,0.031064
segdup,1,10,80,25,103,4,3,77.527435
insider,1,10,80,25,103.0,4.0,3.0,0.085887
fastmultrec_greedy,1,10,80,25,103.0,4.0,3.0,0.276797
lcamap,1,10,80,25,103.0,4.0,3.0,0.047914
segdup,1,11,80,25,50,2,0,71.052435
insider,1,11,80,25,50.0,2.0,0.0,0.076470
fastmultrec_greedy,1,11,80,25,50.0,2.0,0.0,0.282666
lcamap,1,11,80,25,50.0,2.0,0.0,0.050184
segdup,2,7,81,25,6774,195,1899,302.936489
insider,2,7,81,25,5847.0,135.0,2472.0,6.649122
fastmultrec_greedy,2,7,81,25,6210.0,167.0,2035.0,17.404385
lcamap,2,7,81,25,6782.0,196.0,1882.0,0.096011
segdup,2,8,81,25,2435,86,285,211.920584
insider,2,8,81,25,2238.0,70.0,488.0,7.502317
fastmultrec_greedy,2,8,81,25,2435.0,86.0,285.0,0.790219
lcamap,2,8,81,25,2435.0,86.0,285.0,0.102047
segdup,2,9,81,25,180,7,5,173.993848
insider,2,9,81,25,180.0,7.0,5.0,0.182193
fastmultrec_greedy,2,9,81,25,180.0,7.0,5.0,0.748314
lcamap,2,9,81,25,180.0,7.0,5.0,0.102285
segdup,2,10,81,25,100,4,0,78.400726
insider,2,10,81,25,100.0,4.0,0.0,0.095331
fastmultrec_greedy,2,10,81,25,100.0,4.0,0.0,0.307356
lcamap,2,10,81,25,100.0,4.0,0.0,0.045333
segdup,2,11,81,25,50,2,0,83.279898
insider,2,11,81,25,50.0,2.0,0.0,0.105911
fastmultrec_greedy,2,11,81,25,50.0,2.0,0.0,0.397597
lcamap,2,11,81,25,50.0,2.0,0.0,0.066528
segdup,1,7,81,25,6877,208,1677,223.792826
insider,1,7,81,25,5929.0,144.0,2329.0,6.701558
fastmultrec_greedy,1,7,81,25,6243.0,173.0,1918.0,21.955711
lcamap,1,7,81,25,6877.0,208.0,1677.0,0.079948
segdup,1,8,81,25,1328,50,78,68.235686
insider,1,8,81,25,1273.0,42.0,223.0,222.808047
fastmultrec_greedy,1,8,81,25,1306.0,49.0,81.0,0.383922
lcamap,1,8,81,25,1328.0,50.0,78.0,0.034568
segdup,1,9,81,25,131,5,6,102.706116
insider,1,9,81,25,131.0,5.0,6.0,0.104227
fastmultrec_greedy,1,9,81,25,131.0,5.0,6.0,0.374226
lcamap,1,9,81,25,131.0,5.0,6.0,0.067123
segdup,1,10,81,25,51,2,1,38.804907
insider,1,10,81,25,51.0,2.0,1.0,0.046614
fastmultrec_greedy,1,10,81,25,51.0,2.0,1.0,0.133195
lcamap,1,10,81,25,51.0,2.0,1.0,0.021702
segdup,1,11,81,25,25,1,0,51.878396
insider,1,11,81,25,25.0,1.0,0.0,0.058770
fastmultrec_greedy,1,11,81,25,25.0,1.0,0.0,0.206599
lcamap,1,11,81,25,25.0,1.0,0.0,0.031957
segdup,2,7,82,25,6137,166,1987,233.084486
insider,2,7,82,25,5306.0,116.0,2406.0,8.245801
fastmultrec_greedy,2,7,82,25,5609.0,141.0,2084.0,12.952232
lcamap,2,7,82,25,6153.0,169.0,1928.0,0.069205
segdup,2,8,82,25,3304,112,504,160.228735
insider,2,8,82,25,2931.0,86.0,781.0,10.997221
fastmultrec_greedy,2,8,82,25,3118.0,103.0,543.0,3.861961
lcamap,2,8,82,25,3304.0,112.0,504.0,0.071779
segdup,2,9,82,25,188,7,13,158.612624
insider,2,9,82,25,185.0,6.0,35.0,0.114793
fastmultrec_greedy,2,9,82,25,204.0,8.0,4.0,0.385326
lcamap,2,9,82,25,204.0,8.0,4.0,0.062507
segdup,2,10,82,25,77,3,2,151.155783
insider,2,10,82,25,77.0,3.0,2.0,0.142365
fastmultrec_greedy,2,10,82,25,77.0,3.0,2.0,0.554298
lcamap,2,10,82,25,77.0,3.0,2.0,0.081173
segdup,1,7,82,25,2977,103,402,94.923991
insider,1,7,82,25,2586.0,77.0,661.0,8.667017
fastmultrec_greedy,1,7,82,25,2804.0,95.0,429.0,3.040764
lcamap,1,7,82,25,3046.0,107.0,371.0,0.044320
segdup,1,8,82,25,1171,43,96,37.525065
insider,1,8,82,25,1110.0,38.0,160.0,60.554039
fastmultrec_greedy,1,8,82,25,1171.0,43.0,96.0,0.217525
lcamap,1,8,82,25,1190.0,44.0,90.0,0.019363
segdup,1,9,82,25,497,19,22,43.437469
insider,1,9,82,25,497.0,19.0,22.0,0.866923
fastmultrec_greedy,1,9,82,25,497.0,19.0,22.0,0.136544
lcamap,1,9,82,25,497.0,19.0,22.0,0.023306
segdup,1,10,82,25,25,1,0,71.490127
insider,1,10,82,25,25.0,1.0,0.0,0.068973
fastmultrec_greedy,1,10,82,25,25.0,1.0,0.0,0.241620
lcamap,1,10,82,25,25.0,1.0,0.0,0.041082
segdup,1,11,82,25,25,1,0,69.540706
insider,1,11,82,25,25.0,1.0,0.0,0.065534
fastmultrec_greedy,1,11,82,25,25.0,1.0,0.0,0.268491
lcamap,1,11,82,25,25.0,1.0,0.0,0.038446
segdup,2,7,83,25,4399,122,1349,178.084801
insider,2,7,83,25,3921.0,90.0,1671.0,1.944874
fastmultrec_greedy,2,7,83,25,4122.0,108.0,1422.0,4.430665
lcamap,2,7,83,25,4399.0,122.0,1349.0,0.049631
segdup,2,8,83,25,3942,127,767,219.932131
insider,2,8,83,25,3632.0,98.0,1182.0,20.668617
fastmultrec_greedy,2,8,83,25,3856.0,122.0,806.0,2.965323
lcamap,2,8,83,25,3942.0,127.0,767.0,0.085439
segdup,2,9,83,25,103,4,3,218.125856
insider,2,9,83,25,103.0,4.0,3.0,0.152136
fastmultrec_greedy,2,9,83,25,103.0,4.0,3.0,0.554916
lcamap,2,9,83,25,103.0,4.0,3.0,0.091097
segdup,2,10,83,25,51,2,1,95.130965
insider,2,10,83,25,51.0,2.0,1.0,0.126791
fastmultrec_greedy,2,10,83,25,51.0,2.0,1.0,0.466044
lcamap,2,10,83,25,51.0,2.0,1.0,0.079077
segdup,2,11,83,25,100,4,0,137.780902
insider,2,11,83,25,100.0,4.0,0.0,0.109098
fastmultrec_greedy,2,11,83,25,100.0,4.0,0.0,0.421002
lcamap,2,11,83,25,100.0,4.0,0.0,0.066124
segdup,1,7,83,25,4892,161,867,156.634555
insider,1,7,83,25,4374.0,128.0,1174.0,9.691827
fastmultrec_greedy,1,7,83,25,4597.0,148.0,897.0,7.068322
lcamap,1,7,83,25,4905.0,165.0,780.0,0.069448
segdup,1,8,83,25,2304,83,229,77.222480
insider,1,8,83,25,2109.0,66.0,459.0,105.658286
fastmultrec_greedy,1,8,83,25,2282.0,82.0,232.0,0.401952
lcamap,1,8,83,25,2304.0,83.0,229.0,0.040134
segdup,1,9,83,25,103,4,3,48.478071
insider,1,9,83,25,103.0,4.0,3.0,0.064751
fastmultrec_greedy,1,9,83,25,103.0,4.0,3.0,0.214951
lcamap,1,9,83,25,103.0,4.0,3.0,0.032069
segdup,1,10,83,25,26,1,1,71.666173
insider,1,10,83,25,26.0,1.0,1.0,0.073891
fastmultrec_greedy,1,10,83,25,26.0,1.0,1.0,0.290177
lcamap,1,10,83,25,26.0,1.0,1.0,0.049489
segdup,1,11,83,25,75,3,0,92.134956
insider,1,11,83,25,75.0,3.0,0.0,0.091012
fastmultrec_greedy,1,11,83,25,75.0,3.0,0.0,0.347226
lcamap,1,11,83,25,75.0,3.0,0.0,0.055085
segdup,2,7,84,25,4287,139,812,398.277359
insider,2,7,84,25,3891.0,107.0,1216.0,4.954929
fastmultrec_greedy,2,7,84,25,4096.0,129.0,871.0,12.968418
lcamap,2,7,84,25,4287.0,139.0,812.0,0.144105
segdup,2,8,84,25,1366,51,91,100.924834
insider,2,8,84,25,1268.0,43.0,193.0,3.624306
fastmultrec_greedy,2,8,84,25,1366.0,51.0,91.0,0.382083
lcamap,2,8,84,25,1366.0,51.0,91.0,0.059938
segdup,2,9,84,25,158,6,8,50.483960
insider,2,9,84,25,158.0,6.0,8.0,0.083621
fastmultrec_greedy,2,9,84,25,158.0,6.0,8.0,0.221928
lcamap,2,9,84,25,158.0,6.0,8.0,0.037317
segdup,2,10,84,25,51,2,1,138.962385
insider,2,10,84,25,51.0,2.0,1.0,0.138082
fastmultrec_greedy,2,10,84,25,51.0,2.0,1.0,0.565020
lcamap,2,10,84,25,51.0,2.0,1.0,0.087678
segdup,1,7,84,25,10007,284,2907,228.773341
insider,1,7,84,25,8679.0,196.0,3779.0,13.078202
fastmultrec_greedy,1,7,84,25,9184.0,241.0,3159.0,21.283267
lcamap,1,7,84,25,10029.0,286.0,2879.0,0.084395
segdup,1,8,84,25,1872,68,172,73.743035
insider,1,8,84,25,1754.0,57.0,329.0,12.736684
fastmultrec_greedy,1,8,84,25,1870.0,68.0,170.0,0.452136
lcamap,1,8,84,25,1892.0,69.0,167.0,0.036347
segdup,1,9,84,25,80,3,5,30.816479
insider,1,9,84,25,80.0,3.0,5.0,0.034634
fastmultrec_greedy,1,9,84,25,80.0,3.0,5.0,0.094238
lcamap,1,9,84,25,80.0,3.0,5.0,0.016452
segdup,1,10,84,25,75,3,0,30.444567
insider,1,10,84,25,75.0,3.0,0.0,0.037391
fastmultrec_greedy,1,10,84,25,75.0,3.0,0.0,0.092227
lcamap,1,10,84,25,75.0,3.0,0.0,0.018801
segdup,1,11,84,25,50,2,0,40.208564
insider,1,11,84,25,50.0,2.0,0.0,0.045481
fastmultrec_greedy,1,11,84,25,50.0,2.0,0.0,0.148589
lcamap,1,11,84,25,50.0,2.0,0.0,0.024637
segdup,2,7,85,25,3111,108,411,216.341202
insider,2,7,85,25,2741.0,77.0,816.0,136.632779
fastmultrec_greedy,2,7,85,25,3008.0,101.0,483.0,5.739105
lcamap,2,7,85,25,3111.0,108.0,411.0,0.095796
segdup,2,8,85,25,1332,48,132,72.179755
insider,2,8,85,25,1261.0,43.0,186.0,3.318945
fastmultrec_greedy,2,8,85,25,1332.0,48.0,132.0,0.271734
lcamap,2,8,85,25,1332.0,48.0,132.0,0.036397
segdup,2,9,85,25,213,8,13,83.331754
insider,2,9,85,25,213.0,8.0,13.0,0.122204
fastmultrec_greedy,2,9,85,25,213.0,8.0,13.0,0.383739
lcamap,2,9,85,25,213.0,8.0,13.0,0.057481
segdup,2,10,85,25,52,2,2,123.373264
insider,2,10,85,25,52.0,2.0,2.0,0.143353
fastmultrec_greedy,2,10,85,25,52.0,2.0,2.0,0.723003
lcamap,2,10,85,25,52.0,2.0,2.0,0.103793
segdup,2,11,85,25,75,3,0,78.177670
insider,2,11,85,25,75.0,3.0,0.0,0.093271
fastmultrec_greedy,2,11,85,25,75.0,3.0,0.0,0.342346
lcamap,2,11,85,25,75.0,3.0,0.0,0.049841
segdup,1,7,85,25,10873,286,3723,284.696345
insider,1,7,85,25,9674.0,205.0,4549.0,11.978354
fastmultrec_greedy,1,7,85,25,10058.0,242.0,4008.0,25.622910
lcamap,1,7,85,25,10873.0,286.0,3723.0,0.076571
segdup,1,8,85,25,1349,49,124,70.949154
insider,1,8,85,25,1252.0,41.0,227.0,4.774208
fastmultrec_greedy,1,8,85,25,1328.0,48.0,128.0,0.476092
lcamap,1,8,85,25,1369.0,50.0,119.0,0.027478
segdup,1,9,85,25,305,12,5,44.343726
insider,1,9,85,25,305.0,12.0,5.0,0.186593
fastmultrec_greedy,1,9,85,25,305.0,12.0,5.0,0.087861
lcamap,1,9,85,25,305.0,12.0,5.0,0.017257
segdup,1,10,85,25,100,4,0,73.474085
insider,1,10,85,25,100.0,4.0,0.0,0.071003
fastmultrec_greedy,1,10,85,25,100.0,4.0,0.0,0.213349
lcamap,1,10,85,25,100.0,4.0,0.0,0.038291
segdup,1,11,85,25,25,1,0,51.217701
insider,1,11,85,25,25.0,1.0,0.0,0.050103
fastmultrec_greedy,1,11,85,25,25.0,1.0,0.0,0.201708
lcamap,1,11,85,25,25.0,1.0,0.0,0.030305
segdup,2,8,86,25,2520,88,320,160.509101
insider,2,8,86,25,2365.0,69.0,640.0,6.948109
fastmultrec_greedy,2,8,86,25,2520.0,88.0,320.0,0.477775
lcamap,2,8,86,25,2520.0,88.0,320.0,0.071517
segdup,2,9,86,25,154,6,4,161.281751
insider,2,9,86,25,154.0,6.0,4.0,0.221101
fastmultrec_greedy,2,9,86,25,154.0,6.0,4.0,0.644612
lcamap,2,9,86,25,154.0,6.0,4.0,0.097777
segdup,2,10,86,25,75,3,0,106.347320
insider,2,10,86,25,75.0,3.0,0.0,0.121303
fastmultrec_greedy,2,10,86,25,75.0,3.0,0.0,0.424657
lcamap,2,10,86,25,75.0,3.0,0.0,0.066199
segdup,2,11,86,25,75368,17,74943,461.345744
insider,2,11,86,25,75368.0,17.0,74943.0,0.224020
fastmultrec_greedy,2,11,86,25,75368.0,17.0,74943.0,0.403227
lcamap,2,11,86,25,75368.0,17.0,74943.0,0.088664
segdup,1,7,86,25,2085,71,310,74.295872
insider,1,7,86,25,1916.0,57.0,491.0,1.085102
fastmultrec_greedy,1,7,86,25,1993.0,67.0,318.0,1.600469
lcamap,1,7,86,25,2152.0,75.0,277.0,0.026741
segdup,1,8,86,25,1810,64,210,65.242195
insider,1,8,86,25,1702.0,54.0,352.0,2.531917
fastmultrec_greedy,1,8,86,25,1774.0,62.0,224.0,0.424072
lcamap,1,8,86,25,1810.0,64.0,210.0,0.027366
segdup,1,9,86,25,670,26,20,103.918492
insider,1,9,86,25,670.0,26.0,20.0,9.184569
fastmultrec_greedy,1,9,86,25,670.0,26.0,20.0,0.310819
lcamap,1,9,86,25,670.0,26.0,20.0,0.051730
segdup,1,10,86,25,50,2,0,51.328123
insider,1,10,86,25,50.0,2.0,0.0,0.055324
fastmultrec_greedy,1,10,86,25,50.0,2.0,0.0,0.164860
lcamap,1,10,86,25,50.0,2.0,0.0,0.026867
segdup,1,11,86,25,25,1,0,72.137011
insider,1,11,86,25,25.0,1.0,0.0,0.063580
fastmultrec_greedy,1,11,86,25,25.0,1.0,0.0,0.239964
lcamap,1,11,86,25,25.0,1.0,0.0,0.045983
segdup,2,7,87,25,7386,182,2836,242.419771
insider,2,7,87,25,6504.0,130.0,3254.0,1.225720
fastmultrec_greedy,2,7,87,25,6722.0,146.0,3072.0,12.654003
lcamap,2,7,87,25,7386.0,182.0,2836.0,0.053560
segdup,2,8,87,25,2433,81,408,145.816921
insider,2,8,87,25,2284.0,66.0,634.0,24.824588
fastmultrec_greedy,2,8,87,25,2384.0,78.0,434.0,1.874852
lcamap,2,8,87,25,2457.0,83.0,382.0,0.054621
segdup,2,9,87,25,567,22,17,128.296688
insider,2,9,87,25,560.0,21.0,35.0,5.340853
fastmultrec_greedy,2,9,87,25,567.0,22.0,17.0,0.440878
lcamap,2,9,87,25,567.0,22.0,17.0,0.068905
segdup,2,10,87,25,50,2,0,76.140910
insider,2,10,87,25,50.0,2.0,0.0,0.100832
fastmultrec_greedy,2,10,87,25,50.0,2.0,0.0,0.360084
lcamap,2,10,87,25,50.0,2.0,0.0,0.060089
segdup,2,11,87,25,50,2,0,59.985529
insider,2,11,87,25,50.0,2.0,0.0,0.084560
fastmultrec_greedy,2,11,87,25,50.0,2.0,0.0,0.305427
lcamap,2,11,87,25,50.0,2.0,0.0,0.048733
segdup,1,7,87,25,1771,67,96,84.433611
insider,1,7,87,25,-1,-1,-1,9999999999.000000
fastmultrec_greedy,1,7,87,25,1771.0,67.0,96.0,0.315627
lcamap,1,7,87,25,1771.0,67.0,96.0,0.048676
segdup,1,8,87,25,1230,45,105,40.955799
insider,1,8,87,25,1137.0,37.0,212.0,0.875276
fastmultrec_greedy,1,8,87,25,1230.0,45.0,105.0,0.105140
lcamap,1,8,87,25,1230.0,45.0,105.0,0.018494
segdup,1,9,87,25,179,7,4,42.311246
insider,1,9,87,25,179.0,7.0,4.0,0.063303
fastmultrec_greedy,1,9,87,25,179.0,7.0,4.0,0.162441
lcamap,1,9,87,25,179.0,7.0,4.0,0.030605
segdup,1,10,87,25,78,3,3,89.352564
insider,1,10,87,25,78.0,3.0,3.0,0.094153
fastmultrec_greedy,1,10,87,25,78.0,3.0,3.0,0.345152
lcamap,1,10,87,25,78.0,3.0,3.0,0.051391
segdup,1,11,87,25,26,1,1,57.315378
insider,1,11,87,25,26.0,1.0,1.0,0.066307
fastmultrec_greedy,1,11,87,25,26.0,1.0,1.0,0.242151
lcamap,1,11,87,25,26.0,1.0,1.0,0.038188
segdup,2,8,88,25,1183,44,83,89.338347
insider,2,8,88,25,1096.0,38.0,146.0,9.622114
fastmultrec_greedy,2,8,88,25,1183.0,44.0,83.0,0.682861
lcamap,2,8,88,25,1205.0,45.0,80.0,0.051196
segdup,2,9,88,25,688,26,38,121.893497
insider,2,9,88,25,669.0,25.0,44.0,1.769451
fastmultrec_greedy,2,9,88,25,688.0,26.0,38.0,0.593386
lcamap,2,9,88,25,688.0,26.0,38.0,0.082631
segdup,2,10,88,25,75,3,0,73.686768
insider,2,10,88,25,75.0,3.0,0.0,0.080017
fastmultrec_greedy,2,10,88,25,75.0,3.0,0.0,0.265480
lcamap,2,10,88,25,75.0,3.0,0.0,0.042064
segdup,2,11,88,25,51,2,1,114.793568
insider,2,11,88,25,51.0,2.0,1.0,0.135379
fastmultrec_greedy,2,11,88,25,51.0,2.0,1.0,0.593566
lcamap,2,11,88,25,51.0,2.0,1.0,0.082273
segdup,1,7,88,25,2984,94,634,84.389295
insider,1,7,88,25,2628.0,71.0,853.0,1.542031
fastmultrec_greedy,1,7,88,25,2851.0,89.0,626.0,1.458710
lcamap,1,7,88,25,2999.0,97.0,574.0,0.034770
segdup,1,8,88,25,1488,56,88,63.217821
insider,1,8,88,25,1413.0,51.0,138.0,20.525568
fastmultrec_greedy,1,8,88,25,1488.0,56.0,88.0,0.365685
lcamap,1,8,88,25,1510.0,57.0,85.0,0.032932
segdup,1,9,88,25,415,16,15,71.263687
insider,1,9,88,25,415.0,16.0,15.0,0.334230
fastmultrec_greedy,1,9,88,25,415.0,16.0,15.0,0.255570
lcamap,1,9,88,25,415.0,16.0,15.0,0.039040
segdup,1,10,88,25,52,2,2,56.156728
insider,1,10,88,25,52.0,2.0,2.0,0.054822
fastmultrec_greedy,1,10,88,25,52.0,2.0,2.0,0.202496
lcamap,1,10,88,25,52.0,2.0,2.0,0.031855
segdup,1,11,88,25,25,1,0,89.217380
insider,1,11,88,25,25.0,1.0,0.0,0.086631
fastmultrec_greedy,1,11,88,25,25.0,1.0,0.0,0.378504
lcamap,1,11,88,25,25.0,1.0,0.0,0.054864
segdup,2,7,89,25,6504,156,2604,329.321173
insider,2,7,89,25,5904.0,114.0,3054.0,2.840466
fastmultrec_greedy,2,7,89,25,6086.0,134.0,2736.0,10.610259
lcamap,2,7,89,25,6504.0,156.0,2604.0,0.073147
segdup,2,8,89,25,1262,47,87,205.822252
insider,2,8,89,25,1215.0,43.0,140.0,6.054031
fastmultrec_greedy,2,8,89,25,1262.0,47.0,87.0,0.754313
lcamap,2,8,89,25,1262.0,47.0,87.0,0.104914
segdup,2,9,89,25,419,16,19,51.167229
insider,2,9,89,25,373.0,11.0,98.0,2.305442
fastmultrec_greedy,2,9,89,25,419.0,16.0,19.0,0.166034
lcamap,2,9,89,25,419.0,16.0,19.0,0.029645
segdup,2,10,89,25,76,3,1,51.482093
insider,2,10,89,25,76.0,3.0,1.0,0.074359
fastmultrec_greedy,2,10,89,25,76.0,3.0,1.0,0.248384
lcamap,2,10,89,25,76.0,3.0,1.0,0.041036
segdup,2,11,89,25,50,2,0,134.894226
insider,2,11,89,25,50.0,2.0,0.0,0.167632
fastmultrec_greedy,2,11,89,25,50.0,2.0,0.0,0.649073
lcamap,2,11,89,25,50.0,2.0,0.0,0.098006
segdup,1,7,89,25,2287,76,387,62.983618
insider,1,7,89,25,1921.0,52.0,621.0,1.678859
fastmultrec_greedy,1,7,89,25,2033.0,63.0,458.0,1.511292
lcamap,1,7,89,25,2357.0,80.0,357.0,0.025550
segdup,1,8,89,25,1419,53,94,68.773893
insider,1,8,89,25,1303.0,44.0,203.0,241.323360
fastmultrec_greedy,1,8,89,25,1419.0,53.0,94.0,0.334780
lcamap,1,8,89,25,1438.0,54.0,88.0,0.035093
segdup,1,9,89,25,335,13,10,55.773441
insider,1,9,89,25,316.0,12.0,16.0,0.115178
fastmultrec_greedy,1,9,89,25,335.0,13.0,10.0,0.143233
lcamap,1,9,89,25,335.0,13.0,10.0,0.026521
segdup,1,10,89,25,105,4,5,167.386430
insider,1,10,89,25,105.0,4.0,5.0,0.094925
fastmultrec_greedy,1,10,89,25,105.0,4.0,5.0,0.349228
lcamap,1,10,89,25,105.0,4.0,5.0,0.058938
segdup,1,11,89,25,25,1,0,60.281555
insider,1,11,89,25,25.0,1.0,0.0,0.063526
fastmultrec_greedy,1,11,89,25,25.0,1.0,0.0,0.227056
lcamap,1,11,89,25,25.0,1.0,0.0,0.038701
segdup,2,7,90,25,4882,130,1632,195.169696
insider,2,7,90,25,4416.0,102.0,1866.0,2.385112
fastmultrec_greedy,2,7,90,25,4542.0,111.0,1767.0,6.024804
lcamap,2,7,90,25,4882.0,130.0,1632.0,0.052427
segdup,2,8,90,25,1130,43,55,80.072146
insider,2,8,90,25,1098.0,39.0,123.0,38.330771
fastmultrec_greedy,2,8,90,25,1130.0,43.0,55.0,0.289154
lcamap,2,8,90,25,1130.0,43.0,55.0,0.046425
segdup,2,9,90,25,439,17,14,100.260964
insider,2,9,90,25,439.0,17.0,14.0,1.078298
fastmultrec_greedy,2,9,90,25,439.0,17.0,14.0,0.447385
lcamap,2,9,90,25,439.0,17.0,14.0,0.069388
segdup,2,10,90,25,51,2,1,69.135086
insider,2,10,90,25,51.0,2.0,1.0,0.092193
fastmultrec_greedy,2,10,90,25,51.0,2.0,1.0,0.333758
lcamap,2,10,90,25,51.0,2.0,1.0,0.051526
segdup,2,11,90,25,75,3,0,130.713741
insider,2,11,90,25,75.0,3.0,0.0,0.162550
fastmultrec_greedy,2,11,90,25,75.0,3.0,0.0,0.615048
lcamap,2,11,90,25,75.0,3.0,0.0,0.092290
segdup,1,7,90,25,3972,125,847,115.039643
insider,1,7,90,25,3456.0,94.0,1106.0,1.908723
fastmultrec_greedy,1,7,90,25,3698.0,113.0,873.0,3.727020
lcamap,1,7,90,25,3990.0,129.0,765.0,0.042292
segdup,1,8,90,25,1691,61,166,65.067989
insider,1,8,90,25,1536.0,45.0,411.0,69.656389
fastmultrec_greedy,1,8,90,25,1646.0,58.0,196.0,0.542360
lcamap,1,8,90,25,1691.0,61.0,166.0,0.026353
segdup,1,9,90,25,56,2,6,57.099299
insider,1,9,90,25,56.0,2.0,6.0,0.056774
fastmultrec_greedy,1,9,90,25,56.0,2.0,6.0,0.203908
lcamap,1,9,90,25,56.0,2.0,6.0,0.033406
segdup,1,10,90,25,50,2,0,97.573571
insider,1,10,90,25,50.0,2.0,0.0,0.095148
fastmultrec_greedy,1,10,90,25,50.0,2.0,0.0,0.394791
lcamap,1,10,90,25,50.0,2.0,0.0,0.060793
segdup,1,11,90,25,50,2,0,71.498913
insider,1,11,90,25,50.0,2.0,0.0,0.070247
fastmultrec_greedy,1,11,90,25,50.0,2.0,0.0,0.327652
lcamap,1,11,90,25,50.0,2.0,0.0,0.038986
segdup,2,8,91,25,781,30,31,75.714681
insider,2,8,91,25,748.0,27.0,73.0,2.376663
fastmultrec_greedy,2,8,91,25,781.0,30.0,31.0,0.314112
lcamap,2,8,91,25,781.0,30.0,31.0,0.046892
segdup,2,9,91,25,412,16,12,142.674967
insider,2,9,91,25,412.0,16.0,12.0,0.273408
fastmultrec_greedy,2,9,91,25,412.0,16.0,12.0,0.575873
lcamap,2,9,91,25,412.0,16.0,12.0,0.090247
segdup,2,10,91,25,81,3,6,114.376017
insider,2,10,91,25,81.0,3.0,6.0,0.142931
fastmultrec_greedy,2,10,91,25,81.0,3.0,6.0,0.516042
lcamap,2,10,91,25,81.0,3.0,6.0,0.083748
segdup,2,11,91,25,75,3,0,76.224383
insider,2,11,91,25,75.0,3.0,0.0,0.101818
fastmultrec_greedy,2,11,91,25,75.0,3.0,0.0,0.344013
lcamap,2,11,91,25,75.0,3.0,0.0,0.056075
segdup,1,7,91,25,7080,207,1905,162.266756
insider,1,7,91,25,6016.0,138.0,2566.0,78.601633
fastmultrec_greedy,1,7,91,25,6358.0,171.0,2083.0,10.884458
lcamap,1,7,91,25,7101.0,208.0,1901.0,0.047853
segdup,1,8,91,25,689,26,39,176.554837
insider,1,8,91,25,654.0,24.0,54.0,9.553907
fastmultrec_greedy,1,8,91,25,689.0,26.0,39.0,0.697955
lcamap,1,8,91,25,711.0,27.0,36.0,0.051720
segdup,1,9,91,25,202,8,2,48.707989
insider,1,9,91,25,202.0,8.0,2.0,0.076325
fastmultrec_greedy,1,9,91,25,202.0,8.0,2.0,0.144676
lcamap,1,9,91,25,202.0,8.0,2.0,0.025159
segdup,1,10,91,25,50,2,0,90.438520
insider,1,10,91,25,50.0,2.0,0.0,0.085642
fastmultrec_greedy,1,10,91,25,50.0,2.0,0.0,0.352861
lcamap,1,10,91,25,50.0,2.0,0.0,0.053059
segdup,1,11,91,25,25,1,0,60.808321
insider,1,11,91,25,25.0,1.0,0.0,0.055697
fastmultrec_greedy,1,11,91,25,25.0,1.0,0.0,0.199464
lcamap,1,11,91,25,25.0,1.0,0.0,0.033257
segdup,2,7,92,25,7091,191,2316,405.478614
insider,2,7,92,25,6268.0,135.0,2893.0,6.978921
fastmultrec_greedy,2,7,92,25,6596.0,165.0,2471.0,19.604204
lcamap,2,7,92,25,7119.0,193.0,2294.0,0.117552
segdup,2,8,92,25,1809,65,184,115.930849
insider,2,8,92,25,1688.0,54.0,338.0,14.445944
fastmultrec_greedy,2,8,92,25,1801.0,65.0,176.0,0.594882
lcamap,2,8,92,25,1825.0,66.0,175.0,0.051902
segdup,2,9,92,25,177,7,2,111.979188
insider,2,9,92,25,177.0,7.0,2.0,0.125886
fastmultrec_greedy,2,9,92,25,177.0,7.0,2.0,0.400537
lcamap,2,9,92,25,177.0,7.0,2.0,0.061429
segdup,2,10,92,25,76,3,1,101.596583
insider,2,10,92,25,76.0,3.0,1.0,0.123119
fastmultrec_greedy,2,10,92,25,76.0,3.0,1.0,0.478721
lcamap,2,10,92,25,76.0,3.0,1.0,0.079168
segdup,2,11,92,25,50,2,0,53.408855
insider,2,11,92,25,50.0,2.0,0.0,0.069687
fastmultrec_greedy,2,11,92,25,50.0,2.0,0.0,0.288762
lcamap,2,11,92,25,50.0,2.0,0.0,0.038365
segdup,1,7,92,25,4047,124,947,123.345061
insider,1,7,92,25,3519.0,87.0,1344.0,1.346397
fastmultrec_greedy,1,7,92,25,3697.0,103.0,1122.0,5.785087
lcamap,1,7,92,25,4047.0,124.0,947.0,0.037742
segdup,1,8,92,25,816,31,41,40.460653
insider,1,8,92,25,736.0,25.0,111.0,26.429990
fastmultrec_greedy,1,8,92,25,816.0,31.0,41.0,0.102972
lcamap,1,8,92,25,816.0,31.0,41.0,0.019131
segdup,1,9,92,25,314,12,14,59.114103
insider,1,9,92,25,314.0,12.0,14.0,0.095639
fastmultrec_greedy,1,9,92,25,314.0,12.0,14.0,0.165027
lcamap,1,9,92,25,314.0,12.0,14.0,0.023780
segdup,1,10,92,25,50,2,0,42.721333
insider,1,10,92,25,50.0,2.0,0.0,0.043115
fastmultrec_greedy,1,10,92,25,50.0,2.0,0.0,0.136916
lcamap,1,10,92,25,50.0,2.0,0.0,0.023192
segdup,1,11,92,25,25,1,0,95.638216
insider,1,11,92,25,25.0,1.0,0.0,0.086828
fastmultrec_greedy,1,11,92,25,25.0,1.0,0.0,0.346829
lcamap,1,11,92,25,25.0,1.0,0.0,0.059549
segdup,2,7,93,25,5142,130,1892,152.974973
insider,2,7,93,25,4609.0,96.0,2209.0,2.702248
fastmultrec_greedy,2,7,93,25,4767.0,110.0,2017.0,6.124229
lcamap,2,7,93,25,5142.0,130.0,1892.0,0.037505
segdup,2,8,93,25,1071,40,71,114.375853
insider,2,8,93,25,1009.0,35.0,134.0,5.249749
fastmultrec_greedy,2,8,93,25,1071.0,40.0,71.0,0.430795
lcamap,2,8,93,25,1071.0,40.0,71.0,0.059856
segdup,2,9,93,25,393,15,18,59.509291
insider,2,9,93,25,393.0,15.0,18.0,0.203969
fastmultrec_greedy,2,9,93,25,393.0,15.0,18.0,0.234726
lcamap,2,9,93,25,393.0,15.0,18.0,0.037951
segdup,2,10,93,25,358,14,8,130.057127
insider,2,10,93,25,358.0,14.0,8.0,0.973735
fastmultrec_greedy,2,10,93,25,358.0,14.0,8.0,0.596449
lcamap,2,10,93,25,358.0,14.0,8.0,0.084980
segdup,2,11,93,25,50,2,0,89.108142
insider,2,11,93,25,50.0,2.0,0.0,0.105009
fastmultrec_greedy,2,11,93,25,50.0,2.0,0.0,0.444947
lcamap,2,11,93,25,50.0,2.0,0.0,0.066900
segdup,1,7,93,25,8389,219,2914,185.604595
insider,1,7,93,25,7230.0,149.0,3505.0,8.003873
fastmultrec_greedy,1,7,93,25,7624.0,181.0,3099.0,11.474913
lcamap,1,7,93,25,8389.0,219.0,2914.0,0.045319
segdup,1,8,93,25,358,14,8,35.834035
insider,1,8,93,25,358.0,14.0,8.0,0.140609
fastmultrec_greedy,1,8,93,25,358.0,14.0,8.0,0.102709
lcamap,1,8,93,25,358.0,14.0,8.0,0.017527
segdup,1,9,93,25,337,13,12,40.497334
insider,1,9,93,25,337.0,13.0,12.0,0.261494
fastmultrec_greedy,1,9,93,25,337.0,13.0,12.0,0.126884
lcamap,1,9,93,25,337.0,13.0,12.0,0.021532
segdup,1,10,93,25,25,1,0,71.407258
insider,1,10,93,25,25.0,1.0,0.0,0.066609
fastmultrec_greedy,1,10,93,25,25.0,1.0,0.0,0.244378
lcamap,1,10,93,25,25.0,1.0,0.0,0.040358
segdup,1,11,93,25,25,1,0,38.056095
insider,1,11,93,25,25.0,1.0,0.0,0.032853
fastmultrec_greedy,1,11,93,25,25.0,1.0,0.0,0.104916
lcamap,1,11,93,25,25.0,1.0,0.0,0.017950
segdup,2,7,94,25,6527,190,1777,432.584858
insider,2,7,94,25,5741.0,134.0,2391.0,4.323654
fastmultrec_greedy,2,7,94,25,6154.0,170.0,1904.0,17.407407
lcamap,2,7,94,25,6527.0,190.0,1777.0,0.133326
segdup,2,8,94,25,1574,59,99,135.442385
insider,2,8,94,25,1411.0,45.0,286.0,176.988402
fastmultrec_greedy,2,8,94,25,1564.0,58.0,114.0,0.749241
lcamap,2,8,94,25,1574.0,59.0,99.0,0.061277
segdup,2,9,94,25,594,23,19,120.158874
insider,2,9,94,25,594.0,23.0,19.0,1.082221
fastmultrec_greedy,2,9,94,25,594.0,23.0,19.0,0.647057
lcamap,2,9,94,25,594.0,23.0,19.0,0.094062
segdup,2,10,94,25,106,4,6,43.031599
insider,2,10,94,25,106.0,4.0,6.0,0.065043
fastmultrec_greedy,2,10,94,25,106.0,4.0,6.0,0.202991
lcamap,2,10,94,25,106.0,4.0,6.0,0.033295
segdup,2,11,94,25,75,3,0,109.138032
insider,2,11,94,25,75.0,3.0,0.0,0.136079
fastmultrec_greedy,2,11,94,25,75.0,3.0,0.0,0.520498
lcamap,2,11,94,25,75.0,3.0,0.0,0.085436
segdup,1,7,94,25,6858,214,1508,163.022896
insider,1,7,94,25,5799.0,149.0,2074.0,6.659915
fastmultrec_greedy,1,7,94,25,6128.0,178.0,1678.0,12.492002
lcamap,1,7,94,25,6858.0,214.0,1508.0,0.057786
segdup,1,8,94,25,1185,44,85,65.530119
insider,1,8,94,25,1146.0,41.0,121.0,4.442256
fastmultrec_greedy,1,8,94,25,1185.0,44.0,85.0,0.242023
lcamap,1,8,94,25,1185.0,44.0,85.0,0.033231
segdup,1,9,94,25,227,9,2,78.163662
insider,1,9,94,25,227.0,9.0,2.0,0.138095
fastmultrec_greedy,1,9,94,25,227.0,9.0,2.0,0.293247
lcamap,1,9,94,25,227.0,9.0,2.0,0.042259
segdup,1,10,94,25,150,6,0,38.426515
insider,1,10,94,25,150.0,6.0,0.0,0.053638
fastmultrec_greedy,1,10,94,25,150.0,6.0,0.0,0.136163
lcamap,1,10,94,25,150.0,6.0,0.0,0.021691
segdup,1,11,94,25,25,1,0,98.527632
insider,1,11,94,25,25.0,1.0,0.0,0.085256
fastmultrec_greedy,1,11,94,25,25.0,1.0,0.0,0.373695
lcamap,1,11,94,25,25.0,1.0,0.0,0.054173
segdup,2,7,95,25,5721,143,2146,240.719617
insider,2,7,95,25,5150.0,103.0,2575.0,2.405503
fastmultrec_greedy,2,7,95,25,5284.0,118.0,2334.0,9.799464
lcamap,2,7,95,25,5721.0,143.0,2146.0,0.057571
segdup,2,9,95,25,105,4,5,64.540538
insider,2,9,95,25,105.0,4.0,5.0,0.094614
fastmultrec_greedy,2,9,95,25,105.0,4.0,5.0,0.337467
lcamap,2,9,95,25,105.0,4.0,5.0,0.052887
segdup,2,10,95,25,126,5,1,71.953487
insider,2,10,95,25,126.0,5.0,1.0,0.112947
fastmultrec_greedy,2,10,95,25,126.0,5.0,1.0,0.327763
lcamap,2,10,95,25,126.0,5.0,1.0,0.051151
segdup,1,7,95,25,3232,99,757,68.132667
insider,1,7,95,25,2774.0,72.0,974.0,1.134492
fastmultrec_greedy,1,7,95,25,2920.0,84.0,820.0,2.918273
lcamap,1,7,95,25,3317.0,105.0,692.0,0.023107
segdup,1,8,95,25,1273,46,123,50.996231
insider,1,8,95,25,1218.0,40.0,218.0,2.377278
fastmultrec_greedy,1,8,95,25,1290.0,47.0,115.0,0.143043
lcamap,1,8,95,25,1290.0,47.0,115.0,0.024596
segdup,1,9,95,25,127,5,2,164.432682
insider,1,9,95,25,127.0,5.0,2.0,0.079960
fastmultrec_greedy,1,9,95,25,127.0,5.0,2.0,0.303366
lcamap,1,9,95,25,127.0,5.0,2.0,0.044226
segdup,1,10,95,25,77,3,2,34.827787
insider,1,10,95,25,77.0,3.0,2.0,0.032348
fastmultrec_greedy,1,10,95,25,77.0,3.0,2.0,0.093732
lcamap,1,10,95,25,77.0,3.0,2.0,0.015887
segdup,1,11,95,25,76,3,1,91.468137
insider,1,11,95,25,76.0,3.0,1.0,0.088223
fastmultrec_greedy,1,11,95,25,76.0,3.0,1.0,0.357232
lcamap,1,11,95,25,76.0,3.0,1.0,0.053601
segdup,2,7,96,25,8942,229,3217,304.172021
insider,2,7,96,25,7866.0,162.0,3816.0,3.541686
fastmultrec_greedy,2,7,96,25,8150.0,185.0,3525.0,20.798467
lcamap,2,7,96,25,8942.0,229.0,3217.0,0.082536
segdup,2,8,96,25,1980,68,280,127.258944
insider,2,8,96,25,1861.0,56.0,461.0,3.216907
fastmultrec_greedy,2,8,96,25,1980.0,68.0,280.0,0.355776
lcamap,2,8,96,25,1980.0,68.0,280.0,0.050011
segdup,2,9,96,25,179,7,4,78.580933
insider,2,9,96,25,179.0,7.0,4.0,0.103203
fastmultrec_greedy,2,9,96,25,179.0,7.0,4.0,0.214210
lcamap,2,9,96,25,179.0,7.0,4.0,0.035543
segdup,2,10,96,25,75,3,0,49.208139
insider,2,10,96,25,75.0,3.0,0.0,0.070696
fastmultrec_greedy,2,10,96,25,75.0,3.0,0.0,0.218838
lcamap,2,10,96,25,75.0,3.0,0.0,0.036616
segdup,2,11,96,25,50,2,0,64.125927
insider,2,11,96,25,50.0,2.0,0.0,0.086524
fastmultrec_greedy,2,11,96,25,50.0,2.0,0.0,0.365401
lcamap,2,11,96,25,50.0,2.0,0.0,0.050992
segdup,1,7,96,25,2078,69,353,61.641086
insider,1,7,96,25,1915.0,56.0,515.0,1.329644
fastmultrec_greedy,1,7,96,25,2036.0,66.0,386.0,0.774115
lcamap,1,7,96,25,2109.0,71.0,334.0,0.022305
segdup,1,8,96,25,1294,47,119,52.836525
insider,1,8,96,25,1173.0,36.0,273.0,6.529814
fastmultrec_greedy,1,8,96,25,1253.0,45.0,128.0,0.617491
lcamap,1,8,96,25,1338.0,49.0,113.0,0.023329
segdup,1,9,96,25,52,2,2,37.430721
insider,1,9,96,25,52.0,2.0,2.0,0.040526
fastmultrec_greedy,1,9,96,25,52.0,2.0,2.0,0.141400
lcamap,1,9,96,25,52.0,2.0,2.0,0.020936
segdup,1,10,96,25,27,1,2,30.158968
insider,1,10,96,25,27.0,1.0,2.0,0.028834
fastmultrec_greedy,1,10,96,25,27.0,1.0,2.0,0.083864
lcamap,1,10,96,25,27.0,1.0,2.0,0.016446
segdup,1,11,96,25,25,1,0,86.756190
insider,1,11,96,25,25.0,1.0,0.0,0.079390
fastmultrec_greedy,1,11,96,25,25.0,1.0,0.0,0.298275
lcamap,1,11,96,25,25.0,1.0,0.0,0.052155
segdup,2,7,97,25,2243,81,218,202.780374
insider,2,7,97,25,1937.0,61.0,412.0,8.928940
fastmultrec_greedy,2,7,97,25,2170.0,77.0,245.0,3.410535
lcamap,2,7,97,25,2249.0,82.0,199.0,0.080536
segdup,2,8,97,25,658,25,33,74.692538
insider,2,8,97,25,658.0,25.0,33.0,25.314267
fastmultrec_greedy,2,8,97,25,658.0,25.0,33.0,0.315183
lcamap,2,8,97,25,658.0,25.0,33.0,0.052677
segdup,2,9,97,25,285,11,10,55.717722
insider,2,9,97,25,266.0,10.0,16.0,0.147131
fastmultrec_greedy,2,9,97,25,285.0,11.0,10.0,0.268716
lcamap,2,9,97,25,285.0,11.0,10.0,0.035981
segdup,2,10,97,25,55,2,5,89.241836
insider,2,10,97,25,55.0,2.0,5.0,0.110944
fastmultrec_greedy,2,10,97,25,55.0,2.0,5.0,0.457292
lcamap,2,10,97,25,55.0,2.0,5.0,0.066725
segdup,2,11,97,25,50,2,0,123.538661
insider,2,11,97,25,50.0,2.0,0.0,0.113764
fastmultrec_greedy,2,11,97,25,50.0,2.0,0.0,0.465550
lcamap,2,11,97,25,50.0,2.0,0.0,0.069449
segdup,1,7,97,25,5645,183,1070,152.755962
insider,1,7,97,25,4998.0,137.0,1573.0,12.036319
fastmultrec_greedy,1,7,97,25,5398.0,168.0,1198.0,5.939864
lcamap,1,7,97,25,5668.0,184.0,1068.0,0.065008
segdup,1,8,97,25,1350,52,50,118.766724
insider,1,8,97,25,-1,-1,-1,9999999999.000000
fastmultrec_greedy,1,8,97,25,1350.0,52.0,50.0,0.720021
lcamap,1,8,97,25,1350.0,52.0,50.0,0.097143
segdup,1,9,97,25,334,13,9,93.241123
insider,1,9,97,25,334.0,13.0,9.0,0.168549
fastmultrec_greedy,1,9,97,25,334.0,13.0,9.0,0.329793
lcamap,1,9,97,25,334.0,13.0,9.0,0.047957
segdup,1,10,97,25,152,6,2,75.713191
insider,1,10,97,25,152.0,6.0,2.0,0.084525
fastmultrec_greedy,1,10,97,25,152.0,6.0,2.0,0.275486
lcamap,1,10,97,25,152.0,6.0,2.0,0.044983
segdup,1,11,97,25,25,1,0,35.696413
insider,1,11,97,25,25.0,1.0,0.0,0.033049
fastmultrec_greedy,1,11,97,25,25.0,1.0,0.0,0.099142
lcamap,1,11,97,25,25.0,1.0,0.0,0.018638
segdup,2,7,98,25,7479,210,2229,441.011748
insider,2,7,98,25,6452.0,147.0,2777.0,5.922872
fastmultrec_greedy,2,7,98,25,6856.0,173.0,2531.0,32.554667
lcamap,2,7,98,25,7500.0,211.0,2225.0,0.131854
segdup,2,8,98,25,2794,100,294,151.652572
