method,nh,np,rb,pc,pj,dup_cost,solution_cost,solution_nbdups,solution_nblosses,time
segdup,50,20,3.0,1,1,25,125,5,0,19.883
fastmultrec,50,20,3.0,1,1,25,125.0,5.0,0.0,0.092
insider_relax,50,20,3.0,1,1,25,125.0,5.0,0.0,0.029
lca,50,20,3.0,1,1,25,125.0,5.0,0.0,0.020
segdup,50,20,3.0,1,1,25,125,5,0,5.109
fastmultrec,50,20,3.0,1,1,25,125.0,5.0,0.0,0.030
insider_relax,50,20,3.0,1,1,25,125.0,5.0,0.0,0.011
lca,50,20,3.0,1,1,25,125.0,5.0,0.0,0.009
segdup,50,20,3.0,1,1,25,200,8,0,2.940
fastmultrec,50,20,3.0,1,1,25,200.0,8.0,0.0,0.038
insider_relax,50,20,3.0,1,1,25,200.0,8.0,0.0,0.016
lca,50,20,3.0,1,1,25,200.0,8.0,0.0,0.011
segdup,50,20,3.0,1,1,25,175,7,0,3.212
fastmultrec,50,20,3.0,1,1,25,175.0,7.0,0.0,0.034
insider_relax,50,20,3.0,1,1,25,175.0,7.0,0.0,0.013
lca,50,20,3.0,1,1,25,175.0,7.0,0.0,0.008
segdup,50,20,3.0,1,1,25,175,7,0,54.322
fastmultrec,50,20,3.0,1,1,25,175.0,7.0,0.0,0.199
insider_relax,50,20,3.0,1,1,25,175.0,7.0,0.0,0.071
lca,50,20,3.0,1,1,25,175.0,7.0,0.0,0.045
segdup,50,20,3.0,1,1,25,225,9,0,7.372
fastmultrec,50,20,3.0,1,1,25,225.0,9.0,0.0,0.061
insider_relax,50,20,3.0,1,1,25,225.0,9.0,0.0,0.022
lca,50,20,3.0,1,1,25,225.0,9.0,0.0,0.015
segdup,50,20,3.0,1,1,25,200,8,0,240.939
fastmultrec,50,20,3.0,1,1,25,200.0,8.0,0.0,1.156
insider_relax,50,20,3.0,1,1,25,200.0,8.0,0.0,0.312
lca,50,20,3.0,1,1,25,200.0,8.0,0.0,0.178
segdup,50,20,3.0,1,1,25,50,2,0,4.905
fastmultrec,50,20,3.0,1,1,25,50.0,2.0,0.0,0.088
insider_relax,50,20,3.0,1,1,25,50.0,2.0,0.0,0.029
lca,50,20,3.0,1,1,25,50.0,2.0,0.0,0.019
segdup,50,20,3.0,1,1,25,75,3,0,7.010
fastmultrec,50,20,3.0,1,1,25,75.0,3.0,0.0,0.027
insider_relax,50,20,3.0,1,1,25,75.0,3.0,0.0,0.011
lca,50,20,3.0,1,1,25,75.0,3.0,0.0,0.010
segdup,50,20,3.0,1,1,25,275,11,0,23.032
fastmultrec,50,20,3.0,1,1,25,275.0,11.0,0.0,0.131
insider_relax,50,20,3.0,1,1,25,275.0,11.0,0.0,0.051
lca,50,20,3.0,1,1,25,275.0,11.0,0.0,0.034
segdup,50,20,3.0,1,1,5,55,11,0,36.330
fastmultrec,50,20,3.0,1,1,5,55.0,11.0,0.0,0.281
insider_relax,50,20,3.0,1,1,5,55.0,11.0,0.0,0.074
lca,50,20,3.0,1,1,5,55.0,11.0,0.0,0.062
segdup,50,20,3.0,1,1,5,60,12,0,44.809
fastmultrec,50,20,3.0,1,1,5,60.0,12.0,0.0,0.128
insider_relax,50,20,3.0,1,1,5,60.0,12.0,0.0,0.047
lca,50,20,3.0,1,1,5,60.0,12.0,0.0,0.034
segdup,50,20,3.0,1,1,5,60,12,0,940.052
fastmultrec,50,20,3.0,1,1,5,60.0,12.0,0.0,2.720
insider_relax,50,20,3.0,1,1,5,60.0,12.0,0.0,0.477
lca,50,20,3.0,1,1,5,60.0,12.0,0.0,0.391
segdup,50,20,3.0,1,1,5,45,9,0,194.382
fastmultrec,50,20,3.0,1,1,5,45.0,9.0,0.0,0.759
insider_relax,50,20,3.0,1,1,5,45.0,9.0,0.0,0.195
lca,50,20,3.0,1,1,5,45.0,9.0,0.0,0.123
segdup,50,20,3.0,1,1,5,35,7,0,15.821
fastmultrec,50,20,3.0,1,1,5,35.0,7.0,0.0,0.077
insider_relax,50,20,3.0,1,1,5,35.0,7.0,0.0,0.028
lca,50,20,3.0,1,1,5,35.0,7.0,0.0,0.019
segdup,50,20,3.0,1,1,5,20,4,0,16.194
fastmultrec,50,20,3.0,1,1,5,20.0,4.0,0.0,0.058
insider_relax,50,20,3.0,1,1,5,20.0,4.0,0.0,0.021
lca,50,20,3.0,1,1,5,20.0,4.0,0.0,0.012
segdup,50,20,3.0,1,1,5,20,4,0,29.981
fastmultrec,50,20,3.0,1,1,5,20.0,4.0,0.0,0.079
insider_relax,50,20,3.0,1,1,5,20.0,4.0,0.0,0.025
lca,50,20,3.0,1,1,5,20.0,4.0,0.0,0.017
segdup,50,20,3.0,1,1,5,30,6,0,38.873
fastmultrec,50,20,3.0,1,1,5,30.0,6.0,0.0,0.128
insider_relax,50,20,3.0,1,1,5,30.0,6.0,0.0,0.039
lca,50,20,3.0,1,1,5,30.0,6.0,0.0,0.027
segdup,50,20,3.0,1,1,5,40,8,0,16.169
fastmultrec,50,20,3.0,1,1,5,40.0,8.0,0.0,0.053
insider_relax,50,20,3.0,1,1,5,40.0,8.0,0.0,0.019
lca,50,20,3.0,1,1,5,40.0,8.0,0.0,0.016
segdup,50,20,3.0,1,1,5,20,4,0,31.656
fastmultrec,50,20,3.0,1,1,5,20.0,4.0,0.0,0.056
insider_relax,50,20,3.0,1,1,5,20.0,4.0,0.0,0.021
lca,50,20,3.0,1,1,5,20.0,4.0,0.0,0.016
segdup,50,20,3.0,1,1,10,60,6,0,44.664
fastmultrec,50,20,3.0,1,1,10,60.0,6.0,0.0,0.111
insider_relax,50,20,3.0,1,1,10,60.0,6.0,0.0,0.041
lca,50,20,3.0,1,1,10,60.0,6.0,0.0,0.026
segdup,50,20,3.0,1,1,10,80,8,0,134.195
fastmultrec,50,20,3.0,1,1,10,80.0,8.0,0.0,0.321
insider_relax,50,20,3.0,1,1,10,80.0,8.0,0.0,0.094
lca,50,20,3.0,1,1,10,80.0,8.0,0.0,0.058
segdup,50,20,3.0,1,1,10,100,10,0,21.617
fastmultrec,50,20,3.0,1,1,10,100.0,10.0,0.0,0.072
insider_relax,50,20,3.0,1,1,10,100.0,10.0,0.0,0.023
lca,50,20,3.0,1,1,10,100.0,10.0,0.0,0.015
segdup,50,20,3.0,1,1,10,60,6,0,30.734
fastmultrec,50,20,3.0,1,1,10,60.0,6.0,0.0,0.204
insider_relax,50,20,3.0,1,1,10,60.0,6.0,0.0,0.070
lca,50,20,3.0,1,1,10,60.0,6.0,0.0,0.043
segdup,50,20,3.0,1,1,10,140,14,0,6128.145
fastmultrec,50,20,3.0,1,1,10,140.0,14.0,0.0,166.658
insider_relax,50,20,3.0,1,1,10,35.0,7.0,0.0,1.206
lca,50,20,3.0,1,1,10,140.0,14.0,0.0,6.530
segdup,50,20,3.0,1,1,10,100,10,0,12.905
fastmultrec,50,20,3.0,1,1,10,100.0,10.0,0.0,0.051
insider_relax,50,20,3.0,1,1,10,100.0,10.0,0.0,0.019
lca,50,20,3.0,1,1,10,100.0,10.0,0.0,0.013
segdup,50,20,3.0,1,1,10,70,7,0,80.268
fastmultrec,50,20,3.0,1,1,10,70.0,7.0,0.0,0.199
insider_relax,50,20,3.0,1,1,10,70.0,7.0,0.0,0.073
lca,50,20,3.0,1,1,10,70.0,7.0,0.0,0.045
segdup,50,20,3.0,1,1,10,50,5,0,47.021
fastmultrec,50,20,3.0,1,1,10,50.0,5.0,0.0,0.183
insider_relax,50,20,3.0,1,1,10,50.0,5.0,0.0,0.068
lca,50,20,3.0,1,1,10,50.0,5.0,0.0,0.041
segdup,50,20,3.0,1,1,10,90,9,0,57.366
fastmultrec,50,20,3.0,1,1,10,90.0,9.0,0.0,0.278
insider_relax,50,20,3.0,1,1,10,90.0,9.0,0.0,0.087
lca,50,20,3.0,1,1,10,90.0,9.0,0.0,0.057
segdup,50,20,3.0,1,1,10,80,8,0,559.831
fastmultrec,50,20,3.0,1,1,10,80.0,8.0,0.0,0.731
insider_relax,50,20,3.0,1,1,10,80.0,8.0,0.0,0.268
lca,50,20,3.0,1,1,10,80.0,8.0,0.0,0.161
segdup,50,20,3.0,1,1,15,105,7,0,37.271
fastmultrec,50,20,3.0,1,1,15,105.0,7.0,0.0,0.153
insider_relax,50,20,3.0,1,1,15,105.0,7.0,0.0,0.045
lca,50,20,3.0,1,1,15,105.0,7.0,0.0,0.031
segdup,50,20,3.0,1,1,15,135,9,0,9.942
fastmultrec,50,20,3.0,1,1,15,135.0,9.0,0.0,0.090
insider_relax,50,20,3.0,1,1,15,135.0,9.0,0.0,0.029
lca,50,20,3.0,1,1,15,135.0,9.0,0.0,0.021
segdup,50,20,3.0,1,1,15,150,10,0,27.011
fastmultrec,50,20,3.0,1,1,15,150.0,10.0,0.0,0.120
insider_relax,50,20,3.0,1,1,15,150.0,10.0,0.0,0.036
lca,50,20,3.0,1,1,15,150.0,10.0,0.0,0.026
segdup,50,20,3.0,1,1,15,90,6,0,9.789
fastmultrec,50,20,3.0,1,1,15,90.0,6.0,0.0,0.043
insider_relax,50,20,3.0,1,1,15,90.0,6.0,0.0,0.018
lca,50,20,3.0,1,1,15,90.0,6.0,0.0,0.013
segdup,50,20,3.0,1,1,15,150,10,0,66.170
fastmultrec,50,20,3.0,1,1,15,150.0,10.0,0.0,0.223
insider_relax,50,20,3.0,1,1,15,150.0,10.0,0.0,0.077
lca,50,20,3.0,1,1,15,150.0,10.0,0.0,0.054
segdup,50,20,3.0,1,1,15,105,7,0,59.567
fastmultrec,50,20,3.0,1,1,15,105.0,7.0,0.0,0.389
insider_relax,50,20,3.0,1,1,15,105.0,7.0,0.0,0.121
lca,50,20,3.0,1,1,15,105.0,7.0,0.0,0.069
segdup,50,20,3.0,1,1,15,105,7,0,90.350
fastmultrec,50,20,3.0,1,1,15,105.0,7.0,0.0,0.368
insider_relax,50,20,3.0,1,1,15,105.0,7.0,0.0,0.120
lca,50,20,3.0,1,1,15,105.0,7.0,0.0,0.075
segdup,50,20,3.0,1,1,15,75,5,0,44.743
fastmultrec,50,20,3.0,1,1,15,75.0,5.0,0.0,0.121
insider_relax,50,20,3.0,1,1,15,75.0,5.0,0.0,0.044
lca,50,20,3.0,1,1,15,75.0,5.0,0.0,0.028
segdup,50,20,3.0,1,1,15,45,3,0,1.126
fastmultrec,50,20,3.0,1,1,15,45.0,3.0,0.0,0.025
insider_relax,50,20,3.0,1,1,15,45.0,3.0,0.0,0.010
lca,50,20,3.0,1,1,15,45.0,3.0,0.0,0.008
segdup,50,20,3.0,1,1,15,165,11,0,693.157
fastmultrec,50,20,3.0,1,1,15,165.0,11.0,0.0,1.255
insider_relax,50,20,3.0,1,1,15,165.0,11.0,0.0,0.379
lca,50,20,3.0,1,1,15,165.0,11.0,0.0,0.221
segdup,50,20,3.0,1,1,20,160,8,0,187.264
fastmultrec,50,20,3.0,1,1,20,160.0,8.0,0.0,0.839
insider_relax,50,20,3.0,1,1,20,160.0,8.0,0.0,0.240
lca,50,20,3.0,1,1,20,160.0,8.0,0.0,0.146
segdup,50,20,3.0,1,1,20,80,4,0,6.156
fastmultrec,50,20,3.0,1,1,20,80.0,4.0,0.0,0.071
insider_relax,50,20,3.0,1,1,20,80.0,4.0,0.0,0.020
lca,50,20,3.0,1,1,20,80.0,4.0,0.0,0.014
segdup,50,20,3.0,1,1,20,200,10,0,353.067
fastmultrec,50,20,3.0,1,1,20,200.0,10.0,0.0,1.087
insider_relax,50,20,3.0,1,1,20,200.0,10.0,0.0,0.343
lca,50,20,3.0,1,1,20,200.0,10.0,0.0,0.190
segdup,50,20,3.0,1,1,20,140,7,0,65.444
fastmultrec,50,20,3.0,1,1,20,140.0,7.0,0.0,0.336
insider_relax,50,20,3.0,1,1,20,140.0,7.0,0.0,0.110
lca,50,20,3.0,1,1,20,140.0,7.0,0.0,0.062
segdup,50,20,3.0,1,1,20,120,6,0,5.864
fastmultrec,50,20,3.0,1,1,20,120.0,6.0,0.0,0.038
insider_relax,50,20,3.0,1,1,20,120.0,6.0,0.0,0.014
lca,50,20,3.0,1,1,20,120.0,6.0,0.0,0.008
segdup,50,20,3.0,1,1,20,140,7,0,125.978
fastmultrec,50,20,3.0,1,1,20,140.0,7.0,0.0,0.434
insider_relax,50,20,3.0,1,1,20,140.0,7.0,0.0,0.158
lca,50,20,3.0,1,1,20,140.0,7.0,0.0,0.098
segdup,50,20,3.0,1,1,20,120,6,0,89.264
fastmultrec,50,20,3.0,1,1,20,120.0,6.0,0.0,0.216
insider_relax,50,20,3.0,1,1,20,120.0,6.0,0.0,0.072
lca,50,20,3.0,1,1,20,120.0,6.0,0.0,0.048
segdup,50,20,3.0,1,1,20,100,5,0,17.165
fastmultrec,50,20,3.0,1,1,20,100.0,5.0,0.0,0.105
insider_relax,50,20,3.0,1,1,20,100.0,5.0,0.0,0.034
lca,50,20,3.0,1,1,20,100.0,5.0,0.0,0.023
segdup,50,20,3.0,1,1,20,180,9,0,279.197
fastmultrec,50,20,3.0,1,1,20,180.0,9.0,0.0,1.394
insider_relax,50,20,3.0,1,1,20,180.0,9.0,0.0,0.407
lca,50,20,3.0,1,1,20,180.0,9.0,0.0,0.229
segdup,50,20,3.0,1,1,20,160,8,0,86.474
fastmultrec,50,20,3.0,1,1,20,160.0,8.0,0.0,0.418
insider_relax,50,20,3.0,1,1,20,160.0,8.0,0.0,0.128
lca,50,20,3.0,1,1,20,160.0,8.0,0.0,0.080
segdup,50,20,3.0,1,0.5,25,200,8,0,15.545
fastmultrec,50,20,3.0,1,0.5,25,200.0,8.0,0.0,0.076
insider_relax,50,20,3.0,1,0.5,25,200.0,8.0,0.0,0.025
lca,50,20,3.0,1,0.5,25,200.0,8.0,0.0,0.018
segdup,50,20,3.0,1,0.5,25,125,5,0,8.059
fastmultrec,50,20,3.0,1,0.5,25,125.0,5.0,0.0,0.036
insider_relax,50,20,3.0,1,0.5,25,125.0,5.0,0.0,0.017
lca,50,20,3.0,1,0.5,25,125.0,5.0,0.0,0.010
segdup,50,20,3.0,1,0.5,25,125,5,0,4.792
fastmultrec,50,20,3.0,1,0.5,25,125.0,5.0,0.0,0.036
insider_relax,50,20,3.0,1,0.5,25,125.0,5.0,0.0,0.014
lca,50,20,3.0,1,0.5,25,125.0,5.0,0.0,0.008
segdup,50,20,3.0,1,0.5,25,250,10,0,150.946
fastmultrec,50,20,3.0,1,0.5,25,250.0,10.0,0.0,0.297
insider_relax,50,20,3.0,1,0.5,25,250.0,10.0,0.0,0.115
lca,50,20,3.0,1,0.5,25,250.0,10.0,0.0,0.069
segdup,50,20,3.0,1,0.5,25,225,9,0,7.087
fastmultrec,50,20,3.0,1,0.5,25,225.0,9.0,0.0,0.060
insider_relax,50,20,3.0,1,0.5,25,225.0,9.0,0.0,0.024
lca,50,20,3.0,1,0.5,25,225.0,9.0,0.0,0.016
segdup,50,20,3.0,1,0.5,25,125,5,0,15.119
fastmultrec,50,20,3.0,1,0.5,25,125.0,5.0,0.0,0.062
insider_relax,50,20,3.0,1,0.5,25,125.0,5.0,0.0,0.022
lca,50,20,3.0,1,0.5,25,125.0,5.0,0.0,0.017
segdup,50,20,3.0,1,0.5,25,200,8,0,18.923
fastmultrec,50,20,3.0,1,0.5,25,200.0,8.0,0.0,0.108
insider_relax,50,20,3.0,1,0.5,25,200.0,8.0,0.0,0.042
lca,50,20,3.0,1,0.5,25,200.0,8.0,0.0,0.030
segdup,50,20,3.0,1,0.5,25,300,12,0,11.196
fastmultrec,50,20,3.0,1,0.5,25,300.0,12.0,0.0,0.049
insider_relax,50,20,3.0,1,0.5,25,300.0,12.0,0.0,0.022
lca,50,20,3.0,1,0.5,25,300.0,12.0,0.0,0.013
segdup,50,20,3.0,1,0.5,25,150,6,0,14.701
fastmultrec,50,20,3.0,1,0.5,25,150.0,6.0,0.0,0.062
insider_relax,50,20,3.0,1,0.5,25,150.0,6.0,0.0,0.022
lca,50,20,3.0,1,0.5,25,150.0,6.0,0.0,0.015
segdup,50,20,3.0,1,0.5,25,100,4,0,4.378
fastmultrec,50,20,3.0,1,0.5,25,100.0,4.0,0.0,0.029
insider_relax,50,20,3.0,1,0.5,25,100.0,4.0,0.0,0.011
lca,50,20,3.0,1,0.5,25,100.0,4.0,0.0,0.007
segdup,50,20,3.0,1,0.5,5,75,15,0,187.969
fastmultrec,50,20,3.0,1,0.5,5,75.0,15.0,0.0,0.295
insider_relax,50,20,3.0,1,0.5,5,75.0,15.0,0.0,0.108
lca,50,20,3.0,1,0.5,5,75.0,15.0,0.0,0.063
segdup,50,20,3.0,1,0.5,5,15,3,0,6.219
fastmultrec,50,20,3.0,1,0.5,5,15.0,3.0,0.0,0.026
insider_relax,50,20,3.0,1,0.5,5,15.0,3.0,0.0,0.010
lca,50,20,3.0,1,0.5,5,15.0,3.0,0.0,0.007
segdup,50,20,3.0,1,0.5,5,75,15,0,16.714
fastmultrec,50,20,3.0,1,0.5,5,75.0,15.0,0.0,0.055
insider_relax,50,20,3.0,1,0.5,5,75.0,15.0,0.0,0.021
lca,50,20,3.0,1,0.5,5,75.0,15.0,0.0,0.016
segdup,50,20,3.0,1,0.5,5,40,8,0,118.309
fastmultrec,50,20,3.0,1,0.5,5,40.0,8.0,0.0,0.275
insider_relax,50,20,3.0,1,0.5,5,40.0,8.0,0.0,0.091
lca,50,20,3.0,1,0.5,5,40.0,8.0,0.0,0.054
segdup,50,20,3.0,1,0.5,5,25,5,0,18.385
fastmultrec,50,20,3.0,1,0.5,5,25.0,5.0,0.0,0.058
insider_relax,50,20,3.0,1,0.5,5,25.0,5.0,0.0,0.022
lca,50,20,3.0,1,0.5,5,25.0,5.0,0.0,0.013
segdup,50,20,3.0,1,0.5,5,35,7,0,110.756
fastmultrec,50,20,3.0,1,0.5,5,35.0,7.0,0.0,0.223
insider_relax,50,20,3.0,1,0.5,5,35.0,7.0,0.0,0.072
lca,50,20,3.0,1,0.5,5,35.0,7.0,0.0,0.044
segdup,50,20,3.0,1,0.5,5,35,7,0,12.884
fastmultrec,50,20,3.0,1,0.5,5,35.0,7.0,0.0,0.047
insider_relax,50,20,3.0,1,0.5,5,35.0,7.0,0.0,0.017
lca,50,20,3.0,1,0.5,5,35.0,7.0,0.0,0.011
segdup,50,20,3.0,1,0.5,5,20,4,0,5.579
fastmultrec,50,20,3.0,1,0.5,5,20.0,4.0,0.0,0.030
insider_relax,50,20,3.0,1,0.5,5,20.0,4.0,0.0,0.011
lca,50,20,3.0,1,0.5,5,20.0,4.0,0.0,0.008
segdup,50,20,3.0,1,0.5,5,25,5,0,2.310
fastmultrec,50,20,3.0,1,0.5,5,25.0,5.0,0.0,0.046
insider_relax,50,20,3.0,1,0.5,5,25.0,5.0,0.0,0.015
lca,50,20,3.0,1,0.5,5,25.0,5.0,0.0,0.010
segdup,50,20,3.0,1,0.5,5,30,6,0,1.871
fastmultrec,50,20,3.0,1,0.5,5,30.0,6.0,0.0,0.033
insider_relax,50,20,3.0,1,0.5,5,30.0,6.0,0.0,0.014
lca,50,20,3.0,1,0.5,5,30.0,6.0,0.0,0.009
segdup,50,20,3.0,1,0.5,10,40,4,0,10.046
fastmultrec,50,20,3.0,1,0.5,10,40.0,4.0,0.0,0.043
insider_relax,50,20,3.0,1,0.5,10,40.0,4.0,0.0,0.014
lca,50,20,3.0,1,0.5,10,40.0,4.0,0.0,0.010
segdup,50,20,3.0,1,0.5,10,50,5,0,5.363
fastmultrec,50,20,3.0,1,0.5,10,50.0,5.0,0.0,0.035
insider_relax,50,20,3.0,1,0.5,10,50.0,5.0,0.0,0.015
lca,50,20,3.0,1,0.5,10,50.0,5.0,0.0,0.010
segdup,50,20,3.0,1,0.5,10,50,5,0,7.895
fastmultrec,50,20,3.0,1,0.5,10,50.0,5.0,0.0,0.037
insider_relax,50,20,3.0,1,0.5,10,50.0,5.0,0.0,0.015
lca,50,20,3.0,1,0.5,10,50.0,5.0,0.0,0.009
segdup,50,20,3.0,1,0.5,10,80,8,0,23.199
fastmultrec,50,20,3.0,1,0.5,10,80.0,8.0,0.0,0.064
insider_relax,50,20,3.0,1,0.5,10,80.0,8.0,0.0,0.021
lca,50,20,3.0,1,0.5,10,80.0,8.0,0.0,0.016
segdup,50,20,3.0,1,0.5,10,90,9,0,13.318
fastmultrec,50,20,3.0,1,0.5,10,90.0,9.0,0.0,0.059
insider_relax,50,20,3.0,1,0.5,10,90.0,9.0,0.0,0.020
lca,50,20,3.0,1,0.5,10,90.0,9.0,0.0,0.014
segdup,50,20,3.0,1,0.5,10,80,8,0,33.882
fastmultrec,50,20,3.0,1,0.5,10,80.0,8.0,0.0,0.098
insider_relax,50,20,3.0,1,0.5,10,80.0,8.0,0.0,0.034
lca,50,20,3.0,1,0.5,10,80.0,8.0,0.0,0.023
segdup,50,20,3.0,1,0.5,10,100,10,0,16.389
fastmultrec,50,20,3.0,1,0.5,10,100.0,10.0,0.0,0.074
insider_relax,50,20,3.0,1,0.5,10,100.0,10.0,0.0,0.024
lca,50,20,3.0,1,0.5,10,100.0,10.0,0.0,0.018
segdup,50,20,3.0,1,0.5,10,90,9,0,90.369
fastmultrec,50,20,3.0,1,0.5,10,90.0,9.0,0.0,0.182
insider_relax,50,20,3.0,1,0.5,10,90.0,9.0,0.0,0.063
lca,50,20,3.0,1,0.5,10,90.0,9.0,0.0,0.038
segdup,50,20,3.0,1,0.5,10,50,5,0,8.019
fastmultrec,50,20,3.0,1,0.5,10,50.0,5.0,0.0,0.048
insider_relax,50,20,3.0,1,0.5,10,50.0,5.0,0.0,0.016
lca,50,20,3.0,1,0.5,10,50.0,5.0,0.0,0.013
segdup,50,20,3.0,1,0.5,10,60,6,0,9.923
fastmultrec,50,20,3.0,1,0.5,10,60.0,6.0,0.0,0.030
insider_relax,50,20,3.0,1,0.5,10,60.0,6.0,0.0,0.013
lca,50,20,3.0,1,0.5,10,60.0,6.0,0.0,0.009
segdup,50,20,3.0,1,0.5,15,90,6,0,3.949
fastmultrec,50,20,3.0,1,0.5,15,90.0,6.0,0.0,0.027
insider_relax,50,20,3.0,1,0.5,15,90.0,6.0,0.0,0.011
lca,50,20,3.0,1,0.5,15,90.0,6.0,0.0,0.008
segdup,50,20,3.0,1,0.5,15,90,6,0,12.905
fastmultrec,50,20,3.0,1,0.5,15,90.0,6.0,0.0,0.035
insider_relax,50,20,3.0,1,0.5,15,90.0,6.0,0.0,0.016
lca,50,20,3.0,1,0.5,15,90.0,6.0,0.0,0.010
segdup,50,20,3.0,1,0.5,15,195,13,0,29.326
fastmultrec,50,20,3.0,1,0.5,15,195.0,13.0,0.0,0.083
insider_relax,50,20,3.0,1,0.5,15,195.0,13.0,0.0,0.032
lca,50,20,3.0,1,0.5,15,195.0,13.0,0.0,0.022
segdup,50,20,3.0,1,0.5,15,120,8,0,102.752
fastmultrec,50,20,3.0,1,0.5,15,120.0,8.0,0.0,0.190
insider_relax,50,20,3.0,1,0.5,15,120.0,8.0,0.0,0.075
lca,50,20,3.0,1,0.5,15,120.0,8.0,0.0,0.046
segdup,50,20,3.0,1,0.5,15,60,4,0,5.861
fastmultrec,50,20,3.0,1,0.5,15,60.0,4.0,0.0,0.036
insider_relax,50,20,3.0,1,0.5,15,60.0,4.0,0.0,0.013
lca,50,20,3.0,1,0.5,15,60.0,4.0,0.0,0.009
segdup,50,20,3.0,1,0.5,15,180,12,0,5.780
fastmultrec,50,20,3.0,1,0.5,15,180.0,12.0,0.0,0.028
insider_relax,50,20,3.0,1,0.5,15,180.0,12.0,0.0,0.014
lca,50,20,3.0,1,0.5,15,180.0,12.0,0.0,0.008
segdup,50,20,3.0,1,0.5,15,135,9,0,24.492
fastmultrec,50,20,3.0,1,0.5,15,135.0,9.0,0.0,0.094
insider_relax,50,20,3.0,1,0.5,15,135.0,9.0,0.0,0.038
lca,50,20,3.0,1,0.5,15,135.0,9.0,0.0,0.023
segdup,50,20,3.0,1,0.5,15,75,5,0,6.476
fastmultrec,50,20,3.0,1,0.5,15,75.0,5.0,0.0,0.033
insider_relax,50,20,3.0,1,0.5,15,75.0,5.0,0.0,0.013
lca,50,20,3.0,1,0.5,15,75.0,5.0,0.0,0.008
segdup,50,20,3.0,1,0.5,15,105,7,0,7.312
fastmultrec,50,20,3.0,1,0.5,15,105.0,7.0,0.0,0.045
insider_relax,50,20,3.0,1,0.5,15,105.0,7.0,0.0,0.015
lca,50,20,3.0,1,0.5,15,105.0,7.0,0.0,0.009
segdup,50,20,3.0,1,0.5,15,165,11,0,52.378
fastmultrec,50,20,3.0,1,0.5,15,165.0,11.0,0.0,0.127
insider_relax,50,20,3.0,1,0.5,15,165.0,11.0,0.0,0.043
lca,50,20,3.0,1,0.5,15,165.0,11.0,0.0,0.028
segdup,50,20,3.0,1,0.5,20,100,5,0,5.996
fastmultrec,50,20,3.0,1,0.5,20,100.0,5.0,0.0,0.042
insider_relax,50,20,3.0,1,0.5,20,100.0,5.0,0.0,0.015
lca,50,20,3.0,1,0.5,20,100.0,5.0,0.0,0.010
segdup,50,20,3.0,1,0.5,20,100,5,0,6.961
fastmultrec,50,20,3.0,1,0.5,20,100.0,5.0,0.0,0.095
insider_relax,50,20,3.0,1,0.5,20,100.0,5.0,0.0,0.032
lca,50,20,3.0,1,0.5,20,100.0,5.0,0.0,0.022
segdup,50,20,3.0,1,0.5,20,100,5,0,7.562
fastmultrec,50,20,3.0,1,0.5,20,100.0,5.0,0.0,0.038
insider_relax,50,20,3.0,1,0.5,20,100.0,5.0,0.0,0.015
lca,50,20,3.0,1,0.5,20,100.0,5.0,0.0,0.010
segdup,50,20,3.0,1,0.5,20,120,6,0,8.085
fastmultrec,50,20,3.0,1,0.5,20,120.0,6.0,0.0,0.034
insider_relax,50,20,3.0,1,0.5,20,120.0,6.0,0.0,0.015
lca,50,20,3.0,1,0.5,20,120.0,6.0,0.0,0.009
segdup,50,20,3.0,1,0.5,20,200,10,0,18.346
fastmultrec,50,20,3.0,1,0.5,20,200.0,10.0,0.0,0.062
insider_relax,50,20,3.0,1,0.5,20,200.0,10.0,0.0,0.022
lca,50,20,3.0,1,0.5,20,200.0,10.0,0.0,0.016
segdup,50,20,3.0,1,0.5,20,220,11,0,114.346
fastmultrec,50,20,3.0,1,0.5,20,220.0,11.0,0.0,0.303
insider_relax,50,20,3.0,1,0.5,20,220.0,11.0,0.0,0.093
lca,50,20,3.0,1,0.5,20,220.0,11.0,0.0,0.059
segdup,50,20,3.0,1,0.5,20,260,13,0,223.097
fastmultrec,50,20,3.0,1,0.5,20,260.0,13.0,0.0,0.506
insider_relax,50,20,3.0,1,0.5,20,260.0,13.0,0.0,0.171
lca,50,20,3.0,1,0.5,20,260.0,13.0,0.0,0.096
segdup,50,20,3.0,1,0.5,20,80,4,0,3.949
fastmultrec,50,20,3.0,1,0.5,20,80.0,4.0,0.0,0.033
insider_relax,50,20,3.0,1,0.5,20,80.0,4.0,0.0,0.011
lca,50,20,3.0,1,0.5,20,80.0,4.0,0.0,0.009
segdup,50,20,3.0,1,0.5,20,80,4,0,8.905
fastmultrec,50,20,3.0,1,0.5,20,80.0,4.0,0.0,0.044
insider_relax,50,20,3.0,1,0.5,20,80.0,4.0,0.0,0.014
lca,50,20,3.0,1,0.5,20,80.0,4.0,0.0,0.010
segdup,50,20,3.0,1,0.5,20,120,6,0,13.421
fastmultrec,50,20,3.0,1,0.5,20,120.0,6.0,0.0,0.057
insider_relax,50,20,3.0,1,0.5,20,120.0,6.0,0.0,0.021
lca,50,20,3.0,1,0.5,20,120.0,6.0,0.0,0.012
segdup,50,20,3.0,1,0.8,25,425,17,0,234.613
fastmultrec,50,20,3.0,1,0.8,25,425.0,17.0,0.0,0.849
insider_relax,50,20,3.0,1,0.8,25,425.0,17.0,0.0,0.262
lca,50,20,3.0,1,0.8,25,425.0,17.0,0.0,0.152
segdup,50,20,3.0,1,0.8,25,25,1,0,1.830
fastmultrec,50,20,3.0,1,0.8,25,25.0,1.0,0.0,0.047
insider_relax,50,20,3.0,1,0.8,25,25.0,1.0,0.0,0.014
lca,50,20,3.0,1,0.8,25,25.0,1.0,0.0,0.010
segdup,50,20,3.0,1,0.8,25,250,10,0,83.535
fastmultrec,50,20,3.0,1,0.8,25,250.0,10.0,0.0,0.272
insider_relax,50,20,3.0,1,0.8,25,250.0,10.0,0.0,0.100
lca,50,20,3.0,1,0.8,25,250.0,10.0,0.0,0.059
segdup,50,20,3.0,1,0.8,25,200,8,0,17.814
fastmultrec,50,20,3.0,1,0.8,25,200.0,8.0,0.0,0.087
insider_relax,50,20,3.0,1,0.8,25,200.0,8.0,0.0,0.029
lca,50,20,3.0,1,0.8,25,200.0,8.0,0.0,0.018
segdup,50,20,3.0,1,0.8,25,225,9,0,27.565
fastmultrec,50,20,3.0,1,0.8,25,225.0,9.0,0.0,0.123
insider_relax,50,20,3.0,1,0.8,25,225.0,9.0,0.0,0.047
lca,50,20,3.0,1,0.8,25,225.0,9.0,0.0,0.029
segdup,50,20,3.0,1,0.8,25,100,4,0,6.890
fastmultrec,50,20,3.0,1,0.8,25,100.0,4.0,0.0,0.059
insider_relax,50,20,3.0,1,0.8,25,100.0,4.0,0.0,0.019
lca,50,20,3.0,1,0.8,25,100.0,4.0,0.0,0.016
segdup,50,20,3.0,1,0.8,25,125,5,0,8.489
fastmultrec,50,20,3.0,1,0.8,25,125.0,5.0,0.0,0.060
insider_relax,50,20,3.0,1,0.8,25,125.0,5.0,0.0,0.021
lca,50,20,3.0,1,0.8,25,125.0,5.0,0.0,0.015
segdup,50,20,3.0,1,0.8,25,250,10,0,10.508
fastmultrec,50,20,3.0,1,0.8,25,250.0,10.0,0.0,0.061
insider_relax,50,20,3.0,1,0.8,25,250.0,10.0,0.0,0.020
lca,50,20,3.0,1,0.8,25,250.0,10.0,0.0,0.013
segdup,50,20,3.0,1,0.8,25,150,6,0,4.829
fastmultrec,50,20,3.0,1,0.8,25,150.0,6.0,0.0,0.045
insider_relax,50,20,3.0,1,0.8,25,150.0,6.0,0.0,0.014
lca,50,20,3.0,1,0.8,25,150.0,6.0,0.0,0.010
segdup,50,20,3.0,1,0.8,25,200,8,0,14.335
fastmultrec,50,20,3.0,1,0.8,25,200.0,8.0,0.0,0.056
insider_relax,50,20,3.0,1,0.8,25,200.0,8.0,0.0,0.020
lca,50,20,3.0,1,0.8,25,200.0,8.0,0.0,0.016
segdup,50,20,3.0,1,0.8,5,35,7,0,53.332
fastmultrec,50,20,3.0,1,0.8,5,35.0,7.0,0.0,0.115
insider_relax,50,20,3.0,1,0.8,5,35.0,7.0,0.0,0.045
lca,50,20,3.0,1,0.8,5,35.0,7.0,0.0,0.028
segdup,50,20,3.0,1,0.8,5,25,5,0,33.088
fastmultrec,50,20,3.0,1,0.8,5,25.0,5.0,0.0,0.100
insider_relax,50,20,3.0,1,0.8,5,25.0,5.0,0.0,0.031
lca,50,20,3.0,1,0.8,5,25.0,5.0,0.0,0.020
segdup,50,20,3.0,1,0.8,5,40,8,0,116.064
fastmultrec,50,20,3.0,1,0.8,5,40.0,8.0,0.0,0.284
insider_relax,50,20,3.0,1,0.8,5,40.0,8.0,0.0,0.095
lca,50,20,3.0,1,0.8,5,40.0,8.0,0.0,0.056
segdup,50,20,3.0,1,0.8,5,20,4,0,13.990
fastmultrec,50,20,3.0,1,0.8,5,20.0,4.0,0.0,0.048
insider_relax,50,20,3.0,1,0.8,5,20.0,4.0,0.0,0.017
lca,50,20,3.0,1,0.8,5,20.0,4.0,0.0,0.013
segdup,50,20,3.0,1,0.8,5,55,11,0,731.361
fastmultrec,50,20,3.0,1,0.8,5,55.0,11.0,0.0,1.252
insider_relax,50,20,3.0,1,0.8,5,55.0,11.0,0.0,0.431
lca,50,20,3.0,1,0.8,5,55.0,11.0,0.0,0.241
segdup,50,20,3.0,1,0.8,5,25,5,0,6.956
fastmultrec,50,20,3.0,1,0.8,5,25.0,5.0,0.0,0.096
insider_relax,50,20,3.0,1,0.8,5,25.0,5.0,0.0,0.030
lca,50,20,3.0,1,0.8,5,25.0,5.0,0.0,0.022
segdup,50,20,3.0,1,0.8,5,40,8,0,10.080
fastmultrec,50,20,3.0,1,0.8,5,40.0,8.0,0.0,0.036
insider_relax,50,20,3.0,1,0.8,5,40.0,8.0,0.0,0.017
lca,50,20,3.0,1,0.8,5,40.0,8.0,0.0,0.011
segdup,50,20,3.0,1,0.8,5,15,3,0,30.076
fastmultrec,50,20,3.0,1,0.8,5,15.0,3.0,0.0,0.097
insider_relax,50,20,3.0,1,0.8,5,15.0,3.0,0.0,0.033
lca,50,20,3.0,1,0.8,5,15.0,3.0,0.0,0.020
segdup,50,20,3.0,1,0.8,5,45,9,0,15.109
fastmultrec,50,20,3.0,1,0.8,5,45.0,9.0,0.0,0.051
insider_relax,50,20,3.0,1,0.8,5,45.0,9.0,0.0,0.018
lca,50,20,3.0,1,0.8,5,45.0,9.0,0.0,0.014
segdup,50,20,3.0,1,0.8,5,20,4,0,11.284
fastmultrec,50,20,3.0,1,0.8,5,20.0,4.0,0.0,0.048
insider_relax,50,20,3.0,1,0.8,5,20.0,4.0,0.0,0.015
lca,50,20,3.0,1,0.8,5,20.0,4.0,0.0,0.012
segdup,50,20,3.0,1,0.8,10,70,7,0,14.761
fastmultrec,50,20,3.0,1,0.8,10,70.0,7.0,0.0,0.065
insider_relax,50,20,3.0,1,0.8,10,70.0,7.0,0.0,0.020
lca,50,20,3.0,1,0.8,10,70.0,7.0,0.0,0.014
segdup,50,20,3.0,1,0.8,10,50,5,0,54.154
fastmultrec,50,20,3.0,1,0.8,10,50.0,5.0,0.0,0.103
insider_relax,50,20,3.0,1,0.8,10,50.0,5.0,0.0,0.043
lca,50,20,3.0,1,0.8,10,50.0,5.0,0.0,0.028
segdup,50,20,3.0,1,0.8,10,90,9,0,142.235
fastmultrec,50,20,3.0,1,0.8,10,90.0,9.0,0.0,0.294
insider_relax,50,20,3.0,1,0.8,10,90.0,9.0,0.0,0.099
lca,50,20,3.0,1,0.8,10,90.0,9.0,0.0,0.060
segdup,50,20,3.0,1,0.8,10,50,5,0,3.381
fastmultrec,50,20,3.0,1,0.8,10,50.0,5.0,0.0,0.031
insider_relax,50,20,3.0,1,0.8,10,50.0,5.0,0.0,0.013
lca,50,20,3.0,1,0.8,10,50.0,5.0,0.0,0.009
segdup,50,20,3.0,1,0.8,10,120,12,0,101.006
fastmultrec,50,20,3.0,1,0.8,10,120.0,12.0,0.0,0.519
insider_relax,50,20,3.0,1,0.8,10,120.0,12.0,0.0,0.087
lca,50,20,3.0,1,0.8,10,120.0,12.0,0.0,0.075
segdup,50,20,3.0,1,0.8,10,60,6,0,202.174
fastmultrec,50,20,3.0,1,0.8,10,60.0,6.0,0.0,0.423
insider_relax,50,20,3.0,1,0.8,10,60.0,6.0,0.0,0.146
lca,50,20,3.0,1,0.8,10,60.0,6.0,0.0,0.088
segdup,50,20,3.0,1,0.8,10,70,7,0,17.306
fastmultrec,50,20,3.0,1,0.8,10,70.0,7.0,0.0,0.065
insider_relax,50,20,3.0,1,0.8,10,70.0,7.0,0.0,0.020
lca,50,20,3.0,1,0.8,10,70.0,7.0,0.0,0.014
segdup,50,20,3.0,1,0.8,10,70,7,0,32.630
fastmultrec,50,20,3.0,1,0.8,10,70.0,7.0,0.0,0.085
insider_relax,50,20,3.0,1,0.8,10,70.0,7.0,0.0,0.031
lca,50,20,3.0,1,0.8,10,70.0,7.0,0.0,0.021
segdup,50,20,3.0,1,0.8,10,40,4,0,17.499
fastmultrec,50,20,3.0,1,0.8,10,40.0,4.0,0.0,0.202
insider_relax,50,20,3.0,1,0.8,10,40.0,4.0,0.0,0.075
lca,50,20,3.0,1,0.8,10,40.0,4.0,0.0,0.045
segdup,50,20,3.0,1,0.8,10,100,10,0,296.447
fastmultrec,50,20,3.0,1,0.8,10,100.0,10.0,0.0,0.644
insider_relax,50,20,3.0,1,0.8,10,100.0,10.0,0.0,0.192
lca,50,20,3.0,1,0.8,10,100.0,10.0,0.0,0.113
segdup,50,20,3.0,1,0.8,15,135,9,0,59.550
fastmultrec,50,20,3.0,1,0.8,15,135.0,9.0,0.0,0.173
insider_relax,50,20,3.0,1,0.8,15,135.0,9.0,0.0,0.062
lca,50,20,3.0,1,0.8,15,135.0,9.0,0.0,0.040
segdup,50,20,3.0,1,0.8,15,45,3,0,6.886
fastmultrec,50,20,3.0,1,0.8,15,45.0,3.0,0.0,0.034
insider_relax,50,20,3.0,1,0.8,15,45.0,3.0,0.0,0.013
lca,50,20,3.0,1,0.8,15,45.0,3.0,0.0,0.009
segdup,50,20,3.0,1,0.8,15,225,15,0,4351.861
fastmultrec,50,20,3.0,1,0.8,15,225.0,15.0,0.0,64.705
insider_relax,50,20,3.0,1,0.8,15,225.0,15.0,0.0,2.090
lca,50,20,3.0,1,0.8,15,225.0,15.0,0.0,1.731
segdup,50,20,3.0,1,0.8,15,60,4,0,13.834
fastmultrec,50,20,3.0,1,0.8,15,60.0,4.0,0.0,0.047
insider_relax,50,20,3.0,1,0.8,15,60.0,4.0,0.0,0.017
lca,50,20,3.0,1,0.8,15,60.0,4.0,0.0,0.013
segdup,50,20,3.0,1,0.8,15,75,5,0,24.369
fastmultrec,50,20,3.0,1,0.8,15,75.0,5.0,0.0,0.085
insider_relax,50,20,3.0,1,0.8,15,75.0,5.0,0.0,0.028
lca,50,20,3.0,1,0.8,15,75.0,5.0,0.0,0.020
segdup,50,20,3.0,1,0.8,15,120,8,0,48.088
fastmultrec,50,20,3.0,1,0.8,15,120.0,8.0,0.0,0.139
insider_relax,50,20,3.0,1,0.8,15,120.0,8.0,0.0,0.051
lca,50,20,3.0,1,0.8,15,120.0,8.0,0.0,0.032
segdup,50,20,3.0,1,0.8,15,90,6,0,20.326
fastmultrec,50,20,3.0,1,0.8,15,90.0,6.0,0.0,0.067
insider_relax,50,20,3.0,1,0.8,15,90.0,6.0,0.0,0.022
lca,50,20,3.0,1,0.8,15,90.0,6.0,0.0,0.015
segdup,50,20,3.0,1,0.8,15,135,9,0,19.815
fastmultrec,50,20,3.0,1,0.8,15,135.0,9.0,0.0,0.064
insider_relax,50,20,3.0,1,0.8,15,135.0,9.0,0.0,0.020
lca,50,20,3.0,1,0.8,15,135.0,9.0,0.0,0.015
segdup,50,20,3.0,1,0.8,15,165,11,0,37.202
fastmultrec,50,20,3.0,1,0.8,15,165.0,11.0,0.0,0.175
insider_relax,50,20,3.0,1,0.8,15,165.0,11.0,0.0,0.063
lca,50,20,3.0,1,0.8,15,165.0,11.0,0.0,0.041
segdup,50,20,3.0,1,0.8,15,60,4,0,7.419
fastmultrec,50,20,3.0,1,0.8,15,60.0,4.0,0.0,0.036
insider_relax,50,20,3.0,1,0.8,15,60.0,4.0,0.0,0.015
lca,50,20,3.0,1,0.8,15,60.0,4.0,0.0,0.009
segdup,50,20,3.0,1,0.8,20,160,8,0,40.242
fastmultrec,50,20,3.0,1,0.8,20,160.0,8.0,0.0,0.158
insider_relax,50,20,3.0,1,0.8,20,160.0,8.0,0.0,0.051
lca,50,20,3.0,1,0.8,20,160.0,8.0,0.0,0.034
segdup,50,20,3.0,1,0.8,20,60,3,0,8.660
fastmultrec,50,20,3.0,1,0.8,20,60.0,3.0,0.0,0.032
insider_relax,50,20,3.0,1,0.8,20,60.0,3.0,0.0,0.014
lca,50,20,3.0,1,0.8,20,60.0,3.0,0.0,0.010
segdup,50,20,3.0,1,0.8,20,260,13,0,11.250
fastmultrec,50,20,3.0,1,0.8,20,260.0,13.0,0.0,0.072
insider_relax,50,20,3.0,1,0.8,20,260.0,13.0,0.0,0.021
lca,50,20,3.0,1,0.8,20,260.0,13.0,0.0,0.014
segdup,50,20,3.0,1,0.8,20,180,9,0,21.719
fastmultrec,50,20,3.0,1,0.8,20,180.0,9.0,0.0,0.107
insider_relax,50,20,3.0,1,0.8,20,180.0,9.0,0.0,0.037
lca,50,20,3.0,1,0.8,20,180.0,9.0,0.0,0.024
segdup,50,20,3.0,1,0.8,20,260,13,0,172.293
fastmultrec,50,20,3.0,1,0.8,20,260.0,13.0,0.0,0.407
insider_relax,50,20,3.0,1,0.8,20,260.0,13.0,0.0,0.145
lca,50,20,3.0,1,0.8,20,260.0,13.0,0.0,0.091
segdup,50,20,3.0,1,0.8,20,140,7,0,19.256
fastmultrec,50,20,3.0,1,0.8,20,140.0,7.0,0.0,0.093
insider_relax,50,20,3.0,1,0.8,20,140.0,7.0,0.0,0.032
lca,50,20,3.0,1,0.8,20,140.0,7.0,0.0,0.023
segdup,50,20,3.0,1,0.8,20,120,6,0,5.379
fastmultrec,50,20,3.0,1,0.8,20,120.0,6.0,0.0,0.030
insider_relax,50,20,3.0,1,0.8,20,120.0,6.0,0.0,0.013
lca,50,20,3.0,1,0.8,20,120.0,6.0,0.0,0.010
segdup,50,20,3.0,1,0.8,20,160,8,0,13.317
fastmultrec,50,20,3.0,1,0.8,20,160.0,8.0,0.0,0.117
insider_relax,50,20,3.0,1,0.8,20,160.0,8.0,0.0,0.042
lca,50,20,3.0,1,0.8,20,160.0,8.0,0.0,0.028
segdup,50,20,3.0,1,0.8,20,180,9,0,1083.681
fastmultrec,50,20,3.0,1,0.8,20,180.0,9.0,0.0,1.490
insider_relax,50,20,3.0,1,0.8,20,180.0,9.0,0.0,0.574
lca,50,20,3.0,1,0.8,20,180.0,9.0,0.0,0.303
segdup,50,20,3.0,1,0.8,20,60,3,0,8.444
fastmultrec,50,20,3.0,1,0.8,20,60.0,3.0,0.0,0.119
insider_relax,50,20,3.0,1,0.8,20,60.0,3.0,0.0,0.040
lca,50,20,3.0,1,0.8,20,60.0,3.0,0.0,0.026
segdup,50,20,3.0,1,0.2,25,250,10,0,25.483
fastmultrec,50,20,3.0,1,0.2,25,250.0,10.0,0.0,0.096
insider_relax,50,20,3.0,1,0.2,25,250.0,10.0,0.0,0.034
lca,50,20,3.0,1,0.2,25,250.0,10.0,0.0,0.024
segdup,50,20,3.0,1,0.2,25,150,6,0,1.753
fastmultrec,50,20,3.0,1,0.2,25,150.0,6.0,0.0,0.033
insider_relax,50,20,3.0,1,0.2,25,150.0,6.0,0.0,0.012
lca,50,20,3.0,1,0.2,25,150.0,6.0,0.0,0.008
segdup,50,20,3.0,1,0.2,25,175,7,0,4.932
fastmultrec,50,20,3.0,1,0.2,25,175.0,7.0,0.0,0.033
insider_relax,50,20,3.0,1,0.2,25,175.0,7.0,0.0,0.017
lca,50,20,3.0,1,0.2,25,175.0,7.0,0.0,0.009
segdup,50,20,3.0,1,0.2,25,100,4,0,4.318
fastmultrec,50,20,3.0,1,0.2,25,100.0,4.0,0.0,0.022
insider_relax,50,20,3.0,1,0.2,25,100.0,4.0,0.0,0.010
lca,50,20,3.0,1,0.2,25,100.0,4.0,0.0,0.006
segdup,50,20,3.0,1,0.2,25,100,4,0,1.634
fastmultrec,50,20,3.0,1,0.2,25,100.0,4.0,0.0,0.038
insider_relax,50,20,3.0,1,0.2,25,100.0,4.0,0.0,0.014
lca,50,20,3.0,1,0.2,25,100.0,4.0,0.0,0.009
segdup,50,20,3.0,1,0.2,25,175,7,0,5.573
fastmultrec,50,20,3.0,1,0.2,25,175.0,7.0,0.0,0.038
insider_relax,50,20,3.0,1,0.2,25,175.0,7.0,0.0,0.013
lca,50,20,3.0,1,0.2,25,175.0,7.0,0.0,0.008
segdup,50,20,3.0,1,0.2,25,125,5,0,5.965
fastmultrec,50,20,3.0,1,0.2,25,125.0,5.0,0.0,0.047
insider_relax,50,20,3.0,1,0.2,25,125.0,5.0,0.0,0.021
lca,50,20,3.0,1,0.2,25,125.0,5.0,0.0,0.011
segdup,50,20,3.0,1,0.2,25,150,6,0,2.179
fastmultrec,50,20,3.0,1,0.2,25,150.0,6.0,0.0,0.024
insider_relax,50,20,3.0,1,0.2,25,150.0,6.0,0.0,0.010
lca,50,20,3.0,1,0.2,25,150.0,6.0,0.0,0.006
segdup,50,20,3.0,1,0.2,25,175,7,0,5.854
fastmultrec,50,20,3.0,1,0.2,25,175.0,7.0,0.0,0.041
insider_relax,50,20,3.0,1,0.2,25,175.0,7.0,0.0,0.017
lca,50,20,3.0,1,0.2,25,175.0,7.0,0.0,0.010
segdup,50,20,3.0,1,0.2,25,200,8,0,6.922
fastmultrec,50,20,3.0,1,0.2,25,200.0,8.0,0.0,0.037
insider_relax,50,20,3.0,1,0.2,25,200.0,8.0,0.0,0.014
lca,50,20,3.0,1,0.2,25,200.0,8.0,0.0,0.012
segdup,50,20,3.0,1,0.2,5,50,10,0,11.921
fastmultrec,50,20,3.0,1,0.2,5,50.0,10.0,0.0,0.060
insider_relax,50,20,3.0,1,0.2,5,50.0,10.0,0.0,0.019
lca,50,20,3.0,1,0.2,5,50.0,10.0,0.0,0.012
segdup,50,20,3.0,1,0.2,5,25,5,0,1.173
fastmultrec,50,20,3.0,1,0.2,5,25.0,5.0,0.0,0.023
insider_relax,50,20,3.0,1,0.2,5,25.0,5.0,0.0,0.009
lca,50,20,3.0,1,0.2,5,25.0,5.0,0.0,0.006
segdup,50,20,3.0,1,0.2,5,25,5,0,7.164
fastmultrec,50,20,3.0,1,0.2,5,25.0,5.0,0.0,0.032
insider_relax,50,20,3.0,1,0.2,5,25.0,5.0,0.0,0.014
lca,50,20,3.0,1,0.2,5,25.0,5.0,0.0,0.008
segdup,50,20,3.0,1,0.2,5,35,7,0,3.147
fastmultrec,50,20,3.0,1,0.2,5,35.0,7.0,0.0,0.026
insider_relax,50,20,3.0,1,0.2,5,35.0,7.0,0.0,0.010
lca,50,20,3.0,1,0.2,5,35.0,7.0,0.0,0.006
segdup,50,20,3.0,1,0.2,5,55,11,0,7.722
fastmultrec,50,20,3.0,1,0.2,5,55.0,11.0,0.0,0.030
insider_relax,50,20,3.0,1,0.2,5,55.0,11.0,0.0,0.013
lca,50,20,3.0,1,0.2,5,55.0,11.0,0.0,0.010
segdup,50,20,3.0,1,0.2,5,40,8,0,5.106
fastmultrec,50,20,3.0,1,0.2,5,40.0,8.0,0.0,0.027
insider_relax,50,20,3.0,1,0.2,5,40.0,8.0,0.0,0.010
lca,50,20,3.0,1,0.2,5,40.0,8.0,0.0,0.008
segdup,50,20,3.0,1,0.2,5,38,7,3,11.828
fastmultrec,50,20,3.0,1,0.2,5,38.0,7.0,3.0,0.067
insider_relax,50,20,3.0,1,0.2,5,38.0,7.0,3.0,0.016
lca,50,20,3.0,1,0.2,5,40.0,8.0,0.0,0.011
segdup,50,20,3.0,1,0.2,5,55,11,0,10.932
fastmultrec,50,20,3.0,1,0.2,5,55.0,11.0,0.0,0.067
insider_relax,50,20,3.0,1,0.2,5,55.0,11.0,0.0,0.024
lca,50,20,3.0,1,0.2,5,55.0,11.0,0.0,0.017
segdup,50,20,3.0,1,0.2,5,25,5,0,1.174
fastmultrec,50,20,3.0,1,0.2,5,25.0,5.0,0.0,0.027
insider_relax,50,20,3.0,1,0.2,5,25.0,5.0,0.0,0.012
lca,50,20,3.0,1,0.2,5,25.0,5.0,0.0,0.008
segdup,50,20,3.0,1,0.2,5,30,6,0,8.312
fastmultrec,50,20,3.0,1,0.2,5,30.0,6.0,0.0,0.030
insider_relax,50,20,3.0,1,0.2,5,30.0,6.0,0.0,0.012
lca,50,20,3.0,1,0.2,5,30.0,6.0,0.0,0.010
segdup,50,20,3.0,1,0.2,10,70,7,0,5.700
fastmultrec,50,20,3.0,1,0.2,10,70.0,7.0,0.0,0.029
insider_relax,50,20,3.0,1,0.2,10,70.0,7.0,0.0,0.015
lca,50,20,3.0,1,0.2,10,70.0,7.0,0.0,0.008
segdup,50,20,3.0,1,0.2,10,30,3,0,1.076
fastmultrec,50,20,3.0,1,0.2,10,30.0,3.0,0.0,0.025
insider_relax,50,20,3.0,1,0.2,10,30.0,3.0,0.0,0.010
lca,50,20,3.0,1,0.2,10,30.0,3.0,0.0,0.007
segdup,50,20,3.0,1,0.2,10,90,9,0,10.952
fastmultrec,50,20,3.0,1,0.2,10,90.0,9.0,0.0,0.033
insider_relax,50,20,3.0,1,0.2,10,90.0,9.0,0.0,0.013
lca,50,20,3.0,1,0.2,10,90.0,9.0,0.0,0.011
segdup,50,20,3.0,1,0.2,10,100,10,0,9.762
fastmultrec,50,20,3.0,1,0.2,10,100.0,10.0,0.0,0.057
insider_relax,50,20,3.0,1,0.2,10,100.0,10.0,0.0,0.023
lca,50,20,3.0,1,0.2,10,100.0,10.0,0.0,0.013
segdup,50,20,3.0,1,0.2,10,120,12,0,5.409
fastmultrec,50,20,3.0,1,0.2,10,120.0,12.0,0.0,0.033
insider_relax,50,20,3.0,1,0.2,10,120.0,12.0,0.0,0.018
lca,50,20,3.0,1,0.2,10,120.0,12.0,0.0,0.009
segdup,50,20,3.0,1,0.2,10,60,6,0,3.887
fastmultrec,50,20,3.0,1,0.2,10,60.0,6.0,0.0,0.030
insider_relax,50,20,3.0,1,0.2,10,60.0,6.0,0.0,0.012
lca,50,20,3.0,1,0.2,10,60.0,6.0,0.0,0.009
segdup,50,20,3.0,1,0.2,10,90,9,0,10.206
fastmultrec,50,20,3.0,1,0.2,10,90.0,9.0,0.0,0.060
insider_relax,50,20,3.0,1,0.2,10,90.0,9.0,0.0,0.018
lca,50,20,3.0,1,0.2,10,90.0,9.0,0.0,0.012
segdup,50,20,3.0,1,0.2,10,90,9,0,6.099
fastmultrec,50,20,3.0,1,0.2,10,90.0,9.0,0.0,0.025
insider_relax,50,20,3.0,1,0.2,10,90.0,9.0,0.0,0.012
lca,50,20,3.0,1,0.2,10,90.0,9.0,0.0,0.007
segdup,50,20,3.0,1,0.2,10,50,5,0,4.716
fastmultrec,50,20,3.0,1,0.2,10,50.0,5.0,0.0,0.032
insider_relax,50,20,3.0,1,0.2,10,50.0,5.0,0.0,0.012
lca,50,20,3.0,1,0.2,10,50.0,5.0,0.0,0.008
segdup,50,20,3.0,1,0.2,10,60,6,0,5.406
fastmultrec,50,20,3.0,1,0.2,10,60.0,6.0,0.0,0.035
insider_relax,50,20,3.0,1,0.2,10,60.0,6.0,0.0,0.015
lca,50,20,3.0,1,0.2,10,60.0,6.0,0.0,0.008
segdup,50,20,3.0,1,0.2,15,120,8,0,6.365
fastmultrec,50,20,3.0,1,0.2,15,120.0,8.0,0.0,0.027
insider_relax,50,20,3.0,1,0.2,15,120.0,8.0,0.0,0.011
lca,50,20,3.0,1,0.2,15,120.0,8.0,0.0,0.009
segdup,50,20,3.0,1,0.2,15,195,13,0,15.032
fastmultrec,50,20,3.0,1,0.2,15,195.0,13.0,0.0,0.065
insider_relax,50,20,3.0,1,0.2,15,195.0,13.0,0.0,0.023
lca,50,20,3.0,1,0.2,15,195.0,13.0,0.0,0.014
segdup,50,20,3.0,1,0.2,15,105,7,0,12.513
fastmultrec,50,20,3.0,1,0.2,15,105.0,7.0,0.0,0.044
insider_relax,50,20,3.0,1,0.2,15,105.0,7.0,0.0,0.016
lca,50,20,3.0,1,0.2,15,105.0,7.0,0.0,0.012
segdup,50,20,3.0,1,0.2,15,135,9,0,4.883
fastmultrec,50,20,3.0,1,0.2,15,135.0,9.0,0.0,0.035
insider_relax,50,20,3.0,1,0.2,15,135.0,9.0,0.0,0.013
lca,50,20,3.0,1,0.2,15,135.0,9.0,0.0,0.008
segdup,50,20,3.0,1,0.2,15,135,9,0,6.209
fastmultrec,50,20,3.0,1,0.2,15,135.0,9.0,0.0,0.030
insider_relax,50,20,3.0,1,0.2,15,126.0,8.0,6.0,0.015
lca,50,20,3.0,1,0.2,15,135.0,9.0,0.0,0.009
segdup,50,20,3.0,1,0.2,15,135,9,0,11.283
fastmultrec,50,20,3.0,1,0.2,15,135.0,9.0,0.0,0.043
insider_relax,50,20,3.0,1,0.2,15,135.0,9.0,0.0,0.018
lca,50,20,3.0,1,0.2,15,135.0,9.0,0.0,0.012
segdup,50,20,3.0,1,0.2,15,45,3,0,3.276
fastmultrec,50,20,3.0,1,0.2,15,45.0,3.0,0.0,0.027
insider_relax,50,20,3.0,1,0.2,15,45.0,3.0,0.0,0.011
lca,50,20,3.0,1,0.2,15,45.0,3.0,0.0,0.010
segdup,50,20,3.0,1,0.2,15,105,7,0,11.659
fastmultrec,50,20,3.0,1,0.2,15,105.0,7.0,0.0,0.043
insider_relax,50,20,3.0,1,0.2,15,105.0,7.0,0.0,0.016
lca,50,20,3.0,1,0.2,15,105.0,7.0,0.0,0.010
segdup,50,20,3.0,1,0.2,15,60,4,0,4.217
fastmultrec,50,20,3.0,1,0.2,15,60.0,4.0,0.0,0.023
insider_relax,50,20,3.0,1,0.2,15,60.0,4.0,0.0,0.010
lca,50,20,3.0,1,0.2,15,60.0,4.0,0.0,0.006
segdup,50,20,3.0,1,0.2,15,75,5,0,3.575
fastmultrec,50,20,3.0,1,0.2,15,75.0,5.0,0.0,0.038
insider_relax,50,20,3.0,1,0.2,15,75.0,5.0,0.0,0.015
lca,50,20,3.0,1,0.2,15,75.0,5.0,0.0,0.010
segdup,50,20,3.0,1,0.2,20,160,8,0,10.407
fastmultrec,50,20,3.0,1,0.2,20,160.0,8.0,0.0,0.072
insider_relax,50,20,3.0,1,0.2,20,160.0,8.0,0.0,0.024
lca,50,20,3.0,1,0.2,20,160.0,8.0,0.0,0.016
segdup,50,20,3.0,1,0.2,20,160,8,0,8.343
fastmultrec,50,20,3.0,1,0.2,20,160.0,8.0,0.0,0.033
insider_relax,50,20,3.0,1,0.2,20,160.0,8.0,0.0,0.014
lca,50,20,3.0,1,0.2,20,160.0,8.0,0.0,0.009
segdup,50,20,3.0,1,0.2,20,80,4,0,4.176
fastmultrec,50,20,3.0,1,0.2,20,80.0,4.0,0.0,0.022
insider_relax,50,20,3.0,1,0.2,20,80.0,4.0,0.0,0.011
lca,50,20,3.0,1,0.2,20,80.0,4.0,0.0,0.007
segdup,50,20,3.0,1,0.2,20,220,11,0,8.832
fastmultrec,50,20,3.0,1,0.2,20,220.0,11.0,0.0,0.038
insider_relax,50,20,3.0,1,0.2,20,220.0,11.0,0.0,0.018
lca,50,20,3.0,1,0.2,20,220.0,11.0,0.0,0.010
segdup,50,20,3.0,1,0.2,20,160,8,0,4.065
fastmultrec,50,20,3.0,1,0.2,20,160.0,8.0,0.0,0.031
insider_relax,50,20,3.0,1,0.2,20,160.0,8.0,0.0,0.013
lca,50,20,3.0,1,0.2,20,160.0,8.0,0.0,0.007
segdup,50,20,3.0,1,0.2,20,80,4,0,2.284
fastmultrec,50,20,3.0,1,0.2,20,80.0,4.0,0.0,0.044
insider_relax,50,20,3.0,1,0.2,20,80.0,4.0,0.0,0.014
lca,50,20,3.0,1,0.2,20,80.0,4.0,0.0,0.010
segdup,50,20,3.0,1,0.2,20,120,6,0,4.298
fastmultrec,50,20,3.0,1,0.2,20,120.0,6.0,0.0,0.031
insider_relax,50,20,3.0,1,0.2,20,120.0,6.0,0.0,0.013
lca,50,20,3.0,1,0.2,20,120.0,6.0,0.0,0.008
segdup,50,20,3.0,1,0.2,20,140,7,0,5.151
fastmultrec,50,20,3.0,1,0.2,20,140.0,7.0,0.0,0.025
insider_relax,50,20,3.0,1,0.2,20,140.0,7.0,0.0,0.011
lca,50,20,3.0,1,0.2,20,140.0,7.0,0.0,0.007
segdup,50,20,3.0,1,0.2,20,240,12,0,7.838
fastmultrec,50,20,3.0,1,0.2,20,240.0,12.0,0.0,0.040
insider_relax,50,20,3.0,1,0.2,20,240.0,12.0,0.0,0.019
lca,50,20,3.0,1,0.2,20,240.0,12.0,0.0,0.012
segdup,50,20,3.0,1,0.2,20,100,5,0,11.098
fastmultrec,50,20,3.0,1,0.2,20,100.0,5.0,0.0,0.047
insider_relax,50,20,3.0,1,0.2,20,100.0,5.0,0.0,0.017
lca,50,20,3.0,1,0.2,20,100.0,5.0,0.0,0.012
segdup,50,20,1.0,1,1,25,125,5,0,8.736
fastmultrec,50,20,1.0,1,1,25,125.0,5.0,0.0,0.051
insider_relax,50,20,1.0,1,1,25,125.0,5.0,0.0,0.019
lca,50,20,1.0,1,1,25,125.0,5.0,0.0,0.011
segdup,50,20,1.0,1,1,25,25,1,0,3.496
fastmultrec,50,20,1.0,1,1,25,25.0,1.0,0.0,0.020
insider_relax,50,20,1.0,1,1,25,25.0,1.0,0.0,0.010
lca,50,20,1.0,1,1,25,25.0,1.0,0.0,0.006
segdup,50,20,1.0,1,1,25,50,2,0,1.177
fastmultrec,50,20,1.0,1,1,25,50.0,2.0,0.0,0.025
insider_relax,50,20,1.0,1,1,25,50.0,2.0,0.0,0.010
lca,50,20,1.0,1,1,25,50.0,2.0,0.0,0.007
segdup,50,20,1.0,1,1,25,125,5,0,9.073
fastmultrec,50,20,1.0,1,1,25,125.0,5.0,0.0,0.053
insider_relax,50,20,1.0,1,1,25,125.0,5.0,0.0,0.019
lca,50,20,1.0,1,1,25,125.0,5.0,0.0,0.013
segdup,50,20,1.0,1,1,25,50,2,0,5.822
fastmultrec,50,20,1.0,1,1,25,50.0,2.0,0.0,0.047
insider_relax,50,20,1.0,1,1,25,50.0,2.0,0.0,0.015
lca,50,20,1.0,1,1,25,50.0,2.0,0.0,0.011
segdup,50,20,1.0,1,1,25,25,1,0,1.912
fastmultrec,50,20,1.0,1,1,25,25.0,1.0,0.0,0.039
insider_relax,50,20,1.0,1,1,25,25.0,1.0,0.0,0.014
lca,50,20,1.0,1,1,25,25.0,1.0,0.0,0.010
segdup,50,20,1.0,1,1,25,100,4,0,3.609
fastmultrec,50,20,1.0,1,1,25,100.0,4.0,0.0,0.028
insider_relax,50,20,1.0,1,1,25,100.0,4.0,0.0,0.011
lca,50,20,1.0,1,1,25,100.0,4.0,0.0,0.008
segdup,50,20,1.0,1,1,25,50,2,0,1.131
fastmultrec,50,20,1.0,1,1,25,50.0,2.0,0.0,0.026
insider_relax,50,20,1.0,1,1,25,50.0,2.0,0.0,0.010
lca,50,20,1.0,1,1,25,50.0,2.0,0.0,0.009
segdup,50,20,1.0,1,1,25,25,1,0,0.801
fastmultrec,50,20,1.0,1,1,25,25.0,1.0,0.0,0.022
insider_relax,50,20,1.0,1,1,25,25.0,1.0,0.0,0.009
lca,50,20,1.0,1,1,25,25.0,1.0,0.0,0.006
segdup,50,20,1.0,1,1,25,25,1,0,0.805
fastmultrec,50,20,1.0,1,1,25,25.0,1.0,0.0,0.024
insider_relax,50,20,1.0,1,1,25,25.0,1.0,0.0,0.009
lca,50,20,1.0,1,1,25,25.0,1.0,0.0,0.006
segdup,50,20,1.0,1,1,5,0,0,0,0.032
fastmultrec,50,20,1.0,1,1,5,0.0,0.0,0.0,0.026
insider_relax,50,20,1.0,1,1,5,0.0,0.0,0.0,0.008
lca,50,20,1.0,1,1,5,0.0,0.0,0.0,0.006
segdup,50,20,1.0,1,1,5,30,6,0,18.179
fastmultrec,50,20,1.0,1,1,5,30.0,6.0,0.0,0.051
insider_relax,50,20,1.0,1,1,5,30.0,6.0,0.0,0.017
lca,50,20,1.0,1,1,5,30.0,6.0,0.0,0.013
segdup,50,20,1.0,1,1,5,5,1,0,6.443
fastmultrec,50,20,1.0,1,1,5,5.0,1.0,0.0,0.027
insider_relax,50,20,1.0,1,1,5,5.0,1.0,0.0,0.009
lca,50,20,1.0,1,1,5,5.0,1.0,0.0,0.008
segdup,50,20,1.0,1,1,5,10,2,0,14.661
fastmultrec,50,20,1.0,1,1,5,10.0,2.0,0.0,0.052
insider_relax,50,20,1.0,1,1,5,10.0,2.0,0.0,0.016
lca,50,20,1.0,1,1,5,10.0,2.0,0.0,0.010
segdup,50,20,1.0,1,1,5,5,1,0,0.809
fastmultrec,50,20,1.0,1,1,5,5.0,1.0,0.0,0.029
insider_relax,50,20,1.0,1,1,5,5.0,1.0,0.0,0.011
lca,50,20,1.0,1,1,5,5.0,1.0,0.0,0.006
segdup,50,20,1.0,1,1,5,25,5,0,96.966
fastmultrec,50,20,1.0,1,1,5,25.0,5.0,0.0,0.144
insider_relax,50,20,1.0,1,1,5,25.0,5.0,0.0,0.054
lca,50,20,1.0,1,1,5,25.0,5.0,0.0,0.034
segdup,50,20,1.0,1,1,5,0,0,0,0.029
fastmultrec,50,20,1.0,1,1,5,0.0,0.0,0.0,0.027
insider_relax,50,20,1.0,1,1,5,0.0,0.0,0.0,0.009
lca,50,20,1.0,1,1,5,0.0,0.0,0.0,0.006
segdup,50,20,1.0,1,1,5,10,2,0,5.414
fastmultrec,50,20,1.0,1,1,5,10.0,2.0,0.0,0.023
insider_relax,50,20,1.0,1,1,5,10.0,2.0,0.0,0.009
lca,50,20,1.0,1,1,5,10.0,2.0,0.0,0.007
segdup,50,20,1.0,1,1,5,5,1,0,1.536
fastmultrec,50,20,1.0,1,1,5,5.0,1.0,0.0,0.036
insider_relax,50,20,1.0,1,1,5,5.0,1.0,0.0,0.012
lca,50,20,1.0,1,1,5,5.0,1.0,0.0,0.008
segdup,50,20,1.0,1,1,5,15,3,0,20.271
fastmultrec,50,20,1.0,1,1,5,15.0,3.0,0.0,0.056
insider_relax,50,20,1.0,1,1,5,15.0,3.0,0.0,0.022
lca,50,20,1.0,1,1,5,15.0,3.0,0.0,0.016
segdup,50,20,1.0,1,1,10,40,4,0,24.135
fastmultrec,50,20,1.0,1,1,10,40.0,4.0,0.0,0.072
insider_relax,50,20,1.0,1,1,10,40.0,4.0,0.0,0.024
lca,50,20,1.0,1,1,10,40.0,4.0,0.0,0.018
segdup,50,20,1.0,1,1,10,0,0,0,0.028
fastmultrec,50,20,1.0,1,1,10,0.0,0.0,0.0,0.021
insider_relax,50,20,1.0,1,1,10,0.0,0.0,0.0,0.009
lca,50,20,1.0,1,1,10,0.0,0.0,0.0,0.006
segdup,50,20,1.0,1,1,10,40,4,0,10.673
fastmultrec,50,20,1.0,1,1,10,40.0,4.0,0.0,0.042
insider_relax,50,20,1.0,1,1,10,40.0,4.0,0.0,0.013
lca,50,20,1.0,1,1,10,40.0,4.0,0.0,0.010
segdup,50,20,1.0,1,1,10,20,2,0,4.771
fastmultrec,50,20,1.0,1,1,10,20.0,2.0,0.0,0.028
insider_relax,50,20,1.0,1,1,10,20.0,2.0,0.0,0.011
lca,50,20,1.0,1,1,10,20.0,2.0,0.0,0.008
segdup,50,20,1.0,1,1,10,10,1,0,1.773
fastmultrec,50,20,1.0,1,1,10,10.0,1.0,0.0,0.023
insider_relax,50,20,1.0,1,1,10,10.0,1.0,0.0,0.009
lca,50,20,1.0,1,1,10,10.0,1.0,0.0,0.006
segdup,50,20,1.0,1,1,10,10,1,0,4.786
fastmultrec,50,20,1.0,1,1,10,10.0,1.0,0.0,0.024
insider_relax,50,20,1.0,1,1,10,10.0,1.0,0.0,0.009
lca,50,20,1.0,1,1,10,10.0,1.0,0.0,0.007
segdup,50,20,1.0,1,1,10,60,6,0,27.470
fastmultrec,50,20,1.0,1,1,10,60.0,6.0,0.0,0.096
insider_relax,50,20,1.0,1,1,10,60.0,6.0,0.0,0.037
lca,50,20,1.0,1,1,10,60.0,6.0,0.0,0.022
segdup,50,20,1.0,1,1,10,30,3,0,6.142
fastmultrec,50,20,1.0,1,1,10,30.0,3.0,0.0,0.030
insider_relax,50,20,1.0,1,1,10,30.0,3.0,0.0,0.009
lca,50,20,1.0,1,1,10,30.0,3.0,0.0,0.006
segdup,50,20,1.0,1,1,10,40,4,0,15.102
fastmultrec,50,20,1.0,1,1,10,40.0,4.0,0.0,0.059
insider_relax,50,20,1.0,1,1,10,40.0,4.0,0.0,0.015
lca,50,20,1.0,1,1,10,40.0,4.0,0.0,0.012
segdup,50,20,1.0,1,1,10,20,2,0,5.213
fastmultrec,50,20,1.0,1,1,10,20.0,2.0,0.0,0.025
insider_relax,50,20,1.0,1,1,10,20.0,2.0,0.0,0.009
lca,50,20,1.0,1,1,10,20.0,2.0,0.0,0.007
segdup,50,20,1.0,1,1,15,0,0,0,0.026
fastmultrec,50,20,1.0,1,1,15,0.0,0.0,0.0,0.022
insider_relax,50,20,1.0,1,1,15,0.0,0.0,0.0,0.008
lca,50,20,1.0,1,1,15,0.0,0.0,0.0,0.008
segdup,50,20,1.0,1,1,15,15,1,0,9.065
fastmultrec,50,20,1.0,1,1,15,15.0,1.0,0.0,0.027
insider_relax,50,20,1.0,1,1,15,15.0,1.0,0.0,0.011
lca,50,20,1.0,1,1,15,15.0,1.0,0.0,0.010
segdup,50,20,1.0,1,1,15,30,2,0,8.618
fastmultrec,50,20,1.0,1,1,15,30.0,2.0,0.0,0.043
insider_relax,50,20,1.0,1,1,15,30.0,2.0,0.0,0.018
lca,50,20,1.0,1,1,15,30.0,2.0,0.0,0.012
segdup,50,20,1.0,1,1,15,45,3,0,4.914
fastmultrec,50,20,1.0,1,1,15,45.0,3.0,0.0,0.027
insider_relax,50,20,1.0,1,1,15,45.0,3.0,0.0,0.011
lca,50,20,1.0,1,1,15,45.0,3.0,0.0,0.008
segdup,50,20,1.0,1,1,15,0,0,0,0.030
fastmultrec,50,20,1.0,1,1,15,0.0,0.0,0.0,0.025
insider_relax,50,20,1.0,1,1,15,0.0,0.0,0.0,0.010
lca,50,20,1.0,1,1,15,0.0,0.0,0.0,0.006
segdup,50,20,1.0,1,1,15,30,2,0,3.271
fastmultrec,50,20,1.0,1,1,15,30.0,2.0,0.0,0.023
insider_relax,50,20,1.0,1,1,15,30.0,2.0,0.0,0.009
lca,50,20,1.0,1,1,15,30.0,2.0,0.0,0.009
segdup,50,20,1.0,1,1,15,45,3,0,8.846
fastmultrec,50,20,1.0,1,1,15,45.0,3.0,0.0,0.047
insider_relax,50,20,1.0,1,1,15,45.0,3.0,0.0,0.015
lca,50,20,1.0,1,1,15,45.0,3.0,0.0,0.012
segdup,50,20,1.0,1,1,15,45,3,0,4.340
fastmultrec,50,20,1.0,1,1,15,45.0,3.0,0.0,0.027
insider_relax,50,20,1.0,1,1,15,45.0,3.0,0.0,0.011
lca,50,20,1.0,1,1,15,45.0,3.0,0.0,0.007
segdup,50,20,1.0,1,1,15,15,1,0,0.916
fastmultrec,50,20,1.0,1,1,15,15.0,1.0,0.0,0.023
insider_relax,50,20,1.0,1,1,15,15.0,1.0,0.0,0.009
lca,50,20,1.0,1,1,15,15.0,1.0,0.0,0.007
segdup,50,20,1.0,1,1,15,45,3,0,3.498
fastmultrec,50,20,1.0,1,1,15,45.0,3.0,0.0,0.028
insider_relax,50,20,1.0,1,1,15,45.0,3.0,0.0,0.010
lca,50,20,1.0,1,1,15,45.0,3.0,0.0,0.010
segdup,50,20,1.0,1,1,20,60,3,0,2.639
fastmultrec,50,20,1.0,1,1,20,60.0,3.0,0.0,0.025
insider_relax,50,20,1.0,1,1,20,60.0,3.0,0.0,0.010
lca,50,20,1.0,1,1,20,60.0,3.0,0.0,0.007
segdup,50,20,1.0,1,1,20,40,2,0,2.192
fastmultrec,50,20,1.0,1,1,20,40.0,2.0,0.0,0.054
insider_relax,50,20,1.0,1,1,20,40.0,2.0,0.0,0.016
lca,50,20,1.0,1,1,20,40.0,2.0,0.0,0.012
segdup,50,20,1.0,1,1,20,0,0,0,0.026
fastmultrec,50,20,1.0,1,1,20,0.0,0.0,0.0,0.025
insider_relax,50,20,1.0,1,1,20,0.0,0.0,0.0,0.009
lca,50,20,1.0,1,1,20,0.0,0.0,0.0,0.007
segdup,50,20,1.0,1,1,20,60,3,0,2.403
fastmultrec,50,20,1.0,1,1,20,60.0,3.0,0.0,0.057
insider_relax,50,20,1.0,1,1,20,60.0,3.0,0.0,0.016
lca,50,20,1.0,1,1,20,60.0,3.0,0.0,0.013
segdup,50,20,1.0,1,1,20,60,3,0,4.692
fastmultrec,50,20,1.0,1,1,20,60.0,3.0,0.0,0.025
insider_relax,50,20,1.0,1,1,20,60.0,3.0,0.0,0.010
lca,50,20,1.0,1,1,20,60.0,3.0,0.0,0.008
segdup,50,20,1.0,1,1,20,20,1,0,1.539
fastmultrec,50,20,1.0,1,1,20,20.0,1.0,0.0,0.027
insider_relax,50,20,1.0,1,1,20,20.0,1.0,0.0,0.012
lca,50,20,1.0,1,1,20,20.0,1.0,0.0,0.007
segdup,50,20,1.0,1,1,20,60,3,0,6.289
fastmultrec,50,20,1.0,1,1,20,60.0,3.0,0.0,0.028
insider_relax,50,20,1.0,1,1,20,60.0,3.0,0.0,0.011
lca,50,20,1.0,1,1,20,60.0,3.0,0.0,0.008
segdup,50,20,1.0,1,1,20,20,1,0,5.367
fastmultrec,50,20,1.0,1,1,20,20.0,1.0,0.0,0.024
insider_relax,50,20,1.0,1,1,20,20.0,1.0,0.0,0.010
lca,50,20,1.0,1,1,20,20.0,1.0,0.0,0.006
segdup,50,20,1.0,1,1,20,40,2,0,8.888
fastmultrec,50,20,1.0,1,1,20,40.0,2.0,0.0,0.051
insider_relax,50,20,1.0,1,1,20,40.0,2.0,0.0,0.016
lca,50,20,1.0,1,1,20,40.0,2.0,0.0,0.012
segdup,50,20,1.0,1,1,20,40,2,0,6.004
fastmultrec,50,20,1.0,1,1,20,40.0,2.0,0.0,0.028
insider_relax,50,20,1.0,1,1,20,40.0,2.0,0.0,0.013
lca,50,20,1.0,1,1,20,40.0,2.0,0.0,0.008
segdup,50,20,1.0,1,0.5,25,25,1,0,4.941
fastmultrec,50,20,1.0,1,0.5,25,25.0,1.0,0.0,0.023
insider_relax,50,20,1.0,1,0.5,25,25.0,1.0,0.0,0.010
lca,50,20,1.0,1,0.5,25,25.0,1.0,0.0,0.008
segdup,50,20,1.0,1,0.5,25,75,3,0,7.229
fastmultrec,50,20,1.0,1,0.5,25,75.0,3.0,0.0,0.029
insider_relax,50,20,1.0,1,0.5,25,75.0,3.0,0.0,0.012
lca,50,20,1.0,1,0.5,25,75.0,3.0,0.0,0.008
segdup,50,20,1.0,1,0.5,25,50,2,0,2.882
fastmultrec,50,20,1.0,1,0.5,25,50.0,2.0,0.0,0.047
insider_relax,50,20,1.0,1,0.5,25,50.0,2.0,0.0,0.020
lca,50,20,1.0,1,0.5,25,50.0,2.0,0.0,0.014
segdup,50,20,1.0,1,0.5,25,75,3,0,4.243
fastmultrec,50,20,1.0,1,0.5,25,75.0,3.0,0.0,0.032
insider_relax,50,20,1.0,1,0.5,25,75.0,3.0,0.0,0.012
lca,50,20,1.0,1,0.5,25,75.0,3.0,0.0,0.009
segdup,50,20,1.0,1,0.5,25,75,3,0,2.971
fastmultrec,50,20,1.0,1,0.5,25,75.0,3.0,0.0,0.024
insider_relax,50,20,1.0,1,0.5,25,75.0,3.0,0.0,0.010
lca,50,20,1.0,1,0.5,25,75.0,3.0,0.0,0.007
segdup,50,20,1.0,1,0.5,25,50,2,0,0.946
fastmultrec,50,20,1.0,1,0.5,25,50.0,2.0,0.0,0.023
insider_relax,50,20,1.0,1,0.5,25,50.0,2.0,0.0,0.009
lca,50,20,1.0,1,0.5,25,50.0,2.0,0.0,0.006
segdup,50,20,1.0,1,0.5,25,100,4,0,6.024
fastmultrec,50,20,1.0,1,0.5,25,100.0,4.0,0.0,0.035
insider_relax,50,20,1.0,1,0.5,25,100.0,4.0,0.0,0.014
lca,50,20,1.0,1,0.5,25,100.0,4.0,0.0,0.008
segdup,50,20,1.0,1,0.5,25,50,2,0,4.920
fastmultrec,50,20,1.0,1,0.5,25,50.0,2.0,0.0,0.022
insider_relax,50,20,1.0,1,0.5,25,50.0,2.0,0.0,0.009
lca,50,20,1.0,1,0.5,25,50.0,2.0,0.0,0.007
segdup,50,20,1.0,1,0.5,25,75,3,0,10.768
fastmultrec,50,20,1.0,1,0.5,25,75.0,3.0,0.0,0.051
insider_relax,50,20,1.0,1,0.5,25,75.0,3.0,0.0,0.018
lca,50,20,1.0,1,0.5,25,75.0,3.0,0.0,0.013
segdup,50,20,1.0,1,0.5,25,25,1,0,0.865
fastmultrec,50,20,1.0,1,0.5,25,25.0,1.0,0.0,0.024
insider_relax,50,20,1.0,1,0.5,25,25.0,1.0,0.0,0.009
lca,50,20,1.0,1,0.5,25,25.0,1.0,0.0,0.009
segdup,50,20,1.0,1,0.5,5,10,2,0,7.293
fastmultrec,50,20,1.0,1,0.5,5,10.0,2.0,0.0,0.033
insider_relax,50,20,1.0,1,0.5,5,10.0,2.0,0.0,0.011
lca,50,20,1.0,1,0.5,5,10.0,2.0,0.0,0.010
segdup,50,20,1.0,1,0.5,5,10,2,0,4.136
fastmultrec,50,20,1.0,1,0.5,5,10.0,2.0,0.0,0.027
insider_relax,50,20,1.0,1,0.5,5,10.0,2.0,0.0,0.010
lca,50,20,1.0,1,0.5,5,10.0,2.0,0.0,0.006
segdup,50,20,1.0,1,0.5,5,5,1,0,5.715
fastmultrec,50,20,1.0,1,0.5,5,5.0,1.0,0.0,0.023
insider_relax,50,20,1.0,1,0.5,5,5.0,1.0,0.0,0.009
lca,50,20,1.0,1,0.5,5,5.0,1.0,0.0,0.006
segdup,50,20,1.0,1,0.5,5,15,3,0,9.386
fastmultrec,50,20,1.0,1,0.5,5,15.0,3.0,0.0,0.031
insider_relax,50,20,1.0,1,0.5,5,15.0,3.0,0.0,0.011
lca,50,20,1.0,1,0.5,5,15.0,3.0,0.0,0.010
segdup,50,20,1.0,1,0.5,5,10,2,0,4.951
fastmultrec,50,20,1.0,1,0.5,5,10.0,2.0,0.0,0.028
insider_relax,50,20,1.0,1,0.5,5,10.0,2.0,0.0,0.012
lca,50,20,1.0,1,0.5,5,10.0,2.0,0.0,0.008
segdup,50,20,1.0,1,0.5,5,5,1,0,1.782
fastmultrec,50,20,1.0,1,0.5,5,5.0,1.0,0.0,0.024
insider_relax,50,20,1.0,1,0.5,5,5.0,1.0,0.0,0.009
lca,50,20,1.0,1,0.5,5,5.0,1.0,0.0,0.006
segdup,50,20,1.0,1,0.5,5,10,2,0,7.257
fastmultrec,50,20,1.0,1,0.5,5,10.0,2.0,0.0,0.044
insider_relax,50,20,1.0,1,0.5,5,10.0,2.0,0.0,0.017
lca,50,20,1.0,1,0.5,5,10.0,2.0,0.0,0.011
segdup,50,20,1.0,1,0.5,5,15,3,0,1.537
fastmultrec,50,20,1.0,1,0.5,5,15.0,3.0,0.0,0.031
insider_relax,50,20,1.0,1,0.5,5,15.0,3.0,0.0,0.012
lca,50,20,1.0,1,0.5,5,15.0,3.0,0.0,0.009
segdup,50,20,1.0,1,0.5,5,5,1,0,10.132
fastmultrec,50,20,1.0,1,0.5,5,5.0,1.0,0.0,0.033
insider_relax,50,20,1.0,1,0.5,5,5.0,1.0,0.0,0.013
lca,50,20,1.0,1,0.5,5,5.0,1.0,0.0,0.008
segdup,50,20,1.0,1,0.5,5,10,2,0,5.171
fastmultrec,50,20,1.0,1,0.5,5,10.0,2.0,0.0,0.026
insider_relax,50,20,1.0,1,0.5,5,10.0,2.0,0.0,0.011
lca,50,20,1.0,1,0.5,5,10.0,2.0,0.0,0.009
segdup,50,20,1.0,1,0.5,10,20,2,0,7.254
fastmultrec,50,20,1.0,1,0.5,10,20.0,2.0,0.0,0.022
insider_relax,50,20,1.0,1,0.5,10,20.0,2.0,0.0,0.009
lca,50,20,1.0,1,0.5,10,20.0,2.0,0.0,0.006
segdup,50,20,1.0,1,0.5,10,20,2,0,9.223
fastmultrec,50,20,1.0,1,0.5,10,20.0,2.0,0.0,0.032
insider_relax,50,20,1.0,1,0.5,10,20.0,2.0,0.0,0.012
lca,50,20,1.0,1,0.5,10,20.0,2.0,0.0,0.010
segdup,50,20,1.0,1,0.5,10,40,4,0,5.375
fastmultrec,50,20,1.0,1,0.5,10,40.0,4.0,0.0,0.026
insider_relax,50,20,1.0,1,0.5,10,40.0,4.0,0.0,0.011
lca,50,20,1.0,1,0.5,10,40.0,4.0,0.0,0.008
segdup,50,20,1.0,1,0.5,10,20,2,0,10.615
fastmultrec,50,20,1.0,1,0.5,10,20.0,2.0,0.0,0.051
insider_relax,50,20,1.0,1,0.5,10,20.0,2.0,0.0,0.016
lca,50,20,1.0,1,0.5,10,20.0,2.0,0.0,0.012
segdup,50,20,1.0,1,0.5,10,0,0,0,0.026
fastmultrec,50,20,1.0,1,0.5,10,0.0,0.0,0.0,0.024
insider_relax,50,20,1.0,1,0.5,10,0.0,0.0,0.0,0.008
lca,50,20,1.0,1,0.5,10,0.0,0.0,0.0,0.006
segdup,50,20,1.0,1,0.5,10,20,2,0,7.716
fastmultrec,50,20,1.0,1,0.5,10,20.0,2.0,0.0,0.029
insider_relax,50,20,1.0,1,0.5,10,20.0,2.0,0.0,0.011
lca,50,20,1.0,1,0.5,10,20.0,2.0,0.0,0.009
segdup,50,20,1.0,1,0.5,10,10,1,0,1.621
fastmultrec,50,20,1.0,1,0.5,10,10.0,1.0,0.0,0.038
insider_relax,50,20,1.0,1,0.5,10,10.0,1.0,0.0,0.012
lca,50,20,1.0,1,0.5,10,10.0,1.0,0.0,0.009
segdup,50,20,1.0,1,0.5,10,20,2,0,8.548
fastmultrec,50,20,1.0,1,0.5,10,20.0,2.0,0.0,0.042
insider_relax,50,20,1.0,1,0.5,10,20.0,2.0,0.0,0.013
lca,50,20,1.0,1,0.5,10,20.0,2.0,0.0,0.009
segdup,50,20,1.0,1,0.5,10,50,5,0,10.201
fastmultrec,50,20,1.0,1,0.5,10,50.0,5.0,0.0,0.038
insider_relax,50,20,1.0,1,0.5,10,50.0,5.0,0.0,0.017
lca,50,20,1.0,1,0.5,10,50.0,5.0,0.0,0.011
segdup,50,20,1.0,1,0.5,10,30,3,0,10.369
fastmultrec,50,20,1.0,1,0.5,10,30.0,3.0,0.0,0.037
insider_relax,50,20,1.0,1,0.5,10,30.0,3.0,0.0,0.014
lca,50,20,1.0,1,0.5,10,30.0,3.0,0.0,0.011
segdup,50,20,1.0,1,0.5,15,15,1,0,3.546
fastmultrec,50,20,1.0,1,0.5,15,15.0,1.0,0.0,0.021
insider_relax,50,20,1.0,1,0.5,15,15.0,1.0,0.0,0.008
lca,50,20,1.0,1,0.5,15,15.0,1.0,0.0,0.008
segdup,50,20,1.0,1,0.5,15,30,2,0,2.198
fastmultrec,50,20,1.0,1,0.5,15,30.0,2.0,0.0,0.037
insider_relax,50,20,1.0,1,0.5,15,30.0,2.0,0.0,0.014
lca,50,20,1.0,1,0.5,15,30.0,2.0,0.0,0.008
segdup,50,20,1.0,1,0.5,15,0,0,0,0.026
fastmultrec,50,20,1.0,1,0.5,15,0.0,0.0,0.0,0.021
insider_relax,50,20,1.0,1,0.5,15,0.0,0.0,0.0,0.008
lca,50,20,1.0,1,0.5,15,0.0,0.0,0.0,0.008
segdup,50,20,1.0,1,0.5,15,30,2,0,1.081
fastmultrec,50,20,1.0,1,0.5,15,30.0,2.0,0.0,0.022
insider_relax,50,20,1.0,1,0.5,15,30.0,2.0,0.0,0.009
lca,50,20,1.0,1,0.5,15,30.0,2.0,0.0,0.007
segdup,50,20,1.0,1,0.5,15,0,0,0,0.028
fastmultrec,50,20,1.0,1,0.5,15,0.0,0.0,0.0,0.021
insider_relax,50,20,1.0,1,0.5,15,0.0,0.0,0.0,0.011
lca,50,20,1.0,1,0.5,15,0.0,0.0,0.0,0.005
segdup,50,20,1.0,1,0.5,15,15,1,0,4.998
fastmultrec,50,20,1.0,1,0.5,15,15.0,1.0,0.0,0.024
insider_relax,50,20,1.0,1,0.5,15,15.0,1.0,0.0,0.010
lca,50,20,1.0,1,0.5,15,15.0,1.0,0.0,0.010
segdup,50,20,1.0,1,0.5,15,0,0,0,0.030
fastmultrec,50,20,1.0,1,0.5,15,0.0,0.0,0.0,0.024
insider_relax,50,20,1.0,1,0.5,15,0.0,0.0,0.0,0.008
lca,50,20,1.0,1,0.5,15,0.0,0.0,0.0,0.006
segdup,50,20,1.0,1,0.5,15,15,1,0,1.554
fastmultrec,50,20,1.0,1,0.5,15,15.0,1.0,0.0,0.036
insider_relax,50,20,1.0,1,0.5,15,15.0,1.0,0.0,0.013
lca,50,20,1.0,1,0.5,15,15.0,1.0,0.0,0.008
segdup,50,20,1.0,1,0.5,15,45,3,0,9.993
fastmultrec,50,20,1.0,1,0.5,15,45.0,3.0,0.0,0.032
insider_relax,50,20,1.0,1,0.5,15,45.0,3.0,0.0,0.013
lca,50,20,1.0,1,0.5,15,45.0,3.0,0.0,0.009
segdup,50,20,1.0,1,0.5,15,15,1,0,1.524
fastmultrec,50,20,1.0,1,0.5,15,15.0,1.0,0.0,0.039
insider_relax,50,20,1.0,1,0.5,15,15.0,1.0,0.0,0.012
lca,50,20,1.0,1,0.5,15,15.0,1.0,0.0,0.012
segdup,50,20,1.0,1,0.5,20,80,4,0,8.383
fastmultrec,50,20,1.0,1,0.5,20,80.0,4.0,0.0,0.113
insider_relax,50,20,1.0,1,0.5,20,80.0,4.0,0.0,0.038
lca,50,20,1.0,1,0.5,20,80.0,4.0,0.0,0.025
segdup,50,20,1.0,1,0.5,20,20,1,0,3.535
fastmultrec,50,20,1.0,1,0.5,20,20.0,1.0,0.0,0.021
insider_relax,50,20,1.0,1,0.5,20,20.0,1.0,0.0,0.009
lca,50,20,1.0,1,0.5,20,20.0,1.0,0.0,0.006
segdup,50,20,1.0,1,0.5,20,40,2,0,2.393
fastmultrec,50,20,1.0,1,0.5,20,40.0,2.0,0.0,0.040
insider_relax,50,20,1.0,1,0.5,20,40.0,2.0,0.0,0.013
lca,50,20,1.0,1,0.5,20,40.0,2.0,0.0,0.009
segdup,50,20,1.0,1,0.5,20,20,1,0,1.107
fastmultrec,50,20,1.0,1,0.5,20,20.0,1.0,0.0,0.024
insider_relax,50,20,1.0,1,0.5,20,20.0,1.0,0.0,0.010
lca,50,20,1.0,1,0.5,20,20.0,1.0,0.0,0.007
segdup,50,20,1.0,1,0.5,20,60,3,0,6.340
fastmultrec,50,20,1.0,1,0.5,20,60.0,3.0,0.0,0.097
insider_relax,50,20,1.0,1,0.5,20,60.0,3.0,0.0,0.030
lca,50,20,1.0,1,0.5,20,60.0,3.0,0.0,0.020
segdup,50,20,1.0,1,0.5,20,60,3,0,2.464
fastmultrec,50,20,1.0,1,0.5,20,60.0,3.0,0.0,0.023
insider_relax,50,20,1.0,1,0.5,20,60.0,3.0,0.0,0.010
lca,50,20,1.0,1,0.5,20,60.0,3.0,0.0,0.007
segdup,50,20,1.0,1,0.5,20,80,4,0,5.525
fastmultrec,50,20,1.0,1,0.5,20,80.0,4.0,0.0,0.030
insider_relax,50,20,1.0,1,0.5,20,80.0,4.0,0.0,0.014
lca,50,20,1.0,1,0.5,20,80.0,4.0,0.0,0.008
segdup,50,20,1.0,1,0.5,20,20,1,0,6.018
fastmultrec,50,20,1.0,1,0.5,20,20.0,1.0,0.0,0.026
insider_relax,50,20,1.0,1,0.5,20,20.0,1.0,0.0,0.010
lca,50,20,1.0,1,0.5,20,20.0,1.0,0.0,0.007
segdup,50,20,1.0,1,0.5,20,40,2,0,1.900
fastmultrec,50,20,1.0,1,0.5,20,40.0,2.0,0.0,0.025
insider_relax,50,20,1.0,1,0.5,20,40.0,2.0,0.0,0.011
lca,50,20,1.0,1,0.5,20,40.0,2.0,0.0,0.007
segdup,50,20,1.0,1,0.5,20,40,2,0,4.318
fastmultrec,50,20,1.0,1,0.5,20,40.0,2.0,0.0,0.022
insider_relax,50,20,1.0,1,0.5,20,40.0,2.0,0.0,0.010
lca,50,20,1.0,1,0.5,20,40.0,2.0,0.0,0.007
segdup,50,20,1.0,1,0.8,25,75,3,0,7.936
fastmultrec,50,20,1.0,1,0.8,25,75.0,3.0,0.0,0.031
insider_relax,50,20,1.0,1,0.8,25,75.0,3.0,0.0,0.015
lca,50,20,1.0,1,0.8,25,75.0,3.0,0.0,0.008
segdup,50,20,1.0,1,0.8,25,100,4,0,16.806
fastmultrec,50,20,1.0,1,0.8,25,100.0,4.0,0.0,0.068
insider_relax,50,20,1.0,1,0.8,25,100.0,4.0,0.0,0.025
lca,50,20,1.0,1,0.8,25,100.0,4.0,0.0,0.016
segdup,50,20,1.0,1,0.8,25,75,3,0,5.776
fastmultrec,50,20,1.0,1,0.8,25,75.0,3.0,0.0,0.028
insider_relax,50,20,1.0,1,0.8,25,75.0,3.0,0.0,0.011
lca,50,20,1.0,1,0.8,25,75.0,3.0,0.0,0.007
segdup,50,20,1.0,1,0.8,25,25,1,0,4.790
fastmultrec,50,20,1.0,1,0.8,25,25.0,1.0,0.0,0.022
insider_relax,50,20,1.0,1,0.8,25,25.0,1.0,0.0,0.009
lca,50,20,1.0,1,0.8,25,25.0,1.0,0.0,0.006
segdup,50,20,1.0,1,0.8,25,100,4,0,7.224
fastmultrec,50,20,1.0,1,0.8,25,100.0,4.0,0.0,0.047
insider_relax,50,20,1.0,1,0.8,25,100.0,4.0,0.0,0.016
lca,50,20,1.0,1,0.8,25,100.0,4.0,0.0,0.014
segdup,50,20,1.0,1,0.8,25,50,2,0,5.162
fastmultrec,50,20,1.0,1,0.8,25,50.0,2.0,0.0,0.028
insider_relax,50,20,1.0,1,0.8,25,50.0,2.0,0.0,0.010
lca,50,20,1.0,1,0.8,25,50.0,2.0,0.0,0.008
segdup,50,20,1.0,1,0.8,25,75,3,0,4.023
fastmultrec,50,20,1.0,1,0.8,25,75.0,3.0,0.0,0.027
insider_relax,50,20,1.0,1,0.8,25,75.0,3.0,0.0,0.011
lca,50,20,1.0,1,0.8,25,75.0,3.0,0.0,0.008
segdup,50,20,1.0,1,0.8,25,50,2,0,5.477
fastmultrec,50,20,1.0,1,0.8,25,50.0,2.0,0.0,0.024
insider_relax,50,20,1.0,1,0.8,25,50.0,2.0,0.0,0.011
lca,50,20,1.0,1,0.8,25,50.0,2.0,0.0,0.008
segdup,50,20,1.0,1,0.8,25,100,4,0,10.202
fastmultrec,50,20,1.0,1,0.8,25,100.0,4.0,0.0,0.045
insider_relax,50,20,1.0,1,0.8,25,100.0,4.0,0.0,0.019
lca,50,20,1.0,1,0.8,25,100.0,4.0,0.0,0.011
segdup,50,20,1.0,1,0.8,25,25,1,0,1.808
fastmultrec,50,20,1.0,1,0.8,25,25.0,1.0,0.0,0.041
insider_relax,50,20,1.0,1,0.8,25,25.0,1.0,0.0,0.016
lca,50,20,1.0,1,0.8,25,25.0,1.0,0.0,0.011
segdup,50,20,1.0,1,0.8,5,20,4,0,7.567
fastmultrec,50,20,1.0,1,0.8,5,20.0,4.0,0.0,0.054
insider_relax,50,20,1.0,1,0.8,5,20.0,4.0,0.0,0.018
lca,50,20,1.0,1,0.8,5,20.0,4.0,0.0,0.012
segdup,50,20,1.0,1,0.8,5,5,1,0,1.280
fastmultrec,50,20,1.0,1,0.8,5,5.0,1.0,0.0,0.022
insider_relax,50,20,1.0,1,0.8,5,5.0,1.0,0.0,0.009
lca,50,20,1.0,1,0.8,5,5.0,1.0,0.0,0.006
segdup,50,20,1.0,1,0.8,5,5,1,0,5.775
fastmultrec,50,20,1.0,1,0.8,5,5.0,1.0,0.0,0.028
insider_relax,50,20,1.0,1,0.8,5,5.0,1.0,0.0,0.012
lca,50,20,1.0,1,0.8,5,5.0,1.0,0.0,0.008
segdup,50,20,1.0,1,0.8,5,10,2,0,2.301
fastmultrec,50,20,1.0,1,0.8,5,10.0,2.0,0.0,0.042
insider_relax,50,20,1.0,1,0.8,5,10.0,2.0,0.0,0.014
lca,50,20,1.0,1,0.8,5,10.0,2.0,0.0,0.010
segdup,50,20,1.0,1,0.8,5,10,2,0,2.090
fastmultrec,50,20,1.0,1,0.8,5,10.0,2.0,0.0,0.042
insider_relax,50,20,1.0,1,0.8,5,10.0,2.0,0.0,0.014
lca,50,20,1.0,1,0.8,5,10.0,2.0,0.0,0.010
segdup,50,20,1.0,1,0.8,5,15,3,0,8.558
fastmultrec,50,20,1.0,1,0.8,5,15.0,3.0,0.0,0.025
insider_relax,50,20,1.0,1,0.8,5,15.0,3.0,0.0,0.012
lca,50,20,1.0,1,0.8,5,15.0,3.0,0.0,0.007
segdup,50,20,1.0,1,0.8,5,5,1,0,5.135
fastmultrec,50,20,1.0,1,0.8,5,5.0,1.0,0.0,0.020
insider_relax,50,20,1.0,1,0.8,5,5.0,1.0,0.0,0.008
lca,50,20,1.0,1,0.8,5,5.0,1.0,0.0,0.006
segdup,50,20,1.0,1,0.8,5,15,3,0,18.598
fastmultrec,50,20,1.0,1,0.8,5,15.0,3.0,0.0,0.056
insider_relax,50,20,1.0,1,0.8,5,15.0,3.0,0.0,0.017
lca,50,20,1.0,1,0.8,5,15.0,3.0,0.0,0.013
segdup,50,20,1.0,1,0.8,5,20,4,0,9.423
fastmultrec,50,20,1.0,1,0.8,5,20.0,4.0,0.0,0.036
insider_relax,50,20,1.0,1,0.8,5,20.0,4.0,0.0,0.014
lca,50,20,1.0,1,0.8,5,20.0,4.0,0.0,0.009
segdup,50,20,1.0,1,0.8,5,20,4,0,33.106
fastmultrec,50,20,1.0,1,0.8,5,20.0,4.0,0.0,0.076
insider_relax,50,20,1.0,1,0.8,5,20.0,4.0,0.0,0.026
lca,50,20,1.0,1,0.8,5,20.0,4.0,0.0,0.020
segdup,50,20,1.0,1,0.8,10,10,1,0,1.887
fastmultrec,50,20,1.0,1,0.8,10,10.0,1.0,0.0,0.039
insider_relax,50,20,1.0,1,0.8,10,10.0,1.0,0.0,0.016
lca,50,20,1.0,1,0.8,10,10.0,1.0,0.0,0.012
segdup,50,20,1.0,1,0.8,10,20,2,0,11.468
fastmultrec,50,20,1.0,1,0.8,10,20.0,2.0,0.0,0.039
insider_relax,50,20,1.0,1,0.8,10,20.0,2.0,0.0,0.015
lca,50,20,1.0,1,0.8,10,20.0,2.0,0.0,0.009
segdup,50,20,1.0,1,0.8,10,0,0,0,0.028
fastmultrec,50,20,1.0,1,0.8,10,0.0,0.0,0.0,0.020
insider_relax,50,20,1.0,1,0.8,10,0.0,0.0,0.0,0.009
lca,50,20,1.0,1,0.8,10,0.0,0.0,0.0,0.006
segdup,50,20,1.0,1,0.8,10,30,3,0,3.394
fastmultrec,50,20,1.0,1,0.8,10,30.0,3.0,0.0,0.029
insider_relax,50,20,1.0,1,0.8,10,30.0,3.0,0.0,0.011
lca,50,20,1.0,1,0.8,10,30.0,3.0,0.0,0.009
segdup,50,20,1.0,1,0.8,10,60,6,0,19.828
fastmultrec,50,20,1.0,1,0.8,10,60.0,6.0,0.0,0.060
insider_relax,50,20,1.0,1,0.8,10,60.0,6.0,0.0,0.018
lca,50,20,1.0,1,0.8,10,60.0,6.0,0.0,0.012
segdup,50,20,1.0,1,0.8,10,20,2,0,3.611
fastmultrec,50,20,1.0,1,0.8,10,20.0,2.0,0.0,0.023
insider_relax,50,20,1.0,1,0.8,10,20.0,2.0,0.0,0.009
lca,50,20,1.0,1,0.8,10,20.0,2.0,0.0,0.006
segdup,50,20,1.0,1,0.8,10,30,3,0,7.462
fastmultrec,50,20,1.0,1,0.8,10,30.0,3.0,0.0,0.042
insider_relax,50,20,1.0,1,0.8,10,30.0,3.0,0.0,0.015
lca,50,20,1.0,1,0.8,10,30.0,3.0,0.0,0.010
segdup,50,20,1.0,1,0.8,10,30,3,0,10.694
fastmultrec,50,20,1.0,1,0.8,10,30.0,3.0,0.0,0.055
insider_relax,50,20,1.0,1,0.8,10,30.0,3.0,0.0,0.019
lca,50,20,1.0,1,0.8,10,30.0,3.0,0.0,0.012
segdup,50,20,1.0,1,0.8,10,30,3,0,2.057
fastmultrec,50,20,1.0,1,0.8,10,30.0,3.0,0.0,0.041
insider_relax,50,20,1.0,1,0.8,10,30.0,3.0,0.0,0.014
lca,50,20,1.0,1,0.8,10,30.0,3.0,0.0,0.010
segdup,50,20,1.0,1,0.8,10,30,3,0,10.063
fastmultrec,50,20,1.0,1,0.8,10,30.0,3.0,0.0,0.132
insider_relax,50,20,1.0,1,0.8,10,30.0,3.0,0.0,0.044
lca,50,20,1.0,1,0.8,10,30.0,3.0,0.0,0.027
segdup,50,20,1.0,1,0.8,15,15,1,0,1.714
fastmultrec,50,20,1.0,1,0.8,15,15.0,1.0,0.0,0.042
insider_relax,50,20,1.0,1,0.8,15,15.0,1.0,0.0,0.015
lca,50,20,1.0,1,0.8,15,15.0,1.0,0.0,0.013
segdup,50,20,1.0,1,0.8,15,15,1,0,4.323
fastmultrec,50,20,1.0,1,0.8,15,15.0,1.0,0.0,0.021
insider_relax,50,20,1.0,1,0.8,15,15.0,1.0,0.0,0.009
lca,50,20,1.0,1,0.8,15,15.0,1.0,0.0,0.006
segdup,50,20,1.0,1,0.8,15,0,0,0,0.030
fastmultrec,50,20,1.0,1,0.8,15,0.0,0.0,0.0,0.024
insider_relax,50,20,1.0,1,0.8,15,0.0,0.0,0.0,0.008
lca,50,20,1.0,1,0.8,15,0.0,0.0,0.0,0.006
segdup,50,20,1.0,1,0.8,15,15,1,0,5.828
fastmultrec,50,20,1.0,1,0.8,15,15.0,1.0,0.0,0.026
insider_relax,50,20,1.0,1,0.8,15,15.0,1.0,0.0,0.010
lca,50,20,1.0,1,0.8,15,15.0,1.0,0.0,0.007
segdup,50,20,1.0,1,0.8,15,15,1,0,1.864
fastmultrec,50,20,1.0,1,0.8,15,15.0,1.0,0.0,0.025
insider_relax,50,20,1.0,1,0.8,15,15.0,1.0,0.0,0.010
lca,50,20,1.0,1,0.8,15,15.0,1.0,0.0,0.007
segdup,50,20,1.0,1,0.8,15,15,1,0,1.735
fastmultrec,50,20,1.0,1,0.8,15,15.0,1.0,0.0,0.040
insider_relax,50,20,1.0,1,0.8,15,15.0,1.0,0.0,0.013
lca,50,20,1.0,1,0.8,15,15.0,1.0,0.0,0.010
segdup,50,20,1.0,1,0.8,15,60,4,0,8.027
fastmultrec,50,20,1.0,1,0.8,15,60.0,4.0,0.0,0.053
insider_relax,50,20,1.0,1,0.8,15,60.0,4.0,0.0,0.021
lca,50,20,1.0,1,0.8,15,60.0,4.0,0.0,0.012
segdup,50,20,1.0,1,0.8,15,60,4,0,89.237
fastmultrec,50,20,1.0,1,0.8,15,60.0,4.0,0.0,0.202
insider_relax,50,20,1.0,1,0.8,15,60.0,4.0,0.0,0.074
lca,50,20,1.0,1,0.8,15,60.0,4.0,0.0,0.047
segdup,50,20,1.0,1,0.8,15,30,2,0,9.928
fastmultrec,50,20,1.0,1,0.8,15,30.0,2.0,0.0,0.061
insider_relax,50,20,1.0,1,0.8,15,30.0,2.0,0.0,0.020
lca,50,20,1.0,1,0.8,15,30.0,2.0,0.0,0.014
segdup,50,20,1.0,1,0.8,15,30,2,0,10.147
fastmultrec,50,20,1.0,1,0.8,15,30.0,2.0,0.0,0.045
insider_relax,50,20,1.0,1,0.8,15,30.0,2.0,0.0,0.018
lca,50,20,1.0,1,0.8,15,30.0,2.0,0.0,0.012
segdup,50,20,1.0,1,0.8,20,0,0,0,0.028
fastmultrec,50,20,1.0,1,0.8,20,0.0,0.0,0.0,0.022
insider_relax,50,20,1.0,1,0.8,20,0.0,0.0,0.0,0.008
lca,50,20,1.0,1,0.8,20,0.0,0.0,0.0,0.006
segdup,50,20,1.0,1,0.8,20,20,1,0,1.243
fastmultrec,50,20,1.0,1,0.8,20,20.0,1.0,0.0,0.021
insider_relax,50,20,1.0,1,0.8,20,20.0,1.0,0.0,0.011
lca,50,20,1.0,1,0.8,20,20.0,1.0,0.0,0.006
segdup,50,20,1.0,1,0.8,20,20,1,0,5.862
fastmultrec,50,20,1.0,1,0.8,20,20.0,1.0,0.0,0.024
insider_relax,50,20,1.0,1,0.8,20,20.0,1.0,0.0,0.010
lca,50,20,1.0,1,0.8,20,20.0,1.0,0.0,0.007
segdup,50,20,1.0,1,0.8,20,60,3,0,17.957
fastmultrec,50,20,1.0,1,0.8,20,60.0,3.0,0.0,0.097
insider_relax,50,20,1.0,1,0.8,20,60.0,3.0,0.0,0.034
lca,50,20,1.0,1,0.8,20,60.0,3.0,0.0,0.019
segdup,50,20,1.0,1,0.8,20,20,1,0,3.866
fastmultrec,50,20,1.0,1,0.8,20,20.0,1.0,0.0,0.024
insider_relax,50,20,1.0,1,0.8,20,20.0,1.0,0.0,0.010
lca,50,20,1.0,1,0.8,20,20.0,1.0,0.0,0.006
segdup,50,20,1.0,1,0.8,20,60,3,0,7.821
fastmultrec,50,20,1.0,1,0.8,20,60.0,3.0,0.0,0.040
insider_relax,50,20,1.0,1,0.8,20,60.0,3.0,0.0,0.016
lca,50,20,1.0,1,0.8,20,60.0,3.0,0.0,0.011
segdup,50,20,1.0,1,0.8,20,40,2,0,8.624
fastmultrec,50,20,1.0,1,0.8,20,40.0,2.0,0.0,0.039
insider_relax,50,20,1.0,1,0.8,20,40.0,2.0,0.0,0.016
lca,50,20,1.0,1,0.8,20,40.0,2.0,0.0,0.010
segdup,50,20,1.0,1,0.8,20,20,1,0,1.108
fastmultrec,50,20,1.0,1,0.8,20,20.0,1.0,0.0,0.023
insider_relax,50,20,1.0,1,0.8,20,20.0,1.0,0.0,0.010
lca,50,20,1.0,1,0.8,20,20.0,1.0,0.0,0.007
segdup,50,20,1.0,1,0.8,20,80,4,0,6.975
fastmultrec,50,20,1.0,1,0.8,20,80.0,4.0,0.0,0.050
insider_relax,50,20,1.0,1,0.8,20,80.0,4.0,0.0,0.016
lca,50,20,1.0,1,0.8,20,80.0,4.0,0.0,0.012
segdup,50,20,1.0,1,0.8,20,80,4,0,11.550
fastmultrec,50,20,1.0,1,0.8,20,80.0,4.0,0.0,0.064
insider_relax,50,20,1.0,1,0.8,20,80.0,4.0,0.0,0.018
lca,50,20,1.0,1,0.8,20,80.0,4.0,0.0,0.012
segdup,50,20,1.0,1,0.2,25,100,4,0,4.553
fastmultrec,50,20,1.0,1,0.2,25,100.0,4.0,0.0,0.024
insider_relax,50,20,1.0,1,0.2,25,100.0,4.0,0.0,0.010
lca,50,20,1.0,1,0.2,25,100.0,4.0,0.0,0.007
segdup,50,20,1.0,1,0.2,25,100,4,0,4.053
fastmultrec,50,20,1.0,1,0.2,25,100.0,4.0,0.0,0.028
insider_relax,50,20,1.0,1,0.2,25,100.0,4.0,0.0,0.011
lca,50,20,1.0,1,0.2,25,100.0,4.0,0.0,0.007
segdup,50,20,1.0,1,0.2,25,25,1,0,4.553
fastmultrec,50,20,1.0,1,0.2,25,25.0,1.0,0.0,0.026
insider_relax,50,20,1.0,1,0.2,25,25.0,1.0,0.0,0.010
lca,50,20,1.0,1,0.2,25,25.0,1.0,0.0,0.006
segdup,50,20,1.0,1,0.2,25,100,4,0,8.082
fastmultrec,50,20,1.0,1,0.2,25,100.0,4.0,0.0,0.045
insider_relax,50,20,1.0,1,0.2,25,100.0,4.0,0.0,0.015
lca,50,20,1.0,1,0.2,25,100.0,4.0,0.0,0.009
segdup,50,20,1.0,1,0.2,25,25,1,0,4.459
fastmultrec,50,20,1.0,1,0.2,25,25.0,1.0,0.0,0.029
insider_relax,50,20,1.0,1,0.2,25,25.0,1.0,0.0,0.011
lca,50,20,1.0,1,0.2,25,25.0,1.0,0.0,0.007
segdup,50,20,1.0,1,0.2,25,50,2,0,5.146
fastmultrec,50,20,1.0,1,0.2,25,50.0,2.0,0.0,0.030
insider_relax,50,20,1.0,1,0.2,25,50.0,2.0,0.0,0.010
lca,50,20,1.0,1,0.2,25,50.0,2.0,0.0,0.009
segdup,50,20,1.0,1,0.2,25,75,3,0,3.521
fastmultrec,50,20,1.0,1,0.2,25,75.0,3.0,0.0,0.024
insider_relax,50,20,1.0,1,0.2,25,75.0,3.0,0.0,0.010
lca,50,20,1.0,1,0.2,25,75.0,3.0,0.0,0.007
segdup,50,20,1.0,1,0.2,25,50,2,0,5.246
fastmultrec,50,20,1.0,1,0.2,25,50.0,2.0,0.0,0.022
insider_relax,50,20,1.0,1,0.2,25,50.0,2.0,0.0,0.009
lca,50,20,1.0,1,0.2,25,50.0,2.0,0.0,0.007
segdup,50,20,1.0,1,0.2,25,0,0,0,0.030
fastmultrec,50,20,1.0,1,0.2,25,0.0,0.0,0.0,0.022
insider_relax,50,20,1.0,1,0.2,25,0.0,0.0,0.0,0.009
lca,50,20,1.0,1,0.2,25,0.0,0.0,0.0,0.006
segdup,50,20,1.0,1,0.2,25,25,1,0,4.487
fastmultrec,50,20,1.0,1,0.2,25,25.0,1.0,0.0,0.027
insider_relax,50,20,1.0,1,0.2,25,25.0,1.0,0.0,0.009
lca,50,20,1.0,1,0.2,25,25.0,1.0,0.0,0.006
segdup,50,20,1.0,1,0.2,5,10,2,0,5.614
fastmultrec,50,20,1.0,1,0.2,5,10.0,2.0,0.0,0.024
insider_relax,50,20,1.0,1,0.2,5,10.0,2.0,0.0,0.009
lca,50,20,1.0,1,0.2,5,10.0,2.0,0.0,0.006
segdup,50,20,1.0,1,0.2,5,15,3,0,1.571
fastmultrec,50,20,1.0,1,0.2,5,15.0,3.0,0.0,0.032
insider_relax,50,20,1.0,1,0.2,5,15.0,3.0,0.0,0.014
lca,50,20,1.0,1,0.2,5,15.0,3.0,0.0,0.008
segdup,50,20,1.0,1,0.2,5,25,5,0,12.003
fastmultrec,50,20,1.0,1,0.2,5,25.0,5.0,0.0,0.038
insider_relax,50,20,1.0,1,0.2,5,25.0,5.0,0.0,0.014
lca,50,20,1.0,1,0.2,5,25.0,5.0,0.0,0.010
segdup,50,20,1.0,1,0.2,5,5,1,0,4.658
fastmultrec,50,20,1.0,1,0.2,5,5.0,1.0,0.0,0.022
insider_relax,50,20,1.0,1,0.2,5,5.0,1.0,0.0,0.009
lca,50,20,1.0,1,0.2,5,5.0,1.0,0.0,0.006
segdup,50,20,1.0,1,0.2,5,10,2,0,1.217
fastmultrec,50,20,1.0,1,0.2,5,10.0,2.0,0.0,0.032
insider_relax,50,20,1.0,1,0.2,5,10.0,2.0,0.0,0.012
lca,50,20,1.0,1,0.2,5,10.0,2.0,0.0,0.008
segdup,50,20,1.0,1,0.2,5,5,1,0,5.375
fastmultrec,50,20,1.0,1,0.2,5,5.0,1.0,0.0,0.026
insider_relax,50,20,1.0,1,0.2,5,5.0,1.0,0.0,0.010
lca,50,20,1.0,1,0.2,5,5.0,1.0,0.0,0.008
segdup,50,20,1.0,1,0.2,5,10,2,0,5.012
fastmultrec,50,20,1.0,1,0.2,5,10.0,2.0,0.0,0.025
insider_relax,50,20,1.0,1,0.2,5,10.0,2.0,0.0,0.009
lca,50,20,1.0,1,0.2,5,10.0,2.0,0.0,0.009
segdup,50,20,1.0,1,0.2,5,15,3,0,4.408
fastmultrec,50,20,1.0,1,0.2,5,15.0,3.0,0.0,0.025
insider_relax,50,20,1.0,1,0.2,5,15.0,3.0,0.0,0.010
lca,50,20,1.0,1,0.2,5,15.0,3.0,0.0,0.006
segdup,50,20,1.0,1,0.2,5,5,1,0,5.112
fastmultrec,50,20,1.0,1,0.2,5,5.0,1.0,0.0,0.024
insider_relax,50,20,1.0,1,0.2,5,5.0,1.0,0.0,0.010
lca,50,20,1.0,1,0.2,5,5.0,1.0,0.0,0.006
segdup,50,20,1.0,1,0.2,5,0,0,0,0.030
fastmultrec,50,20,1.0,1,0.2,5,0.0,0.0,0.0,0.025
insider_relax,50,20,1.0,1,0.2,5,0.0,0.0,0.0,0.008
lca,50,20,1.0,1,0.2,5,0.0,0.0,0.0,0.006
segdup,50,20,1.0,1,0.2,10,40,4,0,6.131
fastmultrec,50,20,1.0,1,0.2,10,40.0,4.0,0.0,0.029
insider_relax,50,20,1.0,1,0.2,10,40.0,4.0,0.0,0.013
lca,50,20,1.0,1,0.2,10,40.0,4.0,0.0,0.008
segdup,50,20,1.0,1,0.2,10,20,2,0,4.565
fastmultrec,50,20,1.0,1,0.2,10,20.0,2.0,0.0,0.024
insider_relax,50,20,1.0,1,0.2,10,20.0,2.0,0.0,0.010
lca,50,20,1.0,1,0.2,10,20.0,2.0,0.0,0.006
segdup,50,20,1.0,1,0.2,10,10,1,0,4.711
fastmultrec,50,20,1.0,1,0.2,10,10.0,1.0,0.0,0.024
insider_relax,50,20,1.0,1,0.2,10,10.0,1.0,0.0,0.010
lca,50,20,1.0,1,0.2,10,10.0,1.0,0.0,0.006
segdup,50,20,1.0,1,0.2,10,10,1,0,3.685
fastmultrec,50,20,1.0,1,0.2,10,10.0,1.0,0.0,0.021
insider_relax,50,20,1.0,1,0.2,10,10.0,1.0,0.0,0.009
lca,50,20,1.0,1,0.2,10,10.0,1.0,0.0,0.006
segdup,50,20,1.0,1,0.2,10,10,1,0,0.779
fastmultrec,50,20,1.0,1,0.2,10,10.0,1.0,0.0,0.024
insider_relax,50,20,1.0,1,0.2,10,10.0,1.0,0.0,0.009
lca,50,20,1.0,1,0.2,10,10.0,1.0,0.0,0.007
segdup,50,20,1.0,1,0.2,10,40,4,0,3.926
fastmultrec,50,20,1.0,1,0.2,10,40.0,4.0,0.0,0.021
insider_relax,50,20,1.0,1,0.2,10,40.0,4.0,0.0,0.010
lca,50,20,1.0,1,0.2,10,40.0,4.0,0.0,0.006
segdup,50,20,1.0,1,0.2,10,10,1,0,3.704
fastmultrec,50,20,1.0,1,0.2,10,10.0,1.0,0.0,0.025
insider_relax,50,20,1.0,1,0.2,10,10.0,1.0,0.0,0.009
lca,50,20,1.0,1,0.2,10,10.0,1.0,0.0,0.006
segdup,50,20,1.0,1,0.2,10,30,3,0,8.156
fastmultrec,50,20,1.0,1,0.2,10,30.0,3.0,0.0,0.032
insider_relax,50,20,1.0,1,0.2,10,30.0,3.0,0.0,0.012
lca,50,20,1.0,1,0.2,10,30.0,3.0,0.0,0.009
segdup,50,20,1.0,1,0.2,10,10,1,0,1.234
fastmultrec,50,20,1.0,1,0.2,10,10.0,1.0,0.0,0.025
insider_relax,50,20,1.0,1,0.2,10,10.0,1.0,0.0,0.010
lca,50,20,1.0,1,0.2,10,10.0,1.0,0.0,0.007
segdup,50,20,1.0,1,0.2,10,40,4,0,9.740
fastmultrec,50,20,1.0,1,0.2,10,40.0,4.0,0.0,0.029
insider_relax,50,20,1.0,1,0.2,10,40.0,4.0,0.0,0.014
lca,50,20,1.0,1,0.2,10,40.0,4.0,0.0,0.008
segdup,50,20,1.0,1,0.2,15,45,3,0,4.135
fastmultrec,50,20,1.0,1,0.2,15,45.0,3.0,0.0,0.021
insider_relax,50,20,1.0,1,0.2,15,45.0,3.0,0.0,0.009
lca,50,20,1.0,1,0.2,15,45.0,3.0,0.0,0.008
segdup,50,20,1.0,1,0.2,15,15,1,0,0.972
fastmultrec,50,20,1.0,1,0.2,15,15.0,1.0,0.0,0.026
insider_relax,50,20,1.0,1,0.2,15,15.0,1.0,0.0,0.010
lca,50,20,1.0,1,0.2,15,15.0,1.0,0.0,0.007
segdup,50,20,1.0,1,0.2,15,45,3,0,3.676
fastmultrec,50,20,1.0,1,0.2,15,45.0,3.0,0.0,0.034
insider_relax,50,20,1.0,1,0.2,15,45.0,3.0,0.0,0.014
lca,50,20,1.0,1,0.2,15,45.0,3.0,0.0,0.008
segdup,50,20,1.0,1,0.2,15,60,4,0,6.421
fastmultrec,50,20,1.0,1,0.2,15,60.0,4.0,0.0,0.028
insider_relax,50,20,1.0,1,0.2,15,60.0,4.0,0.0,0.013
lca,50,20,1.0,1,0.2,15,60.0,4.0,0.0,0.009
segdup,50,20,1.0,1,0.2,15,0,0,0,0.028
fastmultrec,50,20,1.0,1,0.2,15,0.0,0.0,0.0,0.027
insider_relax,50,20,1.0,1,0.2,15,0.0,0.0,0.0,0.009
lca,50,20,1.0,1,0.2,15,0.0,0.0,0.0,0.006
segdup,50,20,1.0,1,0.2,15,45,3,0,4.757
fastmultrec,50,20,1.0,1,0.2,15,45.0,3.0,0.0,0.027
insider_relax,50,20,1.0,1,0.2,15,45.0,3.0,0.0,0.011
lca,50,20,1.0,1,0.2,15,45.0,3.0,0.0,0.008
segdup,50,20,1.0,1,0.2,15,0,0,0,0.028
fastmultrec,50,20,1.0,1,0.2,15,0.0,0.0,0.0,0.024
insider_relax,50,20,1.0,1,0.2,15,0.0,0.0,0.0,0.008
lca,50,20,1.0,1,0.2,15,0.0,0.0,0.0,0.006
segdup,50,20,1.0,1,0.2,15,0,0,0,0.028
fastmultrec,50,20,1.0,1,0.2,15,0.0,0.0,0.0,0.023
insider_relax,50,20,1.0,1,0.2,15,0.0,0.0,0.0,0.009
lca,50,20,1.0,1,0.2,15,0.0,0.0,0.0,0.006
segdup,50,20,1.0,1,0.2,15,75,5,0,3.114
fastmultrec,50,20,1.0,1,0.2,15,75.0,5.0,0.0,0.027
insider_relax,50,20,1.0,1,0.2,15,75.0,5.0,0.0,0.013
lca,50,20,1.0,1,0.2,15,75.0,5.0,0.0,0.008
segdup,50,20,1.0,1,0.2,15,30,2,0,1.119
fastmultrec,50,20,1.0,1,0.2,15,30.0,2.0,0.0,0.026
insider_relax,50,20,1.0,1,0.2,15,30.0,2.0,0.0,0.010
lca,50,20,1.0,1,0.2,15,30.0,2.0,0.0,0.007
segdup,50,20,1.0,1,0.2,20,40,2,0,1.572
fastmultrec,50,20,1.0,1,0.2,20,40.0,2.0,0.0,0.032
insider_relax,50,20,1.0,1,0.2,20,40.0,2.0,0.0,0.012
lca,50,20,1.0,1,0.2,20,40.0,2.0,0.0,0.010
segdup,50,20,1.0,1,0.2,20,20,1,0,1.443
fastmultrec,50,20,1.0,1,0.2,20,20.0,1.0,0.0,0.033
insider_relax,50,20,1.0,1,0.2,20,20.0,1.0,0.0,0.012
lca,50,20,1.0,1,0.2,20,20.0,1.0,0.0,0.009
segdup,50,20,1.0,1,0.2,20,40,2,0,4.946
fastmultrec,50,20,1.0,1,0.2,20,40.0,2.0,0.0,0.027
insider_relax,50,20,1.0,1,0.2,20,40.0,2.0,0.0,0.011
lca,50,20,1.0,1,0.2,20,40.0,2.0,0.0,0.008
segdup,50,20,1.0,1,0.2,20,60,3,0,4.789
fastmultrec,50,20,1.0,1,0.2,20,60.0,3.0,0.0,0.025
insider_relax,50,20,1.0,1,0.2,20,60.0,3.0,0.0,0.010
lca,50,20,1.0,1,0.2,20,60.0,3.0,0.0,0.008
segdup,50,20,1.0,1,0.2,20,20,1,0,4.802
fastmultrec,50,20,1.0,1,0.2,20,20.0,1.0,0.0,0.028
insider_relax,50,20,1.0,1,0.2,20,20.0,1.0,0.0,0.012
lca,50,20,1.0,1,0.2,20,20.0,1.0,0.0,0.007
segdup,50,20,1.0,1,0.2,20,140,7,0,6.270
fastmultrec,50,20,1.0,1,0.2,20,140.0,7.0,0.0,0.035
insider_relax,50,20,1.0,1,0.2,20,140.0,7.0,0.0,0.016
lca,50,20,1.0,1,0.2,20,140.0,7.0,0.0,0.009
segdup,50,20,1.0,1,0.2,20,80,4,0,3.766
fastmultrec,50,20,1.0,1,0.2,20,80.0,4.0,0.0,0.024
insider_relax,50,20,1.0,1,0.2,20,80.0,4.0,0.0,0.012
lca,50,20,1.0,1,0.2,20,80.0,4.0,0.0,0.007
segdup,50,20,1.0,1,0.2,20,20,1,0,4.460
fastmultrec,50,20,1.0,1,0.2,20,20.0,1.0,0.0,0.022
insider_relax,50,20,1.0,1,0.2,20,20.0,1.0,0.0,0.009
lca,50,20,1.0,1,0.2,20,20.0,1.0,0.0,0.006
segdup,50,20,1.0,1,0.2,20,20,1,0,1.184
fastmultrec,50,20,1.0,1,0.2,20,20.0,1.0,0.0,0.024
insider_relax,50,20,1.0,1,0.2,20,20.0,1.0,0.0,0.011
lca,50,20,1.0,1,0.2,20,20.0,1.0,0.0,0.008
segdup,50,20,1.0,1,0.2,20,0,0,0,0.027
fastmultrec,50,20,1.0,1,0.2,20,0.0,0.0,0.0,0.024
insider_relax,50,20,1.0,1,0.2,20,0.0,0.0,0.0,0.009
lca,50,20,1.0,1,0.2,20,0.0,0.0,0.0,0.007
segdup,50,20,3.0,1,1,25,175,7,0,20.384
fastmultrec,50,20,3.0,1,1,25,175.0,7.0,0.0,0.253
insider_relax,50,20,3.0,1,1,25,175.0,7.0,0.0,0.080
lca,50,20,3.0,1,1,25,175.0,7.0,0.0,0.047
segdup,50,20,3.0,1,1,25,225,9,0,46.850
fastmultrec,50,20,3.0,1,1,25,225.0,9.0,0.0,0.255
insider_relax,50,20,3.0,1,1,25,225.0,9.0,0.0,0.087
lca,50,20,3.0,1,1,25,225.0,9.0,0.0,0.055
segdup,50,20,3.0,1,1,25,175,7,0,11.535
fastmultrec,50,20,3.0,1,1,25,175.0,7.0,0.0,0.070
insider_relax,50,20,3.0,1,1,25,175.0,7.0,0.0,0.019
lca,50,20,3.0,1,1,25,175.0,7.0,0.0,0.014
segdup,50,20,3.0,1,1,25,25,1,0,0.888
fastmultrec,50,20,3.0,1,1,25,25.0,1.0,0.0,0.022
insider_relax,50,20,3.0,1,1,25,25.0,1.0,0.0,0.009
lca,50,20,3.0,1,1,25,25.0,1.0,0.0,0.008
segdup,50,20,3.0,1,1,25,200,8,0,13.981
fastmultrec,50,20,3.0,1,1,25,200.0,8.0,0.0,0.110
insider_relax,50,20,3.0,1,1,25,200.0,8.0,0.0,0.043
lca,50,20,3.0,1,1,25,200.0,8.0,0.0,0.026
segdup,50,20,3.0,1,1,25,175,7,0,20.073
fastmultrec,50,20,3.0,1,1,25,175.0,7.0,0.0,0.249
insider_relax,50,20,3.0,1,1,25,175.0,7.0,0.0,0.084
lca,50,20,3.0,1,1,25,175.0,7.0,0.0,0.054
segdup,50,20,3.0,1,1,25,0,0,0,0.028
fastmultrec,50,20,3.0,1,1,25,0.0,0.0,0.0,0.023
insider_relax,50,20,3.0,1,1,25,0.0,0.0,0.0,0.009
lca,50,20,3.0,1,1,25,0.0,0.0,0.0,0.006
segdup,50,20,3.0,1,1,25,200,8,0,48.316
fastmultrec,50,20,3.0,1,1,25,200.0,8.0,0.0,0.211
insider_relax,50,20,3.0,1,1,25,200.0,8.0,0.0,0.079
lca,50,20,3.0,1,1,25,200.0,8.0,0.0,0.053
segdup,50,20,3.0,1,1,25,150,6,0,22.257
fastmultrec,50,20,3.0,1,1,25,150.0,6.0,0.0,0.136
insider_relax,50,20,3.0,1,1,25,150.0,6.0,0.0,0.040
lca,50,20,3.0,1,1,25,150.0,6.0,0.0,0.025
segdup,50,20,3.0,1,1,25,250,10,0,17.080
fastmultrec,50,20,3.0,1,1,25,250.0,10.0,0.0,0.117
insider_relax,50,20,3.0,1,1,25,250.0,10.0,0.0,0.041
lca,50,20,3.0,1,1,25,250.0,10.0,0.0,0.027
segdup,50,20,3.0,1,1,5,50,10,0,146.531
fastmultrec,50,20,3.0,1,1,5,50.0,10.0,0.0,0.388
insider_relax,50,20,3.0,1,1,5,50.0,10.0,0.0,0.131
lca,50,20,3.0,1,1,5,50.0,10.0,0.0,0.080
segdup,50,20,3.0,1,1,5,25,5,0,4.446
fastmultrec,50,20,3.0,1,1,5,25.0,5.0,0.0,0.030
insider_relax,50,20,3.0,1,1,5,25.0,5.0,0.0,0.012
lca,50,20,3.0,1,1,5,25.0,5.0,0.0,0.007
segdup,50,20,3.0,1,1,5,25,5,0,18.950
fastmultrec,50,20,3.0,1,1,5,25.0,5.0,0.0,0.138
insider_relax,50,20,3.0,1,1,5,25.0,5.0,0.0,0.045
lca,50,20,3.0,1,1,5,25.0,5.0,0.0,0.029
segdup,50,20,3.0,1,1,5,15,3,0,12.676
fastmultrec,50,20,3.0,1,1,5,15.0,3.0,0.0,0.047
insider_relax,50,20,3.0,1,1,5,15.0,3.0,0.0,0.017
lca,50,20,3.0,1,1,5,15.0,3.0,0.0,0.014
segdup,50,20,3.0,1,1,5,30,6,0,27.714
fastmultrec,50,20,3.0,1,1,5,30.0,6.0,0.0,0.098
insider_relax,50,20,3.0,1,1,5,30.0,6.0,0.0,0.031
lca,50,20,3.0,1,1,5,30.0,6.0,0.0,0.019
segdup,50,20,3.0,1,1,5,35,7,0,92.908
fastmultrec,50,20,3.0,1,1,5,35.0,7.0,0.0,0.127
insider_relax,50,20,3.0,1,1,5,35.0,7.0,0.0,0.048
lca,50,20,3.0,1,1,5,35.0,7.0,0.0,0.035
segdup,50,20,3.0,1,1,5,45,9,0,243.426
fastmultrec,50,20,3.0,1,1,5,45.0,9.0,0.0,0.445
insider_relax,50,20,3.0,1,1,5,45.0,9.0,0.0,0.151
lca,50,20,3.0,1,1,5,45.0,9.0,0.0,0.094
segdup,50,20,3.0,1,1,5,50,10,0,53.514
fastmultrec,50,20,3.0,1,1,5,50.0,10.0,0.0,0.134
insider_relax,50,20,3.0,1,1,5,50.0,10.0,0.0,0.044
lca,50,20,3.0,1,1,5,50.0,10.0,0.0,0.028
segdup,50,20,3.0,1,1,5,55,11,0,295.490
fastmultrec,50,20,3.0,1,1,5,55.0,11.0,0.0,0.672
insider_relax,50,20,3.0,1,1,5,55.0,11.0,0.0,0.193
lca,50,20,3.0,1,1,5,55.0,11.0,0.0,0.112
segdup,50,20,3.0,1,1,5,30,6,0,48.750
fastmultrec,50,20,3.0,1,1,5,30.0,6.0,0.0,0.100
insider_relax,50,20,3.0,1,1,5,30.0,6.0,0.0,0.031
lca,50,20,3.0,1,1,5,30.0,6.0,0.0,0.023
segdup,50,20,3.0,1,1,10,120,12,0,231.627
fastmultrec,50,20,3.0,1,1,10,120.0,12.0,0.0,0.586
insider_relax,50,20,3.0,1,1,10,120.0,12.0,0.0,0.206
lca,50,20,3.0,1,1,10,120.0,12.0,0.0,0.119
segdup,50,20,3.0,1,1,10,70,7,0,85.197
fastmultrec,50,20,3.0,1,1,10,70.0,7.0,0.0,0.190
insider_relax,50,20,3.0,1,1,10,70.0,7.0,0.0,0.070
lca,50,20,3.0,1,1,10,70.0,7.0,0.0,0.043
segdup,50,20,3.0,1,1,10,50,5,0,6.764
fastmultrec,50,20,3.0,1,1,10,50.0,5.0,0.0,0.119
insider_relax,50,20,3.0,1,1,10,50.0,5.0,0.0,0.036
lca,50,20,3.0,1,1,10,50.0,5.0,0.0,0.023
segdup,50,20,3.0,1,1,10,60,6,0,14.918
fastmultrec,50,20,3.0,1,1,10,60.0,6.0,0.0,0.076
insider_relax,50,20,3.0,1,1,10,60.0,6.0,0.0,0.021
lca,50,20,3.0,1,1,10,60.0,6.0,0.0,0.016
segdup,50,20,3.0,1,1,10,90,9,0,7199.971
fastmultrec,50,20,3.0,1,1,10,90.0,9.0,0.0,6.633
insider_relax,50,20,3.0,1,1,10,90.0,9.0,0.0,2.464
lca,50,20,3.0,1,1,10,90.0,9.0,0.0,1.185
segdup,50,20,3.0,1,1,10,110,11,0,162.338
fastmultrec,50,20,3.0,1,1,10,110.0,11.0,0.0,0.451
insider_relax,50,20,3.0,1,1,10,110.0,11.0,0.0,0.136
lca,50,20,3.0,1,1,10,110.0,11.0,0.0,0.081
segdup,50,20,3.0,1,1,10,80,8,0,80.950
fastmultrec,50,20,3.0,1,1,10,80.0,8.0,0.0,0.257
insider_relax,50,20,3.0,1,1,10,80.0,8.0,0.0,0.095
lca,50,20,3.0,1,1,10,80.0,8.0,0.0,0.057
segdup,50,20,3.0,1,1,10,110,11,0,19.782
fastmultrec,50,20,3.0,1,1,10,110.0,11.0,0.0,0.094
insider_relax,50,20,3.0,1,1,10,110.0,11.0,0.0,0.030
lca,50,20,3.0,1,1,10,110.0,11.0,0.0,0.022
segdup,50,20,3.0,1,1,10,40,4,0,10.173
fastmultrec,50,20,3.0,1,1,10,40.0,4.0,0.0,0.034
insider_relax,50,20,3.0,1,1,10,40.0,4.0,0.0,0.013
lca,50,20,3.0,1,1,10,40.0,4.0,0.0,0.008
segdup,50,20,3.0,1,1,10,30,3,0,4.647
fastmultrec,50,20,3.0,1,1,10,30.0,3.0,0.0,0.024
insider_relax,50,20,3.0,1,1,10,30.0,3.0,0.0,0.010
lca,50,20,3.0,1,1,10,30.0,3.0,0.0,0.007
segdup,50,20,3.0,1,1,15,150,10,0,455.232
fastmultrec,50,20,3.0,1,1,15,150.0,10.0,0.0,1.347
insider_relax,50,20,3.0,1,1,15,150.0,10.0,0.0,0.393
lca,50,20,3.0,1,1,15,150.0,10.0,0.0,0.230
segdup,50,20,3.0,1,1,15,105,7,0,294.610
fastmultrec,50,20,3.0,1,1,15,105.0,7.0,0.0,0.622
insider_relax,50,20,3.0,1,1,15,105.0,7.0,0.0,0.192
lca,50,20,3.0,1,1,15,105.0,7.0,0.0,0.110
segdup,50,20,3.0,1,1,15,105,7,0,10.267
fastmultrec,50,20,3.0,1,1,15,105.0,7.0,0.0,0.052
insider_relax,50,20,3.0,1,1,15,105.0,7.0,0.0,0.018
lca,50,20,3.0,1,1,15,105.0,7.0,0.0,0.015
segdup,50,20,3.0,1,1,15,120,8,0,31.701
fastmultrec,50,20,3.0,1,1,15,120.0,8.0,0.0,0.129
insider_relax,50,20,3.0,1,1,15,120.0,8.0,0.0,0.042
lca,50,20,3.0,1,1,15,120.0,8.0,0.0,0.026
segdup,50,20,3.0,1,1,15,240,16,0,45.261
fastmultrec,50,20,3.0,1,1,15,240.0,16.0,0.0,0.218
insider_relax,50,20,3.0,1,1,15,240.0,16.0,0.0,0.072
lca,50,20,3.0,1,1,15,240.0,16.0,0.0,0.050
segdup,50,20,3.0,1,1,15,75,5,0,45.619
fastmultrec,50,20,3.0,1,1,15,75.0,5.0,0.0,0.219
insider_relax,50,20,3.0,1,1,15,75.0,5.0,0.0,0.058
lca,50,20,3.0,1,1,15,75.0,5.0,0.0,0.037
segdup,50,20,3.0,1,1,15,135,9,0,209.528
fastmultrec,50,20,3.0,1,1,15,135.0,9.0,0.0,0.831
insider_relax,50,20,3.0,1,1,15,135.0,9.0,0.0,0.268
lca,50,20,3.0,1,1,15,135.0,9.0,0.0,0.155
segdup,50,20,3.0,1,1,15,195,13,0,65.676
fastmultrec,50,20,3.0,1,1,15,195.0,13.0,0.0,0.500
insider_relax,50,20,3.0,1,1,15,195.0,13.0,0.0,0.140
lca,50,20,3.0,1,1,15,195.0,13.0,0.0,0.096
segdup,50,20,3.0,1,1,15,180,12,0,366.875
fastmultrec,50,20,3.0,1,1,15,180.0,12.0,0.0,1.170
insider_relax,50,20,3.0,1,1,15,180.0,12.0,0.0,0.383
lca,50,20,3.0,1,1,15,180.0,12.0,0.0,0.217
segdup,50,20,3.0,1,1,15,75,5,0,6.777
fastmultrec,50,20,3.0,1,1,15,75.0,5.0,0.0,0.094
insider_relax,50,20,3.0,1,1,15,75.0,5.0,0.0,0.032
lca,50,20,3.0,1,1,15,75.0,5.0,0.0,0.023
segdup,50,20,3.0,1,1,20,140,7,0,12.786
fastmultrec,50,20,3.0,1,1,20,140.0,7.0,0.0,0.094
insider_relax,50,20,3.0,1,1,20,140.0,7.0,0.0,0.028
lca,50,20,3.0,1,1,20,140.0,7.0,0.0,0.020
segdup,50,20,3.0,1,1,20,60,3,0,9.031
fastmultrec,50,20,3.0,1,1,20,60.0,3.0,0.0,0.045
insider_relax,50,20,3.0,1,1,20,60.0,3.0,0.0,0.015
lca,50,20,3.0,1,1,20,60.0,3.0,0.0,0.012
segdup,50,20,3.0,1,1,20,160,8,0,68.268
fastmultrec,50,20,3.0,1,1,20,160.0,8.0,0.0,0.459
insider_relax,50,20,3.0,1,1,20,160.0,8.0,0.0,0.159
lca,50,20,3.0,1,1,20,160.0,8.0,0.0,0.092
segdup,50,20,3.0,1,1,20,240,12,0,4952.500
fastmultrec,50,20,3.0,1,1,20,240.0,12.0,0.0,174.442
insider_relax,50,20,3.0,1,1,20,120.0,8.0,0.0,2.919
lca,50,20,3.0,1,1,20,240.0,12.0,0.0,8.250
segdup,50,20,3.0,1,1,20,200,10,0,767.264
fastmultrec,50,20,3.0,1,1,20,200.0,10.0,0.0,1.433
insider_relax,50,20,3.0,1,1,20,200.0,10.0,0.0,0.427
lca,50,20,3.0,1,1,20,200.0,10.0,0.0,0.239
segdup,50,20,3.0,1,1,20,180,9,0,11.374
fastmultrec,50,20,3.0,1,1,20,180.0,9.0,0.0,0.103
insider_relax,50,20,3.0,1,1,20,180.0,9.0,0.0,0.041
lca,50,20,3.0,1,1,20,180.0,9.0,0.0,0.026
segdup,50,20,3.0,1,1,20,220,11,0,7.814
fastmultrec,50,20,3.0,1,1,20,220.0,11.0,0.0,0.077
insider_relax,50,20,3.0,1,1,20,220.0,11.0,0.0,0.028
lca,50,20,3.0,1,1,20,220.0,11.0,0.0,0.021
segdup,50,20,3.0,1,1,20,60,3,0,7.033
fastmultrec,50,20,3.0,1,1,20,60.0,3.0,0.0,0.058
insider_relax,50,20,3.0,1,1,20,60.0,3.0,0.0,0.016
lca,50,20,3.0,1,1,20,60.0,3.0,0.0,0.012
segdup,50,20,3.0,1,1,20,80,4,0,2.572
fastmultrec,50,20,3.0,1,1,20,80.0,4.0,0.0,0.045
insider_relax,50,20,3.0,1,1,20,80.0,4.0,0.0,0.016
lca,50,20,3.0,1,1,20,80.0,4.0,0.0,0.012
segdup,50,20,3.0,1,1,20,140,7,0,5.873
fastmultrec,50,20,3.0,1,1,20,140.0,7.0,0.0,0.032
insider_relax,50,20,3.0,1,1,20,140.0,7.0,0.0,0.015
lca,50,20,3.0,1,1,20,140.0,7.0,0.0,0.009
segdup,50,20,3.0,1,0.5,25,300,12,0,7.920
fastmultrec,50,20,3.0,1,0.5,25,300.0,12.0,0.0,0.052
insider_relax,50,20,3.0,1,0.5,25,300.0,12.0,0.0,0.018
lca,50,20,3.0,1,0.5,25,300.0,12.0,0.0,0.013
segdup,50,20,3.0,1,0.5,25,200,8,0,9.674
fastmultrec,50,20,3.0,1,0.5,25,200.0,8.0,0.0,0.045
insider_relax,50,20,3.0,1,0.5,25,200.0,8.0,0.0,0.020
lca,50,20,3.0,1,0.5,25,200.0,8.0,0.0,0.011
segdup,50,20,3.0,1,0.5,25,150,6,0,7.620
fastmultrec,50,20,3.0,1,0.5,25,150.0,6.0,0.0,0.046
insider_relax,50,20,3.0,1,0.5,25,150.0,6.0,0.0,0.019
lca,50,20,3.0,1,0.5,25,150.0,6.0,0.0,0.014
segdup,50,20,3.0,1,0.5,25,75,3,0,4.129
fastmultrec,50,20,3.0,1,0.5,25,75.0,3.0,0.0,0.026
insider_relax,50,20,3.0,1,0.5,25,75.0,3.0,0.0,0.009
lca,50,20,3.0,1,0.5,25,75.0,3.0,0.0,0.007
segdup,50,20,3.0,1,0.5,25,125,5,0,5.458
fastmultrec,50,20,3.0,1,0.5,25,125.0,5.0,0.0,0.032
insider_relax,50,20,3.0,1,0.5,25,125.0,5.0,0.0,0.013
lca,50,20,3.0,1,0.5,25,125.0,5.0,0.0,0.008
segdup,50,20,3.0,1,0.5,25,225,9,0,21.297
fastmultrec,50,20,3.0,1,0.5,25,225.0,9.0,0.0,0.083
insider_relax,50,20,3.0,1,0.5,25,225.0,9.0,0.0,0.029
lca,50,20,3.0,1,0.5,25,225.0,9.0,0.0,0.018
segdup,50,20,3.0,1,0.5,25,100,4,0,7.216
fastmultrec,50,20,3.0,1,0.5,25,100.0,4.0,0.0,0.042
insider_relax,50,20,3.0,1,0.5,25,100.0,4.0,0.0,0.015
lca,50,20,3.0,1,0.5,25,100.0,4.0,0.0,0.010
segdup,50,20,3.0,1,0.5,25,250,10,0,4.444
fastmultrec,50,20,3.0,1,0.5,25,250.0,10.0,0.0,0.029
insider_relax,50,20,3.0,1,0.5,25,250.0,10.0,0.0,0.012
lca,50,20,3.0,1,0.5,25,250.0,10.0,0.0,0.007
segdup,50,20,3.0,1,0.5,25,75,3,0,2.772
fastmultrec,50,20,3.0,1,0.5,25,75.0,3.0,0.0,0.025
insider_relax,50,20,3.0,1,0.5,25,75.0,3.0,0.0,0.010
lca,50,20,3.0,1,0.5,25,75.0,3.0,0.0,0.008
segdup,50,20,3.0,1,0.5,25,125,5,0,7.134
fastmultrec,50,20,3.0,1,0.5,25,125.0,5.0,0.0,0.056
insider_relax,50,20,3.0,1,0.5,25,125.0,5.0,0.0,0.018
lca,50,20,3.0,1,0.5,25,125.0,5.0,0.0,0.014
segdup,50,20,3.0,1,0.5,5,30,6,0,25.077
fastmultrec,50,20,3.0,1,0.5,5,30.0,6.0,0.0,0.114
insider_relax,50,20,3.0,1,0.5,5,30.0,6.0,0.0,0.041
lca,50,20,3.0,1,0.5,5,30.0,6.0,0.0,0.029
segdup,50,20,3.0,1,0.5,5,35,7,0,10.782
fastmultrec,50,20,3.0,1,0.5,5,35.0,7.0,0.0,0.046
insider_relax,50,20,3.0,1,0.5,5,35.0,7.0,0.0,0.020
lca,50,20,3.0,1,0.5,5,35.0,7.0,0.0,0.013
segdup,50,20,3.0,1,0.5,5,35,7,0,2.555
fastmultrec,50,20,3.0,1,0.5,5,35.0,7.0,0.0,0.037
insider_relax,50,20,3.0,1,0.5,5,35.0,7.0,0.0,0.016
lca,50,20,3.0,1,0.5,5,35.0,7.0,0.0,0.010
segdup,50,20,3.0,1,0.5,5,25,5,0,7.018
fastmultrec,50,20,3.0,1,0.5,5,25.0,5.0,0.0,0.042
insider_relax,50,20,3.0,1,0.5,5,25.0,5.0,0.0,0.014
lca,50,20,3.0,1,0.5,5,25.0,5.0,0.0,0.010
segdup,50,20,3.0,1,0.5,5,35,7,0,16.777
fastmultrec,50,20,3.0,1,0.5,5,35.0,7.0,0.0,0.042
insider_relax,50,20,3.0,1,0.5,5,35.0,7.0,0.0,0.015
lca,50,20,3.0,1,0.5,5,35.0,7.0,0.0,0.011
segdup,50,20,3.0,1,0.5,5,25,5,0,5.244
fastmultrec,50,20,3.0,1,0.5,5,25.0,5.0,0.0,0.030
insider_relax,50,20,3.0,1,0.5,5,25.0,5.0,0.0,0.014
lca,50,20,3.0,1,0.5,5,25.0,5.0,0.0,0.008
segdup,50,20,3.0,1,0.5,5,55,11,0,11.066
fastmultrec,50,20,3.0,1,0.5,5,55.0,11.0,0.0,0.054
insider_relax,50,20,3.0,1,0.5,5,55.0,11.0,0.0,0.020
lca,50,20,3.0,1,0.5,5,55.0,11.0,0.0,0.011
segdup,50,20,3.0,1,0.5,5,25,5,0,7.425
fastmultrec,50,20,3.0,1,0.5,5,25.0,5.0,0.0,0.033
insider_relax,50,20,3.0,1,0.5,5,25.0,5.0,0.0,0.011
lca,50,20,3.0,1,0.5,5,25.0,5.0,0.0,0.011
segdup,50,20,3.0,1,0.5,5,50,10,0,11.599
fastmultrec,50,20,3.0,1,0.5,5,50.0,10.0,0.0,0.051
insider_relax,50,20,3.0,1,0.5,5,50.0,10.0,0.0,0.018
lca,50,20,3.0,1,0.5,5,50.0,10.0,0.0,0.013
segdup,50,20,3.0,1,0.5,5,35,7,0,8.693
fastmultrec,50,20,3.0,1,0.5,5,35.0,7.0,0.0,0.041
insider_relax,50,20,3.0,1,0.5,5,35.0,7.0,0.0,0.014
lca,50,20,3.0,1,0.5,5,35.0,7.0,0.0,0.009
segdup,50,20,3.0,1,0.5,10,100,10,0,100.808
fastmultrec,50,20,3.0,1,0.5,10,100.0,10.0,0.0,0.216
insider_relax,50,20,3.0,1,0.5,10,100.0,10.0,0.0,0.085
lca,50,20,3.0,1,0.5,10,100.0,10.0,0.0,0.052
segdup,50,20,3.0,1,0.5,10,60,6,0,40.584
fastmultrec,50,20,3.0,1,0.5,10,60.0,6.0,0.0,0.113
insider_relax,50,20,3.0,1,0.5,10,60.0,6.0,0.0,0.038
lca,50,20,3.0,1,0.5,10,60.0,6.0,0.0,0.024
segdup,50,20,3.0,1,0.5,10,80,8,0,39.470
fastmultrec,50,20,3.0,1,0.5,10,80.0,8.0,0.0,0.079
insider_relax,50,20,3.0,1,0.5,10,80.0,8.0,0.0,0.032
lca,50,20,3.0,1,0.5,10,80.0,8.0,0.0,0.019
segdup,50,20,3.0,1,0.5,10,80,8,0,63.893
fastmultrec,50,20,3.0,1,0.5,10,80.0,8.0,0.0,0.229
insider_relax,50,20,3.0,1,0.5,10,80.0,8.0,0.0,0.073
lca,50,20,3.0,1,0.5,10,80.0,8.0,0.0,0.043
segdup,50,20,3.0,1,0.5,10,20,2,0,2.346
fastmultrec,50,20,3.0,1,0.5,10,20.0,2.0,0.0,0.041
insider_relax,50,20,3.0,1,0.5,10,20.0,2.0,0.0,0.018
lca,50,20,3.0,1,0.5,10,20.0,2.0,0.0,0.013
segdup,50,20,3.0,1,0.5,10,50,5,0,7.707
fastmultrec,50,20,3.0,1,0.5,10,50.0,5.0,0.0,0.055
insider_relax,50,20,3.0,1,0.5,10,50.0,5.0,0.0,0.020
lca,50,20,3.0,1,0.5,10,50.0,5.0,0.0,0.012
segdup,50,20,3.0,1,0.5,10,70,7,0,16.028
fastmultrec,50,20,3.0,1,0.5,10,70.0,7.0,0.0,0.108
insider_relax,50,20,3.0,1,0.5,10,70.0,7.0,0.0,0.042
lca,50,20,3.0,1,0.5,10,70.0,7.0,0.0,0.024
segdup,50,20,3.0,1,0.5,10,70,7,0,17.837
fastmultrec,50,20,3.0,1,0.5,10,70.0,7.0,0.0,0.094
insider_relax,50,20,3.0,1,0.5,10,70.0,7.0,0.0,0.036
lca,50,20,3.0,1,0.5,10,70.0,7.0,0.0,0.023
segdup,50,20,3.0,1,0.5,10,80,8,0,41.190
fastmultrec,50,20,3.0,1,0.5,10,80.0,8.0,0.0,0.163
insider_relax,50,20,3.0,1,0.5,10,80.0,8.0,0.0,0.054
lca,50,20,3.0,1,0.5,10,80.0,8.0,0.0,0.037
segdup,50,20,3.0,1,0.5,10,60,6,0,15.159
fastmultrec,50,20,3.0,1,0.5,10,60.0,6.0,0.0,0.051
insider_relax,50,20,3.0,1,0.5,10,60.0,6.0,0.0,0.022
lca,50,20,3.0,1,0.5,10,60.0,6.0,0.0,0.014
segdup,50,20,3.0,1,0.5,15,30,2,0,5.041
fastmultrec,50,20,3.0,1,0.5,15,30.0,2.0,0.0,0.021
insider_relax,50,20,3.0,1,0.5,15,30.0,2.0,0.0,0.009
lca,50,20,3.0,1,0.5,15,30.0,2.0,0.0,0.007
segdup,50,20,3.0,1,0.5,15,90,6,0,10.813
fastmultrec,50,20,3.0,1,0.5,15,90.0,6.0,0.0,0.047
insider_relax,50,20,3.0,1,0.5,15,90.0,6.0,0.0,0.020
lca,50,20,3.0,1,0.5,15,90.0,6.0,0.0,0.012
segdup,50,20,3.0,1,0.5,15,90,6,0,8.655
fastmultrec,50,20,3.0,1,0.5,15,90.0,6.0,0.0,0.107
insider_relax,50,20,3.0,1,0.5,15,90.0,6.0,0.0,0.036
lca,50,20,3.0,1,0.5,15,90.0,6.0,0.0,0.024
segdup,50,20,3.0,1,0.5,15,105,7,0,4.243
fastmultrec,50,20,3.0,1,0.5,15,105.0,7.0,0.0,0.026
insider_relax,50,20,3.0,1,0.5,15,105.0,7.0,0.0,0.011
lca,50,20,3.0,1,0.5,15,105.0,7.0,0.0,0.009
segdup,50,20,3.0,1,0.5,15,75,5,0,4.487
fastmultrec,50,20,3.0,1,0.5,15,75.0,5.0,0.0,0.024
insider_relax,50,20,3.0,1,0.5,15,75.0,5.0,0.0,0.011
lca,50,20,3.0,1,0.5,15,75.0,5.0,0.0,0.006
segdup,50,20,3.0,1,0.5,15,135,9,0,39.190
fastmultrec,50,20,3.0,1,0.5,15,135.0,9.0,0.0,0.120
insider_relax,50,20,3.0,1,0.5,15,135.0,9.0,0.0,0.044
lca,50,20,3.0,1,0.5,15,135.0,9.0,0.0,0.027
segdup,50,20,3.0,1,0.5,15,150,10,0,11.249
fastmultrec,50,20,3.0,1,0.5,15,150.0,10.0,0.0,0.049
insider_relax,50,20,3.0,1,0.5,15,150.0,10.0,0.0,0.016
lca,50,20,3.0,1,0.5,15,150.0,10.0,0.0,0.012
segdup,50,20,3.0,1,0.5,15,150,10,0,90.231
fastmultrec,50,20,3.0,1,0.5,15,150.0,10.0,0.0,0.208
insider_relax,50,20,3.0,1,0.5,15,150.0,10.0,0.0,0.068
lca,50,20,3.0,1,0.5,15,150.0,10.0,0.0,0.041
segdup,50,20,3.0,1,0.5,15,90,6,0,20.307
fastmultrec,50,20,3.0,1,0.5,15,90.0,6.0,0.0,0.069
insider_relax,50,20,3.0,1,0.5,15,90.0,6.0,0.0,0.023
lca,50,20,3.0,1,0.5,15,90.0,6.0,0.0,0.016
segdup,50,20,3.0,1,0.5,15,90,6,0,4.060
fastmultrec,50,20,3.0,1,0.5,15,90.0,6.0,0.0,0.028
insider_relax,50,20,3.0,1,0.5,15,90.0,6.0,0.0,0.012
lca,50,20,3.0,1,0.5,15,90.0,6.0,0.0,0.007
segdup,50,20,3.0,1,0.5,20,100,5,0,7.674
fastmultrec,50,20,3.0,1,0.5,20,100.0,5.0,0.0,0.037
insider_relax,50,20,3.0,1,0.5,20,100.0,5.0,0.0,0.016
lca,50,20,3.0,1,0.5,20,100.0,5.0,0.0,0.010
segdup,50,20,3.0,1,0.5,20,100,5,0,5.363
fastmultrec,50,20,3.0,1,0.5,20,100.0,5.0,0.0,0.040
insider_relax,50,20,3.0,1,0.5,20,100.0,5.0,0.0,0.012
lca,50,20,3.0,1,0.5,20,100.0,5.0,0.0,0.008
segdup,50,20,3.0,1,0.5,20,0,0,0,0.028
fastmultrec,50,20,3.0,1,0.5,20,0.0,0.0,0.0,0.024
insider_relax,50,20,3.0,1,0.5,20,0.0,0.0,0.0,0.008
lca,50,20,3.0,1,0.5,20,0.0,0.0,0.0,0.006
segdup,50,20,3.0,1,0.5,20,120,6,0,6.035
fastmultrec,50,20,3.0,1,0.5,20,120.0,6.0,0.0,0.028
insider_relax,50,20,3.0,1,0.5,20,120.0,6.0,0.0,0.011
lca,50,20,3.0,1,0.5,20,120.0,6.0,0.0,0.009
segdup,50,20,3.0,1,0.5,20,60,3,0,3.245
fastmultrec,50,20,3.0,1,0.5,20,60.0,3.0,0.0,0.057
insider_relax,50,20,3.0,1,0.5,20,60.0,3.0,0.0,0.021
lca,50,20,3.0,1,0.5,20,60.0,3.0,0.0,0.012
segdup,50,20,3.0,1,0.5,20,180,9,0,19.918
fastmultrec,50,20,3.0,1,0.5,20,180.0,9.0,0.0,0.093
insider_relax,50,20,3.0,1,0.5,20,180.0,9.0,0.0,0.030
lca,50,20,3.0,1,0.5,20,180.0,9.0,0.0,0.021
segdup,50,20,3.0,1,0.5,20,220,11,0,7.281
fastmultrec,50,20,3.0,1,0.5,20,220.0,11.0,0.0,0.045
insider_relax,50,20,3.0,1,0.5,20,220.0,11.0,0.0,0.018
lca,50,20,3.0,1,0.5,20,220.0,11.0,0.0,0.012
segdup,50,20,3.0,1,0.5,20,160,8,0,10.451
fastmultrec,50,20,3.0,1,0.5,20,160.0,8.0,0.0,0.046
insider_relax,50,20,3.0,1,0.5,20,160.0,8.0,0.0,0.020
lca,50,20,3.0,1,0.5,20,160.0,8.0,0.0,0.013
segdup,50,20,3.0,1,0.5,20,80,4,0,9.491
fastmultrec,50,20,3.0,1,0.5,20,80.0,4.0,0.0,0.044
insider_relax,50,20,3.0,1,0.5,20,80.0,4.0,0.0,0.019
lca,50,20,3.0,1,0.5,20,80.0,4.0,0.0,0.011
segdup,50,20,3.0,1,0.5,20,140,7,0,8.072
fastmultrec,50,20,3.0,1,0.5,20,140.0,7.0,0.0,0.049
insider_relax,50,20,3.0,1,0.5,20,140.0,7.0,0.0,0.020
lca,50,20,3.0,1,0.5,20,140.0,7.0,0.0,0.012
segdup,50,20,3.0,1,0.8,25,275,11,0,72.649
fastmultrec,50,20,3.0,1,0.8,25,275.0,11.0,0.0,0.241
insider_relax,50,20,3.0,1,0.8,25,275.0,11.0,0.0,0.087
lca,50,20,3.0,1,0.8,25,275.0,11.0,0.0,0.054
segdup,50,20,3.0,1,0.8,25,300,12,0,693.662
fastmultrec,50,20,3.0,1,0.8,25,300.0,12.0,0.0,1.799
insider_relax,50,20,3.0,1,0.8,25,300.0,12.0,0.0,0.557
lca,50,20,3.0,1,0.8,25,300.0,12.0,0.0,0.304
segdup,50,20,3.0,1,0.8,25,175,7,0,19.813
fastmultrec,50,20,3.0,1,0.8,25,175.0,7.0,0.0,0.106
insider_relax,50,20,3.0,1,0.8,25,175.0,7.0,0.0,0.041
lca,50,20,3.0,1,0.8,25,175.0,7.0,0.0,0.024
segdup,50,20,3.0,1,0.8,25,175,7,0,16.880
fastmultrec,50,20,3.0,1,0.8,25,175.0,7.0,0.0,0.080
insider_relax,50,20,3.0,1,0.8,25,175.0,7.0,0.0,0.026
lca,50,20,3.0,1,0.8,25,175.0,7.0,0.0,0.018
segdup,50,20,3.0,1,0.8,25,175,7,0,141.170
fastmultrec,50,20,3.0,1,0.8,25,175.0,7.0,0.0,0.279
insider_relax,50,20,3.0,1,0.8,25,175.0,7.0,0.0,0.101
lca,50,20,3.0,1,0.8,25,175.0,7.0,0.0,0.061
segdup,50,20,3.0,1,0.8,25,175,7,0,8.279
fastmultrec,50,20,3.0,1,0.8,25,175.0,7.0,0.0,0.051
insider_relax,50,20,3.0,1,0.8,25,175.0,7.0,0.0,0.017
lca,50,20,3.0,1,0.8,25,175.0,7.0,0.0,0.013
segdup,50,20,3.0,1,0.8,25,175,7,0,10.878
fastmultrec,50,20,3.0,1,0.8,25,175.0,7.0,0.0,0.077
insider_relax,50,20,3.0,1,0.8,25,175.0,7.0,0.0,0.024
lca,50,20,3.0,1,0.8,25,175.0,7.0,0.0,0.016
segdup,50,20,3.0,1,0.8,25,250,10,0,17.553
fastmultrec,50,20,3.0,1,0.8,25,250.0,10.0,0.0,0.072
insider_relax,50,20,3.0,1,0.8,25,250.0,10.0,0.0,0.024
lca,50,20,3.0,1,0.8,25,250.0,10.0,0.0,0.016
segdup,50,20,3.0,1,0.8,25,125,5,0,9.247
fastmultrec,50,20,3.0,1,0.8,25,125.0,5.0,0.0,0.044
insider_relax,50,20,3.0,1,0.8,25,125.0,5.0,0.0,0.016
lca,50,20,3.0,1,0.8,25,125.0,5.0,0.0,0.012
segdup,50,20,3.0,1,0.8,25,275,11,0,4.828
fastmultrec,50,20,3.0,1,0.8,25,275.0,11.0,0.0,0.072
insider_relax,50,20,3.0,1,0.8,25,275.0,11.0,0.0,0.028
lca,50,20,3.0,1,0.8,25,275.0,11.0,0.0,0.023
segdup,50,20,3.0,1,0.8,5,40,8,0,12.252
fastmultrec,50,20,3.0,1,0.8,5,40.0,8.0,0.0,0.045
insider_relax,50,20,3.0,1,0.8,5,40.0,8.0,0.0,0.016
lca,50,20,3.0,1,0.8,5,40.0,8.0,0.0,0.012
segdup,50,20,3.0,1,0.8,5,10,2,0,16.781
fastmultrec,50,20,3.0,1,0.8,5,10.0,2.0,0.0,0.056
insider_relax,50,20,3.0,1,0.8,5,10.0,2.0,0.0,0.020
lca,50,20,3.0,1,0.8,5,10.0,2.0,0.0,0.012
segdup,50,20,3.0,1,0.8,5,20,4,0,23.095
fastmultrec,50,20,3.0,1,0.8,5,20.0,4.0,0.0,0.098
insider_relax,50,20,3.0,1,0.8,5,20.0,4.0,0.0,0.030
lca,50,20,3.0,1,0.8,5,20.0,4.0,0.0,0.019
segdup,50,20,3.0,1,0.8,5,35,7,0,46.158
fastmultrec,50,20,3.0,1,0.8,5,35.0,7.0,0.0,0.100
insider_relax,50,20,3.0,1,0.8,5,35.0,7.0,0.0,0.035
lca,50,20,3.0,1,0.8,5,35.0,7.0,0.0,0.024
segdup,50,20,3.0,1,0.8,5,35,7,0,77.362
fastmultrec,50,20,3.0,1,0.8,5,35.0,7.0,0.0,0.598
insider_relax,50,20,3.0,1,0.8,5,35.0,7.0,0.0,0.202
lca,50,20,3.0,1,0.8,5,35.0,7.0,0.0,0.115
segdup,50,20,3.0,1,0.8,5,45,9,0,20.663
fastmultrec,50,20,3.0,1,0.8,5,45.0,9.0,0.0,0.053
insider_relax,50,20,3.0,1,0.8,5,45.0,9.0,0.0,0.020
lca,50,20,3.0,1,0.8,5,45.0,9.0,0.0,0.015
segdup,50,20,3.0,1,0.8,5,15,3,0,17.259
fastmultrec,50,20,3.0,1,0.8,5,15.0,3.0,0.0,0.044
insider_relax,50,20,3.0,1,0.8,5,15.0,3.0,0.0,0.015
lca,50,20,3.0,1,0.8,5,15.0,3.0,0.0,0.011
segdup,50,20,3.0,1,0.8,5,55,11,0,113.460
fastmultrec,50,20,3.0,1,0.8,5,55.0,11.0,0.0,0.195
insider_relax,50,20,3.0,1,0.8,5,55.0,11.0,0.0,0.073
lca,50,20,3.0,1,0.8,5,55.0,11.0,0.0,0.045
segdup,50,20,3.0,1,0.8,5,20,4,0,18.393
fastmultrec,50,20,3.0,1,0.8,5,20.0,4.0,0.0,0.040
insider_relax,50,20,3.0,1,0.8,5,20.0,4.0,0.0,0.018
lca,50,20,3.0,1,0.8,5,20.0,4.0,0.0,0.013
segdup,50,20,3.0,1,0.8,5,35,7,0,19.895
fastmultrec,50,20,3.0,1,0.8,5,35.0,7.0,0.0,0.087
insider_relax,50,20,3.0,1,0.8,5,35.0,7.0,0.0,0.030
lca,50,20,3.0,1,0.8,5,35.0,7.0,0.0,0.020
segdup,50,20,3.0,1,0.8,10,70,7,0,142.283
fastmultrec,50,20,3.0,1,0.8,10,70.0,7.0,0.0,0.308
insider_relax,50,20,3.0,1,0.8,10,70.0,7.0,0.0,0.094
lca,50,20,3.0,1,0.8,10,70.0,7.0,0.0,0.060
segdup,50,20,3.0,1,0.8,10,20,2,0,8.357
fastmultrec,50,20,3.0,1,0.8,10,20.0,2.0,0.0,0.033
insider_relax,50,20,3.0,1,0.8,10,20.0,2.0,0.0,0.010
lca,50,20,3.0,1,0.8,10,20.0,2.0,0.0,0.009
segdup,50,20,3.0,1,0.8,10,50,5,0,25.933
fastmultrec,50,20,3.0,1,0.8,10,50.0,5.0,0.0,0.101
insider_relax,50,20,3.0,1,0.8,10,50.0,5.0,0.0,0.032
lca,50,20,3.0,1,0.8,10,50.0,5.0,0.0,0.025
segdup,50,20,3.0,1,0.8,10,70,7,0,12.702
fastmultrec,50,20,3.0,1,0.8,10,70.0,7.0,0.0,0.045
insider_relax,50,20,3.0,1,0.8,10,70.0,7.0,0.0,0.015
lca,50,20,3.0,1,0.8,10,70.0,7.0,0.0,0.012
segdup,50,20,3.0,1,0.8,10,80,8,0,65.114
fastmultrec,50,20,3.0,1,0.8,10,80.0,8.0,0.0,0.238
insider_relax,50,20,3.0,1,0.8,10,80.0,8.0,0.0,0.089
lca,50,20,3.0,1,0.8,10,80.0,8.0,0.0,0.055
segdup,50,20,3.0,1,0.8,10,50,5,0,32.472
fastmultrec,50,20,3.0,1,0.8,10,50.0,5.0,0.0,0.078
insider_relax,50,20,3.0,1,0.8,10,50.0,5.0,0.0,0.025
lca,50,20,3.0,1,0.8,10,50.0,5.0,0.0,0.019
segdup,50,20,3.0,1,0.8,10,30,3,0,15.690
fastmultrec,50,20,3.0,1,0.8,10,30.0,3.0,0.0,0.049
insider_relax,50,20,3.0,1,0.8,10,30.0,3.0,0.0,0.015
lca,50,20,3.0,1,0.8,10,30.0,3.0,0.0,0.013
segdup,50,20,3.0,1,0.8,10,50,5,0,25.786
fastmultrec,50,20,3.0,1,0.8,10,50.0,5.0,0.0,0.095
insider_relax,50,20,3.0,1,0.8,10,50.0,5.0,0.0,0.030
lca,50,20,3.0,1,0.8,10,50.0,5.0,0.0,0.021
segdup,50,20,3.0,1,0.8,10,40,4,0,11.845
fastmultrec,50,20,3.0,1,0.8,10,40.0,4.0,0.0,0.041
insider_relax,50,20,3.0,1,0.8,10,40.0,4.0,0.0,0.018
lca,50,20,3.0,1,0.8,10,40.0,4.0,0.0,0.013
segdup,50,20,3.0,1,0.8,10,80,8,0,40.318
fastmultrec,50,20,3.0,1,0.8,10,80.0,8.0,0.0,0.367
insider_relax,50,20,3.0,1,0.8,10,80.0,8.0,0.0,0.125
lca,50,20,3.0,1,0.8,10,80.0,8.0,0.0,0.074
segdup,50,20,3.0,1,0.8,15,105,7,0,21.826
fastmultrec,50,20,3.0,1,0.8,15,105.0,7.0,0.0,0.079
insider_relax,50,20,3.0,1,0.8,15,105.0,7.0,0.0,0.026
lca,50,20,3.0,1,0.8,15,105.0,7.0,0.0,0.019
segdup,50,20,3.0,1,0.8,15,105,7,0,27.461
fastmultrec,50,20,3.0,1,0.8,15,105.0,7.0,0.0,0.100
insider_relax,50,20,3.0,1,0.8,15,105.0,7.0,0.0,0.035
lca,50,20,3.0,1,0.8,15,105.0,7.0,0.0,0.022
segdup,50,20,3.0,1,0.8,15,90,6,0,35.463
fastmultrec,50,20,3.0,1,0.8,15,90.0,6.0,0.0,0.109
insider_relax,50,20,3.0,1,0.8,15,90.0,6.0,0.0,0.041
lca,50,20,3.0,1,0.8,15,90.0,6.0,0.0,0.026
segdup,50,20,3.0,1,0.8,15,75,5,0,36.771
fastmultrec,50,20,3.0,1,0.8,15,75.0,5.0,0.0,0.145
insider_relax,50,20,3.0,1,0.8,15,75.0,5.0,0.0,0.044
lca,50,20,3.0,1,0.8,15,75.0,5.0,0.0,0.029
segdup,50,20,3.0,1,0.8,15,45,3,0,11.201
fastmultrec,50,20,3.0,1,0.8,15,45.0,3.0,0.0,0.056
insider_relax,50,20,3.0,1,0.8,15,45.0,3.0,0.0,0.021
lca,50,20,3.0,1,0.8,15,45.0,3.0,0.0,0.012
segdup,50,20,3.0,1,0.8,15,75,5,0,45.170
fastmultrec,50,20,3.0,1,0.8,15,75.0,5.0,0.0,0.131
insider_relax,50,20,3.0,1,0.8,15,75.0,5.0,0.0,0.043
lca,50,20,3.0,1,0.8,15,75.0,5.0,0.0,0.026
segdup,50,20,3.0,1,0.8,15,105,7,0,27.487
fastmultrec,50,20,3.0,1,0.8,15,105.0,7.0,0.0,0.081
insider_relax,50,20,3.0,1,0.8,15,105.0,7.0,0.0,0.028
lca,50,20,3.0,1,0.8,15,105.0,7.0,0.0,0.018
segdup,50,20,3.0,1,0.8,15,135,9,0,1667.569
fastmultrec,50,20,3.0,1,0.8,15,135.0,9.0,0.0,1.794
insider_relax,50,20,3.0,1,0.8,15,135.0,9.0,0.0,0.707
lca,50,20,3.0,1,0.8,15,135.0,9.0,0.0,0.358
segdup,50,20,3.0,1,0.8,15,75,5,0,8.976
fastmultrec,50,20,3.0,1,0.8,15,75.0,5.0,0.0,0.080
insider_relax,50,20,3.0,1,0.8,15,75.0,5.0,0.0,0.027
lca,50,20,3.0,1,0.8,15,75.0,5.0,0.0,0.020
segdup,50,20,3.0,1,0.8,15,75,5,0,3.527
fastmultrec,50,20,3.0,1,0.8,15,75.0,5.0,0.0,0.033
insider_relax,50,20,3.0,1,0.8,15,75.0,5.0,0.0,0.013
lca,50,20,3.0,1,0.8,15,75.0,5.0,0.0,0.009
segdup,50,20,3.0,1,0.8,20,80,4,0,14.445
fastmultrec,50,20,3.0,1,0.8,20,80.0,4.0,0.0,0.088
insider_relax,50,20,3.0,1,0.8,20,80.0,4.0,0.0,0.031
lca,50,20,3.0,1,0.8,20,80.0,4.0,0.0,0.021
segdup,50,20,3.0,1,0.8,20,160,8,0,101.688
fastmultrec,50,20,3.0,1,0.8,20,160.0,8.0,0.0,0.211
insider_relax,50,20,3.0,1,0.8,20,160.0,8.0,0.0,0.077
lca,50,20,3.0,1,0.8,20,160.0,8.0,0.0,0.050
segdup,50,20,3.0,1,0.8,20,100,5,0,25.774
fastmultrec,50,20,3.0,1,0.8,20,100.0,5.0,0.0,0.163
insider_relax,50,20,3.0,1,0.8,20,100.0,5.0,0.0,0.051
lca,50,20,3.0,1,0.8,20,100.0,5.0,0.0,0.032
segdup,50,20,3.0,1,0.8,20,160,8,0,4.819
fastmultrec,50,20,3.0,1,0.8,20,160.0,8.0,0.0,0.035
insider_relax,50,20,3.0,1,0.8,20,160.0,8.0,0.0,0.015
lca,50,20,3.0,1,0.8,20,160.0,8.0,0.0,0.010
segdup,50,20,3.0,1,0.8,20,120,6,0,8.228
fastmultrec,50,20,3.0,1,0.8,20,120.0,6.0,0.0,0.050
insider_relax,50,20,3.0,1,0.8,20,120.0,6.0,0.0,0.019
lca,50,20,3.0,1,0.8,20,120.0,6.0,0.0,0.014
segdup,50,20,3.0,1,0.8,20,60,3,0,14.494
fastmultrec,50,20,3.0,1,0.8,20,60.0,3.0,0.0,0.068
insider_relax,50,20,3.0,1,0.8,20,60.0,3.0,0.0,0.022
lca,50,20,3.0,1,0.8,20,60.0,3.0,0.0,0.015
segdup,50,20,3.0,1,0.8,20,120,6,0,8.215
fastmultrec,50,20,3.0,1,0.8,20,120.0,6.0,0.0,0.057
insider_relax,50,20,3.0,1,0.8,20,120.0,6.0,0.0,0.022
lca,50,20,3.0,1,0.8,20,120.0,6.0,0.0,0.013
segdup,50,20,3.0,1,0.8,20,100,5,0,23.912
fastmultrec,50,20,3.0,1,0.8,20,100.0,5.0,0.0,0.115
insider_relax,50,20,3.0,1,0.8,20,100.0,5.0,0.0,0.041
lca,50,20,3.0,1,0.8,20,100.0,5.0,0.0,0.028
segdup,50,20,3.0,1,0.8,20,60,3,0,14.062
fastmultrec,50,20,3.0,1,0.8,20,60.0,3.0,0.0,0.071
insider_relax,50,20,3.0,1,0.8,20,60.0,3.0,0.0,0.027
lca,50,20,3.0,1,0.8,20,60.0,3.0,0.0,0.018
segdup,50,20,3.0,1,0.8,20,100,5,0,3.849
fastmultrec,50,20,3.0,1,0.8,20,100.0,5.0,0.0,0.033
insider_relax,50,20,3.0,1,0.8,20,100.0,5.0,0.0,0.015
lca,50,20,3.0,1,0.8,20,100.0,5.0,0.0,0.009
segdup,50,20,3.0,1,0.2,25,150,6,0,9.345
fastmultrec,50,20,3.0,1,0.2,25,150.0,6.0,0.0,0.047
insider_relax,50,20,3.0,1,0.2,25,150.0,6.0,0.0,0.017
lca,50,20,3.0,1,0.2,25,150.0,6.0,0.0,0.013
segdup,50,20,3.0,1,0.2,25,200,8,0,6.296
fastmultrec,50,20,3.0,1,0.2,25,200.0,8.0,0.0,0.028
insider_relax,50,20,3.0,1,0.2,25,200.0,8.0,0.0,0.014
lca,50,20,3.0,1,0.2,25,200.0,8.0,0.0,0.009
segdup,50,20,3.0,1,0.2,25,150,6,0,8.003
fastmultrec,50,20,3.0,1,0.2,25,150.0,6.0,0.0,0.062
insider_relax,50,20,3.0,1,0.2,25,150.0,6.0,0.0,0.021
lca,50,20,3.0,1,0.2,25,150.0,6.0,0.0,0.014
segdup,50,20,3.0,1,0.2,25,175,7,0,9.175
fastmultrec,50,20,3.0,1,0.2,25,175.0,7.0,0.0,0.052
insider_relax,50,20,3.0,1,0.2,25,175.0,7.0,0.0,0.017
lca,50,20,3.0,1,0.2,25,175.0,7.0,0.0,0.012
segdup,50,20,3.0,1,0.2,25,250,10,0,7.863
fastmultrec,50,20,3.0,1,0.2,25,250.0,10.0,0.0,0.058
insider_relax,50,20,3.0,1,0.2,25,250.0,10.0,0.0,0.021
lca,50,20,3.0,1,0.2,25,250.0,10.0,0.0,0.014
segdup,50,20,3.0,1,0.2,25,250,10,0,4.900
fastmultrec,50,20,3.0,1,0.2,25,250.0,10.0,0.0,0.035
insider_relax,50,20,3.0,1,0.2,25,250.0,10.0,0.0,0.017
lca,50,20,3.0,1,0.2,25,250.0,10.0,0.0,0.010
segdup,50,20,3.0,1,0.2,25,225,9,0,7.217
fastmultrec,50,20,3.0,1,0.2,25,225.0,9.0,0.0,0.040
insider_relax,50,20,3.0,1,0.2,25,225.0,9.0,0.0,0.018
lca,50,20,3.0,1,0.2,25,225.0,9.0,0.0,0.011
segdup,50,20,3.0,1,0.2,25,175,7,0,4.482
fastmultrec,50,20,3.0,1,0.2,25,175.0,7.0,0.0,0.034
insider_relax,50,20,3.0,1,0.2,25,175.0,7.0,0.0,0.016
lca,50,20,3.0,1,0.2,25,175.0,7.0,0.0,0.009
segdup,50,20,3.0,1,0.2,25,125,5,0,10.852
fastmultrec,50,20,3.0,1,0.2,25,125.0,5.0,0.0,0.034
insider_relax,50,20,3.0,1,0.2,25,125.0,5.0,0.0,0.015
lca,50,20,3.0,1,0.2,25,125.0,5.0,0.0,0.010
segdup,50,20,3.0,1,0.2,25,150,6,0,5.484
fastmultrec,50,20,3.0,1,0.2,25,150.0,6.0,0.0,0.034
insider_relax,50,20,3.0,1,0.2,25,150.0,6.0,0.0,0.014
lca,50,20,3.0,1,0.2,25,150.0,6.0,0.0,0.009
segdup,50,20,3.0,1,0.2,5,40,8,0,11.477
fastmultrec,50,20,3.0,1,0.2,5,40.0,8.0,0.0,0.040
insider_relax,50,20,3.0,1,0.2,5,40.0,8.0,0.0,0.017
lca,50,20,3.0,1,0.2,5,40.0,8.0,0.0,0.011
segdup,50,20,3.0,1,0.2,5,20,4,0,2.874
fastmultrec,50,20,3.0,1,0.2,5,20.0,4.0,0.0,0.024
insider_relax,50,20,3.0,1,0.2,5,20.0,4.0,0.0,0.010
lca,50,20,3.0,1,0.2,5,20.0,4.0,0.0,0.007
segdup,50,20,3.0,1,0.2,5,45,9,0,6.474
fastmultrec,50,20,3.0,1,0.2,5,45.0,9.0,0.0,0.042
insider_relax,50,20,3.0,1,0.2,5,45.0,9.0,0.0,0.017
lca,50,20,3.0,1,0.2,5,45.0,9.0,0.0,0.012
segdup,50,20,3.0,1,0.2,5,25,5,0,2.807
fastmultrec,50,20,3.0,1,0.2,5,25.0,5.0,0.0,0.040
insider_relax,50,20,3.0,1,0.2,5,25.0,5.0,0.0,0.017
lca,50,20,3.0,1,0.2,5,25.0,5.0,0.0,0.012
segdup,50,20,3.0,1,0.2,5,40,8,0,8.126
fastmultrec,50,20,3.0,1,0.2,5,40.0,8.0,0.0,0.045
insider_relax,50,20,3.0,1,0.2,5,40.0,8.0,0.0,0.014
lca,50,20,3.0,1,0.2,5,40.0,8.0,0.0,0.009
segdup,50,20,3.0,1,0.2,5,20,4,0,4.770
fastmultrec,50,20,3.0,1,0.2,5,20.0,4.0,0.0,0.022
insider_relax,50,20,3.0,1,0.2,5,20.0,4.0,0.0,0.009
lca,50,20,3.0,1,0.2,5,20.0,4.0,0.0,0.008
segdup,50,20,3.0,1,0.2,5,20,4,0,3.842
fastmultrec,50,20,3.0,1,0.2,5,20.0,4.0,0.0,0.024
insider_relax,50,20,3.0,1,0.2,5,20.0,4.0,0.0,0.011
lca,50,20,3.0,1,0.2,5,20.0,4.0,0.0,0.008
segdup,50,20,3.0,1,0.2,5,40,8,0,5.610
fastmultrec,50,20,3.0,1,0.2,5,40.0,8.0,0.0,0.023
insider_relax,50,20,3.0,1,0.2,5,40.0,8.0,0.0,0.011
lca,50,20,3.0,1,0.2,5,40.0,8.0,0.0,0.006
segdup,50,20,3.0,1,0.2,5,55,11,0,9.983
fastmultrec,50,20,3.0,1,0.2,5,55.0,11.0,0.0,0.039
insider_relax,50,20,3.0,1,0.2,5,55.0,11.0,0.0,0.017
lca,50,20,3.0,1,0.2,5,55.0,11.0,0.0,0.012
segdup,50,20,3.0,1,0.2,5,10,2,0,0.853
fastmultrec,50,20,3.0,1,0.2,5,10.0,2.0,0.0,0.025
insider_relax,50,20,3.0,1,0.2,5,10.0,2.0,0.0,0.009
lca,50,20,3.0,1,0.2,5,10.0,2.0,0.0,0.008
segdup,50,20,3.0,1,0.2,10,20,2,0,3.258
fastmultrec,50,20,3.0,1,0.2,10,20.0,2.0,0.0,0.024
insider_relax,50,20,3.0,1,0.2,10,20.0,2.0,0.0,0.009
lca,50,20,3.0,1,0.2,10,20.0,2.0,0.0,0.006
segdup,50,20,3.0,1,0.2,10,60,6,0,7.013
fastmultrec,50,20,3.0,1,0.2,10,60.0,6.0,0.0,0.034
insider_relax,50,20,3.0,1,0.2,10,60.0,6.0,0.0,0.014
lca,50,20,3.0,1,0.2,10,60.0,6.0,0.0,0.008
segdup,50,20,3.0,1,0.2,10,80,8,0,3.771
fastmultrec,50,20,3.0,1,0.2,10,80.0,8.0,0.0,0.024
insider_relax,50,20,3.0,1,0.2,10,80.0,8.0,0.0,0.011
lca,50,20,3.0,1,0.2,10,80.0,8.0,0.0,0.006
segdup,50,20,3.0,1,0.2,10,20,2,0,4.110
fastmultrec,50,20,3.0,1,0.2,10,20.0,2.0,0.0,0.022
insider_relax,50,20,3.0,1,0.2,10,20.0,2.0,0.0,0.009
lca,50,20,3.0,1,0.2,10,20.0,2.0,0.0,0.006
segdup,50,20,3.0,1,0.2,10,60,6,0,9.995
fastmultrec,50,20,3.0,1,0.2,10,60.0,6.0,0.0,0.053
insider_relax,50,20,3.0,1,0.2,10,60.0,6.0,0.0,0.018
lca,50,20,3.0,1,0.2,10,60.0,6.0,0.0,0.012
segdup,50,20,3.0,1,0.2,10,70,7,0,10.168
fastmultrec,50,20,3.0,1,0.2,10,70.0,7.0,0.0,0.038
insider_relax,50,20,3.0,1,0.2,10,70.0,7.0,0.0,0.017
lca,50,20,3.0,1,0.2,10,70.0,7.0,0.0,0.010
segdup,50,20,3.0,1,0.2,10,60,6,0,9.368
fastmultrec,50,20,3.0,1,0.2,10,60.0,6.0,0.0,0.032
insider_relax,50,20,3.0,1,0.2,10,60.0,6.0,0.0,0.014
lca,50,20,3.0,1,0.2,10,60.0,6.0,0.0,0.009
segdup,50,20,3.0,1,0.2,10,60,6,0,5.229
fastmultrec,50,20,3.0,1,0.2,10,60.0,6.0,0.0,0.027
insider_relax,50,20,3.0,1,0.2,10,60.0,6.0,0.0,0.011
lca,50,20,3.0,1,0.2,10,60.0,6.0,0.0,0.007
segdup,50,20,3.0,1,0.2,10,40,4,0,4.223
fastmultrec,50,20,3.0,1,0.2,10,40.0,4.0,0.0,0.037
insider_relax,50,20,3.0,1,0.2,10,40.0,4.0,0.0,0.014
lca,50,20,3.0,1,0.2,10,40.0,4.0,0.0,0.008
segdup,50,20,3.0,1,0.2,10,90,9,0,14.147
fastmultrec,50,20,3.0,1,0.2,10,90.0,9.0,0.0,0.059
insider_relax,50,20,3.0,1,0.2,10,90.0,9.0,0.0,0.020
lca,50,20,3.0,1,0.2,10,90.0,9.0,0.0,0.014
segdup,50,20,3.0,1,0.2,15,75,5,0,4.273
fastmultrec,50,20,3.0,1,0.2,15,75.0,5.0,0.0,0.029
insider_relax,50,20,3.0,1,0.2,15,75.0,5.0,0.0,0.011
lca,50,20,3.0,1,0.2,15,75.0,5.0,0.0,0.009
segdup,50,20,3.0,1,0.2,15,60,4,0,3.812
fastmultrec,50,20,3.0,1,0.2,15,60.0,4.0,0.0,0.038
insider_relax,50,20,3.0,1,0.2,15,60.0,4.0,0.0,0.013
lca,50,20,3.0,1,0.2,15,60.0,4.0,0.0,0.008
segdup,50,20,3.0,1,0.2,15,180,12,0,7.881
fastmultrec,50,20,3.0,1,0.2,15,180.0,12.0,0.0,0.030
insider_relax,50,20,3.0,1,0.2,15,180.0,12.0,0.0,0.013
lca,50,20,3.0,1,0.2,15,180.0,12.0,0.0,0.010
segdup,50,20,3.0,1,0.2,15,30,2,0,4.348
fastmultrec,50,20,3.0,1,0.2,15,30.0,2.0,0.0,0.024
insider_relax,50,20,3.0,1,0.2,15,30.0,2.0,0.0,0.010
lca,50,20,3.0,1,0.2,15,30.0,2.0,0.0,0.007
segdup,50,20,3.0,1,0.2,15,105,7,0,5.436
fastmultrec,50,20,3.0,1,0.2,15,105.0,7.0,0.0,0.024
insider_relax,50,20,3.0,1,0.2,15,105.0,7.0,0.0,0.011
lca,50,20,3.0,1,0.2,15,105.0,7.0,0.0,0.007
segdup,50,20,3.0,1,0.2,15,195,13,0,12.219
fastmultrec,50,20,3.0,1,0.2,15,195.0,13.0,0.0,0.061
insider_relax,50,20,3.0,1,0.2,15,195.0,13.0,0.0,0.022
lca,50,20,3.0,1,0.2,15,195.0,13.0,0.0,0.015
segdup,50,20,3.0,1,0.2,15,105,7,0,6.337
fastmultrec,50,20,3.0,1,0.2,15,105.0,7.0,0.0,0.026
insider_relax,50,20,3.0,1,0.2,15,105.0,7.0,0.0,0.011
lca,50,20,3.0,1,0.2,15,105.0,7.0,0.0,0.007
segdup,50,20,3.0,1,0.2,15,120,8,0,11.365
fastmultrec,50,20,3.0,1,0.2,15,120.0,8.0,0.0,0.058
insider_relax,50,20,3.0,1,0.2,15,120.0,8.0,0.0,0.019
lca,50,20,3.0,1,0.2,15,120.0,8.0,0.0,0.012
segdup,50,20,3.0,1,0.2,15,60,4,0,2.622
fastmultrec,50,20,3.0,1,0.2,15,60.0,4.0,0.0,0.032
insider_relax,50,20,3.0,1,0.2,15,60.0,4.0,0.0,0.013
lca,50,20,3.0,1,0.2,15,60.0,4.0,0.0,0.007
segdup,50,20,3.0,1,0.2,15,45,3,0,3.785
fastmultrec,50,20,3.0,1,0.2,15,45.0,3.0,0.0,0.027
insider_relax,50,20,3.0,1,0.2,15,45.0,3.0,0.0,0.010
lca,50,20,3.0,1,0.2,15,45.0,3.0,0.0,0.008
segdup,50,20,3.0,1,0.2,20,60,3,0,1.277
fastmultrec,50,20,3.0,1,0.2,20,60.0,3.0,0.0,0.027
insider_relax,50,20,3.0,1,0.2,20,60.0,3.0,0.0,0.012
lca,50,20,3.0,1,0.2,20,60.0,3.0,0.0,0.008
segdup,50,20,3.0,1,0.2,20,100,5,0,4.431
fastmultrec,50,20,3.0,1,0.2,20,100.0,5.0,0.0,0.032
insider_relax,50,20,3.0,1,0.2,20,100.0,5.0,0.0,0.013
lca,50,20,3.0,1,0.2,20,100.0,5.0,0.0,0.011
segdup,50,20,3.0,1,0.2,20,120,6,0,6.450
fastmultrec,50,20,3.0,1,0.2,20,120.0,6.0,0.0,0.033
insider_relax,50,20,3.0,1,0.2,20,120.0,6.0,0.0,0.013
lca,50,20,3.0,1,0.2,20,120.0,6.0,0.0,0.008
segdup,50,20,3.0,1,0.2,20,140,7,0,2.190
fastmultrec,50,20,3.0,1,0.2,20,140.0,7.0,0.0,0.025
insider_relax,50,20,3.0,1,0.2,20,140.0,7.0,0.0,0.012
lca,50,20,3.0,1,0.2,20,140.0,7.0,0.0,0.008
segdup,50,20,3.0,1,0.2,20,20,1,0,0.807
fastmultrec,50,20,3.0,1,0.2,20,20.0,1.0,0.0,0.024
insider_relax,50,20,3.0,1,0.2,20,20.0,1.0,0.0,0.009
lca,50,20,3.0,1,0.2,20,20.0,1.0,0.0,0.006
segdup,50,20,3.0,1,0.2,20,120,6,0,7.871
fastmultrec,50,20,3.0,1,0.2,20,120.0,6.0,0.0,0.059
insider_relax,50,20,3.0,1,0.2,20,120.0,6.0,0.0,0.018
lca,50,20,3.0,1,0.2,20,120.0,6.0,0.0,0.010
segdup,50,20,3.0,1,0.2,20,240,12,0,7.372
fastmultrec,50,20,3.0,1,0.2,20,240.0,12.0,0.0,0.035
insider_relax,50,20,3.0,1,0.2,20,240.0,12.0,0.0,0.019
lca,50,20,3.0,1,0.2,20,240.0,12.0,0.0,0.010
segdup,50,20,3.0,1,0.2,20,140,7,0,11.758
fastmultrec,50,20,3.0,1,0.2,20,140.0,7.0,0.0,0.047
insider_relax,50,20,3.0,1,0.2,20,140.0,7.0,0.0,0.020
lca,50,20,3.0,1,0.2,20,140.0,7.0,0.0,0.011
segdup,50,20,3.0,1,0.2,20,100,5,0,6.531
fastmultrec,50,20,3.0,1,0.2,20,100.0,5.0,0.0,0.041
insider_relax,50,20,3.0,1,0.2,20,100.0,5.0,0.0,0.014
lca,50,20,3.0,1,0.2,20,100.0,5.0,0.0,0.010
segdup,50,20,3.0,1,0.2,20,240,12,0,9.375
fastmultrec,50,20,3.0,1,0.2,20,240.0,12.0,0.0,0.053
insider_relax,50,20,3.0,1,0.2,20,240.0,12.0,0.0,0.019
lca,50,20,3.0,1,0.2,20,240.0,12.0,0.0,0.013
segdup,50,50,3.0,1,1,25,200,8,0,167.201
fastmultrec,50,50,3.0,1,1,25,200.0,8.0,0.0,0.632
insider_relax,50,50,3.0,1,1,25,200.0,8.0,0.0,0.170
lca,50,50,3.0,1,1,25,200.0,8.0,0.0,0.097
segdup,50,50,3.0,1,1,25,200,8,0,17.488
fastmultrec,50,50,3.0,1,1,25,200.0,8.0,0.0,0.149
insider_relax,50,50,3.0,1,1,25,200.0,8.0,0.0,0.052
lca,50,50,3.0,1,1,25,200.0,8.0,0.0,0.035
segdup,50,50,3.0,1,1,25,325,13,0,232.798
fastmultrec,50,50,3.0,1,1,25,325.0,13.0,0.0,0.815
insider_relax,50,50,3.0,1,1,25,325.0,13.0,0.0,0.248
lca,50,50,3.0,1,1,25,325.0,13.0,0.0,0.152
segdup,50,50,3.0,1,1,25,225,9,0,75.125
fastmultrec,50,50,3.0,1,1,25,225.0,9.0,0.0,1.332
insider_relax,50,50,3.0,1,1,25,225.0,9.0,0.0,0.217
lca,50,50,3.0,1,1,25,225.0,9.0,0.0,0.144
segdup,50,50,3.0,1,1,25,125,5,0,83.740
fastmultrec,50,50,3.0,1,1,25,125.0,5.0,0.0,0.317
insider_relax,50,50,3.0,1,1,25,125.0,5.0,0.0,0.111
lca,50,50,3.0,1,1,25,125.0,5.0,0.0,0.060
segdup,50,50,3.0,1,1,25,125,5,0,39.180
fastmultrec,50,50,3.0,1,1,25,125.0,5.0,0.0,0.470
insider_relax,50,50,3.0,1,1,25,125.0,5.0,0.0,0.140
lca,50,50,3.0,1,1,25,125.0,5.0,0.0,0.076
segdup,50,50,3.0,1,1,25,175,7,0,609.587
fastmultrec,50,50,3.0,1,1,25,175.0,7.0,0.0,3.410
insider_relax,50,50,3.0,1,1,25,175.0,7.0,0.0,1.000
lca,50,50,3.0,1,1,25,175.0,7.0,0.0,0.512
segdup,50,50,3.0,1,1,25,125,5,0,29.800
fastmultrec,50,50,3.0,1,1,25,125.0,5.0,0.0,0.148
insider_relax,50,50,3.0,1,1,25,125.0,5.0,0.0,0.051
lca,50,50,3.0,1,1,25,125.0,5.0,0.0,0.032
segdup,50,50,3.0,1,1,25,200,8,0,318.111
fastmultrec,50,50,3.0,1,1,25,200.0,8.0,0.0,1.064
insider_relax,50,50,3.0,1,1,25,200.0,8.0,0.0,0.309
lca,50,50,3.0,1,1,25,200.0,8.0,0.0,0.176
segdup,50,50,3.0,1,1,25,125,5,0,21.857
fastmultrec,50,50,3.0,1,1,25,125.0,5.0,0.0,0.180
insider_relax,50,50,3.0,1,1,25,125.0,5.0,0.0,0.056
lca,50,50,3.0,1,1,25,125.0,5.0,0.0,0.036
segdup,50,50,3.0,1,1,5,30,6,0,112.411
fastmultrec,50,50,3.0,1,1,5,30.0,6.0,0.0,0.231
insider_relax,50,50,3.0,1,1,5,30.0,6.0,0.0,0.074
lca,50,50,3.0,1,1,5,30.0,6.0,0.0,0.051
segdup,50,50,3.0,1,1,5,40,8,0,308.509
fastmultrec,50,50,3.0,1,1,5,40.0,8.0,0.0,0.869
insider_relax,50,50,3.0,1,1,5,40.0,8.0,0.0,0.266
lca,50,50,3.0,1,1,5,40.0,8.0,0.0,0.160
segdup,50,50,3.0,1,1,5,35,7,0,28.152
fastmultrec,50,50,3.0,1,1,5,35.0,7.0,0.0,0.079
insider_relax,50,50,3.0,1,1,5,35.0,7.0,0.0,0.025
lca,50,50,3.0,1,1,5,35.0,7.0,0.0,0.018
segdup,50,50,3.0,1,1,5,45,9,0,839.473
fastmultrec,50,50,3.0,1,1,5,45.0,9.0,0.0,1.145
insider_relax,50,50,3.0,1,1,5,45.0,9.0,0.0,0.356
lca,50,50,3.0,1,1,5,45.0,9.0,0.0,0.204
segdup,50,50,3.0,1,1,5,55,11,0,1898.746
fastmultrec,50,50,3.0,1,1,5,55.0,11.0,0.0,2.716
insider_relax,50,50,3.0,1,1,5,55.0,11.0,0.0,0.908
lca,50,50,3.0,1,1,5,55.0,11.0,0.0,0.499
segdup,50,50,3.0,1,1,5,30,6,0,686.895
fastmultrec,50,50,3.0,1,1,5,30.0,6.0,0.0,0.901
insider_relax,50,50,3.0,1,1,5,30.0,6.0,0.0,0.314
lca,50,50,3.0,1,1,5,30.0,6.0,0.0,0.179
segdup,50,50,3.0,1,1,5,80,16,0,92.893
fastmultrec,50,50,3.0,1,1,5,80.0,16.0,0.0,0.292
insider_relax,50,50,3.0,1,1,5,80.0,16.0,0.0,0.093
lca,50,50,3.0,1,1,5,80.0,16.0,0.0,0.068
segdup,50,50,3.0,1,1,5,30,6,0,306.770
fastmultrec,50,50,3.0,1,1,5,30.0,6.0,0.0,0.485
insider_relax,50,50,3.0,1,1,5,30.0,6.0,0.0,0.168
lca,50,50,3.0,1,1,5,30.0,6.0,0.0,0.094
segdup,50,50,3.0,1,1,5,25,5,0,52.276
fastmultrec,50,50,3.0,1,1,5,25.0,5.0,0.0,0.113
insider_relax,50,50,3.0,1,1,5,25.0,5.0,0.0,0.033
lca,50,50,3.0,1,1,5,25.0,5.0,0.0,0.021
segdup,50,50,3.0,1,1,5,35,7,0,175.600
fastmultrec,50,50,3.0,1,1,5,35.0,7.0,0.0,0.277
insider_relax,50,50,3.0,1,1,5,35.0,7.0,0.0,0.096
lca,50,50,3.0,1,1,5,35.0,7.0,0.0,0.063
segdup,50,50,3.0,1,1,10,30,3,0,36.066
fastmultrec,50,50,3.0,1,1,10,30.0,3.0,0.0,0.110
insider_relax,50,50,3.0,1,1,10,30.0,3.0,0.0,0.028
lca,50,50,3.0,1,1,10,30.0,3.0,0.0,0.021
segdup,50,50,3.0,1,1,10,50,5,0,33.239
fastmultrec,50,50,3.0,1,1,10,50.0,5.0,0.0,0.116
insider_relax,50,50,3.0,1,1,10,50.0,5.0,0.0,0.046
lca,50,50,3.0,1,1,10,50.0,5.0,0.0,0.028
segdup,50,50,3.0,1,1,10,90,9,0,304.651
fastmultrec,50,50,3.0,1,1,10,90.0,9.0,0.0,0.747
insider_relax,50,50,3.0,1,1,10,90.0,9.0,0.0,0.192
lca,50,50,3.0,1,1,10,90.0,9.0,0.0,0.132
segdup,50,50,3.0,1,1,10,40,4,0,15.804
fastmultrec,50,50,3.0,1,1,10,40.0,4.0,0.0,0.064
insider_relax,50,50,3.0,1,1,10,40.0,4.0,0.0,0.021
lca,50,50,3.0,1,1,10,40.0,4.0,0.0,0.015
segdup,50,50,3.0,1,1,10,70,7,0,31.984
fastmultrec,50,50,3.0,1,1,10,70.0,7.0,0.0,0.093
insider_relax,50,50,3.0,1,1,10,70.0,7.0,0.0,0.038
lca,50,50,3.0,1,1,10,70.0,7.0,0.0,0.023
segdup,50,50,3.0,1,1,10,110,11,0,2179.385
fastmultrec,50,50,3.0,1,1,10,110.0,11.0,0.0,3.839
insider_relax,50,50,3.0,1,1,10,110.0,11.0,0.0,1.263
lca,50,50,3.0,1,1,10,110.0,11.0,0.0,0.642
segdup,50,50,3.0,1,1,10,60,6,0,333.686
fastmultrec,50,50,3.0,1,1,10,60.0,6.0,0.0,0.706
insider_relax,50,50,3.0,1,1,10,60.0,6.0,0.0,0.212
lca,50,50,3.0,1,1,10,60.0,6.0,0.0,0.122
segdup,50,50,3.0,1,1,10,40,4,0,173.195
fastmultrec,50,50,3.0,1,1,10,40.0,4.0,0.0,0.279
insider_relax,50,50,3.0,1,1,10,40.0,4.0,0.0,0.098
lca,50,50,3.0,1,1,10,40.0,4.0,0.0,0.061
segdup,50,50,3.0,1,1,10,50,5,0,100.014
fastmultrec,50,50,3.0,1,1,10,50.0,5.0,0.0,0.330
insider_relax,50,50,3.0,1,1,10,50.0,5.0,0.0,0.091
lca,50,50,3.0,1,1,10,50.0,5.0,0.0,0.067
segdup,50,50,3.0,1,1,10,20,2,0,8.187
fastmultrec,50,50,3.0,1,1,10,20.0,2.0,0.0,0.128
insider_relax,50,50,3.0,1,1,10,20.0,2.0,0.0,0.050
lca,50,50,3.0,1,1,10,20.0,2.0,0.0,0.033
segdup,50,50,3.0,1,1,15,105,7,0,52.138
fastmultrec,50,50,3.0,1,1,15,105.0,7.0,0.0,0.221
insider_relax,50,50,3.0,1,1,15,105.0,7.0,0.0,0.066
lca,50,50,3.0,1,1,15,105.0,7.0,0.0,0.046
segdup,50,50,3.0,1,1,15,120,8,0,502.967
fastmultrec,50,50,3.0,1,1,15,120.0,8.0,0.0,3.095
insider_relax,50,50,3.0,1,1,15,120.0,8.0,0.0,0.920
lca,50,50,3.0,1,1,15,120.0,8.0,0.0,0.493
segdup,50,50,3.0,1,1,15,75,5,0,17.363
fastmultrec,50,50,3.0,1,1,15,75.0,5.0,0.0,0.070
insider_relax,50,50,3.0,1,1,15,75.0,5.0,0.0,0.023
lca,50,50,3.0,1,1,15,75.0,5.0,0.0,0.015
segdup,50,50,3.0,1,1,15,105,7,0,118.214
fastmultrec,50,50,3.0,1,1,15,105.0,7.0,0.0,0.480
insider_relax,50,50,3.0,1,1,15,105.0,7.0,0.0,0.152
lca,50,50,3.0,1,1,15,105.0,7.0,0.0,0.090
segdup,50,50,3.0,1,1,15,150,10,0,152.321
fastmultrec,50,50,3.0,1,1,15,150.0,10.0,0.0,0.474
insider_relax,50,50,3.0,1,1,15,150.0,10.0,0.0,0.162
lca,50,50,3.0,1,1,15,150.0,10.0,0.0,0.087
segdup,50,50,3.0,1,1,15,75,5,0,17.108
fastmultrec,50,50,3.0,1,1,15,75.0,5.0,0.0,0.256
insider_relax,50,50,3.0,1,1,15,75.0,5.0,0.0,0.079
lca,50,50,3.0,1,1,15,75.0,5.0,0.0,0.052
segdup,50,50,3.0,1,1,15,30,2,0,21.369
fastmultrec,50,50,3.0,1,1,15,30.0,2.0,0.0,0.070
insider_relax,50,50,3.0,1,1,15,30.0,2.0,0.0,0.021
lca,50,50,3.0,1,1,15,30.0,2.0,0.0,0.015
segdup,50,50,3.0,1,1,15,105,7,0,166.285
fastmultrec,50,50,3.0,1,1,15,105.0,7.0,0.0,0.535
insider_relax,50,50,3.0,1,1,15,105.0,7.0,0.0,0.154
lca,50,50,3.0,1,1,15,105.0,7.0,0.0,0.093
segdup,50,50,3.0,1,1,15,105,7,0,57.371
fastmultrec,50,50,3.0,1,1,15,105.0,7.0,0.0,0.151
insider_relax,50,50,3.0,1,1,15,105.0,7.0,0.0,0.045
lca,50,50,3.0,1,1,15,105.0,7.0,0.0,0.029
segdup,50,50,3.0,1,1,15,90,6,0,19.811
fastmultrec,50,50,3.0,1,1,15,90.0,6.0,0.0,0.099
insider_relax,50,50,3.0,1,1,15,90.0,6.0,0.0,0.036
lca,50,50,3.0,1,1,15,90.0,6.0,0.0,0.024
segdup,50,50,3.0,1,1,20,180,9,0,447.815
fastmultrec,50,50,3.0,1,1,20,180.0,9.0,0.0,1.691
insider_relax,50,50,3.0,1,1,20,180.0,9.0,0.0,0.378
lca,50,50,3.0,1,1,20,180.0,9.0,0.0,0.225
segdup,50,50,3.0,1,1,20,220,11,0,30.521
fastmultrec,50,50,3.0,1,1,20,220.0,11.0,0.0,0.146
insider_relax,50,50,3.0,1,1,20,220.0,11.0,0.0,0.046
lca,50,50,3.0,1,1,20,220.0,11.0,0.0,0.031
segdup,50,50,3.0,1,1,20,160,8,0,48.412
fastmultrec,50,50,3.0,1,1,20,160.0,8.0,0.0,0.247
insider_relax,50,50,3.0,1,1,20,160.0,8.0,0.0,0.070
lca,50,50,3.0,1,1,20,160.0,8.0,0.0,0.050
segdup,50,50,3.0,1,1,20,160,8,0,319.665
fastmultrec,50,50,3.0,1,1,20,160.0,8.0,0.0,1.186
insider_relax,50,50,3.0,1,1,20,160.0,8.0,0.0,0.258
lca,50,50,3.0,1,1,20,160.0,8.0,0.0,0.151
segdup,50,50,3.0,1,1,20,180,9,0,94.252
fastmultrec,50,50,3.0,1,1,20,180.0,9.0,0.0,0.403
insider_relax,50,50,3.0,1,1,20,180.0,9.0,0.0,0.118
lca,50,50,3.0,1,1,20,180.0,9.0,0.0,0.076
segdup,50,50,3.0,1,1,20,140,7,0,139.247
fastmultrec,50,50,3.0,1,1,20,140.0,7.0,0.0,0.608
insider_relax,50,50,3.0,1,1,20,140.0,7.0,0.0,0.222
lca,50,50,3.0,1,1,20,140.0,7.0,0.0,0.126
segdup,50,50,3.0,1,1,20,120,6,0,31.704
fastmultrec,50,50,3.0,1,1,20,120.0,6.0,0.0,0.344
insider_relax,50,50,3.0,1,1,20,120.0,6.0,0.0,0.092
lca,50,50,3.0,1,1,20,120.0,6.0,0.0,0.060
segdup,50,50,3.0,1,1,20,100,5,0,17.722
fastmultrec,50,50,3.0,1,1,20,100.0,5.0,0.0,0.082
insider_relax,50,50,3.0,1,1,20,100.0,5.0,0.0,0.026
lca,50,50,3.0,1,1,20,100.0,5.0,0.0,0.022
segdup,50,50,3.0,1,1,20,160,8,0,1415.990
fastmultrec,50,50,3.0,1,1,20,160.0,8.0,0.0,3.534
insider_relax,50,50,3.0,1,1,20,160.0,8.0,0.0,1.328
lca,50,50,3.0,1,1,20,160.0,8.0,0.0,0.641
segdup,50,50,3.0,1,1,20,100,5,0,47.143
fastmultrec,50,50,3.0,1,1,20,100.0,5.0,0.0,0.169
insider_relax,50,50,3.0,1,1,20,100.0,5.0,0.0,0.062
lca,50,50,3.0,1,1,20,100.0,5.0,0.0,0.036
segdup,50,50,3.0,1,0.5,25,150,6,0,21.243
fastmultrec,50,50,3.0,1,0.5,25,150.0,6.0,0.0,0.085
insider_relax,50,50,3.0,1,0.5,25,150.0,6.0,0.0,0.029
lca,50,50,3.0,1,0.5,25,150.0,6.0,0.0,0.020
segdup,50,50,3.0,1,0.5,25,225,9,0,109.456
fastmultrec,50,50,3.0,1,0.5,25,225.0,9.0,0.0,0.306
insider_relax,50,50,3.0,1,0.5,25,225.0,9.0,0.0,0.102
lca,50,50,3.0,1,0.5,25,225.0,9.0,0.0,0.064
segdup,50,50,3.0,1,0.5,25,175,7,0,32.767
fastmultrec,50,50,3.0,1,0.5,25,175.0,7.0,0.0,0.220
insider_relax,50,50,3.0,1,0.5,25,175.0,7.0,0.0,0.076
lca,50,50,3.0,1,0.5,25,175.0,7.0,0.0,0.048
segdup,50,50,3.0,1,0.5,25,150,6,0,14.944
fastmultrec,50,50,3.0,1,0.5,25,150.0,6.0,0.0,0.069
insider_relax,50,50,3.0,1,0.5,25,150.0,6.0,0.0,0.023
lca,50,50,3.0,1,0.5,25,150.0,6.0,0.0,0.016
segdup,50,50,3.0,1,0.5,25,150,6,0,42.180
fastmultrec,50,50,3.0,1,0.5,25,150.0,6.0,0.0,0.453
insider_relax,50,50,3.0,1,0.5,25,150.0,6.0,0.0,0.149
lca,50,50,3.0,1,0.5,25,150.0,6.0,0.0,0.088
segdup,50,50,3.0,1,0.5,25,100,4,0,10.800
fastmultrec,50,50,3.0,1,0.5,25,100.0,4.0,0.0,0.065
insider_relax,50,50,3.0,1,0.5,25,100.0,4.0,0.0,0.023
lca,50,50,3.0,1,0.5,25,100.0,4.0,0.0,0.015
segdup,50,50,3.0,1,0.5,25,250,10,0,36.049
fastmultrec,50,50,3.0,1,0.5,25,250.0,10.0,0.0,0.138
insider_relax,50,50,3.0,1,0.5,25,250.0,10.0,0.0,0.061
lca,50,50,3.0,1,0.5,25,250.0,10.0,0.0,0.033
segdup,50,50,3.0,1,0.5,25,150,6,0,45.979
fastmultrec,50,50,3.0,1,0.5,25,150.0,6.0,0.0,0.119
insider_relax,50,50,3.0,1,0.5,25,150.0,6.0,0.0,0.043
lca,50,50,3.0,1,0.5,25,150.0,6.0,0.0,0.027
segdup,50,50,3.0,1,0.5,25,175,7,0,41.321
fastmultrec,50,50,3.0,1,0.5,25,175.0,7.0,0.0,0.166
insider_relax,50,50,3.0,1,0.5,25,175.0,7.0,0.0,0.063
lca,50,50,3.0,1,0.5,25,175.0,7.0,0.0,0.037
segdup,50,50,3.0,1,0.5,25,200,8,0,73.268
fastmultrec,50,50,3.0,1,0.5,25,200.0,8.0,0.0,0.360
insider_relax,50,50,3.0,1,0.5,25,200.0,8.0,0.0,0.126
lca,50,50,3.0,1,0.5,25,200.0,8.0,0.0,0.072
segdup,50,50,3.0,1,0.5,5,25,5,0,36.770
fastmultrec,50,50,3.0,1,0.5,5,25.0,5.0,0.0,0.065
insider_relax,50,50,3.0,1,0.5,5,25.0,5.0,0.0,0.022
lca,50,50,3.0,1,0.5,5,25.0,5.0,0.0,0.017
segdup,50,50,3.0,1,0.5,5,15,3,0,50.358
fastmultrec,50,50,3.0,1,0.5,5,15.0,3.0,0.0,0.115
insider_relax,50,50,3.0,1,0.5,5,15.0,3.0,0.0,0.045
lca,50,50,3.0,1,0.5,5,15.0,3.0,0.0,0.026
segdup,50,50,3.0,1,0.5,5,55,11,0,46.108
fastmultrec,50,50,3.0,1,0.5,5,55.0,11.0,0.0,0.130
insider_relax,50,50,3.0,1,0.5,5,55.0,11.0,0.0,0.043
lca,50,50,3.0,1,0.5,5,55.0,11.0,0.0,0.025
segdup,50,50,3.0,1,0.5,5,15,3,0,45.786
fastmultrec,50,50,3.0,1,0.5,5,15.0,3.0,0.0,0.096
insider_relax,50,50,3.0,1,0.5,5,15.0,3.0,0.0,0.036
lca,50,50,3.0,1,0.5,5,15.0,3.0,0.0,0.023
segdup,50,50,3.0,1,0.5,5,40,8,0,45.690
fastmultrec,50,50,3.0,1,0.5,5,40.0,8.0,0.0,0.102
insider_relax,50,50,3.0,1,0.5,5,40.0,8.0,0.0,0.042
lca,50,50,3.0,1,0.5,5,40.0,8.0,0.0,0.022
segdup,50,50,3.0,1,0.5,5,45,9,0,40.228
fastmultrec,50,50,3.0,1,0.5,5,45.0,9.0,0.0,0.147
insider_relax,50,50,3.0,1,0.5,5,45.0,9.0,0.0,0.047
lca,50,50,3.0,1,0.5,5,45.0,9.0,0.0,0.029
segdup,50,50,3.0,1,0.5,5,30,6,0,22.546
fastmultrec,50,50,3.0,1,0.5,5,30.0,6.0,0.0,0.122
insider_relax,50,50,3.0,1,0.5,5,30.0,6.0,0.0,0.046
lca,50,50,3.0,1,0.5,5,30.0,6.0,0.0,0.029
segdup,50,50,3.0,1,0.5,5,40,8,0,184.510
fastmultrec,50,50,3.0,1,0.5,5,40.0,8.0,0.0,0.353
insider_relax,50,50,3.0,1,0.5,5,40.0,8.0,0.0,0.142
lca,50,50,3.0,1,0.5,5,40.0,8.0,0.0,0.072
segdup,50,50,3.0,1,0.5,5,25,5,0,43.476
fastmultrec,50,50,3.0,1,0.5,5,25.0,5.0,0.0,0.090
insider_relax,50,50,3.0,1,0.5,5,25.0,5.0,0.0,0.035
lca,50,50,3.0,1,0.5,5,25.0,5.0,0.0,0.024
segdup,50,50,3.0,1,0.5,5,20,4,0,10.901
fastmultrec,50,50,3.0,1,0.5,5,20.0,4.0,0.0,0.093
insider_relax,50,50,3.0,1,0.5,5,20.0,4.0,0.0,0.024
lca,50,50,3.0,1,0.5,5,20.0,4.0,0.0,0.018
segdup,50,50,3.0,1,0.5,10,60,6,0,43.488
fastmultrec,50,50,3.0,1,0.5,10,60.0,6.0,0.0,0.154
insider_relax,50,50,3.0,1,0.5,10,60.0,6.0,0.0,0.037
lca,50,50,3.0,1,0.5,10,60.0,6.0,0.0,0.026
segdup,50,50,3.0,1,0.5,10,70,7,0,51.739
fastmultrec,50,50,3.0,1,0.5,10,70.0,7.0,0.0,0.158
insider_relax,50,50,3.0,1,0.5,10,70.0,7.0,0.0,0.052
lca,50,50,3.0,1,0.5,10,70.0,7.0,0.0,0.033
segdup,50,50,3.0,1,0.5,10,40,4,0,29.086
fastmultrec,50,50,3.0,1,0.5,10,40.0,4.0,0.0,0.119
insider_relax,50,50,3.0,1,0.5,10,40.0,4.0,0.0,0.041
lca,50,50,3.0,1,0.5,10,40.0,4.0,0.0,0.021
segdup,50,50,3.0,1,0.5,10,90,9,0,266.157
fastmultrec,50,50,3.0,1,0.5,10,90.0,9.0,0.0,0.600
insider_relax,50,50,3.0,1,0.5,10,90.0,9.0,0.0,0.210
lca,50,50,3.0,1,0.5,10,90.0,9.0,0.0,0.119
segdup,50,50,3.0,1,0.5,10,80,8,0,60.295
fastmultrec,50,50,3.0,1,0.5,10,80.0,8.0,0.0,0.177
insider_relax,50,50,3.0,1,0.5,10,80.0,8.0,0.0,0.068
lca,50,50,3.0,1,0.5,10,80.0,8.0,0.0,0.039
segdup,50,50,3.0,1,0.5,10,91,9,1,59.964
fastmultrec,50,50,3.0,1,0.5,10,91.0,9.0,1.0,0.168
insider_relax,50,50,3.0,1,0.5,10,91.0,9.0,1.0,0.053
lca,50,50,3.0,1,0.5,10,91.0,9.0,1.0,0.033
segdup,50,50,3.0,1,0.5,10,170,17,0,73.522
fastmultrec,50,50,3.0,1,0.5,10,170.0,17.0,0.0,0.193
insider_relax,50,50,3.0,1,0.5,10,170.0,17.0,0.0,0.067
lca,50,50,3.0,1,0.5,10,170.0,17.0,0.0,0.042
segdup,50,50,3.0,1,0.5,10,30,3,0,30.373
fastmultrec,50,50,3.0,1,0.5,10,30.0,3.0,0.0,0.082
insider_relax,50,50,3.0,1,0.5,10,30.0,3.0,0.0,0.029
lca,50,50,3.0,1,0.5,10,30.0,3.0,0.0,0.022
segdup,50,50,3.0,1,0.5,10,40,4,0,6.984
fastmultrec,50,50,3.0,1,0.5,10,40.0,4.0,0.0,0.089
insider_relax,50,50,3.0,1,0.5,10,40.0,4.0,0.0,0.031
lca,50,50,3.0,1,0.5,10,40.0,4.0,0.0,0.020
segdup,50,50,3.0,1,0.5,10,120,12,0,557.657
fastmultrec,50,50,3.0,1,0.5,10,120.0,12.0,0.0,0.859
insider_relax,50,50,3.0,1,0.5,10,120.0,12.0,0.0,0.303
lca,50,50,3.0,1,0.5,10,120.0,12.0,0.0,0.190
segdup,50,50,3.0,1,0.5,15,135,9,0,43.624
fastmultrec,50,50,3.0,1,0.5,15,135.0,9.0,0.0,0.130
insider_relax,50,50,3.0,1,0.5,15,135.0,9.0,0.0,0.041
lca,50,50,3.0,1,0.5,15,135.0,9.0,0.0,0.030
segdup,50,50,3.0,1,0.5,15,0,0,0,0.076
fastmultrec,50,50,3.0,1,0.5,15,0.0,0.0,0.0,0.052
insider_relax,50,50,3.0,1,0.5,15,0.0,0.0,0.0,0.019
lca,50,50,3.0,1,0.5,15,0.0,0.0,0.0,0.013
segdup,50,50,3.0,1,0.5,15,75,5,0,33.766
fastmultrec,50,50,3.0,1,0.5,15,75.0,5.0,0.0,0.130
insider_relax,50,50,3.0,1,0.5,15,75.0,5.0,0.0,0.041
lca,50,50,3.0,1,0.5,15,75.0,5.0,0.0,0.025
segdup,50,50,3.0,1,0.5,15,60,4,0,20.193
fastmultrec,50,50,3.0,1,0.5,15,60.0,4.0,0.0,0.074
insider_relax,50,50,3.0,1,0.5,15,60.0,4.0,0.0,0.025
lca,50,50,3.0,1,0.5,15,60.0,4.0,0.0,0.019
segdup,50,50,3.0,1,0.5,15,120,8,0,133.403
fastmultrec,50,50,3.0,1,0.5,15,120.0,8.0,0.0,0.382
insider_relax,50,50,3.0,1,0.5,15,120.0,8.0,0.0,0.131
lca,50,50,3.0,1,0.5,15,120.0,8.0,0.0,0.074
segdup,50,50,3.0,1,0.5,15,75,5,0,27.347
fastmultrec,50,50,3.0,1,0.5,15,75.0,5.0,0.0,0.177
insider_relax,50,50,3.0,1,0.5,15,75.0,5.0,0.0,0.045
lca,50,50,3.0,1,0.5,15,75.0,5.0,0.0,0.032
segdup,50,50,3.0,1,0.5,15,75,5,0,73.631
fastmultrec,50,50,3.0,1,0.5,15,75.0,5.0,0.0,0.175
insider_relax,50,50,3.0,1,0.5,15,75.0,5.0,0.0,0.055
lca,50,50,3.0,1,0.5,15,75.0,5.0,0.0,0.033
segdup,50,50,3.0,1,0.5,15,75,5,0,99.715
fastmultrec,50,50,3.0,1,0.5,15,75.0,5.0,0.0,0.302
insider_relax,50,50,3.0,1,0.5,15,75.0,5.0,0.0,0.106
lca,50,50,3.0,1,0.5,15,75.0,5.0,0.0,0.065
segdup,50,50,3.0,1,0.5,15,135,9,0,123.771
fastmultrec,50,50,3.0,1,0.5,15,135.0,9.0,0.0,0.294
insider_relax,50,50,3.0,1,0.5,15,135.0,9.0,0.0,0.087
lca,50,50,3.0,1,0.5,15,135.0,9.0,0.0,0.058
segdup,50,50,3.0,1,0.5,15,75,5,0,31.764
fastmultrec,50,50,3.0,1,0.5,15,75.0,5.0,0.0,0.130
insider_relax,50,50,3.0,1,0.5,15,75.0,5.0,0.0,0.040
lca,50,50,3.0,1,0.5,15,75.0,5.0,0.0,0.025
segdup,50,50,3.0,1,0.5,20,80,4,0,39.201
fastmultrec,50,50,3.0,1,0.5,20,80.0,4.0,0.0,0.166
insider_relax,50,50,3.0,1,0.5,20,80.0,4.0,0.0,0.052
lca,50,50,3.0,1,0.5,20,80.0,4.0,0.0,0.032
segdup,50,50,3.0,1,0.5,20,60,3,0,9.651
fastmultrec,50,50,3.0,1,0.5,20,60.0,3.0,0.0,0.076
insider_relax,50,50,3.0,1,0.5,20,60.0,3.0,0.0,0.022
lca,50,50,3.0,1,0.5,20,60.0,3.0,0.0,0.017
segdup,50,50,3.0,1,0.5,20,160,8,0,21.185
fastmultrec,50,50,3.0,1,0.5,20,160.0,8.0,0.0,0.100
insider_relax,50,50,3.0,1,0.5,20,160.0,8.0,0.0,0.034
lca,50,50,3.0,1,0.5,20,160.0,8.0,0.0,0.022
segdup,50,50,3.0,1,0.5,20,260,13,0,111.760
fastmultrec,50,50,3.0,1,0.5,20,260.0,13.0,0.0,0.308
insider_relax,50,50,3.0,1,0.5,20,260.0,13.0,0.0,0.099
lca,50,50,3.0,1,0.5,20,260.0,13.0,0.0,0.062
segdup,50,50,3.0,1,0.5,20,120,6,0,203.087
fastmultrec,50,50,3.0,1,0.5,20,120.0,6.0,0.0,0.340
insider_relax,50,50,3.0,1,0.5,20,120.0,6.0,0.0,0.135
lca,50,50,3.0,1,0.5,20,120.0,6.0,0.0,0.075
segdup,50,50,3.0,1,0.5,20,180,9,0,216.148
fastmultrec,50,50,3.0,1,0.5,20,180.0,9.0,0.0,0.878
insider_relax,50,50,3.0,1,0.5,20,180.0,9.0,0.0,0.266
lca,50,50,3.0,1,0.5,20,180.0,9.0,0.0,0.152
segdup,50,50,3.0,1,0.5,20,180,9,0,194.438
fastmultrec,50,50,3.0,1,0.5,20,180.0,9.0,0.0,0.813
insider_relax,50,50,3.0,1,0.5,20,180.0,9.0,0.0,0.287
lca,50,50,3.0,1,0.5,20,180.0,9.0,0.0,0.167
segdup,50,50,3.0,1,0.5,20,140,7,0,61.640
fastmultrec,50,50,3.0,1,0.5,20,140.0,7.0,0.0,0.212
insider_relax,50,50,3.0,1,0.5,20,140.0,7.0,0.0,0.074
lca,50,50,3.0,1,0.5,20,140.0,7.0,0.0,0.047
segdup,50,50,3.0,1,0.5,20,140,7,0,41.722
fastmultrec,50,50,3.0,1,0.5,20,140.0,7.0,0.0,0.176
insider_relax,50,50,3.0,1,0.5,20,140.0,7.0,0.0,0.054
lca,50,50,3.0,1,0.5,20,140.0,7.0,0.0,0.033
segdup,50,50,3.0,1,0.5,20,120,6,0,47.552
fastmultrec,50,50,3.0,1,0.5,20,120.0,6.0,0.0,0.134
insider_relax,50,50,3.0,1,0.5,20,120.0,6.0,0.0,0.044
lca,50,50,3.0,1,0.5,20,120.0,6.0,0.0,0.029
segdup,50,50,3.0,1,0.8,25,275,11,0,28.811
fastmultrec,50,50,3.0,1,0.8,25,275.0,11.0,0.0,0.096
insider_relax,50,50,3.0,1,0.8,25,275.0,11.0,0.0,0.040
lca,50,50,3.0,1,0.8,25,275.0,11.0,0.0,0.026
segdup,50,50,3.0,1,0.8,25,175,7,0,78.539
fastmultrec,50,50,3.0,1,0.8,25,175.0,7.0,0.0,0.383
insider_relax,50,50,3.0,1,0.8,25,175.0,7.0,0.0,0.145
lca,50,50,3.0,1,0.8,25,175.0,7.0,0.0,0.078
segdup,50,50,3.0,1,0.8,25,150,6,0,158.032
fastmultrec,50,50,3.0,1,0.8,25,150.0,6.0,0.0,0.394
insider_relax,50,50,3.0,1,0.8,25,150.0,6.0,0.0,0.131
lca,50,50,3.0,1,0.8,25,150.0,6.0,0.0,0.080
segdup,50,50,3.0,1,0.8,25,250,10,0,182.565
fastmultrec,50,50,3.0,1,0.8,25,250.0,10.0,0.0,0.790
insider_relax,50,50,3.0,1,0.8,25,250.0,10.0,0.0,0.273
lca,50,50,3.0,1,0.8,25,250.0,10.0,0.0,0.149
segdup,50,50,3.0,1,0.8,25,250,10,0,275.239
fastmultrec,50,50,3.0,1,0.8,25,250.0,10.0,0.0,0.634
insider_relax,50,50,3.0,1,0.8,25,250.0,10.0,0.0,0.195
lca,50,50,3.0,1,0.8,25,250.0,10.0,0.0,0.125
segdup,50,50,3.0,1,0.8,25,125,5,0,15.003
fastmultrec,50,50,3.0,1,0.8,25,125.0,5.0,0.0,0.076
insider_relax,50,50,3.0,1,0.8,25,125.0,5.0,0.0,0.026
lca,50,50,3.0,1,0.8,25,125.0,5.0,0.0,0.016
segdup,50,50,3.0,1,0.8,25,150,6,0,36.464
fastmultrec,50,50,3.0,1,0.8,25,150.0,6.0,0.0,0.134
insider_relax,50,50,3.0,1,0.8,25,150.0,6.0,0.0,0.048
lca,50,50,3.0,1,0.8,25,150.0,6.0,0.0,0.031
segdup,50,50,3.0,1,0.8,25,100,4,0,18.771
fastmultrec,50,50,3.0,1,0.8,25,100.0,4.0,0.0,0.077
insider_relax,50,50,3.0,1,0.8,25,100.0,4.0,0.0,0.024
lca,50,50,3.0,1,0.8,25,100.0,4.0,0.0,0.016
segdup,50,50,3.0,1,0.8,25,225,9,0,102.306
fastmultrec,50,50,3.0,1,0.8,25,225.0,9.0,0.0,0.468
insider_relax,50,50,3.0,1,0.8,25,225.0,9.0,0.0,0.160
lca,50,50,3.0,1,0.8,25,225.0,9.0,0.0,0.088
segdup,50,50,3.0,1,0.8,25,200,8,0,77.780
fastmultrec,50,50,3.0,1,0.8,25,200.0,8.0,0.0,0.378
insider_relax,50,50,3.0,1,0.8,25,200.0,8.0,0.0,0.125
lca,50,50,3.0,1,0.8,25,200.0,8.0,0.0,0.075
segdup,50,50,3.0,1,0.8,5,35,7,0,166.499
fastmultrec,50,50,3.0,1,0.8,5,35.0,7.0,0.0,0.376
insider_relax,50,50,3.0,1,0.8,5,35.0,7.0,0.0,0.132
lca,50,50,3.0,1,0.8,5,35.0,7.0,0.0,0.080
segdup,50,50,3.0,1,0.8,5,25,5,0,187.355
fastmultrec,50,50,3.0,1,0.8,5,25.0,5.0,0.0,0.359
insider_relax,50,50,3.0,1,0.8,5,25.0,5.0,0.0,0.122
lca,50,50,3.0,1,0.8,5,25.0,5.0,0.0,0.070
segdup,50,50,3.0,1,0.8,5,35,7,0,40.043
fastmultrec,50,50,3.0,1,0.8,5,35.0,7.0,0.0,0.131
insider_relax,50,50,3.0,1,0.8,5,35.0,7.0,0.0,0.041
lca,50,50,3.0,1,0.8,5,35.0,7.0,0.0,0.028
segdup,50,50,3.0,1,0.8,5,15,3,0,61.821
fastmultrec,50,50,3.0,1,0.8,5,15.0,3.0,0.0,0.127
insider_relax,50,50,3.0,1,0.8,5,15.0,3.0,0.0,0.045
lca,50,50,3.0,1,0.8,5,15.0,3.0,0.0,0.024
segdup,50,50,3.0,1,0.8,5,40,8,0,32.011
fastmultrec,50,50,3.0,1,0.8,5,40.0,8.0,0.0,0.107
insider_relax,50,50,3.0,1,0.8,5,40.0,8.0,0.0,0.041
lca,50,50,3.0,1,0.8,5,40.0,8.0,0.0,0.025
segdup,50,50,3.0,1,0.8,5,20,4,0,87.788
fastmultrec,50,50,3.0,1,0.8,5,20.0,4.0,0.0,0.256
insider_relax,50,50,3.0,1,0.8,5,20.0,4.0,0.0,0.084
lca,50,50,3.0,1,0.8,5,20.0,4.0,0.0,0.059
segdup,50,50,3.0,1,0.8,5,40,8,0,55.094
fastmultrec,50,50,3.0,1,0.8,5,40.0,8.0,0.0,0.127
insider_relax,50,50,3.0,1,0.8,5,40.0,8.0,0.0,0.047
lca,50,50,3.0,1,0.8,5,40.0,8.0,0.0,0.028
segdup,50,50,3.0,1,0.8,5,30,6,0,50.113
fastmultrec,50,50,3.0,1,0.8,5,30.0,6.0,0.0,0.172
insider_relax,50,50,3.0,1,0.8,5,30.0,6.0,0.0,0.055
lca,50,50,3.0,1,0.8,5,30.0,6.0,0.0,0.036
segdup,50,50,3.0,1,0.8,5,20,4,0,88.257
fastmultrec,50,50,3.0,1,0.8,5,20.0,4.0,0.0,0.302
insider_relax,50,50,3.0,1,0.8,5,20.0,4.0,0.0,0.094
lca,50,50,3.0,1,0.8,5,20.0,4.0,0.0,0.057
segdup,50,50,3.0,1,0.8,5,40,8,0,42.735
fastmultrec,50,50,3.0,1,0.8,5,40.0,8.0,0.0,0.122
insider_relax,50,50,3.0,1,0.8,5,40.0,8.0,0.0,0.039
lca,50,50,3.0,1,0.8,5,40.0,8.0,0.0,0.022
segdup,50,50,3.0,1,0.8,10,50,5,0,136.095
fastmultrec,50,50,3.0,1,0.8,10,50.0,5.0,0.0,0.311
insider_relax,50,50,3.0,1,0.8,10,50.0,5.0,0.0,0.113
lca,50,50,3.0,1,0.8,10,50.0,5.0,0.0,0.061
segdup,50,50,3.0,1,0.8,10,90,9,0,409.071
fastmultrec,50,50,3.0,1,0.8,10,90.0,9.0,0.0,0.638
insider_relax,50,50,3.0,1,0.8,10,90.0,9.0,0.0,0.234
lca,50,50,3.0,1,0.8,10,90.0,9.0,0.0,0.141
segdup,50,50,3.0,1,0.8,10,70,7,0,57.217
fastmultrec,50,50,3.0,1,0.8,10,70.0,7.0,0.0,0.239
insider_relax,50,50,3.0,1,0.8,10,70.0,7.0,0.0,0.086
lca,50,50,3.0,1,0.8,10,70.0,7.0,0.0,0.065
segdup,50,50,3.0,1,0.8,10,90,9,0,309.560
fastmultrec,50,50,3.0,1,0.8,10,90.0,9.0,0.0,0.492
insider_relax,50,50,3.0,1,0.8,10,90.0,9.0,0.0,0.182
lca,50,50,3.0,1,0.8,10,90.0,9.0,0.0,0.107
segdup,50,50,3.0,1,0.8,10,70,7,0,45.285
fastmultrec,50,50,3.0,1,0.8,10,70.0,7.0,0.0,0.116
insider_relax,50,50,3.0,1,0.8,10,70.0,7.0,0.0,0.039
lca,50,50,3.0,1,0.8,10,70.0,7.0,0.0,0.025
segdup,50,50,3.0,1,0.8,10,40,4,0,20.844
fastmultrec,50,50,3.0,1,0.8,10,40.0,4.0,0.0,0.070
insider_relax,50,50,3.0,1,0.8,10,40.0,4.0,0.0,0.024
lca,50,50,3.0,1,0.8,10,40.0,4.0,0.0,0.021
segdup,50,50,3.0,1,0.8,10,70,7,0,267.751
fastmultrec,50,50,3.0,1,0.8,10,70.0,7.0,0.0,0.720
insider_relax,50,50,3.0,1,0.8,10,70.0,7.0,0.0,0.248
lca,50,50,3.0,1,0.8,10,70.0,7.0,0.0,0.138
segdup,50,50,3.0,1,0.8,10,50,5,0,60.927
fastmultrec,50,50,3.0,1,0.8,10,50.0,5.0,0.0,0.136
insider_relax,50,50,3.0,1,0.8,10,50.0,5.0,0.0,0.044
lca,50,50,3.0,1,0.8,10,50.0,5.0,0.0,0.028
segdup,50,50,3.0,1,0.8,10,90,9,0,134.812
fastmultrec,50,50,3.0,1,0.8,10,90.0,9.0,0.0,0.259
insider_relax,50,50,3.0,1,0.8,10,90.0,9.0,0.0,0.080
lca,50,50,3.0,1,0.8,10,90.0,9.0,0.0,0.057
segdup,50,50,3.0,1,0.8,10,20,2,0,43.712
fastmultrec,50,50,3.0,1,0.8,10,20.0,2.0,0.0,0.097
insider_relax,50,50,3.0,1,0.8,10,20.0,2.0,0.0,0.033
lca,50,50,3.0,1,0.8,10,20.0,2.0,0.0,0.020
segdup,50,50,3.0,1,0.8,15,135,9,0,64.278
fastmultrec,50,50,3.0,1,0.8,15,135.0,9.0,0.0,0.284
insider_relax,50,50,3.0,1,0.8,15,135.0,9.0,0.0,0.081
lca,50,50,3.0,1,0.8,15,135.0,9.0,0.0,0.055
segdup,50,50,3.0,1,0.8,15,75,5,0,32.195
fastmultrec,50,50,3.0,1,0.8,15,75.0,5.0,0.0,0.146
insider_relax,50,50,3.0,1,0.8,15,75.0,5.0,0.0,0.044
lca,50,50,3.0,1,0.8,15,75.0,5.0,0.0,0.027
segdup,50,50,3.0,1,0.8,15,90,6,0,35.386
fastmultrec,50,50,3.0,1,0.8,15,90.0,6.0,0.0,0.104
insider_relax,50,50,3.0,1,0.8,15,90.0,6.0,0.0,0.042
lca,50,50,3.0,1,0.8,15,90.0,6.0,0.0,0.027
segdup,50,50,3.0,1,0.8,15,105,7,0,30.483
fastmultrec,50,50,3.0,1,0.8,15,105.0,7.0,0.0,0.136
insider_relax,50,50,3.0,1,0.8,15,105.0,7.0,0.0,0.041
lca,50,50,3.0,1,0.8,15,105.0,7.0,0.0,0.027
segdup,50,50,3.0,1,0.8,15,135,9,0,99.261
fastmultrec,50,50,3.0,1,0.8,15,135.0,9.0,0.0,0.402
insider_relax,50,50,3.0,1,0.8,15,135.0,9.0,0.0,0.123
lca,50,50,3.0,1,0.8,15,135.0,9.0,0.0,0.071
segdup,50,50,3.0,1,0.8,15,120,8,0,168.756
fastmultrec,50,50,3.0,1,0.8,15,120.0,8.0,0.0,0.412
insider_relax,50,50,3.0,1,0.8,15,120.0,8.0,0.0,0.146
lca,50,50,3.0,1,0.8,15,120.0,8.0,0.0,0.083
segdup,50,50,3.0,1,0.8,15,150,10,0,237.908
fastmultrec,50,50,3.0,1,0.8,15,150.0,10.0,0.0,0.659
insider_relax,50,50,3.0,1,0.8,15,150.0,10.0,0.0,0.208
lca,50,50,3.0,1,0.8,15,150.0,10.0,0.0,0.121
segdup,50,50,3.0,1,0.8,15,120,8,0,308.159
fastmultrec,50,50,3.0,1,0.8,15,120.0,8.0,0.0,0.618
insider_relax,50,50,3.0,1,0.8,15,120.0,8.0,0.0,0.220
lca,50,50,3.0,1,0.8,15,120.0,8.0,0.0,0.127
segdup,50,50,3.0,1,0.8,15,165,11,0,1411.501
fastmultrec,50,50,3.0,1,0.8,15,165.0,11.0,0.0,2.301
insider_relax,50,50,3.0,1,0.8,15,165.0,11.0,0.0,0.766
lca,50,50,3.0,1,0.8,15,165.0,11.0,0.0,0.390
segdup,50,50,3.0,1,0.8,15,180,12,0,16991.888
fastmultrec,50,50,3.0,1,0.8,15,180.0,12.0,0.0,22.326
insider_relax,50,50,3.0,1,0.8,15,180.0,12.0,0.0,8.426
lca,50,50,3.0,1,0.8,15,180.0,12.0,0.0,3.918
segdup,50,50,3.0,1,0.8,20,160,8,0,289.848
fastmultrec,50,50,3.0,1,0.8,20,160.0,8.0,0.0,0.698
insider_relax,50,50,3.0,1,0.8,20,160.0,8.0,0.0,0.216
lca,50,50,3.0,1,0.8,20,160.0,8.0,0.0,0.121
segdup,50,50,3.0,1,0.8,20,80,4,0,69.871
fastmultrec,50,50,3.0,1,0.8,20,80.0,4.0,0.0,0.227
insider_relax,50,50,3.0,1,0.8,20,80.0,4.0,0.0,0.080
lca,50,50,3.0,1,0.8,20,80.0,4.0,0.0,0.050
segdup,50,50,3.0,1,0.8,20,80,4,0,53.077
fastmultrec,50,50,3.0,1,0.8,20,80.0,4.0,0.0,0.199
insider_relax,50,50,3.0,1,0.8,20,80.0,4.0,0.0,0.064
lca,50,50,3.0,1,0.8,20,80.0,4.0,0.0,0.043
segdup,50,50,3.0,1,0.8,20,60,3,0,11.739
fastmultrec,50,50,3.0,1,0.8,20,60.0,3.0,0.0,0.090
insider_relax,50,50,3.0,1,0.8,20,60.0,3.0,0.0,0.031
lca,50,50,3.0,1,0.8,20,60.0,3.0,0.0,0.019
segdup,50,50,3.0,1,0.8,20,120,6,0,67.594
fastmultrec,50,50,3.0,1,0.8,20,120.0,6.0,0.0,0.287
insider_relax,50,50,3.0,1,0.8,20,120.0,6.0,0.0,0.099
lca,50,50,3.0,1,0.8,20,120.0,6.0,0.0,0.064
segdup,50,50,3.0,1,0.8,20,180,9,0,27.543
fastmultrec,50,50,3.0,1,0.8,20,180.0,9.0,0.0,0.142
insider_relax,50,50,3.0,1,0.8,20,180.0,9.0,0.0,0.051
lca,50,50,3.0,1,0.8,20,180.0,9.0,0.0,0.034
segdup,50,50,3.0,1,0.8,20,100,5,0,12.353
fastmultrec,50,50,3.0,1,0.8,20,100.0,5.0,0.0,0.060
insider_relax,50,50,3.0,1,0.8,20,100.0,5.0,0.0,0.021
lca,50,50,3.0,1,0.8,20,100.0,5.0,0.0,0.016
segdup,50,50,3.0,1,0.8,20,100,5,0,35.822
fastmultrec,50,50,3.0,1,0.8,20,100.0,5.0,0.0,0.134
insider_relax,50,50,3.0,1,0.8,20,100.0,5.0,0.0,0.045
lca,50,50,3.0,1,0.8,20,100.0,5.0,0.0,0.029
segdup,50,50,3.0,1,0.8,20,60,3,0,26.165
fastmultrec,50,50,3.0,1,0.8,20,60.0,3.0,0.0,0.083
insider_relax,50,50,3.0,1,0.8,20,60.0,3.0,0.0,0.029
lca,50,50,3.0,1,0.8,20,60.0,3.0,0.0,0.021
segdup,50,50,3.0,1,0.8,20,160,8,0,1095.339
fastmultrec,50,50,3.0,1,0.8,20,160.0,8.0,0.0,1.826
insider_relax,50,50,3.0,1,0.8,20,160.0,8.0,0.0,0.708
lca,50,50,3.0,1,0.8,20,160.0,8.0,0.0,0.364
segdup,50,50,3.0,1,0.2,25,250,10,0,22.039
fastmultrec,50,50,3.0,1,0.2,25,250.0,10.0,0.0,0.142
insider_relax,50,50,3.0,1,0.2,25,250.0,10.0,0.0,0.052
lca,50,50,3.0,1,0.2,25,250.0,10.0,0.0,0.027
segdup,50,50,3.0,1,0.2,25,100,4,0,13.535
fastmultrec,50,50,3.0,1,0.2,25,100.0,4.0,0.0,0.065
insider_relax,50,50,3.0,1,0.2,25,100.0,4.0,0.0,0.020
lca,50,50,3.0,1,0.2,25,100.0,4.0,0.0,0.012
segdup,50,50,3.0,1,0.2,25,225,9,0,17.926
fastmultrec,50,50,3.0,1,0.2,25,225.0,9.0,0.0,0.081
insider_relax,50,50,3.0,1,0.2,25,225.0,9.0,0.0,0.028
lca,50,50,3.0,1,0.2,25,225.0,9.0,0.0,0.017
segdup,50,50,3.0,1,0.2,25,100,4,0,19.283
fastmultrec,50,50,3.0,1,0.2,25,100.0,4.0,0.0,0.071
insider_relax,50,50,3.0,1,0.2,25,100.0,4.0,0.0,0.026
lca,50,50,3.0,1,0.2,25,100.0,4.0,0.0,0.018
segdup,50,50,3.0,1,0.2,25,150,6,0,20.122
fastmultrec,50,50,3.0,1,0.2,25,150.0,6.0,0.0,0.083
insider_relax,50,50,3.0,1,0.2,25,150.0,6.0,0.0,0.039
lca,50,50,3.0,1,0.2,25,150.0,6.0,0.0,0.024
segdup,50,50,3.0,1,0.2,25,125,5,0,21.425
fastmultrec,50,50,3.0,1,0.2,25,125.0,5.0,0.0,0.076
insider_relax,50,50,3.0,1,0.2,25,125.0,5.0,0.0,0.024
lca,50,50,3.0,1,0.2,25,125.0,5.0,0.0,0.016
segdup,50,50,3.0,1,0.2,25,150,6,0,18.635
fastmultrec,50,50,3.0,1,0.2,25,150.0,6.0,0.0,0.071
insider_relax,50,50,3.0,1,0.2,25,150.0,6.0,0.0,0.026
lca,50,50,3.0,1,0.2,25,150.0,6.0,0.0,0.016
segdup,50,50,3.0,1,0.2,25,250,10,0,28.276
fastmultrec,50,50,3.0,1,0.2,25,250.0,10.0,0.0,0.136
insider_relax,50,50,3.0,1,0.2,25,250.0,10.0,0.0,0.054
lca,50,50,3.0,1,0.2,25,250.0,10.0,0.0,0.029
segdup,50,50,3.0,1,0.2,25,225,9,0,31.410
fastmultrec,50,50,3.0,1,0.2,25,225.0,9.0,0.0,0.084
insider_relax,50,50,3.0,1,0.2,25,225.0,9.0,0.0,0.037
lca,50,50,3.0,1,0.2,25,225.0,9.0,0.0,0.020
segdup,50,50,3.0,1,0.2,25,275,11,0,39.674
fastmultrec,50,50,3.0,1,0.2,25,275.0,11.0,0.0,0.137
insider_relax,50,50,3.0,1,0.2,25,275.0,11.0,0.0,0.054
lca,50,50,3.0,1,0.2,25,275.0,11.0,0.0,0.030
segdup,50,50,3.0,1,0.2,5,25,5,0,25.511
fastmultrec,50,50,3.0,1,0.2,5,25.0,5.0,0.0,0.067
insider_relax,50,50,3.0,1,0.2,5,25.0,5.0,0.0,0.023
lca,50,50,3.0,1,0.2,5,25.0,5.0,0.0,0.016
segdup,50,50,3.0,1,0.2,5,50,10,0,34.776
fastmultrec,50,50,3.0,1,0.2,5,50.0,10.0,0.0,0.118
insider_relax,50,50,3.0,1,0.2,5,50.0,10.0,0.0,0.041
lca,50,50,3.0,1,0.2,5,50.0,10.0,0.0,0.020
segdup,50,50,3.0,1,0.2,5,25,5,0,24.076
fastmultrec,50,50,3.0,1,0.2,5,25.0,5.0,0.0,0.094
insider_relax,50,50,3.0,1,0.2,5,25.0,5.0,0.0,0.039
lca,50,50,3.0,1,0.2,5,25.0,5.0,0.0,0.022
segdup,50,50,3.0,1,0.2,5,55,11,0,32.343
fastmultrec,50,50,3.0,1,0.2,5,55.0,11.0,0.0,0.077
insider_relax,50,50,3.0,1,0.2,5,55.0,11.0,0.0,0.028
lca,50,50,3.0,1,0.2,5,55.0,11.0,0.0,0.021
segdup,50,50,3.0,1,0.2,5,30,6,0,29.197
fastmultrec,50,50,3.0,1,0.2,5,30.0,6.0,0.0,0.081
insider_relax,50,50,3.0,1,0.2,5,30.0,6.0,0.0,0.031
lca,50,50,3.0,1,0.2,5,30.0,6.0,0.0,0.020
segdup,50,50,3.0,1,0.2,5,20,4,0,20.554
fastmultrec,50,50,3.0,1,0.2,5,20.0,4.0,0.0,0.070
insider_relax,50,50,3.0,1,0.2,5,20.0,4.0,0.0,0.019
lca,50,50,3.0,1,0.2,5,20.0,4.0,0.0,0.013
segdup,50,50,3.0,1,0.2,5,30,6,0,18.515
fastmultrec,50,50,3.0,1,0.2,5,30.0,6.0,0.0,0.066
insider_relax,50,50,3.0,1,0.2,5,30.0,6.0,0.0,0.021
lca,50,50,3.0,1,0.2,5,30.0,6.0,0.0,0.015
segdup,50,50,3.0,1,0.2,5,40,8,0,13.478
fastmultrec,50,50,3.0,1,0.2,5,40.0,8.0,0.0,0.061
insider_relax,50,50,3.0,1,0.2,5,40.0,8.0,0.0,0.023
lca,50,50,3.0,1,0.2,5,40.0,8.0,0.0,0.017
segdup,50,50,3.0,1,0.2,5,20,4,0,26.732
fastmultrec,50,50,3.0,1,0.2,5,20.0,4.0,0.0,0.083
insider_relax,50,50,3.0,1,0.2,5,20.0,4.0,0.0,0.028
lca,50,50,3.0,1,0.2,5,20.0,4.0,0.0,0.022
segdup,50,50,3.0,1,0.2,5,45,9,0,51.819
fastmultrec,50,50,3.0,1,0.2,5,45.0,9.0,0.0,0.119
insider_relax,50,50,3.0,1,0.2,5,45.0,9.0,0.0,0.044
lca,50,50,3.0,1,0.2,5,45.0,9.0,0.0,0.024
segdup,50,50,3.0,1,0.2,10,60,6,0,46.420
fastmultrec,50,50,3.0,1,0.2,10,60.0,6.0,0.0,0.193
insider_relax,50,50,3.0,1,0.2,10,60.0,6.0,0.0,0.060
lca,50,50,3.0,1,0.2,10,60.0,6.0,0.0,0.039
segdup,50,50,3.0,1,0.2,10,50,5,0,18.904
fastmultrec,50,50,3.0,1,0.2,10,50.0,5.0,0.0,0.070
insider_relax,50,50,3.0,1,0.2,10,50.0,5.0,0.0,0.022
lca,50,50,3.0,1,0.2,10,50.0,5.0,0.0,0.017
segdup,50,50,3.0,1,0.2,10,50,5,0,37.651
fastmultrec,50,50,3.0,1,0.2,10,50.0,5.0,0.0,0.122
insider_relax,50,50,3.0,1,0.2,10,50.0,5.0,0.0,0.047
lca,50,50,3.0,1,0.2,10,50.0,5.0,0.0,0.028
segdup,50,50,3.0,1,0.2,10,100,10,0,22.087
fastmultrec,50,50,3.0,1,0.2,10,100.0,10.0,0.0,0.062
insider_relax,50,50,3.0,1,0.2,10,100.0,10.0,0.0,0.027
lca,50,50,3.0,1,0.2,10,100.0,10.0,0.0,0.015
segdup,50,50,3.0,1,0.2,10,100,10,0,38.817
fastmultrec,50,50,3.0,1,0.2,10,100.0,10.0,0.0,0.102
insider_relax,50,50,3.0,1,0.2,10,100.0,10.0,0.0,0.036
lca,50,50,3.0,1,0.2,10,100.0,10.0,0.0,0.023
segdup,50,50,3.0,1,0.2,10,70,7,0,17.850
fastmultrec,50,50,3.0,1,0.2,10,70.0,7.0,0.0,0.075
insider_relax,50,50,3.0,1,0.2,10,70.0,7.0,0.0,0.025
lca,50,50,3.0,1,0.2,10,70.0,7.0,0.0,0.018
segdup,50,50,3.0,1,0.2,10,100,10,0,16.140
fastmultrec,50,50,3.0,1,0.2,10,100.0,10.0,0.0,0.065
insider_relax,50,50,3.0,1,0.2,10,100.0,10.0,0.0,0.022
lca,50,50,3.0,1,0.2,10,100.0,10.0,0.0,0.015
segdup,50,50,3.0,1,0.2,10,80,8,0,100.043
fastmultrec,50,50,3.0,1,0.2,10,80.0,8.0,0.0,0.201
insider_relax,50,50,3.0,1,0.2,10,80.0,8.0,0.0,0.070
lca,50,50,3.0,1,0.2,10,80.0,8.0,0.0,0.058
segdup,50,50,3.0,1,0.2,10,30,3,0,7.649
fastmultrec,50,50,3.0,1,0.2,10,30.0,3.0,0.0,0.109
insider_relax,50,50,3.0,1,0.2,10,30.0,3.0,0.0,0.045
lca,50,50,3.0,1,0.2,10,30.0,3.0,0.0,0.024
segdup,50,50,3.0,1,0.2,10,80,8,0,37.137
fastmultrec,50,50,3.0,1,0.2,10,80.0,8.0,0.0,0.100
insider_relax,50,50,3.0,1,0.2,10,80.0,8.0,0.0,0.043
lca,50,50,3.0,1,0.2,10,80.0,8.0,0.0,0.025
segdup,50,50,3.0,1,0.2,15,120,8,0,45.007
fastmultrec,50,50,3.0,1,0.2,15,120.0,8.0,0.0,0.122
insider_relax,50,50,3.0,1,0.2,15,120.0,8.0,0.0,0.049
lca,50,50,3.0,1,0.2,15,120.0,8.0,0.0,0.028
segdup,50,50,3.0,1,0.2,15,135,9,0,22.752
fastmultrec,50,50,3.0,1,0.2,15,135.0,9.0,0.0,0.120
insider_relax,50,50,3.0,1,0.2,15,135.0,9.0,0.0,0.042
lca,50,50,3.0,1,0.2,15,135.0,9.0,0.0,0.025
segdup,50,50,3.0,1,0.2,15,135,9,0,18.799
fastmultrec,50,50,3.0,1,0.2,15,135.0,9.0,0.0,0.078
insider_relax,50,50,3.0,1,0.2,15,135.0,9.0,0.0,0.023
lca,50,50,3.0,1,0.2,15,135.0,9.0,0.0,0.014
segdup,50,50,3.0,1,0.2,15,105,7,0,29.776
fastmultrec,50,50,3.0,1,0.2,15,105.0,7.0,0.0,0.121
insider_relax,50,50,3.0,1,0.2,15,105.0,7.0,0.0,0.040
lca,50,50,3.0,1,0.2,15,105.0,7.0,0.0,0.020
segdup,50,50,3.0,1,0.2,15,180,12,0,32.113
fastmultrec,50,50,3.0,1,0.2,15,180.0,12.0,0.0,0.097
insider_relax,50,50,3.0,1,0.2,15,180.0,12.0,0.0,0.043
lca,50,50,3.0,1,0.2,15,180.0,12.0,0.0,0.027
segdup,50,50,3.0,1,0.2,15,90,6,0,28.216
fastmultrec,50,50,3.0,1,0.2,15,90.0,6.0,0.0,0.109
insider_relax,50,50,3.0,1,0.2,15,90.0,6.0,0.0,0.036
lca,50,50,3.0,1,0.2,15,90.0,6.0,0.0,0.020
segdup,50,50,3.0,1,0.2,15,135,9,0,39.258
fastmultrec,50,50,3.0,1,0.2,15,135.0,9.0,0.0,0.096
insider_relax,50,50,3.0,1,0.2,15,135.0,9.0,0.0,0.036
lca,50,50,3.0,1,0.2,15,135.0,9.0,0.0,0.023
segdup,50,50,3.0,1,0.2,15,75,5,0,31.926
fastmultrec,50,50,3.0,1,0.2,15,75.0,5.0,0.0,0.113
insider_relax,50,50,3.0,1,0.2,15,75.0,5.0,0.0,0.036
lca,50,50,3.0,1,0.2,15,75.0,5.0,0.0,0.021
segdup,50,50,3.0,1,0.2,15,105,7,0,15.895
fastmultrec,50,50,3.0,1,0.2,15,105.0,7.0,0.0,0.067
insider_relax,50,50,3.0,1,0.2,15,105.0,7.0,0.0,0.024
lca,50,50,3.0,1,0.2,15,105.0,7.0,0.0,0.015
segdup,50,50,3.0,1,0.2,15,165,11,0,45.283
fastmultrec,50,50,3.0,1,0.2,15,165.0,11.0,0.0,0.150
insider_relax,50,50,3.0,1,0.2,15,165.0,11.0,0.0,0.045
lca,50,50,3.0,1,0.2,15,165.0,11.0,0.0,0.026
segdup,50,50,3.0,1,0.2,20,60,3,0,18.688
fastmultrec,50,50,3.0,1,0.2,20,60.0,3.0,0.0,0.059
insider_relax,50,50,3.0,1,0.2,20,60.0,3.0,0.0,0.021
lca,50,50,3.0,1,0.2,20,60.0,3.0,0.0,0.016
segdup,50,50,3.0,1,0.2,20,180,9,0,32.862
fastmultrec,50,50,3.0,1,0.2,20,180.0,9.0,0.0,0.096
insider_relax,50,50,3.0,1,0.2,20,180.0,9.0,0.0,0.045
lca,50,50,3.0,1,0.2,20,180.0,9.0,0.0,0.026
segdup,50,50,3.0,1,0.2,20,140,7,0,17.593
fastmultrec,50,50,3.0,1,0.2,20,140.0,7.0,0.0,0.064
insider_relax,50,50,3.0,1,0.2,20,140.0,7.0,0.0,0.023
lca,50,50,3.0,1,0.2,20,140.0,7.0,0.0,0.017
segdup,50,50,3.0,1,0.2,20,200,10,0,20.298
fastmultrec,50,50,3.0,1,0.2,20,200.0,10.0,0.0,0.087
insider_relax,50,50,3.0,1,0.2,20,200.0,10.0,0.0,0.031
lca,50,50,3.0,1,0.2,20,200.0,10.0,0.0,0.017
segdup,50,50,3.0,1,0.2,20,120,6,0,22.046
fastmultrec,50,50,3.0,1,0.2,20,120.0,6.0,0.0,0.097
insider_relax,50,50,3.0,1,0.2,20,120.0,6.0,0.0,0.031
lca,50,50,3.0,1,0.2,20,120.0,6.0,0.0,0.019
segdup,50,50,3.0,1,0.2,20,100,5,0,22.110
fastmultrec,50,50,3.0,1,0.2,20,100.0,5.0,0.0,0.073
insider_relax,50,50,3.0,1,0.2,20,100.0,5.0,0.0,0.023
lca,50,50,3.0,1,0.2,20,100.0,5.0,0.0,0.017
segdup,50,50,3.0,1,0.2,20,160,8,0,20.714
fastmultrec,50,50,3.0,1,0.2,20,160.0,8.0,0.0,0.091
insider_relax,50,50,3.0,1,0.2,20,160.0,8.0,0.0,0.030
lca,50,50,3.0,1,0.2,20,160.0,8.0,0.0,0.020
segdup,50,50,3.0,1,0.2,20,180,9,0,18.956
fastmultrec,50,50,3.0,1,0.2,20,180.0,9.0,0.0,0.084
insider_relax,50,50,3.0,1,0.2,20,180.0,9.0,0.0,0.033
lca,50,50,3.0,1,0.2,20,180.0,9.0,0.0,0.021
segdup,50,50,3.0,1,0.2,20,120,6,0,17.339
fastmultrec,50,50,3.0,1,0.2,20,120.0,6.0,0.0,0.089
insider_relax,50,50,3.0,1,0.2,20,120.0,6.0,0.0,0.029
lca,50,50,3.0,1,0.2,20,120.0,6.0,0.0,0.020
segdup,50,50,3.0,1,0.2,20,140,7,0,10.779
fastmultrec,50,50,3.0,1,0.2,20,140.0,7.0,0.0,0.079
insider_relax,50,50,3.0,1,0.2,20,140.0,7.0,0.0,0.027
lca,50,50,3.0,1,0.2,20,140.0,7.0,0.0,0.018
segdup,50,50,1.0,1,1,25,25,1,0,4.799
fastmultrec,50,50,1.0,1,1,25,25.0,1.0,0.0,0.098
insider_relax,50,50,1.0,1,1,25,25.0,1.0,0.0,0.028
lca,50,50,1.0,1,1,25,25.0,1.0,0.0,0.019
segdup,50,50,1.0,1,1,25,50,2,0,36.965
fastmultrec,50,50,1.0,1,1,25,50.0,2.0,0.0,0.110
insider_relax,50,50,1.0,1,1,25,50.0,2.0,0.0,0.041
lca,50,50,1.0,1,1,25,50.0,2.0,0.0,0.028
segdup,50,50,1.0,1,1,25,50,2,0,29.706
fastmultrec,50,50,1.0,1,1,25,50.0,2.0,0.0,0.098
insider_relax,50,50,1.0,1,1,25,50.0,2.0,0.0,0.039
lca,50,50,1.0,1,1,25,50.0,2.0,0.0,0.026
segdup,50,50,1.0,1,1,25,50,2,0,13.696
fastmultrec,50,50,1.0,1,1,25,50.0,2.0,0.0,0.241
insider_relax,50,50,1.0,1,1,25,50.0,2.0,0.0,0.075
lca,50,50,1.0,1,1,25,50.0,2.0,0.0,0.048
segdup,50,50,1.0,1,1,25,50,2,0,11.464
fastmultrec,50,50,1.0,1,1,25,50.0,2.0,0.0,0.071
insider_relax,50,50,1.0,1,1,25,50.0,2.0,0.0,0.024
lca,50,50,1.0,1,1,25,50.0,2.0,0.0,0.017
segdup,50,50,1.0,1,1,25,100,4,0,31.752
fastmultrec,50,50,1.0,1,1,25,100.0,4.0,0.0,0.128
insider_relax,50,50,1.0,1,1,25,100.0,4.0,0.0,0.049
lca,50,50,1.0,1,1,25,100.0,4.0,0.0,0.031
segdup,50,50,1.0,1,1,25,50,2,0,31.052
fastmultrec,50,50,1.0,1,1,25,50.0,2.0,0.0,0.107
insider_relax,50,50,1.0,1,1,25,50.0,2.0,0.0,0.041
lca,50,50,1.0,1,1,25,50.0,2.0,0.0,0.024
segdup,50,50,1.0,1,1,25,25,1,0,3.074
fastmultrec,50,50,1.0,1,1,25,25.0,1.0,0.0,0.058
insider_relax,50,50,1.0,1,1,25,25.0,1.0,0.0,0.022
lca,50,50,1.0,1,1,25,25.0,1.0,0.0,0.013
segdup,50,50,1.0,1,1,25,100,4,0,26.077
fastmultrec,50,50,1.0,1,1,25,100.0,4.0,0.0,0.171
insider_relax,50,50,1.0,1,1,25,100.0,4.0,0.0,0.047
lca,50,50,1.0,1,1,25,100.0,4.0,0.0,0.037
segdup,50,50,1.0,1,1,25,0,0,0,0.077
fastmultrec,50,50,1.0,1,1,25,0.0,0.0,0.0,0.064
insider_relax,50,50,1.0,1,1,25,0.0,0.0,0.0,0.021
lca,50,50,1.0,1,1,25,0.0,0.0,0.0,0.012
segdup,50,50,1.0,1,1,5,20,4,0,58.530
fastmultrec,50,50,1.0,1,1,5,20.0,4.0,0.0,0.165
insider_relax,50,50,1.0,1,1,5,20.0,4.0,0.0,0.053
lca,50,50,1.0,1,1,5,20.0,4.0,0.0,0.033
segdup,50,50,1.0,1,1,5,10,2,0,30.867
fastmultrec,50,50,1.0,1,1,5,10.0,2.0,0.0,0.090
insider_relax,50,50,1.0,1,1,5,10.0,2.0,0.0,0.027
lca,50,50,1.0,1,1,5,10.0,2.0,0.0,0.022
segdup,50,50,1.0,1,1,5,5,1,0,3.450
fastmultrec,50,50,1.0,1,1,5,5.0,1.0,0.0,0.053
insider_relax,50,50,1.0,1,1,5,5.0,1.0,0.0,0.019
lca,50,50,1.0,1,1,5,5.0,1.0,0.0,0.014
segdup,50,50,1.0,1,1,5,5,1,0,3.338
fastmultrec,50,50,1.0,1,1,5,5.0,1.0,0.0,0.056
insider_relax,50,50,1.0,1,1,5,5.0,1.0,0.0,0.019
lca,50,50,1.0,1,1,5,5.0,1.0,0.0,0.015
segdup,50,50,1.0,1,1,5,20,4,0,49.271
fastmultrec,50,50,1.0,1,1,5,20.0,4.0,0.0,0.094
insider_relax,50,50,1.0,1,1,5,20.0,4.0,0.0,0.050
lca,50,50,1.0,1,1,5,20.0,4.0,0.0,0.022
segdup,50,50,1.0,1,1,5,10,2,0,6.553
fastmultrec,50,50,1.0,1,1,5,10.0,2.0,0.0,0.114
insider_relax,50,50,1.0,1,1,5,10.0,2.0,0.0,0.040
lca,50,50,1.0,1,1,5,10.0,2.0,0.0,0.023
segdup,50,50,1.0,1,1,5,10,2,0,24.907
fastmultrec,50,50,1.0,1,1,5,10.0,2.0,0.0,0.067
insider_relax,50,50,1.0,1,1,5,10.0,2.0,0.0,0.021
lca,50,50,1.0,1,1,5,10.0,2.0,0.0,0.017
segdup,50,50,1.0,1,1,5,10,2,0,88.121
fastmultrec,50,50,1.0,1,1,5,10.0,2.0,0.0,0.163
insider_relax,50,50,1.0,1,1,5,10.0,2.0,0.0,0.052
lca,50,50,1.0,1,1,5,10.0,2.0,0.0,0.033
segdup,50,50,1.0,1,1,5,5,1,0,23.585
fastmultrec,50,50,1.0,1,1,5,5.0,1.0,0.0,0.058
insider_relax,50,50,1.0,1,1,5,5.0,1.0,0.0,0.021
lca,50,50,1.0,1,1,5,5.0,1.0,0.0,0.013
segdup,50,50,1.0,1,1,5,5,1,0,6.050
fastmultrec,50,50,1.0,1,1,5,5.0,1.0,0.0,0.101
insider_relax,50,50,1.0,1,1,5,5.0,1.0,0.0,0.034
lca,50,50,1.0,1,1,5,5.0,1.0,0.0,0.022
segdup,50,50,1.0,1,1,10,10,1,0,26.531
fastmultrec,50,50,1.0,1,1,10,10.0,1.0,0.0,0.055
insider_relax,50,50,1.0,1,1,10,10.0,1.0,0.0,0.021
lca,50,50,1.0,1,1,10,10.0,1.0,0.0,0.012
segdup,50,50,1.0,1,1,10,10,1,0,5.974
fastmultrec,50,50,1.0,1,1,10,10.0,1.0,0.0,0.097
insider_relax,50,50,1.0,1,1,10,10.0,1.0,0.0,0.034
lca,50,50,1.0,1,1,10,10.0,1.0,0.0,0.021
segdup,50,50,1.0,1,1,10,50,5,0,74.578
fastmultrec,50,50,1.0,1,1,10,50.0,5.0,0.0,0.173
insider_relax,50,50,1.0,1,1,10,50.0,5.0,0.0,0.064
lca,50,50,1.0,1,1,10,50.0,5.0,0.0,0.044
segdup,50,50,1.0,1,1,10,0,0,0,0.072
fastmultrec,50,50,1.0,1,1,10,0.0,0.0,0.0,0.053
insider_relax,50,50,1.0,1,1,10,0.0,0.0,0.0,0.018
lca,50,50,1.0,1,1,10,0.0,0.0,0.0,0.018
segdup,50,50,1.0,1,1,10,20,2,0,14.880
fastmultrec,50,50,1.0,1,1,10,20.0,2.0,0.0,0.063
insider_relax,50,50,1.0,1,1,10,20.0,2.0,0.0,0.020
lca,50,50,1.0,1,1,10,20.0,2.0,0.0,0.014
segdup,50,50,1.0,1,1,10,30,3,0,8.284
fastmultrec,50,50,1.0,1,1,10,30.0,3.0,0.0,0.130
insider_relax,50,50,1.0,1,1,10,30.0,3.0,0.0,0.047
lca,50,50,1.0,1,1,10,30.0,3.0,0.0,0.033
segdup,50,50,1.0,1,1,10,0,0,0,0.071
fastmultrec,50,50,1.0,1,1,10,0.0,0.0,0.0,0.049
insider_relax,50,50,1.0,1,1,10,0.0,0.0,0.0,0.019
lca,50,50,1.0,1,1,10,0.0,0.0,0.0,0.020
segdup,50,50,1.0,1,1,10,40,4,0,97.437
fastmultrec,50,50,1.0,1,1,10,40.0,4.0,0.0,0.209
insider_relax,50,50,1.0,1,1,10,40.0,4.0,0.0,0.063
lca,50,50,1.0,1,1,10,40.0,4.0,0.0,0.042
segdup,50,50,1.0,1,1,10,40,4,0,39.730
fastmultrec,50,50,1.0,1,1,10,40.0,4.0,0.0,0.097
insider_relax,50,50,1.0,1,1,10,40.0,4.0,0.0,0.033
lca,50,50,1.0,1,1,10,40.0,4.0,0.0,0.022
segdup,50,50,1.0,1,1,10,60,6,0,147.449
fastmultrec,50,50,1.0,1,1,10,60.0,6.0,0.0,0.241
insider_relax,50,50,1.0,1,1,10,60.0,6.0,0.0,0.077
lca,50,50,1.0,1,1,10,60.0,6.0,0.0,0.066
segdup,50,50,1.0,1,1,15,0,0,0,0.073
fastmultrec,50,50,1.0,1,1,15,0.0,0.0,0.0,0.050
insider_relax,50,50,1.0,1,1,15,0.0,0.0,0.0,0.017
lca,50,50,1.0,1,1,15,0.0,0.0,0.0,0.014
segdup,50,50,1.0,1,1,15,15,1,0,5.955
fastmultrec,50,50,1.0,1,1,15,15.0,1.0,0.0,0.101
insider_relax,50,50,1.0,1,1,15,15.0,1.0,0.0,0.034
lca,50,50,1.0,1,1,15,15.0,1.0,0.0,0.021
segdup,50,50,1.0,1,1,15,75,5,0,441.448
fastmultrec,50,50,1.0,1,1,15,75.0,5.0,0.0,1.353
insider_relax,50,50,1.0,1,1,15,75.0,5.0,0.0,0.511
lca,50,50,1.0,1,1,15,75.0,5.0,0.0,0.273
segdup,50,50,1.0,1,1,15,30,2,0,7.022
fastmultrec,50,50,1.0,1,1,15,30.0,2.0,0.0,0.111
insider_relax,50,50,1.0,1,1,15,30.0,2.0,0.0,0.052
lca,50,50,1.0,1,1,15,30.0,2.0,0.0,0.029
segdup,50,50,1.0,1,1,15,0,0,0,0.071
fastmultrec,50,50,1.0,1,1,15,0.0,0.0,0.0,0.051
insider_relax,50,50,1.0,1,1,15,0.0,0.0,0.0,0.019
lca,50,50,1.0,1,1,15,0.0,0.0,0.0,0.013
segdup,50,50,1.0,1,1,15,60,4,0,32.355
fastmultrec,50,50,1.0,1,1,15,60.0,4.0,0.0,0.120
insider_relax,50,50,1.0,1,1,15,60.0,4.0,0.0,0.042
lca,50,50,1.0,1,1,15,60.0,4.0,0.0,0.029
segdup,50,50,1.0,1,1,15,90,6,0,1009.774
fastmultrec,50,50,1.0,1,1,15,90.0,6.0,0.0,1.580
insider_relax,50,50,1.0,1,1,15,90.0,6.0,0.0,0.593
lca,50,50,1.0,1,1,15,90.0,6.0,0.0,0.307
segdup,50,50,1.0,1,1,15,45,3,0,3.544
fastmultrec,50,50,1.0,1,1,15,45.0,3.0,0.0,0.067
insider_relax,50,50,1.0,1,1,15,45.0,3.0,0.0,0.020
lca,50,50,1.0,1,1,15,45.0,3.0,0.0,0.015
segdup,50,50,1.0,1,1,15,60,4,0,43.787
fastmultrec,50,50,1.0,1,1,15,60.0,4.0,0.0,0.129
insider_relax,50,50,1.0,1,1,15,60.0,4.0,0.0,0.046
lca,50,50,1.0,1,1,15,60.0,4.0,0.0,0.029
segdup,50,50,1.0,1,1,15,60,4,0,56.042
fastmultrec,50,50,1.0,1,1,15,60.0,4.0,0.0,0.133
insider_relax,50,50,1.0,1,1,15,60.0,4.0,0.0,0.048
lca,50,50,1.0,1,1,15,60.0,4.0,0.0,0.030
segdup,50,50,1.0,1,1,20,20,1,0,11.545
fastmultrec,50,50,1.0,1,1,20,20.0,1.0,0.0,0.055
insider_relax,50,50,1.0,1,1,20,20.0,1.0,0.0,0.021
lca,50,50,1.0,1,1,20,20.0,1.0,0.0,0.012
segdup,50,50,1.0,1,1,20,80,4,0,20.705
fastmultrec,50,50,1.0,1,1,20,80.0,4.0,0.0,0.151
insider_relax,50,50,1.0,1,1,20,80.0,4.0,0.0,0.046
lca,50,50,1.0,1,1,20,80.0,4.0,0.0,0.031
segdup,50,50,1.0,1,1,20,80,4,0,73.553
fastmultrec,50,50,1.0,1,1,20,80.0,4.0,0.0,0.319
insider_relax,50,50,1.0,1,1,20,80.0,4.0,0.0,0.112
lca,50,50,1.0,1,1,20,80.0,4.0,0.0,0.060
segdup,50,50,1.0,1,1,20,80,4,0,22.241
fastmultrec,50,50,1.0,1,1,20,80.0,4.0,0.0,0.142
insider_relax,50,50,1.0,1,1,20,80.0,4.0,0.0,0.041
lca,50,50,1.0,1,1,20,80.0,4.0,0.0,0.032
segdup,50,50,1.0,1,1,20,60,3,0,37.743
fastmultrec,50,50,1.0,1,1,20,60.0,3.0,0.0,0.088
insider_relax,50,50,1.0,1,1,20,60.0,3.0,0.0,0.046
lca,50,50,1.0,1,1,20,60.0,3.0,0.0,0.023
segdup,50,50,1.0,1,1,20,80,4,0,24.604
fastmultrec,50,50,1.0,1,1,20,80.0,4.0,0.0,0.125
insider_relax,50,50,1.0,1,1,20,80.0,4.0,0.0,0.041
lca,50,50,1.0,1,1,20,80.0,4.0,0.0,0.025
segdup,50,50,1.0,1,1,20,60,3,0,18.016
fastmultrec,50,50,1.0,1,1,20,60.0,3.0,0.0,0.072
insider_relax,50,50,1.0,1,1,20,60.0,3.0,0.0,0.025
lca,50,50,1.0,1,1,20,60.0,3.0,0.0,0.019
segdup,50,50,1.0,1,1,20,20,1,0,14.838
fastmultrec,50,50,1.0,1,1,20,20.0,1.0,0.0,0.060
insider_relax,50,50,1.0,1,1,20,20.0,1.0,0.0,0.017
lca,50,50,1.0,1,1,20,20.0,1.0,0.0,0.012
segdup,50,50,1.0,1,1,20,60,3,0,24.643
fastmultrec,50,50,1.0,1,1,20,60.0,3.0,0.0,0.122
insider_relax,50,50,1.0,1,1,20,60.0,3.0,0.0,0.043
lca,50,50,1.0,1,1,20,60.0,3.0,0.0,0.023
segdup,50,50,1.0,1,1,20,100,5,0,16.821
fastmultrec,50,50,1.0,1,1,20,100.0,5.0,0.0,0.123
insider_relax,50,50,1.0,1,1,20,100.0,5.0,0.0,0.047
lca,50,50,1.0,1,1,20,100.0,5.0,0.0,0.026
segdup,50,50,1.0,1,0.5,25,0,0,0,0.070
fastmultrec,50,50,1.0,1,0.5,25,0.0,0.0,0.0,0.065
insider_relax,50,50,1.0,1,0.5,25,0.0,0.0,0.0,0.019
lca,50,50,1.0,1,0.5,25,0.0,0.0,0.0,0.014
segdup,50,50,1.0,1,0.5,25,100,4,0,17.038
fastmultrec,50,50,1.0,1,0.5,25,100.0,4.0,0.0,0.063
insider_relax,50,50,1.0,1,0.5,25,100.0,4.0,0.0,0.022
lca,50,50,1.0,1,0.5,25,100.0,4.0,0.0,0.013
segdup,50,50,1.0,1,0.5,25,50,2,0,12.696
fastmultrec,50,50,1.0,1,0.5,25,50.0,2.0,0.0,0.053
insider_relax,50,50,1.0,1,0.5,25,50.0,2.0,0.0,0.020
lca,50,50,1.0,1,0.5,25,50.0,2.0,0.0,0.014
segdup,50,50,1.0,1,0.5,25,25,1,0,13.563
fastmultrec,50,50,1.0,1,0.5,25,25.0,1.0,0.0,0.064
insider_relax,50,50,1.0,1,0.5,25,25.0,1.0,0.0,0.021
lca,50,50,1.0,1,0.5,25,25.0,1.0,0.0,0.014
segdup,50,50,1.0,1,0.5,25,25,1,0,14.677
fastmultrec,50,50,1.0,1,0.5,25,25.0,1.0,0.0,0.050
insider_relax,50,50,1.0,1,0.5,25,25.0,1.0,0.0,0.025
lca,50,50,1.0,1,0.5,25,25.0,1.0,0.0,0.016
segdup,50,50,1.0,1,0.5,25,125,5,0,19.690
fastmultrec,50,50,1.0,1,0.5,25,125.0,5.0,0.0,0.092
insider_relax,50,50,1.0,1,0.5,25,125.0,5.0,0.0,0.030
lca,50,50,1.0,1,0.5,25,125.0,5.0,0.0,0.018
segdup,50,50,1.0,1,0.5,25,75,3,0,11.530
fastmultrec,50,50,1.0,1,0.5,25,75.0,3.0,0.0,0.068
insider_relax,50,50,1.0,1,0.5,25,75.0,3.0,0.0,0.022
lca,50,50,1.0,1,0.5,25,75.0,3.0,0.0,0.015
segdup,50,50,1.0,1,0.5,25,175,7,0,236.034
fastmultrec,50,50,1.0,1,0.5,25,175.0,7.0,0.0,0.452
insider_relax,50,50,1.0,1,0.5,25,175.0,7.0,0.0,0.157
lca,50,50,1.0,1,0.5,25,175.0,7.0,0.0,0.092
segdup,50,50,1.0,1,0.5,25,100,4,0,24.088
fastmultrec,50,50,1.0,1,0.5,25,100.0,4.0,0.0,0.087
insider_relax,50,50,1.0,1,0.5,25,100.0,4.0,0.0,0.028
lca,50,50,1.0,1,0.5,25,100.0,4.0,0.0,0.022
segdup,50,50,1.0,1,0.5,25,75,3,0,11.074
fastmultrec,50,50,1.0,1,0.5,25,75.0,3.0,0.0,0.054
insider_relax,50,50,1.0,1,0.5,25,75.0,3.0,0.0,0.021
lca,50,50,1.0,1,0.5,25,75.0,3.0,0.0,0.011
segdup,50,50,1.0,1,0.5,5,5,1,0,5.200
fastmultrec,50,50,1.0,1,0.5,5,5.0,1.0,0.0,0.102
insider_relax,50,50,1.0,1,0.5,5,5.0,1.0,0.0,0.030
lca,50,50,1.0,1,0.5,5,5.0,1.0,0.0,0.021
segdup,50,50,1.0,1,0.5,5,0,0,0,0.071
fastmultrec,50,50,1.0,1,0.5,5,0.0,0.0,0.0,0.057
insider_relax,50,50,1.0,1,0.5,5,0.0,0.0,0.0,0.016
lca,50,50,1.0,1,0.5,5,0.0,0.0,0.0,0.013
segdup,50,50,1.0,1,0.5,5,10,2,0,21.279
fastmultrec,50,50,1.0,1,0.5,5,10.0,2.0,0.0,0.077
insider_relax,50,50,1.0,1,0.5,5,10.0,2.0,0.0,0.025
lca,50,50,1.0,1,0.5,5,10.0,2.0,0.0,0.018
segdup,50,50,1.0,1,0.5,5,15,3,0,29.603
fastmultrec,50,50,1.0,1,0.5,5,15.0,3.0,0.0,0.062
insider_relax,50,50,1.0,1,0.5,5,15.0,3.0,0.0,0.022
lca,50,50,1.0,1,0.5,5,15.0,3.0,0.0,0.018
segdup,50,50,1.0,1,0.5,5,5,1,0,3.973
fastmultrec,50,50,1.0,1,0.5,5,5.0,1.0,0.0,0.055
insider_relax,50,50,1.0,1,0.5,5,5.0,1.0,0.0,0.020
lca,50,50,1.0,1,0.5,5,5.0,1.0,0.0,0.012
segdup,50,50,1.0,1,0.5,5,20,4,0,21.384
fastmultrec,50,50,1.0,1,0.5,5,20.0,4.0,0.0,0.116
insider_relax,50,50,1.0,1,0.5,5,20.0,4.0,0.0,0.043
lca,50,50,1.0,1,0.5,5,20.0,4.0,0.0,0.025
segdup,50,50,1.0,1,0.5,5,25,5,0,96.916
fastmultrec,50,50,1.0,1,0.5,5,25.0,5.0,0.0,0.210
insider_relax,50,50,1.0,1,0.5,5,25.0,5.0,0.0,0.067
lca,50,50,1.0,1,0.5,5,25.0,5.0,0.0,0.043
segdup,50,50,1.0,1,0.5,5,15,3,0,8.762
fastmultrec,50,50,1.0,1,0.5,5,15.0,3.0,0.0,0.124
insider_relax,50,50,1.0,1,0.5,5,15.0,3.0,0.0,0.040
lca,50,50,1.0,1,0.5,5,15.0,3.0,0.0,0.031
segdup,50,50,1.0,1,0.5,5,20,4,0,38.451
fastmultrec,50,50,1.0,1,0.5,5,20.0,4.0,0.0,0.096
insider_relax,50,50,1.0,1,0.5,5,20.0,4.0,0.0,0.035
lca,50,50,1.0,1,0.5,5,20.0,4.0,0.0,0.021
segdup,50,50,1.0,1,0.5,5,5,1,0,16.597
fastmultrec,50,50,1.0,1,0.5,5,5.0,1.0,0.0,0.057
insider_relax,50,50,1.0,1,0.5,5,5.0,1.0,0.0,0.019
lca,50,50,1.0,1,0.5,5,5.0,1.0,0.0,0.015
segdup,50,50,1.0,1,0.5,10,20,2,0,19.813
fastmultrec,50,50,1.0,1,0.5,10,20.0,2.0,0.0,0.078
insider_relax,50,50,1.0,1,0.5,10,20.0,2.0,0.0,0.024
lca,50,50,1.0,1,0.5,10,20.0,2.0,0.0,0.020
segdup,50,50,1.0,1,0.5,10,30,3,0,20.231
fastmultrec,50,50,1.0,1,0.5,10,30.0,3.0,0.0,0.065
insider_relax,50,50,1.0,1,0.5,10,30.0,3.0,0.0,0.021
lca,50,50,1.0,1,0.5,10,30.0,3.0,0.0,0.014
segdup,50,50,1.0,1,0.5,10,30,3,0,17.257
fastmultrec,50,50,1.0,1,0.5,10,30.0,3.0,0.0,0.075
insider_relax,50,50,1.0,1,0.5,10,30.0,3.0,0.0,0.023
lca,50,50,1.0,1,0.5,10,30.0,3.0,0.0,0.016
segdup,50,50,1.0,1,0.5,10,10,1,0,2.770
fastmultrec,50,50,1.0,1,0.5,10,10.0,1.0,0.0,0.054
insider_relax,50,50,1.0,1,0.5,10,10.0,1.0,0.0,0.019
lca,50,50,1.0,1,0.5,10,10.0,1.0,0.0,0.014
segdup,50,50,1.0,1,0.5,10,10,1,0,2.827
fastmultrec,50,50,1.0,1,0.5,10,10.0,1.0,0.0,0.061
insider_relax,50,50,1.0,1,0.5,10,10.0,1.0,0.0,0.019
lca,50,50,1.0,1,0.5,10,10.0,1.0,0.0,0.013
segdup,50,50,1.0,1,0.5,10,30,3,0,65.572
fastmultrec,50,50,1.0,1,0.5,10,30.0,3.0,0.0,0.187
insider_relax,50,50,1.0,1,0.5,10,30.0,3.0,0.0,0.061
lca,50,50,1.0,1,0.5,10,30.0,3.0,0.0,0.039
segdup,50,50,1.0,1,0.5,10,30,3,0,53.486
fastmultrec,50,50,1.0,1,0.5,10,30.0,3.0,0.0,0.125
insider_relax,50,50,1.0,1,0.5,10,30.0,3.0,0.0,0.046
lca,50,50,1.0,1,0.5,10,30.0,3.0,0.0,0.028
segdup,50,50,1.0,1,0.5,10,10,1,0,26.643
fastmultrec,50,50,1.0,1,0.5,10,10.0,1.0,0.0,0.056
insider_relax,50,50,1.0,1,0.5,10,10.0,1.0,0.0,0.021
lca,50,50,1.0,1,0.5,10,10.0,1.0,0.0,0.012
segdup,50,50,1.0,1,0.5,10,0,0,0,0.072
fastmultrec,50,50,1.0,1,0.5,10,0.0,0.0,0.0,0.052
insider_relax,50,50,1.0,1,0.5,10,0.0,0.0,0.0,0.017
lca,50,50,1.0,1,0.5,10,0.0,0.0,0.0,0.014
segdup,50,50,1.0,1,0.5,10,10,1,0,21.248
fastmultrec,50,50,1.0,1,0.5,10,10.0,1.0,0.0,0.058
insider_relax,50,50,1.0,1,0.5,10,10.0,1.0,0.0,0.018
lca,50,50,1.0,1,0.5,10,10.0,1.0,0.0,0.012
segdup,50,50,1.0,1,0.5,15,75,5,0,31.235
fastmultrec,50,50,1.0,1,0.5,15,75.0,5.0,0.0,0.143
insider_relax,50,50,1.0,1,0.5,15,75.0,5.0,0.0,0.045
lca,50,50,1.0,1,0.5,15,75.0,5.0,0.0,0.030
segdup,50,50,1.0,1,0.5,15,30,2,0,5.432
fastmultrec,50,50,1.0,1,0.5,15,30.0,2.0,0.0,0.089
insider_relax,50,50,1.0,1,0.5,15,30.0,2.0,0.0,0.026
lca,50,50,1.0,1,0.5,15,30.0,2.0,0.0,0.020
segdup,50,50,1.0,1,0.5,15,0,0,0,0.070
fastmultrec,50,50,1.0,1,0.5,15,0.0,0.0,0.0,0.061
insider_relax,50,50,1.0,1,0.5,15,0.0,0.0,0.0,0.018
lca,50,50,1.0,1,0.5,15,0.0,0.0,0.0,0.014
segdup,50,50,1.0,1,0.5,15,60,4,0,9.206
fastmultrec,50,50,1.0,1,0.5,15,60.0,4.0,0.0,0.144
insider_relax,50,50,1.0,1,0.5,15,60.0,4.0,0.0,0.055
lca,50,50,1.0,1,0.5,15,60.0,4.0,0.0,0.027
segdup,50,50,1.0,1,0.5,15,15,1,0,25.087
fastmultrec,50,50,1.0,1,0.5,15,15.0,1.0,0.0,0.064
insider_relax,50,50,1.0,1,0.5,15,15.0,1.0,0.0,0.022
lca,50,50,1.0,1,0.5,15,15.0,1.0,0.0,0.015
segdup,50,50,1.0,1,0.5,15,30,2,0,3.801
fastmultrec,50,50,1.0,1,0.5,15,30.0,2.0,0.0,0.059
insider_relax,50,50,1.0,1,0.5,15,30.0,2.0,0.0,0.020
lca,50,50,1.0,1,0.5,15,30.0,2.0,0.0,0.014
segdup,50,50,1.0,1,0.5,15,0,0,0,0.071
fastmultrec,50,50,1.0,1,0.5,15,0.0,0.0,0.0,0.051
insider_relax,50,50,1.0,1,0.5,15,0.0,0.0,0.0,0.024
lca,50,50,1.0,1,0.5,15,0.0,0.0,0.0,0.014
segdup,50,50,1.0,1,0.5,15,60,4,0,51.636
fastmultrec,50,50,1.0,1,0.5,15,60.0,4.0,0.0,0.178
insider_relax,50,50,1.0,1,0.5,15,60.0,4.0,0.0,0.056
lca,50,50,1.0,1,0.5,15,60.0,4.0,0.0,0.034
segdup,50,50,1.0,1,0.5,15,30,2,0,11.820
fastmultrec,50,50,1.0,1,0.5,15,30.0,2.0,0.0,0.073
insider_relax,50,50,1.0,1,0.5,15,30.0,2.0,0.0,0.019
lca,50,50,1.0,1,0.5,15,30.0,2.0,0.0,0.013
segdup,50,50,1.0,1,0.5,15,75,5,0,26.572
fastmultrec,50,50,1.0,1,0.5,15,75.0,5.0,0.0,0.100
insider_relax,50,50,1.0,1,0.5,15,75.0,5.0,0.0,0.040
lca,50,50,1.0,1,0.5,15,75.0,5.0,0.0,0.022
segdup,50,50,1.0,1,0.5,20,20,1,0,19.922
fastmultrec,50,50,1.0,1,0.5,20,20.0,1.0,0.0,0.093
insider_relax,50,50,1.0,1,0.5,20,20.0,1.0,0.0,0.029
lca,50,50,1.0,1,0.5,20,20.0,1.0,0.0,0.021
segdup,50,50,1.0,1,0.5,20,60,3,0,19.079
fastmultrec,50,50,1.0,1,0.5,20,60.0,3.0,0.0,0.079
insider_relax,50,50,1.0,1,0.5,20,60.0,3.0,0.0,0.025
lca,50,50,1.0,1,0.5,20,60.0,3.0,0.0,0.018
segdup,50,50,1.0,1,0.5,20,60,3,0,19.140
fastmultrec,50,50,1.0,1,0.5,20,60.0,3.0,0.0,0.070
insider_relax,50,50,1.0,1,0.5,20,60.0,3.0,0.0,0.024
lca,50,50,1.0,1,0.5,20,60.0,3.0,0.0,0.017
segdup,50,50,1.0,1,0.5,20,20,1,0,11.166
fastmultrec,50,50,1.0,1,0.5,20,20.0,1.0,0.0,0.064
insider_relax,50,50,1.0,1,0.5,20,20.0,1.0,0.0,0.018
lca,50,50,1.0,1,0.5,20,20.0,1.0,0.0,0.013
segdup,50,50,1.0,1,0.5,20,60,3,0,15.978
fastmultrec,50,50,1.0,1,0.5,20,60.0,3.0,0.0,0.081
insider_relax,50,50,1.0,1,0.5,20,60.0,3.0,0.0,0.027
lca,50,50,1.0,1,0.5,20,60.0,3.0,0.0,0.020
segdup,50,50,1.0,1,0.5,20,0,0,0,0.071
fastmultrec,50,50,1.0,1,0.5,20,0.0,0.0,0.0,0.053
insider_relax,50,50,1.0,1,0.5,20,0.0,0.0,0.0,0.017
lca,50,50,1.0,1,0.5,20,0.0,0.0,0.0,0.015
segdup,50,50,1.0,1,0.5,20,20,1,0,16.201
fastmultrec,50,50,1.0,1,0.5,20,20.0,1.0,0.0,0.058
insider_relax,50,50,1.0,1,0.5,20,20.0,1.0,0.0,0.018
lca,50,50,1.0,1,0.5,20,20.0,1.0,0.0,0.012
segdup,50,50,1.0,1,0.5,20,40,2,0,16.404
fastmultrec,50,50,1.0,1,0.5,20,40.0,2.0,0.0,0.057
insider_relax,50,50,1.0,1,0.5,20,40.0,2.0,0.0,0.022
lca,50,50,1.0,1,0.5,20,40.0,2.0,0.0,0.012
segdup,50,50,1.0,1,0.5,20,20,1,0,3.249
fastmultrec,50,50,1.0,1,0.5,20,20.0,1.0,0.0,0.062
insider_relax,50,50,1.0,1,0.5,20,20.0,1.0,0.0,0.021
lca,50,50,1.0,1,0.5,20,20.0,1.0,0.0,0.015
segdup,50,50,1.0,1,0.5,20,40,2,0,9.099
fastmultrec,50,50,1.0,1,0.5,20,40.0,2.0,0.0,0.058
insider_relax,50,50,1.0,1,0.5,20,40.0,2.0,0.0,0.020
lca,50,50,1.0,1,0.5,20,40.0,2.0,0.0,0.015
segdup,50,50,1.0,1,0.8,25,25,1,0,5.806
fastmultrec,50,50,1.0,1,0.8,25,25.0,1.0,0.0,0.111
insider_relax,50,50,1.0,1,0.8,25,25.0,1.0,0.0,0.037
lca,50,50,1.0,1,0.8,25,25.0,1.0,0.0,0.024
segdup,50,50,1.0,1,0.8,25,50,2,0,6.856
fastmultrec,50,50,1.0,1,0.8,25,50.0,2.0,0.0,0.100
insider_relax,50,50,1.0,1,0.8,25,50.0,2.0,0.0,0.036
lca,50,50,1.0,1,0.8,25,50.0,2.0,0.0,0.021
segdup,50,50,1.0,1,0.8,25,50,2,0,20.999
fastmultrec,50,50,1.0,1,0.8,25,50.0,2.0,0.0,0.103
insider_relax,50,50,1.0,1,0.8,25,50.0,2.0,0.0,0.036
lca,50,50,1.0,1,0.8,25,50.0,2.0,0.0,0.024
segdup,50,50,1.0,1,0.8,25,0,0,0,0.079
fastmultrec,50,50,1.0,1,0.8,25,0.0,0.0,0.0,0.062
insider_relax,50,50,1.0,1,0.8,25,0.0,0.0,0.0,0.022
lca,50,50,1.0,1,0.8,25,0.0,0.0,0.0,0.012
segdup,50,50,1.0,1,0.8,25,100,4,0,35.225
fastmultrec,50,50,1.0,1,0.8,25,100.0,4.0,0.0,0.096
insider_relax,50,50,1.0,1,0.8,25,100.0,4.0,0.0,0.039
lca,50,50,1.0,1,0.8,25,100.0,4.0,0.0,0.024
segdup,50,50,1.0,1,0.8,25,0,0,0,0.078
fastmultrec,50,50,1.0,1,0.8,25,0.0,0.0,0.0,0.063
insider_relax,50,50,1.0,1,0.8,25,0.0,0.0,0.0,0.028
lca,50,50,1.0,1,0.8,25,0.0,0.0,0.0,0.014
segdup,50,50,1.0,1,0.8,25,25,1,0,13.911
fastmultrec,50,50,1.0,1,0.8,25,25.0,1.0,0.0,0.052
insider_relax,50,50,1.0,1,0.8,25,25.0,1.0,0.0,0.017
lca,50,50,1.0,1,0.8,25,25.0,1.0,0.0,0.011
segdup,50,50,1.0,1,0.8,25,75,3,0,33.182
fastmultrec,50,50,1.0,1,0.8,25,75.0,3.0,0.0,0.134
insider_relax,50,50,1.0,1,0.8,25,75.0,3.0,0.0,0.040
lca,50,50,1.0,1,0.8,25,75.0,3.0,0.0,0.028
segdup,50,50,1.0,1,0.8,25,25,1,0,16.327
fastmultrec,50,50,1.0,1,0.8,25,25.0,1.0,0.0,0.058
insider_relax,50,50,1.0,1,0.8,25,25.0,1.0,0.0,0.021
lca,50,50,1.0,1,0.8,25,25.0,1.0,0.0,0.014
segdup,50,50,1.0,1,0.8,25,0,0,0,0.081
fastmultrec,50,50,1.0,1,0.8,25,0.0,0.0,0.0,0.057
insider_relax,50,50,1.0,1,0.8,25,0.0,0.0,0.0,0.031
lca,50,50,1.0,1,0.8,25,0.0,0.0,0.0,0.014
segdup,50,50,1.0,1,0.8,5,10,2,0,26.861
fastmultrec,50,50,1.0,1,0.8,5,10.0,2.0,0.0,0.137
insider_relax,50,50,1.0,1,0.8,5,10.0,2.0,0.0,0.034
lca,50,50,1.0,1,0.8,5,10.0,2.0,0.0,0.022
segdup,50,50,1.0,1,0.8,5,45,9,0,501.378
fastmultrec,50,50,1.0,1,0.8,5,45.0,9.0,0.0,0.869
insider_relax,50,50,1.0,1,0.8,5,45.0,9.0,0.0,0.219
lca,50,50,1.0,1,0.8,5,45.0,9.0,0.0,0.131
segdup,50,50,1.0,1,0.8,5,0,0,0,0.071
fastmultrec,50,50,1.0,1,0.8,5,0.0,0.0,0.0,0.056
insider_relax,50,50,1.0,1,0.8,5,0.0,0.0,0.0,0.019
lca,50,50,1.0,1,0.8,5,0.0,0.0,0.0,0.013
segdup,50,50,1.0,1,0.8,5,10,2,0,10.937
fastmultrec,50,50,1.0,1,0.8,5,10.0,2.0,0.0,0.156
insider_relax,50,50,1.0,1,0.8,5,10.0,2.0,0.0,0.049
lca,50,50,1.0,1,0.8,5,10.0,2.0,0.0,0.033
segdup,50,50,1.0,1,0.8,5,10,2,0,6.367
fastmultrec,50,50,1.0,1,0.8,5,10.0,2.0,0.0,0.120
insider_relax,50,50,1.0,1,0.8,5,10.0,2.0,0.0,0.033
lca,50,50,1.0,1,0.8,5,10.0,2.0,0.0,0.023
segdup,50,50,1.0,1,0.8,5,10,2,0,14.347
fastmultrec,50,50,1.0,1,0.8,5,10.0,2.0,0.0,0.057
insider_relax,50,50,1.0,1,0.8,5,10.0,2.0,0.0,0.019
lca,50,50,1.0,1,0.8,5,10.0,2.0,0.0,0.015
segdup,50,50,1.0,1,0.8,5,10,2,0,12.131
fastmultrec,50,50,1.0,1,0.8,5,10.0,2.0,0.0,0.203
insider_relax,50,50,1.0,1,0.8,5,10.0,2.0,0.0,0.058
lca,50,50,1.0,1,0.8,5,10.0,2.0,0.0,0.037
segdup,50,50,1.0,1,0.8,5,15,3,0,26.194
fastmultrec,50,50,1.0,1,0.8,5,15.0,3.0,0.0,0.064
insider_relax,50,50,1.0,1,0.8,5,15.0,3.0,0.0,0.021
lca,50,50,1.0,1,0.8,5,15.0,3.0,0.0,0.014
segdup,50,50,1.0,1,0.8,5,10,2,0,34.634
fastmultrec,50,50,1.0,1,0.8,5,10.0,2.0,0.0,0.092
insider_relax,50,50,1.0,1,0.8,5,10.0,2.0,0.0,0.034
lca,50,50,1.0,1,0.8,5,10.0,2.0,0.0,0.023
segdup,50,50,1.0,1,0.8,5,10,2,0,34.763
fastmultrec,50,50,1.0,1,0.8,5,10.0,2.0,0.0,0.101
insider_relax,50,50,1.0,1,0.8,5,10.0,2.0,0.0,0.040
lca,50,50,1.0,1,0.8,5,10.0,2.0,0.0,0.020
segdup,50,50,1.0,1,0.8,10,40,4,0,62.446
fastmultrec,50,50,1.0,1,0.8,10,40.0,4.0,0.0,0.166
insider_relax,50,50,1.0,1,0.8,10,40.0,4.0,0.0,0.050
lca,50,50,1.0,1,0.8,10,40.0,4.0,0.0,0.032
segdup,50,50,1.0,1,0.8,10,30,3,0,21.531
fastmultrec,50,50,1.0,1,0.8,10,30.0,3.0,0.0,0.071
insider_relax,50,50,1.0,1,0.8,10,30.0,3.0,0.0,0.023
lca,50,50,1.0,1,0.8,10,30.0,3.0,0.0,0.015
segdup,50,50,1.0,1,0.8,10,20,2,0,20.697
fastmultrec,50,50,1.0,1,0.8,10,20.0,2.0,0.0,0.060
insider_relax,50,50,1.0,1,0.8,10,20.0,2.0,0.0,0.019
lca,50,50,1.0,1,0.8,10,20.0,2.0,0.0,0.014
segdup,50,50,1.0,1,0.8,10,40,4,0,48.801
fastmultrec,50,50,1.0,1,0.8,10,40.0,4.0,0.0,0.096
insider_relax,50,50,1.0,1,0.8,10,40.0,4.0,0.0,0.037
lca,50,50,1.0,1,0.8,10,40.0,4.0,0.0,0.023
segdup,50,50,1.0,1,0.8,10,20,2,0,6.400
fastmultrec,50,50,1.0,1,0.8,10,20.0,2.0,0.0,0.107
insider_relax,50,50,1.0,1,0.8,10,20.0,2.0,0.0,0.033
lca,50,50,1.0,1,0.8,10,20.0,2.0,0.0,0.023
segdup,50,50,1.0,1,0.8,10,20,2,0,25.238
fastmultrec,50,50,1.0,1,0.8,10,20.0,2.0,0.0,0.057
insider_relax,50,50,1.0,1,0.8,10,20.0,2.0,0.0,0.022
lca,50,50,1.0,1,0.8,10,20.0,2.0,0.0,0.013
segdup,50,50,1.0,1,0.8,10,30,3,0,91.657
fastmultrec,50,50,1.0,1,0.8,10,30.0,3.0,0.0,0.239
insider_relax,50,50,1.0,1,0.8,10,30.0,3.0,0.0,0.080
lca,50,50,1.0,1,0.8,10,30.0,3.0,0.0,0.054
segdup,50,50,1.0,1,0.8,10,50,5,0,35.568
fastmultrec,50,50,1.0,1,0.8,10,50.0,5.0,0.0,0.091
insider_relax,50,50,1.0,1,0.8,10,50.0,5.0,0.0,0.039
lca,50,50,1.0,1,0.8,10,50.0,5.0,0.0,0.023
segdup,50,50,1.0,1,0.8,10,40,4,0,81.383
fastmultrec,50,50,1.0,1,0.8,10,40.0,4.0,0.0,0.308
insider_relax,50,50,1.0,1,0.8,10,40.0,4.0,0.0,0.097
lca,50,50,1.0,1,0.8,10,40.0,4.0,0.0,0.064
segdup,50,50,1.0,1,0.8,10,10,1,0,26.135
fastmultrec,50,50,1.0,1,0.8,10,10.0,1.0,0.0,0.070
insider_relax,50,50,1.0,1,0.8,10,10.0,1.0,0.0,0.021
lca,50,50,1.0,1,0.8,10,10.0,1.0,0.0,0.016
segdup,50,50,1.0,1,0.8,15,30,2,0,3.220
fastmultrec,50,50,1.0,1,0.8,15,30.0,2.0,0.0,0.056
insider_relax,50,50,1.0,1,0.8,15,30.0,2.0,0.0,0.018
lca,50,50,1.0,1,0.8,15,30.0,2.0,0.0,0.014
segdup,50,50,1.0,1,0.8,15,15,1,0,25.345
fastmultrec,50,50,1.0,1,0.8,15,15.0,1.0,0.0,0.060
insider_relax,50,50,1.0,1,0.8,15,15.0,1.0,0.0,0.027
lca,50,50,1.0,1,0.8,15,15.0,1.0,0.0,0.014
segdup,50,50,1.0,1,0.8,15,15,1,0,5.698
fastmultrec,50,50,1.0,1,0.8,15,15.0,1.0,0.0,0.088
insider_relax,50,50,1.0,1,0.8,15,15.0,1.0,0.0,0.031
lca,50,50,1.0,1,0.8,15,15.0,1.0,0.0,0.021
segdup,50,50,1.0,1,0.8,15,45,3,0,28.237
fastmultrec,50,50,1.0,1,0.8,15,45.0,3.0,0.0,0.335
insider_relax,50,50,1.0,1,0.8,15,45.0,3.0,0.0,0.122
lca,50,50,1.0,1,0.8,15,45.0,3.0,0.0,0.064
segdup,50,50,1.0,1,0.8,15,15,1,0,29.762
fastmultrec,50,50,1.0,1,0.8,15,15.0,1.0,0.0,0.070
insider_relax,50,50,1.0,1,0.8,15,15.0,1.0,0.0,0.022
lca,50,50,1.0,1,0.8,15,15.0,1.0,0.0,0.016
segdup,50,50,1.0,1,0.8,15,75,5,0,84.406
fastmultrec,50,50,1.0,1,0.8,15,75.0,5.0,0.0,0.369
insider_relax,50,50,1.0,1,0.8,15,75.0,5.0,0.0,0.126
lca,50,50,1.0,1,0.8,15,75.0,5.0,0.0,0.074
segdup,50,50,1.0,1,0.8,15,30,2,0,15.945
fastmultrec,50,50,1.0,1,0.8,15,30.0,2.0,0.0,0.052
insider_relax,50,50,1.0,1,0.8,15,30.0,2.0,0.0,0.018
lca,50,50,1.0,1,0.8,15,30.0,2.0,0.0,0.014
segdup,50,50,1.0,1,0.8,15,30,2,0,17.337
fastmultrec,50,50,1.0,1,0.8,15,30.0,2.0,0.0,0.060
insider_relax,50,50,1.0,1,0.8,15,30.0,2.0,0.0,0.024
lca,50,50,1.0,1,0.8,15,30.0,2.0,0.0,0.015
segdup,50,50,1.0,1,0.8,15,75,5,0,11.724
fastmultrec,50,50,1.0,1,0.8,15,75.0,5.0,0.0,0.071
insider_relax,50,50,1.0,1,0.8,15,75.0,5.0,0.0,0.023
lca,50,50,1.0,1,0.8,15,75.0,5.0,0.0,0.015
segdup,50,50,1.0,1,0.8,15,45,3,0,18.029
fastmultrec,50,50,1.0,1,0.8,15,45.0,3.0,0.0,0.075
insider_relax,50,50,1.0,1,0.8,15,45.0,3.0,0.0,0.024
lca,50,50,1.0,1,0.8,15,45.0,3.0,0.0,0.019
segdup,50,50,1.0,1,0.8,20,40,2,0,3.599
fastmultrec,50,50,1.0,1,0.8,20,40.0,2.0,0.0,0.061
insider_relax,50,50,1.0,1,0.8,20,40.0,2.0,0.0,0.023
lca,50,50,1.0,1,0.8,20,40.0,2.0,0.0,0.013
segdup,50,50,1.0,1,0.8,20,40,2,0,7.797
fastmultrec,50,50,1.0,1,0.8,20,40.0,2.0,0.0,0.127
insider_relax,50,50,1.0,1,0.8,20,40.0,2.0,0.0,0.046
lca,50,50,1.0,1,0.8,20,40.0,2.0,0.0,0.028
segdup,50,50,1.0,1,0.8,20,60,3,0,28.061
fastmultrec,50,50,1.0,1,0.8,20,60.0,3.0,0.0,0.102
insider_relax,50,50,1.0,1,0.8,20,60.0,3.0,0.0,0.038
lca,50,50,1.0,1,0.8,20,60.0,3.0,0.0,0.022
segdup,50,50,1.0,1,0.8,20,80,4,0,37.956
fastmultrec,50,50,1.0,1,0.8,20,80.0,4.0,0.0,0.130
insider_relax,50,50,1.0,1,0.8,20,80.0,4.0,0.0,0.046
lca,50,50,1.0,1,0.8,20,80.0,4.0,0.0,0.027
segdup,50,50,1.0,1,0.8,20,80,4,0,59.183
fastmultrec,50,50,1.0,1,0.8,20,80.0,4.0,0.0,0.213
insider_relax,50,50,1.0,1,0.8,20,80.0,4.0,0.0,0.063
lca,50,50,1.0,1,0.8,20,80.0,4.0,0.0,0.038
segdup,50,50,1.0,1,0.8,20,60,3,0,102.985
fastmultrec,50,50,1.0,1,0.8,20,60.0,3.0,0.0,0.325
insider_relax,50,50,1.0,1,0.8,20,60.0,3.0,0.0,0.106
lca,50,50,1.0,1,0.8,20,60.0,3.0,0.0,0.062
segdup,50,50,1.0,1,0.8,20,0,0,0,0.068
fastmultrec,50,50,1.0,1,0.8,20,0.0,0.0,0.0,0.049
insider_relax,50,50,1.0,1,0.8,20,0.0,0.0,0.0,0.017
lca,50,50,1.0,1,0.8,20,0.0,0.0,0.0,0.017
segdup,50,50,1.0,1,0.8,20,20,1,0,4.832
fastmultrec,50,50,1.0,1,0.8,20,20.0,1.0,0.0,0.092
insider_relax,50,50,1.0,1,0.8,20,20.0,1.0,0.0,0.027
lca,50,50,1.0,1,0.8,20,20.0,1.0,0.0,0.019
segdup,50,50,1.0,1,0.8,20,40,2,0,9.829
fastmultrec,50,50,1.0,1,0.8,20,40.0,2.0,0.0,0.064
insider_relax,50,50,1.0,1,0.8,20,40.0,2.0,0.0,0.019
lca,50,50,1.0,1,0.8,20,40.0,2.0,0.0,0.014
segdup,50,50,1.0,1,0.8,20,120,6,0,44.302
fastmultrec,50,50,1.0,1,0.8,20,120.0,6.0,0.0,0.447
insider_relax,50,50,1.0,1,0.8,20,120.0,6.0,0.0,0.155
lca,50,50,1.0,1,0.8,20,120.0,6.0,0.0,0.087
segdup,50,50,1.0,1,0.2,25,150,6,0,20.823
fastmultrec,50,50,1.0,1,0.2,25,150.0,6.0,0.0,0.103
insider_relax,50,50,1.0,1,0.2,25,150.0,6.0,0.0,0.034
lca,50,50,1.0,1,0.2,25,150.0,6.0,0.0,0.022
segdup,50,50,1.0,1,0.2,25,50,2,0,15.769
fastmultrec,50,50,1.0,1,0.2,25,50.0,2.0,0.0,0.061
insider_relax,50,50,1.0,1,0.2,25,50.0,2.0,0.0,0.019
lca,50,50,1.0,1,0.2,25,50.0,2.0,0.0,0.014
segdup,50,50,1.0,1,0.2,25,0,0,0,0.077
fastmultrec,50,50,1.0,1,0.2,25,0.0,0.0,0.0,0.061
insider_relax,50,50,1.0,1,0.2,25,0.0,0.0,0.0,0.022
lca,50,50,1.0,1,0.2,25,0.0,0.0,0.0,0.013
segdup,50,50,1.0,1,0.2,25,0,0,0,0.079
fastmultrec,50,50,1.0,1,0.2,25,0.0,0.0,0.0,0.054
insider_relax,50,50,1.0,1,0.2,25,0.0,0.0,0.0,0.021
lca,50,50,1.0,1,0.2,25,0.0,0.0,0.0,0.014
segdup,50,50,1.0,1,0.2,25,25,1,0,11.441
fastmultrec,50,50,1.0,1,0.2,25,25.0,1.0,0.0,0.057
insider_relax,50,50,1.0,1,0.2,25,25.0,1.0,0.0,0.020
lca,50,50,1.0,1,0.2,25,25.0,1.0,0.0,0.014
segdup,50,50,1.0,1,0.2,25,50,2,0,4.463
fastmultrec,50,50,1.0,1,0.2,25,50.0,2.0,0.0,0.068
insider_relax,50,50,1.0,1,0.2,25,50.0,2.0,0.0,0.027
lca,50,50,1.0,1,0.2,25,50.0,2.0,0.0,0.018
segdup,50,50,1.0,1,0.2,25,75,3,0,16.632
fastmultrec,50,50,1.0,1,0.2,25,75.0,3.0,0.0,0.066
insider_relax,50,50,1.0,1,0.2,25,75.0,3.0,0.0,0.024
lca,50,50,1.0,1,0.2,25,75.0,3.0,0.0,0.019
segdup,50,50,1.0,1,0.2,25,75,3,0,13.210
fastmultrec,50,50,1.0,1,0.2,25,75.0,3.0,0.0,0.064
insider_relax,50,50,1.0,1,0.2,25,75.0,3.0,0.0,0.023
lca,50,50,1.0,1,0.2,25,75.0,3.0,0.0,0.017
segdup,50,50,1.0,1,0.2,25,125,5,0,18.504
fastmultrec,50,50,1.0,1,0.2,25,125.0,5.0,0.0,0.071
insider_relax,50,50,1.0,1,0.2,25,125.0,5.0,0.0,0.024
lca,50,50,1.0,1,0.2,25,125.0,5.0,0.0,0.016
segdup,50,50,1.0,1,0.2,25,75,3,0,16.687
fastmultrec,50,50,1.0,1,0.2,25,75.0,3.0,0.0,0.075
insider_relax,50,50,1.0,1,0.2,25,75.0,3.0,0.0,0.024
lca,50,50,1.0,1,0.2,25,75.0,3.0,0.0,0.016
segdup,50,50,1.0,1,0.2,5,10,2,0,12.110
fastmultrec,50,50,1.0,1,0.2,5,10.0,2.0,0.0,0.061
insider_relax,50,50,1.0,1,0.2,5,10.0,2.0,0.0,0.019
lca,50,50,1.0,1,0.2,5,10.0,2.0,0.0,0.014
segdup,50,50,1.0,1,0.2,5,30,6,0,23.858
fastmultrec,50,50,1.0,1,0.2,5,30.0,6.0,0.0,0.075
insider_relax,50,50,1.0,1,0.2,5,30.0,6.0,0.0,0.023
lca,50,50,1.0,1,0.2,5,30.0,6.0,0.0,0.016
segdup,50,50,1.0,1,0.2,5,25,5,0,11.229
fastmultrec,50,50,1.0,1,0.2,5,25.0,5.0,0.0,0.082
insider_relax,50,50,1.0,1,0.2,5,25.0,5.0,0.0,0.024
lca,50,50,1.0,1,0.2,5,25.0,5.0,0.0,0.016
segdup,50,50,1.0,1,0.2,5,5,1,0,20.703
fastmultrec,50,50,1.0,1,0.2,5,5.0,1.0,0.0,0.050
insider_relax,50,50,1.0,1,0.2,5,5.0,1.0,0.0,0.018
lca,50,50,1.0,1,0.2,5,5.0,1.0,0.0,0.014
segdup,50,50,1.0,1,0.2,5,10,2,0,5.283
fastmultrec,50,50,1.0,1,0.2,5,10.0,2.0,0.0,0.084
insider_relax,50,50,1.0,1,0.2,5,10.0,2.0,0.0,0.028
lca,50,50,1.0,1,0.2,5,10.0,2.0,0.0,0.020
segdup,50,50,1.0,1,0.2,5,10,2,0,22.807
fastmultrec,50,50,1.0,1,0.2,5,10.0,2.0,0.0,0.059
insider_relax,50,50,1.0,1,0.2,5,10.0,2.0,0.0,0.027
lca,50,50,1.0,1,0.2,5,10.0,2.0,0.0,0.013
segdup,50,50,1.0,1,0.2,5,0,0,0,0.068
fastmultrec,50,50,1.0,1,0.2,5,0.0,0.0,0.0,0.053
insider_relax,50,50,1.0,1,0.2,5,0.0,0.0,0.0,0.025
lca,50,50,1.0,1,0.2,5,0.0,0.0,0.0,0.013
segdup,50,50,1.0,1,0.2,5,10,2,0,21.098
fastmultrec,50,50,1.0,1,0.2,5,10.0,2.0,0.0,0.065
insider_relax,50,50,1.0,1,0.2,5,10.0,2.0,0.0,0.020
lca,50,50,1.0,1,0.2,5,10.0,2.0,0.0,0.015
segdup,50,50,1.0,1,0.2,5,10,2,0,27.699
fastmultrec,50,50,1.0,1,0.2,5,10.0,2.0,0.0,0.099
insider_relax,50,50,1.0,1,0.2,5,10.0,2.0,0.0,0.029
lca,50,50,1.0,1,0.2,5,10.0,2.0,0.0,0.023
segdup,50,50,1.0,1,0.2,5,10,2,0,15.186
fastmultrec,50,50,1.0,1,0.2,5,10.0,2.0,0.0,0.076
insider_relax,50,50,1.0,1,0.2,5,10.0,2.0,0.0,0.022
lca,50,50,1.0,1,0.2,5,10.0,2.0,0.0,0.016
segdup,50,50,1.0,1,0.2,10,40,4,0,16.823
fastmultrec,50,50,1.0,1,0.2,10,40.0,4.0,0.0,0.053
insider_relax,50,50,1.0,1,0.2,10,40.0,4.0,0.0,0.020
lca,50,50,1.0,1,0.2,10,40.0,4.0,0.0,0.014
segdup,50,50,1.0,1,0.2,10,10,1,0,4.773
fastmultrec,50,50,1.0,1,0.2,10,10.0,1.0,0.0,0.053
insider_relax,50,50,1.0,1,0.2,10,10.0,1.0,0.0,0.020
lca,50,50,1.0,1,0.2,10,10.0,1.0,0.0,0.012
segdup,50,50,1.0,1,0.2,10,20,2,0,20.479
fastmultrec,50,50,1.0,1,0.2,10,20.0,2.0,0.0,0.063
insider_relax,50,50,1.0,1,0.2,10,20.0,2.0,0.0,0.020
lca,50,50,1.0,1,0.2,10,20.0,2.0,0.0,0.015
segdup,50,50,1.0,1,0.2,10,30,3,0,6.716
fastmultrec,50,50,1.0,1,0.2,10,30.0,3.0,0.0,0.066
insider_relax,50,50,1.0,1,0.2,10,30.0,3.0,0.0,0.024
lca,50,50,1.0,1,0.2,10,30.0,3.0,0.0,0.016
segdup,50,50,1.0,1,0.2,10,10,1,0,13.699
fastmultrec,50,50,1.0,1,0.2,10,10.0,1.0,0.0,0.059
insider_relax,50,50,1.0,1,0.2,10,10.0,1.0,0.0,0.018
lca,50,50,1.0,1,0.2,10,10.0,1.0,0.0,0.013
segdup,50,50,1.0,1,0.2,10,40,4,0,13.334
fastmultrec,50,50,1.0,1,0.2,10,40.0,4.0,0.0,0.068
insider_relax,50,50,1.0,1,0.2,10,40.0,4.0,0.0,0.023
lca,50,50,1.0,1,0.2,10,40.0,4.0,0.0,0.018
segdup,50,50,1.0,1,0.2,10,20,2,0,16.493
fastmultrec,50,50,1.0,1,0.2,10,20.0,2.0,0.0,0.058
insider_relax,50,50,1.0,1,0.2,10,20.0,2.0,0.0,0.018
lca,50,50,1.0,1,0.2,10,20.0,2.0,0.0,0.012
segdup,50,50,1.0,1,0.2,10,40,4,0,19.578
fastmultrec,50,50,1.0,1,0.2,10,40.0,4.0,0.0,0.064
insider_relax,50,50,1.0,1,0.2,10,40.0,4.0,0.0,0.023
lca,50,50,1.0,1,0.2,10,40.0,4.0,0.0,0.015
segdup,50,50,1.0,1,0.2,10,40,4,0,14.330
fastmultrec,50,50,1.0,1,0.2,10,40.0,4.0,0.0,0.078
insider_relax,50,50,1.0,1,0.2,10,40.0,4.0,0.0,0.028
lca,50,50,1.0,1,0.2,10,40.0,4.0,0.0,0.018
segdup,50,50,1.0,1,0.2,10,10,1,0,3.469
fastmultrec,50,50,1.0,1,0.2,10,10.0,1.0,0.0,0.074
insider_relax,50,50,1.0,1,0.2,10,10.0,1.0,0.0,0.020
lca,50,50,1.0,1,0.2,10,10.0,1.0,0.0,0.014
segdup,50,50,1.0,1,0.2,15,60,4,0,13.095
fastmultrec,50,50,1.0,1,0.2,15,60.0,4.0,0.0,0.057
insider_relax,50,50,1.0,1,0.2,15,60.0,4.0,0.0,0.021
lca,50,50,1.0,1,0.2,15,60.0,4.0,0.0,0.013
segdup,50,50,1.0,1,0.2,15,15,1,0,16.903
fastmultrec,50,50,1.0,1,0.2,15,15.0,1.0,0.0,0.054
insider_relax,50,50,1.0,1,0.2,15,15.0,1.0,0.0,0.019
lca,50,50,1.0,1,0.2,15,15.0,1.0,0.0,0.014
segdup,50,50,1.0,1,0.2,15,60,4,0,6.658
fastmultrec,50,50,1.0,1,0.2,15,60.0,4.0,0.0,0.095
insider_relax,50,50,1.0,1,0.2,15,60.0,4.0,0.0,0.033
lca,50,50,1.0,1,0.2,15,60.0,4.0,0.0,0.022
segdup,50,50,1.0,1,0.2,15,90,6,0,25.689
fastmultrec,50,50,1.0,1,0.2,15,90.0,6.0,0.0,0.095
insider_relax,50,50,1.0,1,0.2,15,90.0,6.0,0.0,0.044
lca,50,50,1.0,1,0.2,15,90.0,6.0,0.0,0.021
segdup,50,50,1.0,1,0.2,15,30,2,0,14.755
fastmultrec,50,50,1.0,1,0.2,15,30.0,2.0,0.0,0.061
insider_relax,50,50,1.0,1,0.2,15,30.0,2.0,0.0,0.021
lca,50,50,1.0,1,0.2,15,30.0,2.0,0.0,0.012
segdup,50,50,1.0,1,0.2,15,30,2,0,9.338
fastmultrec,50,50,1.0,1,0.2,15,30.0,2.0,0.0,0.070
insider_relax,50,50,1.0,1,0.2,15,30.0,2.0,0.0,0.020
lca,50,50,1.0,1,0.2,15,30.0,2.0,0.0,0.014
segdup,50,50,1.0,1,0.2,15,15,1,0,3.468
fastmultrec,50,50,1.0,1,0.2,15,15.0,1.0,0.0,0.063
insider_relax,50,50,1.0,1,0.2,15,15.0,1.0,0.0,0.020
lca,50,50,1.0,1,0.2,15,15.0,1.0,0.0,0.014
segdup,50,50,1.0,1,0.2,15,30,2,0,21.981
fastmultrec,50,50,1.0,1,0.2,15,30.0,2.0,0.0,0.069
insider_relax,50,50,1.0,1,0.2,15,30.0,2.0,0.0,0.026
lca,50,50,1.0,1,0.2,15,30.0,2.0,0.0,0.017
segdup,50,50,1.0,1,0.2,15,15,1,0,3.585
fastmultrec,50,50,1.0,1,0.2,15,15.0,1.0,0.0,0.060
insider_relax,50,50,1.0,1,0.2,15,15.0,1.0,0.0,0.023
lca,50,50,1.0,1,0.2,15,15.0,1.0,0.0,0.014
segdup,50,50,1.0,1,0.2,15,30,2,0,3.996
fastmultrec,50,50,1.0,1,0.2,15,30.0,2.0,0.0,0.071
insider_relax,50,50,1.0,1,0.2,15,30.0,2.0,0.0,0.023
lca,50,50,1.0,1,0.2,15,30.0,2.0,0.0,0.015
segdup,50,50,1.0,1,0.2,20,40,2,0,9.715
fastmultrec,50,50,1.0,1,0.2,20,40.0,2.0,0.0,0.062
insider_relax,50,50,1.0,1,0.2,20,40.0,2.0,0.0,0.020
lca,50,50,1.0,1,0.2,20,40.0,2.0,0.0,0.013
segdup,50,50,1.0,1,0.2,20,80,4,0,17.504
fastmultrec,50,50,1.0,1,0.2,20,80.0,4.0,0.0,0.068
insider_relax,50,50,1.0,1,0.2,20,80.0,4.0,0.0,0.023
lca,50,50,1.0,1,0.2,20,80.0,4.0,0.0,0.017
segdup,50,50,1.0,1,0.2,20,40,2,0,12.047
fastmultrec,50,50,1.0,1,0.2,20,40.0,2.0,0.0,0.060
insider_relax,50,50,1.0,1,0.2,20,40.0,2.0,0.0,0.018
lca,50,50,1.0,1,0.2,20,40.0,2.0,0.0,0.013
segdup,50,50,1.0,1,0.2,20,100,5,0,13.771
fastmultrec,50,50,1.0,1,0.2,20,100.0,5.0,0.0,0.055
insider_relax,50,50,1.0,1,0.2,20,100.0,5.0,0.0,0.022
lca,50,50,1.0,1,0.2,20,100.0,5.0,0.0,0.013
segdup,50,50,1.0,1,0.2,20,0,0,0,0.067
fastmultrec,50,50,1.0,1,0.2,20,0.0,0.0,0.0,0.056
insider_relax,50,50,1.0,1,0.2,20,0.0,0.0,0.0,0.020
lca,50,50,1.0,1,0.2,20,0.0,0.0,0.0,0.013
segdup,50,50,1.0,1,0.2,20,40,2,0,20.585
fastmultrec,50,50,1.0,1,0.2,20,40.0,2.0,0.0,0.068
insider_relax,50,50,1.0,1,0.2,20,40.0,2.0,0.0,0.022
lca,50,50,1.0,1,0.2,20,40.0,2.0,0.0,0.015
segdup,50,50,1.0,1,0.2,20,0,0,0,0.067
fastmultrec,50,50,1.0,1,0.2,20,0.0,0.0,0.0,0.052
insider_relax,50,50,1.0,1,0.2,20,0.0,0.0,0.0,0.017
lca,50,50,1.0,1,0.2,20,0.0,0.0,0.0,0.015
segdup,50,50,1.0,1,0.2,20,80,4,0,9.927
fastmultrec,50,50,1.0,1,0.2,20,80.0,4.0,0.0,0.086
insider_relax,50,50,1.0,1,0.2,20,80.0,4.0,0.0,0.020
lca,50,50,1.0,1,0.2,20,80.0,4.0,0.0,0.013
segdup,50,50,1.0,1,0.2,20,40,2,0,10.857
fastmultrec,50,50,1.0,1,0.2,20,40.0,2.0,0.0,0.058
insider_relax,50,50,1.0,1,0.2,20,40.0,2.0,0.0,0.018
lca,50,50,1.0,1,0.2,20,40.0,2.0,0.0,0.012
segdup,50,50,1.0,1,0.2,20,80,4,0,15.642
fastmultrec,50,50,1.0,1,0.2,20,80.0,4.0,0.0,0.061
insider_relax,50,50,1.0,1,0.2,20,80.0,4.0,0.0,0.022
lca,50,50,1.0,1,0.2,20,80.0,4.0,0.0,0.014
segdup,50,50,3.0,1,1,25,150,6,0,49.249
fastmultrec,50,50,3.0,1,1,25,150.0,6.0,0.0,0.225
insider_relax,50,50,3.0,1,1,25,150.0,6.0,0.0,0.075
lca,50,50,3.0,1,1,25,150.0,6.0,0.0,0.053
segdup,50,50,3.0,1,1,25,325,13,0,1838.808
fastmultrec,50,50,3.0,1,1,25,325.0,13.0,0.0,10.391
insider_relax,50,50,3.0,1,1,25,325.0,13.0,0.0,2.266
lca,50,50,3.0,1,1,25,325.0,13.0,0.0,1.167
segdup,50,50,3.0,1,1,25,275,11,0,155.064
fastmultrec,50,50,3.0,1,1,25,275.0,11.0,0.0,0.645
insider_relax,50,50,3.0,1,1,25,275.0,11.0,0.0,0.203
lca,50,50,3.0,1,1,25,275.0,11.0,0.0,0.121
segdup,50,50,3.0,1,1,25,425,17,0,121.664
fastmultrec,50,50,3.0,1,1,25,425.0,17.0,0.0,1.270
insider_relax,50,50,3.0,1,1,25,425.0,17.0,0.0,0.237
lca,50,50,3.0,1,1,25,425.0,17.0,0.0,0.169
segdup,50,50,3.0,1,1,25,225,9,0,93.386
fastmultrec,50,50,3.0,1,1,25,225.0,9.0,0.0,0.334
insider_relax,50,50,3.0,1,1,25,225.0,9.0,0.0,0.120
lca,50,50,3.0,1,1,25,225.0,9.0,0.0,0.074
segdup,50,50,3.0,1,1,25,175,7,0,16.717
fastmultrec,50,50,3.0,1,1,25,175.0,7.0,0.0,0.136
insider_relax,50,50,3.0,1,1,25,175.0,7.0,0.0,0.040
lca,50,50,3.0,1,1,25,175.0,7.0,0.0,0.025
segdup,50,50,3.0,1,1,25,125,5,0,9.957
fastmultrec,50,50,3.0,1,1,25,125.0,5.0,0.0,0.063
insider_relax,50,50,3.0,1,1,25,125.0,5.0,0.0,0.019
lca,50,50,3.0,1,1,25,125.0,5.0,0.0,0.015
segdup,50,50,3.0,1,1,25,175,7,0,325.073
fastmultrec,50,50,3.0,1,1,25,175.0,7.0,0.0,1.168
insider_relax,50,50,3.0,1,1,25,175.0,7.0,0.0,0.354
lca,50,50,3.0,1,1,25,175.0,7.0,0.0,0.199
segdup,50,50,3.0,1,1,25,225,9,0,465.951
fastmultrec,50,50,3.0,1,1,25,225.0,9.0,0.0,2.218
insider_relax,50,50,3.0,1,1,25,225.0,9.0,0.0,0.575
lca,50,50,3.0,1,1,25,225.0,9.0,0.0,0.344
segdup,50,50,3.0,1,1,25,50,2,0,32.103
fastmultrec,50,50,3.0,1,1,25,50.0,2.0,0.0,0.127
insider_relax,50,50,3.0,1,1,25,50.0,2.0,0.0,0.034
lca,50,50,3.0,1,1,25,50.0,2.0,0.0,0.023
segdup,50,50,3.0,1,1,5,20,4,0,64.641
fastmultrec,50,50,3.0,1,1,5,20.0,4.0,0.0,0.141
insider_relax,50,50,3.0,1,1,5,20.0,4.0,0.0,0.049
lca,50,50,3.0,1,1,5,20.0,4.0,0.0,0.030
segdup,50,50,3.0,1,1,5,25,5,0,74.424
fastmultrec,50,50,3.0,1,1,5,25.0,5.0,0.0,0.136
insider_relax,50,50,3.0,1,1,5,25.0,5.0,0.0,0.051
lca,50,50,3.0,1,1,5,25.0,5.0,0.0,0.033
segdup,50,50,3.0,1,1,5,40,8,0,25.767
fastmultrec,50,50,3.0,1,1,5,40.0,8.0,0.0,0.133
insider_relax,50,50,3.0,1,1,5,40.0,8.0,0.0,0.048
lca,50,50,3.0,1,1,5,40.0,8.0,0.0,0.031
segdup,50,50,3.0,1,1,5,15,3,0,30.461
fastmultrec,50,50,3.0,1,1,5,15.0,3.0,0.0,0.106
insider_relax,50,50,3.0,1,1,5,15.0,3.0,0.0,0.049
lca,50,50,3.0,1,1,5,15.0,3.0,0.0,0.028
segdup,50,50,3.0,1,1,5,45,9,0,47.368
fastmultrec,50,50,3.0,1,1,5,45.0,9.0,0.0,0.124
insider_relax,50,50,3.0,1,1,5,45.0,9.0,0.0,0.041
lca,50,50,3.0,1,1,5,45.0,9.0,0.0,0.026
segdup,50,50,3.0,1,1,5,50,10,0,146.250
fastmultrec,50,50,3.0,1,1,5,50.0,10.0,0.0,0.359
insider_relax,50,50,3.0,1,1,5,50.0,10.0,0.0,0.124
lca,50,50,3.0,1,1,5,50.0,10.0,0.0,0.075
segdup,50,50,3.0,1,1,5,10,2,0,61.575
fastmultrec,50,50,3.0,1,1,5,10.0,2.0,0.0,0.104
insider_relax,50,50,3.0,1,1,5,10.0,2.0,0.0,0.042
lca,50,50,3.0,1,1,5,10.0,2.0,0.0,0.024
segdup,50,50,3.0,1,1,5,30,6,0,397.771
fastmultrec,50,50,3.0,1,1,5,30.0,6.0,0.0,0.645
insider_relax,50,50,3.0,1,1,5,30.0,6.0,0.0,0.199
lca,50,50,3.0,1,1,5,30.0,6.0,0.0,0.126
segdup,50,50,3.0,1,1,5,25,5,0,71.959
fastmultrec,50,50,3.0,1,1,5,25.0,5.0,0.0,0.251
insider_relax,50,50,3.0,1,1,5,25.0,5.0,0.0,0.087
lca,50,50,3.0,1,1,5,25.0,5.0,0.0,0.057
segdup,50,50,3.0,1,1,5,10,2,0,21.032
fastmultrec,50,50,3.0,1,1,5,10.0,2.0,0.0,0.054
insider_relax,50,50,3.0,1,1,5,10.0,2.0,0.0,0.021
lca,50,50,3.0,1,1,5,10.0,2.0,0.0,0.013
segdup,50,50,3.0,1,1,10,120,12,0,2011.368
fastmultrec,50,50,3.0,1,1,10,120.0,12.0,0.0,30.893
insider_relax,50,50,3.0,1,1,10,120.0,12.0,0.0,2.870
lca,50,50,3.0,1,1,10,120.0,12.0,0.0,1.583
segdup,50,50,3.0,1,1,10,110,11,0,1489.921
fastmultrec,50,50,3.0,1,1,10,110.0,11.0,0.0,5.512
insider_relax,50,50,3.0,1,1,10,110.0,11.0,0.0,1.579
lca,50,50,3.0,1,1,10,110.0,11.0,0.0,0.982
segdup,50,50,3.0,1,1,10,80,8,0,27.777
fastmultrec,50,50,3.0,1,1,10,80.0,8.0,0.0,0.085
insider_relax,50,50,3.0,1,1,10,80.0,8.0,0.0,0.026
lca,50,50,3.0,1,1,10,80.0,8.0,0.0,0.017
segdup,50,50,3.0,1,1,10,40,4,0,4.884
fastmultrec,50,50,3.0,1,1,10,40.0,4.0,0.0,0.092
insider_relax,50,50,3.0,1,1,10,40.0,4.0,0.0,0.027
lca,50,50,3.0,1,1,10,40.0,4.0,0.0,0.021
segdup,50,50,3.0,1,1,10,60,6,0,866.537
fastmultrec,50,50,3.0,1,1,10,60.0,6.0,0.0,1.575
insider_relax,50,50,3.0,1,1,10,60.0,6.0,0.0,0.575
lca,50,50,3.0,1,1,10,60.0,6.0,0.0,0.318
segdup,50,50,3.0,1,1,10,70,7,0,84.678
fastmultrec,50,50,3.0,1,1,10,70.0,7.0,0.0,0.232
insider_relax,50,50,3.0,1,1,10,70.0,7.0,0.0,0.082
lca,50,50,3.0,1,1,10,70.0,7.0,0.0,0.062
segdup,50,50,3.0,1,1,10,100,10,0,1717.858
fastmultrec,50,50,3.0,1,1,10,100.0,10.0,0.0,5.154
insider_relax,50,50,3.0,1,1,10,100.0,10.0,0.0,0.577
lca,50,50,3.0,1,1,10,100.0,10.0,0.0,0.479
segdup,50,50,3.0,1,1,10,60,6,0,69.933
fastmultrec,50,50,3.0,1,1,10,60.0,6.0,0.0,0.198
insider_relax,50,50,3.0,1,1,10,60.0,6.0,0.0,0.062
lca,50,50,3.0,1,1,10,60.0,6.0,0.0,0.044
segdup,50,50,3.0,1,1,10,80,8,0,244.762
fastmultrec,50,50,3.0,1,1,10,80.0,8.0,0.0,1.740
insider_relax,50,50,3.0,1,1,10,80.0,8.0,0.0,0.515
lca,50,50,3.0,1,1,10,80.0,8.0,0.0,0.297
segdup,50,50,3.0,1,1,10,70,7,0,416.682
fastmultrec,50,50,3.0,1,1,10,70.0,7.0,0.0,0.774
insider_relax,50,50,3.0,1,1,10,70.0,7.0,0.0,0.261
lca,50,50,3.0,1,1,10,70.0,7.0,0.0,0.150
segdup,50,50,3.0,1,1,15,105,7,0,90.065
fastmultrec,50,50,3.0,1,1,15,105.0,7.0,0.0,0.529
insider_relax,50,50,3.0,1,1,15,105.0,7.0,0.0,0.168
lca,50,50,3.0,1,1,15,105.0,7.0,0.0,0.102
segdup,50,50,3.0,1,1,15,105,7,0,862.081
fastmultrec,50,50,3.0,1,1,15,105.0,7.0,0.0,1.329
insider_relax,50,50,3.0,1,1,15,105.0,7.0,0.0,0.447
lca,50,50,3.0,1,1,15,105.0,7.0,0.0,0.250
segdup,50,50,3.0,1,1,15,120,8,0,133.266
fastmultrec,50,50,3.0,1,1,15,120.0,8.0,0.0,0.365
insider_relax,50,50,3.0,1,1,15,120.0,8.0,0.0,0.118
lca,50,50,3.0,1,1,15,120.0,8.0,0.0,0.072
segdup,50,50,3.0,1,1,15,45,3,0,18.072
fastmultrec,50,50,3.0,1,1,15,45.0,3.0,0.0,0.106
insider_relax,50,50,3.0,1,1,15,45.0,3.0,0.0,0.036
lca,50,50,3.0,1,1,15,45.0,3.0,0.0,0.027
segdup,50,50,3.0,1,1,15,105,7,0,29.100
fastmultrec,50,50,3.0,1,1,15,105.0,7.0,0.0,0.172
insider_relax,50,50,3.0,1,1,15,105.0,7.0,0.0,0.048
lca,50,50,3.0,1,1,15,105.0,7.0,0.0,0.032
segdup,50,50,3.0,1,1,15,45,3,0,20.235
fastmultrec,50,50,3.0,1,1,15,45.0,3.0,0.0,0.066
insider_relax,50,50,3.0,1,1,15,45.0,3.0,0.0,0.021
lca,50,50,3.0,1,1,15,45.0,3.0,0.0,0.014
segdup,50,50,3.0,1,1,15,75,5,0,75.376
fastmultrec,50,50,3.0,1,1,15,75.0,5.0,0.0,0.187
insider_relax,50,50,3.0,1,1,15,75.0,5.0,0.0,0.055
lca,50,50,3.0,1,1,15,75.0,5.0,0.0,0.035
segdup,50,50,3.0,1,1,15,75,5,0,7.021
fastmultrec,50,50,3.0,1,1,15,75.0,5.0,0.0,0.066
insider_relax,50,50,3.0,1,1,15,75.0,5.0,0.0,0.022
lca,50,50,3.0,1,1,15,75.0,5.0,0.0,0.017
segdup,50,50,3.0,1,1,15,105,7,0,57.850
fastmultrec,50,50,3.0,1,1,15,105.0,7.0,0.0,0.278
insider_relax,50,50,3.0,1,1,15,105.0,7.0,0.0,0.094
lca,50,50,3.0,1,1,15,105.0,7.0,0.0,0.063
segdup,50,50,3.0,1,1,15,75,5,0,262.129
fastmultrec,50,50,3.0,1,1,15,75.0,5.0,0.0,0.474
insider_relax,50,50,3.0,1,1,15,75.0,5.0,0.0,0.163
lca,50,50,3.0,1,1,15,75.0,5.0,0.0,0.087
segdup,50,50,3.0,1,1,20,200,10,0,1467.568
fastmultrec,50,50,3.0,1,1,20,200.0,10.0,0.0,5.148
insider_relax,50,50,3.0,1,1,20,200.0,10.0,0.0,1.174
lca,50,50,3.0,1,1,20,200.0,10.0,0.0,0.635
segdup,50,50,3.0,1,1,20,140,7,0,166.631
fastmultrec,50,50,3.0,1,1,20,140.0,7.0,0.0,0.571
insider_relax,50,50,3.0,1,1,20,140.0,7.0,0.0,0.196
lca,50,50,3.0,1,1,20,140.0,7.0,0.0,0.112
segdup,50,50,3.0,1,1,20,180,9,0,197.209
fastmultrec,50,50,3.0,1,1,20,180.0,9.0,0.0,1.300
insider_relax,50,50,3.0,1,1,20,180.0,9.0,0.0,0.414
lca,50,50,3.0,1,1,20,180.0,9.0,0.0,0.252
segdup,50,50,3.0,1,1,20,180,9,0,94.237
fastmultrec,50,50,3.0,1,1,20,180.0,9.0,0.0,0.265
insider_relax,50,50,3.0,1,1,20,180.0,9.0,0.0,0.084
lca,50,50,3.0,1,1,20,180.0,9.0,0.0,0.069
segdup,50,50,3.0,1,1,20,120,6,0,72.341
fastmultrec,50,50,3.0,1,1,20,120.0,6.0,0.0,0.321
insider_relax,50,50,3.0,1,1,20,120.0,6.0,0.0,0.113
lca,50,50,3.0,1,1,20,120.0,6.0,0.0,0.061
segdup,50,50,3.0,1,1,20,100,5,0,24.971
fastmultrec,50,50,3.0,1,1,20,100.0,5.0,0.0,0.206
insider_relax,50,50,3.0,1,1,20,100.0,5.0,0.0,0.059
lca,50,50,3.0,1,1,20,100.0,5.0,0.0,0.040
segdup,50,50,3.0,1,1,20,160,8,0,58.144
fastmultrec,50,50,3.0,1,1,20,160.0,8.0,0.0,0.227
insider_relax,50,50,3.0,1,1,20,160.0,8.0,0.0,0.072
lca,50,50,3.0,1,1,20,160.0,8.0,0.0,0.047
segdup,50,50,3.0,1,1,20,120,6,0,229.076
fastmultrec,50,50,3.0,1,1,20,120.0,6.0,0.0,0.717
insider_relax,50,50,3.0,1,1,20,120.0,6.0,0.0,0.228
lca,50,50,3.0,1,1,20,120.0,6.0,0.0,0.139
segdup,50,50,3.0,1,1,20,100,5,0,98.898
fastmultrec,50,50,3.0,1,1,20,100.0,5.0,0.0,0.450
insider_relax,50,50,3.0,1,1,20,100.0,5.0,0.0,0.157
lca,50,50,3.0,1,1,20,100.0,5.0,0.0,0.085
segdup,50,50,3.0,1,1,20,140,7,0,560.977
fastmultrec,50,50,3.0,1,1,20,140.0,7.0,0.0,1.577
insider_relax,50,50,3.0,1,1,20,140.0,7.0,0.0,0.569
lca,50,50,3.0,1,1,20,140.0,7.0,0.0,0.315
segdup,50,50,3.0,1,0.5,25,150,6,0,16.329
fastmultrec,50,50,3.0,1,0.5,25,150.0,6.0,0.0,0.207
insider_relax,50,50,3.0,1,0.5,25,150.0,6.0,0.0,0.070
lca,50,50,3.0,1,0.5,25,150.0,6.0,0.0,0.043
segdup,50,50,3.0,1,0.5,25,75,3,0,22.233
fastmultrec,50,50,3.0,1,0.5,25,75.0,3.0,0.0,0.110
insider_relax,50,50,3.0,1,0.5,25,75.0,3.0,0.0,0.037
lca,50,50,3.0,1,0.5,25,75.0,3.0,0.0,0.036
segdup,50,50,3.0,1,0.5,25,125,5,0,25.694
fastmultrec,50,50,3.0,1,0.5,25,125.0,5.0,0.0,0.319
insider_relax,50,50,3.0,1,0.5,25,125.0,5.0,0.0,0.082
lca,50,50,3.0,1,0.5,25,125.0,5.0,0.0,0.055
segdup,50,50,3.0,1,0.5,25,225,9,0,41.601
fastmultrec,50,50,3.0,1,0.5,25,225.0,9.0,0.0,0.192
insider_relax,50,50,3.0,1,0.5,25,225.0,9.0,0.0,0.059
lca,50,50,3.0,1,0.5,25,225.0,9.0,0.0,0.036
segdup,50,50,3.0,1,0.5,25,150,6,0,127.756
fastmultrec,50,50,3.0,1,0.5,25,150.0,6.0,0.0,0.288
insider_relax,50,50,3.0,1,0.5,25,150.0,6.0,0.0,0.100
lca,50,50,3.0,1,0.5,25,150.0,6.0,0.0,0.061
segdup,50,50,3.0,1,0.5,25,75,3,0,30.999
fastmultrec,50,50,3.0,1,0.5,25,75.0,3.0,0.0,0.114
insider_relax,50,50,3.0,1,0.5,25,75.0,3.0,0.0,0.040
lca,50,50,3.0,1,0.5,25,75.0,3.0,0.0,0.025
segdup,50,50,3.0,1,0.5,25,150,6,0,10.808
fastmultrec,50,50,3.0,1,0.5,25,150.0,6.0,0.0,0.073
insider_relax,50,50,3.0,1,0.5,25,150.0,6.0,0.0,0.022
lca,50,50,3.0,1,0.5,25,150.0,6.0,0.0,0.016
segdup,50,50,3.0,1,0.5,25,175,7,0,21.543
fastmultrec,50,50,3.0,1,0.5,25,175.0,7.0,0.0,0.084
insider_relax,50,50,3.0,1,0.5,25,175.0,7.0,0.0,0.029
lca,50,50,3.0,1,0.5,25,175.0,7.0,0.0,0.021
segdup,50,50,3.0,1,0.5,25,150,6,0,16.863
fastmultrec,50,50,3.0,1,0.5,25,150.0,6.0,0.0,0.100
insider_relax,50,50,3.0,1,0.5,25,150.0,6.0,0.0,0.034
lca,50,50,3.0,1,0.5,25,150.0,6.0,0.0,0.026
segdup,50,50,3.0,1,0.5,25,250,10,0,73.977
fastmultrec,50,50,3.0,1,0.5,25,250.0,10.0,0.0,0.160
insider_relax,50,50,3.0,1,0.5,25,250.0,10.0,0.0,0.060
lca,50,50,3.0,1,0.5,25,250.0,10.0,0.0,0.040
segdup,50,50,3.0,1,0.5,5,20,4,0,55.356
fastmultrec,50,50,3.0,1,0.5,5,20.0,4.0,0.0,0.157
insider_relax,50,50,3.0,1,0.5,5,20.0,4.0,0.0,0.051
lca,50,50,3.0,1,0.5,5,20.0,4.0,0.0,0.033
segdup,50,50,3.0,1,0.5,5,25,5,0,81.051
fastmultrec,50,50,3.0,1,0.5,5,25.0,5.0,0.0,0.140
insider_relax,50,50,3.0,1,0.5,5,25.0,5.0,0.0,0.045
lca,50,50,3.0,1,0.5,5,25.0,5.0,0.0,0.028
segdup,50,50,3.0,1,0.5,5,45,9,0,39.784
fastmultrec,50,50,3.0,1,0.5,5,45.0,9.0,0.0,0.108
insider_relax,50,50,3.0,1,0.5,5,45.0,9.0,0.0,0.038
lca,50,50,3.0,1,0.5,5,45.0,9.0,0.0,0.019
segdup,50,50,3.0,1,0.5,5,5,1,0,30.272
fastmultrec,50,50,3.0,1,0.5,5,5.0,1.0,0.0,0.081
insider_relax,50,50,3.0,1,0.5,5,5.0,1.0,0.0,0.025
lca,50,50,3.0,1,0.5,5,5.0,1.0,0.0,0.019
segdup,50,50,3.0,1,0.5,5,35,7,0,46.691
fastmultrec,50,50,3.0,1,0.5,5,35.0,7.0,0.0,0.430
insider_relax,50,50,3.0,1,0.5,5,35.0,7.0,0.0,0.158
lca,50,50,3.0,1,0.5,5,35.0,7.0,0.0,0.084
segdup,50,50,3.0,1,0.5,5,35,7,0,157.557
fastmultrec,50,50,3.0,1,0.5,5,35.0,7.0,0.0,0.266
insider_relax,50,50,3.0,1,0.5,5,35.0,7.0,0.0,0.084
lca,50,50,3.0,1,0.5,5,35.0,7.0,0.0,0.056
segdup,50,50,3.0,1,0.5,5,25,5,0,46.978
fastmultrec,50,50,3.0,1,0.5,5,25.0,5.0,0.0,0.116
insider_relax,50,50,3.0,1,0.5,5,25.0,5.0,0.0,0.040
lca,50,50,3.0,1,0.5,5,25.0,5.0,0.0,0.025
segdup,50,50,3.0,1,0.5,5,30,6,0,45.166
fastmultrec,50,50,3.0,1,0.5,5,30.0,6.0,0.0,0.079
insider_relax,50,50,3.0,1,0.5,5,30.0,6.0,0.0,0.038
lca,50,50,3.0,1,0.5,5,30.0,6.0,0.0,0.026
segdup,50,50,3.0,1,0.5,5,25,5,0,32.692
fastmultrec,50,50,3.0,1,0.5,5,25.0,5.0,0.0,0.086
insider_relax,50,50,3.0,1,0.5,5,25.0,5.0,0.0,0.030
lca,50,50,3.0,1,0.5,5,25.0,5.0,0.0,0.025
segdup,50,50,3.0,1,0.5,5,30,6,0,38.608
fastmultrec,50,50,3.0,1,0.5,5,30.0,6.0,0.0,0.090
insider_relax,50,50,3.0,1,0.5,5,30.0,6.0,0.0,0.038
lca,50,50,3.0,1,0.5,5,30.0,6.0,0.0,0.023
segdup,50,50,3.0,1,0.5,10,70,7,0,40.089
fastmultrec,50,50,3.0,1,0.5,10,70.0,7.0,0.0,0.115
insider_relax,50,50,3.0,1,0.5,10,70.0,7.0,0.0,0.037
lca,50,50,3.0,1,0.5,10,70.0,7.0,0.0,0.027
segdup,50,50,3.0,1,0.5,10,50,5,0,55.208
fastmultrec,50,50,3.0,1,0.5,10,50.0,5.0,0.0,0.098
insider_relax,50,50,3.0,1,0.5,10,50.0,5.0,0.0,0.038
lca,50,50,3.0,1,0.5,10,50.0,5.0,0.0,0.027
segdup,50,50,3.0,1,0.5,10,40,4,0,12.431
fastmultrec,50,50,3.0,1,0.5,10,40.0,4.0,0.0,0.058
insider_relax,50,50,3.0,1,0.5,10,40.0,4.0,0.0,0.024
lca,50,50,3.0,1,0.5,10,40.0,4.0,0.0,0.012
segdup,50,50,3.0,1,0.5,10,40,4,0,3.762
fastmultrec,50,50,3.0,1,0.5,10,40.0,4.0,0.0,0.063
insider_relax,50,50,3.0,1,0.5,10,40.0,4.0,0.0,0.020
lca,50,50,3.0,1,0.5,10,40.0,4.0,0.0,0.014
segdup,50,50,3.0,1,0.5,10,20,2,0,13.050
fastmultrec,50,50,3.0,1,0.5,10,20.0,2.0,0.0,0.057
insider_relax,50,50,3.0,1,0.5,10,20.0,2.0,0.0,0.021
lca,50,50,3.0,1,0.5,10,20.0,2.0,0.0,0.012
segdup,50,50,3.0,1,0.5,10,50,5,0,11.199
fastmultrec,50,50,3.0,1,0.5,10,50.0,5.0,0.0,0.132
insider_relax,50,50,3.0,1,0.5,10,50.0,5.0,0.0,0.046
lca,50,50,3.0,1,0.5,10,50.0,5.0,0.0,0.034
segdup,50,50,3.0,1,0.5,10,50,5,0,46.309
fastmultrec,50,50,3.0,1,0.5,10,50.0,5.0,0.0,0.096
insider_relax,50,50,3.0,1,0.5,10,50.0,5.0,0.0,0.036
lca,50,50,3.0,1,0.5,10,50.0,5.0,0.0,0.024
segdup,50,50,3.0,1,0.5,10,40,4,0,18.590
fastmultrec,50,50,3.0,1,0.5,10,40.0,4.0,0.0,0.067
insider_relax,50,50,3.0,1,0.5,10,40.0,4.0,0.0,0.023
lca,50,50,3.0,1,0.5,10,40.0,4.0,0.0,0.015
segdup,50,50,3.0,1,0.5,10,30,3,0,15.978
fastmultrec,50,50,3.0,1,0.5,10,30.0,3.0,0.0,0.077
insider_relax,50,50,3.0,1,0.5,10,30.0,3.0,0.0,0.025
lca,50,50,3.0,1,0.5,10,30.0,3.0,0.0,0.018
segdup,50,50,3.0,1,0.5,10,80,8,0,18.736
fastmultrec,50,50,3.0,1,0.5,10,80.0,8.0,0.0,0.105
insider_relax,50,50,3.0,1,0.5,10,80.0,8.0,0.0,0.038
lca,50,50,3.0,1,0.5,10,80.0,8.0,0.0,0.023
segdup,50,50,3.0,1,0.5,15,90,6,0,34.194
fastmultrec,50,50,3.0,1,0.5,15,90.0,6.0,0.0,0.115
insider_relax,50,50,3.0,1,0.5,15,90.0,6.0,0.0,0.044
lca,50,50,3.0,1,0.5,15,90.0,6.0,0.0,0.026
segdup,50,50,3.0,1,0.5,15,180,12,0,43.987
fastmultrec,50,50,3.0,1,0.5,15,180.0,12.0,0.0,0.116
insider_relax,50,50,3.0,1,0.5,15,180.0,12.0,0.0,0.047
lca,50,50,3.0,1,0.5,15,180.0,12.0,0.0,0.027
segdup,50,50,3.0,1,0.5,15,75,5,0,43.943
fastmultrec,50,50,3.0,1,0.5,15,75.0,5.0,0.0,0.144
insider_relax,50,50,3.0,1,0.5,15,75.0,5.0,0.0,0.045
lca,50,50,3.0,1,0.5,15,75.0,5.0,0.0,0.028
segdup,50,50,3.0,1,0.5,15,105,7,0,25.082
fastmultrec,50,50,3.0,1,0.5,15,105.0,7.0,0.0,0.079
insider_relax,50,50,3.0,1,0.5,15,105.0,7.0,0.0,0.028
lca,50,50,3.0,1,0.5,15,105.0,7.0,0.0,0.020
segdup,50,50,3.0,1,0.5,15,135,9,0,528.735
fastmultrec,50,50,3.0,1,0.5,15,135.0,9.0,0.0,0.984
insider_relax,50,50,3.0,1,0.5,15,135.0,9.0,0.0,0.266
lca,50,50,3.0,1,0.5,15,135.0,9.0,0.0,0.152
segdup,50,50,3.0,1,0.5,15,165,11,0,2348.499
fastmultrec,50,50,3.0,1,0.5,15,165.0,11.0,0.0,2.571
insider_relax,50,50,3.0,1,0.5,15,165.0,11.0,0.0,0.926
lca,50,50,3.0,1,0.5,15,165.0,11.0,0.0,0.472
segdup,50,50,3.0,1,0.5,15,60,4,0,23.229
fastmultrec,50,50,3.0,1,0.5,15,60.0,4.0,0.0,0.086
insider_relax,50,50,3.0,1,0.5,15,60.0,4.0,0.0,0.029
lca,50,50,3.0,1,0.5,15,60.0,4.0,0.0,0.019
segdup,50,50,3.0,1,0.5,15,90,6,0,13.096
fastmultrec,50,50,3.0,1,0.5,15,90.0,6.0,0.0,0.074
insider_relax,50,50,3.0,1,0.5,15,90.0,6.0,0.0,0.022
lca,50,50,3.0,1,0.5,15,90.0,6.0,0.0,0.015
segdup,50,50,3.0,1,0.5,15,60,4,0,36.945
fastmultrec,50,50,3.0,1,0.5,15,60.0,4.0,0.0,0.089
insider_relax,50,50,3.0,1,0.5,15,60.0,4.0,0.0,0.035
lca,50,50,3.0,1,0.5,15,60.0,4.0,0.0,0.023
segdup,50,50,3.0,1,0.5,15,75,5,0,25.542
fastmultrec,50,50,3.0,1,0.5,15,75.0,5.0,0.0,0.096
insider_relax,50,50,3.0,1,0.5,15,75.0,5.0,0.0,0.039
lca,50,50,3.0,1,0.5,15,75.0,5.0,0.0,0.021
segdup,50,50,3.0,1,0.5,20,200,10,0,1034.318
fastmultrec,50,50,3.0,1,0.5,20,200.0,10.0,0.0,1.210
insider_relax,50,50,3.0,1,0.5,20,200.0,10.0,0.0,0.442
lca,50,50,3.0,1,0.5,20,200.0,10.0,0.0,0.268
segdup,50,50,3.0,1,0.5,20,80,4,0,21.115
fastmultrec,50,50,3.0,1,0.5,20,80.0,4.0,0.0,0.097
insider_relax,50,50,3.0,1,0.5,20,80.0,4.0,0.0,0.036
lca,50,50,3.0,1,0.5,20,80.0,4.0,0.0,0.020
segdup,50,50,3.0,1,0.5,20,80,4,0,15.252
fastmultrec,50,50,3.0,1,0.5,20,80.0,4.0,0.0,0.091
insider_relax,50,50,3.0,1,0.5,20,80.0,4.0,0.0,0.026
lca,50,50,3.0,1,0.5,20,80.0,4.0,0.0,0.018
segdup,50,50,3.0,1,0.5,20,120,6,0,22.007
fastmultrec,50,50,3.0,1,0.5,20,120.0,6.0,0.0,0.069
insider_relax,50,50,3.0,1,0.5,20,120.0,6.0,0.0,0.027
lca,50,50,3.0,1,0.5,20,120.0,6.0,0.0,0.016
segdup,50,50,3.0,1,0.5,20,160,8,0,87.979
fastmultrec,50,50,3.0,1,0.5,20,160.0,8.0,0.0,0.230
insider_relax,50,50,3.0,1,0.5,20,160.0,8.0,0.0,0.082
lca,50,50,3.0,1,0.5,20,160.0,8.0,0.0,0.052
segdup,50,50,3.0,1,0.5,20,140,7,0,93.038
fastmultrec,50,50,3.0,1,0.5,20,140.0,7.0,0.0,0.314
insider_relax,50,50,3.0,1,0.5,20,140.0,7.0,0.0,0.113
lca,50,50,3.0,1,0.5,20,140.0,7.0,0.0,0.063
segdup,50,50,3.0,1,0.5,20,120,6,0,35.871
fastmultrec,50,50,3.0,1,0.5,20,120.0,6.0,0.0,0.181
insider_relax,50,50,3.0,1,0.5,20,120.0,6.0,0.0,0.062
lca,50,50,3.0,1,0.5,20,120.0,6.0,0.0,0.038
segdup,50,50,3.0,1,0.5,20,220,11,0,221.097
fastmultrec,50,50,3.0,1,0.5,20,220.0,11.0,0.0,0.574
insider_relax,50,50,3.0,1,0.5,20,220.0,11.0,0.0,0.219
lca,50,50,3.0,1,0.5,20,220.0,11.0,0.0,0.123
segdup,50,50,3.0,1,0.5,20,120,6,0,33.581
fastmultrec,50,50,3.0,1,0.5,20,120.0,6.0,0.0,0.128
insider_relax,50,50,3.0,1,0.5,20,120.0,6.0,0.0,0.038
lca,50,50,3.0,1,0.5,20,120.0,6.0,0.0,0.027
segdup,50,50,3.0,1,0.5,20,200,10,0,83.698
fastmultrec,50,50,3.0,1,0.5,20,200.0,10.0,0.0,0.331
insider_relax,50,50,3.0,1,0.5,20,200.0,10.0,0.0,0.130
lca,50,50,3.0,1,0.5,20,200.0,10.0,0.0,0.073
segdup,50,50,3.0,1,0.8,25,125,5,0,20.628
fastmultrec,50,50,3.0,1,0.8,25,125.0,5.0,0.0,0.085
insider_relax,50,50,3.0,1,0.8,25,125.0,5.0,0.0,0.031
lca,50,50,3.0,1,0.8,25,125.0,5.0,0.0,0.021
segdup,50,50,3.0,1,0.8,25,200,8,0,93.755
fastmultrec,50,50,3.0,1,0.8,25,200.0,8.0,0.0,0.311
insider_relax,50,50,3.0,1,0.8,25,200.0,8.0,0.0,0.105
lca,50,50,3.0,1,0.8,25,200.0,8.0,0.0,0.063
segdup,50,50,3.0,1,0.8,25,75,3,0,17.357
fastmultrec,50,50,3.0,1,0.8,25,75.0,3.0,0.0,0.072
insider_relax,50,50,3.0,1,0.8,25,75.0,3.0,0.0,0.022
lca,50,50,3.0,1,0.8,25,75.0,3.0,0.0,0.015
segdup,50,50,3.0,1,0.8,25,175,7,0,108.761
fastmultrec,50,50,3.0,1,0.8,25,175.0,7.0,0.0,0.326
insider_relax,50,50,3.0,1,0.8,25,175.0,7.0,0.0,0.111
lca,50,50,3.0,1,0.8,25,175.0,7.0,0.0,0.063
segdup,50,50,3.0,1,0.8,25,150,6,0,37.498
fastmultrec,50,50,3.0,1,0.8,25,150.0,6.0,0.0,0.146
insider_relax,50,50,3.0,1,0.8,25,150.0,6.0,0.0,0.050
lca,50,50,3.0,1,0.8,25,150.0,6.0,0.0,0.032
segdup,50,50,3.0,1,0.8,25,275,11,0,37.847
fastmultrec,50,50,3.0,1,0.8,25,275.0,11.0,0.0,0.142
insider_relax,50,50,3.0,1,0.8,25,275.0,11.0,0.0,0.053
lca,50,50,3.0,1,0.8,25,275.0,11.0,0.0,0.037
segdup,50,50,3.0,1,0.8,25,50,2,0,16.373
fastmultrec,50,50,3.0,1,0.8,25,50.0,2.0,0.0,0.080
insider_relax,50,50,3.0,1,0.8,25,50.0,2.0,0.0,0.026
lca,50,50,3.0,1,0.8,25,50.0,2.0,0.0,0.018
segdup,50,50,3.0,1,0.8,25,150,6,0,59.368
fastmultrec,50,50,3.0,1,0.8,25,150.0,6.0,0.0,0.203
insider_relax,50,50,3.0,1,0.8,25,150.0,6.0,0.0,0.069
lca,50,50,3.0,1,0.8,25,150.0,6.0,0.0,0.049
segdup,50,50,3.0,1,0.8,25,50,2,0,29.857
fastmultrec,50,50,3.0,1,0.8,25,50.0,2.0,0.0,0.099
insider_relax,50,50,3.0,1,0.8,25,50.0,2.0,0.0,0.038
lca,50,50,3.0,1,0.8,25,50.0,2.0,0.0,0.023
segdup,50,50,3.0,1,0.8,25,175,7,0,22.477
fastmultrec,50,50,3.0,1,0.8,25,175.0,7.0,0.0,0.096
insider_relax,50,50,3.0,1,0.8,25,175.0,7.0,0.0,0.036
lca,50,50,3.0,1,0.8,25,175.0,7.0,0.0,0.023
segdup,50,50,3.0,1,0.8,5,35,7,0,76.805
fastmultrec,50,50,3.0,1,0.8,5,35.0,7.0,0.0,0.210
insider_relax,50,50,3.0,1,0.8,5,35.0,7.0,0.0,0.060
lca,50,50,3.0,1,0.8,5,35.0,7.0,0.0,0.040
segdup,50,50,3.0,1,0.8,5,45,9,0,25.554
fastmultrec,50,50,3.0,1,0.8,5,45.0,9.0,0.0,0.075
insider_relax,50,50,3.0,1,0.8,5,45.0,9.0,0.0,0.026
lca,50,50,3.0,1,0.8,5,45.0,9.0,0.0,0.019
segdup,50,50,3.0,1,0.8,5,15,3,0,28.224
fastmultrec,50,50,3.0,1,0.8,5,15.0,3.0,0.0,0.070
insider_relax,50,50,3.0,1,0.8,5,15.0,3.0,0.0,0.024
lca,50,50,3.0,1,0.8,5,15.0,3.0,0.0,0.018
segdup,50,50,3.0,1,0.8,5,30,6,0,262.374
fastmultrec,50,50,3.0,1,0.8,5,30.0,6.0,0.0,0.521
insider_relax,50,50,3.0,1,0.8,5,30.0,6.0,0.0,0.178
lca,50,50,3.0,1,0.8,5,30.0,6.0,0.0,0.104
segdup,50,50,3.0,1,0.8,5,10,2,0,4.578
fastmultrec,50,50,3.0,1,0.8,5,10.0,2.0,0.0,0.063
insider_relax,50,50,3.0,1,0.8,5,10.0,2.0,0.0,0.021
lca,50,50,3.0,1,0.8,5,10.0,2.0,0.0,0.013
segdup,50,50,3.0,1,0.8,5,15,3,0,26.802
fastmultrec,50,50,3.0,1,0.8,5,15.0,3.0,0.0,0.103
insider_relax,50,50,3.0,1,0.8,5,15.0,3.0,0.0,0.037
lca,50,50,3.0,1,0.8,5,15.0,3.0,0.0,0.024
segdup,50,50,3.0,1,0.8,5,25,5,0,40.480
fastmultrec,50,50,3.0,1,0.8,5,25.0,5.0,0.0,0.085
insider_relax,50,50,3.0,1,0.8,5,25.0,5.0,0.0,0.035
lca,50,50,3.0,1,0.8,5,25.0,5.0,0.0,0.021
segdup,50,50,3.0,1,0.8,5,50,10,0,112.738
fastmultrec,50,50,3.0,1,0.8,5,50.0,10.0,0.0,0.220
insider_relax,50,50,3.0,1,0.8,5,50.0,10.0,0.0,0.078
lca,50,50,3.0,1,0.8,5,50.0,10.0,0.0,0.051
segdup,50,50,3.0,1,0.8,5,40,8,0,166.119
fastmultrec,50,50,3.0,1,0.8,5,40.0,8.0,0.0,0.326
insider_relax,50,50,3.0,1,0.8,5,40.0,8.0,0.0,0.103
lca,50,50,3.0,1,0.8,5,40.0,8.0,0.0,0.066
segdup,50,50,3.0,1,0.8,5,5,1,0,24.749
fastmultrec,50,50,3.0,1,0.8,5,5.0,1.0,0.0,0.055
insider_relax,50,50,3.0,1,0.8,5,5.0,1.0,0.0,0.020
lca,50,50,3.0,1,0.8,5,5.0,1.0,0.0,0.015
segdup,50,50,3.0,1,0.8,10,60,6,0,26.843
fastmultrec,50,50,3.0,1,0.8,10,60.0,6.0,0.0,0.101
insider_relax,50,50,3.0,1,0.8,10,60.0,6.0,0.0,0.032
lca,50,50,3.0,1,0.8,10,60.0,6.0,0.0,0.021
segdup,50,50,3.0,1,0.8,10,90,9,0,1020.442
fastmultrec,50,50,3.0,1,0.8,10,90.0,9.0,0.0,3.473
insider_relax,50,50,3.0,1,0.8,10,90.0,9.0,0.0,0.826
lca,50,50,3.0,1,0.8,10,90.0,9.0,0.0,0.439
segdup,50,50,3.0,1,0.8,10,110,11,0,591.567
fastmultrec,50,50,3.0,1,0.8,10,110.0,11.0,0.0,0.936
insider_relax,50,50,3.0,1,0.8,10,110.0,11.0,0.0,0.317
lca,50,50,3.0,1,0.8,10,110.0,11.0,0.0,0.184
segdup,50,50,3.0,1,0.8,10,80,8,0,864.152
fastmultrec,50,50,3.0,1,0.8,10,80.0,8.0,0.0,0.990
insider_relax,50,50,3.0,1,0.8,10,80.0,8.0,0.0,0.345
lca,50,50,3.0,1,0.8,10,80.0,8.0,0.0,0.198
segdup,50,50,3.0,1,0.8,10,110,11,0,74.582
fastmultrec,50,50,3.0,1,0.8,10,110.0,11.0,0.0,0.327
insider_relax,50,50,3.0,1,0.8,10,110.0,11.0,0.0,0.090
lca,50,50,3.0,1,0.8,10,110.0,11.0,0.0,0.058
segdup,50,50,3.0,1,0.8,10,70,7,0,56.706
fastmultrec,50,50,3.0,1,0.8,10,70.0,7.0,0.0,0.142
insider_relax,50,50,3.0,1,0.8,10,70.0,7.0,0.0,0.045
lca,50,50,3.0,1,0.8,10,70.0,7.0,0.0,0.029
segdup,50,50,3.0,1,0.8,10,50,5,0,117.106
fastmultrec,50,50,3.0,1,0.8,10,50.0,5.0,0.0,0.268
insider_relax,50,50,3.0,1,0.8,10,50.0,5.0,0.0,0.091
lca,50,50,3.0,1,0.8,10,50.0,5.0,0.0,0.061
segdup,50,50,3.0,1,0.8,10,80,8,0,109.638
fastmultrec,50,50,3.0,1,0.8,10,80.0,8.0,0.0,0.224
insider_relax,50,50,3.0,1,0.8,10,80.0,8.0,0.0,0.083
lca,50,50,3.0,1,0.8,10,80.0,8.0,0.0,0.051
segdup,50,50,3.0,1,0.8,10,100,10,0,152.239
fastmultrec,50,50,3.0,1,0.8,10,100.0,10.0,0.0,0.420
insider_relax,50,50,3.0,1,0.8,10,100.0,10.0,0.0,0.147
lca,50,50,3.0,1,0.8,10,100.0,10.0,0.0,0.083
segdup,50,50,3.0,1,0.8,10,20,2,0,20.229
fastmultrec,50,50,3.0,1,0.8,10,20.0,2.0,0.0,0.073
insider_relax,50,50,3.0,1,0.8,10,20.0,2.0,0.0,0.024
lca,50,50,3.0,1,0.8,10,20.0,2.0,0.0,0.017
segdup,50,50,3.0,1,0.8,15,60,4,0,9.253
fastmultrec,50,50,3.0,1,0.8,15,60.0,4.0,0.0,0.145
insider_relax,50,50,3.0,1,0.8,15,60.0,4.0,0.0,0.049
lca,50,50,3.0,1,0.8,15,60.0,4.0,0.0,0.030
segdup,50,50,3.0,1,0.8,15,120,8,0,22.660
fastmultrec,50,50,3.0,1,0.8,15,120.0,8.0,0.0,0.167
insider_relax,50,50,3.0,1,0.8,15,120.0,8.0,0.0,0.056
lca,50,50,3.0,1,0.8,15,120.0,8.0,0.0,0.035
segdup,50,50,3.0,1,0.8,15,120,8,0,854.758
fastmultrec,50,50,3.0,1,0.8,15,120.0,8.0,0.0,1.738
insider_relax,50,50,3.0,1,0.8,15,120.0,8.0,0.0,0.664
lca,50,50,3.0,1,0.8,15,120.0,8.0,0.0,0.342
segdup,50,50,3.0,1,0.8,15,180,12,0,275.352
fastmultrec,50,50,3.0,1,0.8,15,180.0,12.0,0.0,0.688
insider_relax,50,50,3.0,1,0.8,15,180.0,12.0,0.0,0.229
lca,50,50,3.0,1,0.8,15,180.0,12.0,0.0,0.137
segdup,50,50,3.0,1,0.8,15,75,5,0,21.011
fastmultrec,50,50,3.0,1,0.8,15,75.0,5.0,0.0,0.082
insider_relax,50,50,3.0,1,0.8,15,75.0,5.0,0.0,0.029
lca,50,50,3.0,1,0.8,15,75.0,5.0,0.0,0.022
segdup,50,50,3.0,1,0.8,15,90,6,0,9.537
fastmultrec,50,50,3.0,1,0.8,15,90.0,6.0,0.0,0.068
insider_relax,50,50,3.0,1,0.8,15,90.0,6.0,0.0,0.022
lca,50,50,3.0,1,0.8,15,90.0,6.0,0.0,0.015
segdup,50,50,3.0,1,0.8,15,120,8,0,131.467
fastmultrec,50,50,3.0,1,0.8,15,120.0,8.0,0.0,0.331
insider_relax,50,50,3.0,1,0.8,15,120.0,8.0,0.0,0.111
lca,50,50,3.0,1,0.8,15,120.0,8.0,0.0,0.064
segdup,50,50,3.0,1,0.8,15,105,7,0,89.687
fastmultrec,50,50,3.0,1,0.8,15,105.0,7.0,0.0,0.264
insider_relax,50,50,3.0,1,0.8,15,105.0,7.0,0.0,0.094
lca,50,50,3.0,1,0.8,15,105.0,7.0,0.0,0.061
segdup,50,50,3.0,1,0.8,15,105,7,0,96.673
fastmultrec,50,50,3.0,1,0.8,15,105.0,7.0,0.0,0.352
insider_relax,50,50,3.0,1,0.8,15,105.0,7.0,0.0,0.119
lca,50,50,3.0,1,0.8,15,105.0,7.0,0.0,0.075
segdup,50,50,3.0,1,0.8,15,75,5,0,76.238
fastmultrec,50,50,3.0,1,0.8,15,75.0,5.0,0.0,0.266
insider_relax,50,50,3.0,1,0.8,15,75.0,5.0,0.0,0.090
lca,50,50,3.0,1,0.8,15,75.0,5.0,0.0,0.056
segdup,50,50,3.0,1,0.8,20,100,5,0,19.466
fastmultrec,50,50,3.0,1,0.8,20,100.0,5.0,0.0,0.084
insider_relax,50,50,3.0,1,0.8,20,100.0,5.0,0.0,0.027
lca,50,50,3.0,1,0.8,20,100.0,5.0,0.0,0.022
segdup,50,50,3.0,1,0.8,20,80,4,0,43.108
fastmultrec,50,50,3.0,1,0.8,20,80.0,4.0,0.0,0.118
insider_relax,50,50,3.0,1,0.8,20,80.0,4.0,0.0,0.045
lca,50,50,3.0,1,0.8,20,80.0,4.0,0.0,0.024
segdup,50,50,3.0,1,0.8,20,200,10,0,307.057
fastmultrec,50,50,3.0,1,0.8,20,200.0,10.0,0.0,0.701
insider_relax,50,50,3.0,1,0.8,20,200.0,10.0,0.0,0.226
lca,50,50,3.0,1,0.8,20,200.0,10.0,0.0,0.140
segdup,50,50,3.0,1,0.8,20,240,12,0,284.516
fastmultrec,50,50,3.0,1,0.8,20,240.0,12.0,0.0,0.978
insider_relax,50,50,3.0,1,0.8,20,240.0,12.0,0.0,0.256
lca,50,50,3.0,1,0.8,20,240.0,12.0,0.0,0.151
segdup,50,50,3.0,1,0.8,20,40,2,0,42.059
fastmultrec,50,50,3.0,1,0.8,20,40.0,2.0,0.0,0.180
insider_relax,50,50,3.0,1,0.8,20,40.0,2.0,0.0,0.057
lca,50,50,3.0,1,0.8,20,40.0,2.0,0.0,0.035
segdup,50,50,3.0,1,0.8,20,120,6,0,56.784
fastmultrec,50,50,3.0,1,0.8,20,120.0,6.0,0.0,0.212
insider_relax,50,50,3.0,1,0.8,20,120.0,6.0,0.0,0.070
lca,50,50,3.0,1,0.8,20,120.0,6.0,0.0,0.048
segdup,50,50,3.0,1,0.8,20,100,5,0,14.716
fastmultrec,50,50,3.0,1,0.8,20,100.0,5.0,0.0,0.193
insider_relax,50,50,3.0,1,0.8,20,100.0,5.0,0.0,0.066
lca,50,50,3.0,1,0.8,20,100.0,5.0,0.0,0.049
segdup,50,50,3.0,1,0.8,20,200,10,0,81.781
fastmultrec,50,50,3.0,1,0.8,20,200.0,10.0,0.0,0.345
insider_relax,50,50,3.0,1,0.8,20,200.0,10.0,0.0,0.116
lca,50,50,3.0,1,0.8,20,200.0,10.0,0.0,0.070
segdup,50,50,3.0,1,0.8,20,80,4,0,20.890
fastmultrec,50,50,3.0,1,0.8,20,80.0,4.0,0.0,0.063
insider_relax,50,50,3.0,1,0.8,20,80.0,4.0,0.0,0.024
lca,50,50,3.0,1,0.8,20,80.0,4.0,0.0,0.016
segdup,50,50,3.0,1,0.8,20,220,11,0,332.498
fastmultrec,50,50,3.0,1,0.8,20,220.0,11.0,0.0,1.081
insider_relax,50,50,3.0,1,0.8,20,220.0,11.0,0.0,0.321
lca,50,50,3.0,1,0.8,20,220.0,11.0,0.0,0.197
segdup,50,50,3.0,1,0.2,25,100,4,0,22.562
fastmultrec,50,50,3.0,1,0.2,25,100.0,4.0,0.0,0.073
insider_relax,50,50,3.0,1,0.2,25,100.0,4.0,0.0,0.025
lca,50,50,3.0,1,0.2,25,100.0,4.0,0.0,0.019
segdup,50,50,3.0,1,0.2,25,325,13,0,26.724
fastmultrec,50,50,3.0,1,0.2,25,325.0,13.0,0.0,0.144
insider_relax,50,50,3.0,1,0.2,25,325.0,13.0,0.0,0.047
lca,50,50,3.0,1,0.2,25,325.0,13.0,0.0,0.028
segdup,50,50,3.0,1,0.2,25,150,6,0,25.934
fastmultrec,50,50,3.0,1,0.2,25,150.0,6.0,0.0,0.106
insider_relax,50,50,3.0,1,0.2,25,150.0,6.0,0.0,0.036
lca,50,50,3.0,1,0.2,25,150.0,6.0,0.0,0.022
segdup,50,50,3.0,1,0.2,25,150,6,0,10.834
fastmultrec,50,50,3.0,1,0.2,25,150.0,6.0,0.0,0.073
insider_relax,50,50,3.0,1,0.2,25,150.0,6.0,0.0,0.027
lca,50,50,3.0,1,0.2,25,150.0,6.0,0.0,0.016
segdup,50,50,3.0,1,0.2,25,175,7,0,18.302
fastmultrec,50,50,3.0,1,0.2,25,175.0,7.0,0.0,0.072
insider_relax,50,50,3.0,1,0.2,25,175.0,7.0,0.0,0.028
lca,50,50,3.0,1,0.2,25,175.0,7.0,0.0,0.018
segdup,50,50,3.0,1,0.2,25,175,7,0,19.103
fastmultrec,50,50,3.0,1,0.2,25,175.0,7.0,0.0,0.078
insider_relax,50,50,3.0,1,0.2,25,175.0,7.0,0.0,0.030
lca,50,50,3.0,1,0.2,25,175.0,7.0,0.0,0.020
segdup,50,50,3.0,1,0.2,25,125,5,0,14.255
fastmultrec,50,50,3.0,1,0.2,25,125.0,5.0,0.0,0.066
insider_relax,50,50,3.0,1,0.2,25,125.0,5.0,0.0,0.024
lca,50,50,3.0,1,0.2,25,125.0,5.0,0.0,0.017
segdup,50,50,3.0,1,0.2,25,175,7,0,40.955
fastmultrec,50,50,3.0,1,0.2,25,175.0,7.0,0.0,0.170
insider_relax,50,50,3.0,1,0.2,25,175.0,7.0,0.0,0.057
lca,50,50,3.0,1,0.2,25,175.0,7.0,0.0,0.031
segdup,50,50,3.0,1,0.2,25,150,6,0,17.208
fastmultrec,50,50,3.0,1,0.2,25,150.0,6.0,0.0,0.079
insider_relax,50,50,3.0,1,0.2,25,150.0,6.0,0.0,0.025
lca,50,50,3.0,1,0.2,25,150.0,6.0,0.0,0.015
segdup,50,50,3.0,1,0.2,25,125,5,0,19.902
fastmultrec,50,50,3.0,1,0.2,25,125.0,5.0,0.0,0.101
insider_relax,50,50,3.0,1,0.2,25,125.0,5.0,0.0,0.037
lca,50,50,3.0,1,0.2,25,125.0,5.0,0.0,0.026
segdup,50,50,3.0,1,0.2,5,50,10,0,39.435
fastmultrec,50,50,3.0,1,0.2,5,50.0,10.0,0.0,0.122
insider_relax,50,50,3.0,1,0.2,5,50.0,10.0,0.0,0.040
lca,50,50,3.0,1,0.2,5,50.0,10.0,0.0,0.024
segdup,50,50,3.0,1,0.2,5,45,9,0,30.380
fastmultrec,50,50,3.0,1,0.2,5,45.0,9.0,0.0,0.091
insider_relax,50,50,3.0,1,0.2,5,45.0,9.0,0.0,0.029
lca,50,50,3.0,1,0.2,5,45.0,9.0,0.0,0.022
segdup,50,50,3.0,1,0.2,5,30,6,0,26.235
fastmultrec,50,50,3.0,1,0.2,5,30.0,6.0,0.0,0.108
insider_relax,50,50,3.0,1,0.2,5,30.0,6.0,0.0,0.034
lca,50,50,3.0,1,0.2,5,30.0,6.0,0.0,0.025
segdup,50,50,3.0,1,0.2,5,30,6,0,29.216
fastmultrec,50,50,3.0,1,0.2,5,30.0,6.0,0.0,0.095
insider_relax,50,50,3.0,1,0.2,5,30.0,6.0,0.0,0.032
lca,50,50,3.0,1,0.2,5,30.0,6.0,0.0,0.023
segdup,50,50,3.0,1,0.2,5,30,6,0,17.863
fastmultrec,50,50,3.0,1,0.2,5,30.0,6.0,0.0,0.091
insider_relax,50,50,3.0,1,0.2,5,30.0,6.0,0.0,0.031
lca,50,50,3.0,1,0.2,5,30.0,6.0,0.0,0.020
segdup,50,50,3.0,1,0.2,5,45,9,0,47.844
fastmultrec,50,50,3.0,1,0.2,5,45.0,9.0,0.0,0.108
insider_relax,50,50,3.0,1,0.2,5,45.0,9.0,0.0,0.044
lca,50,50,3.0,1,0.2,5,45.0,9.0,0.0,0.026
segdup,50,50,3.0,1,0.2,5,20,4,0,22.588
fastmultrec,50,50,3.0,1,0.2,5,20.0,4.0,0.0,0.076
insider_relax,50,50,3.0,1,0.2,5,20.0,4.0,0.0,0.022
lca,50,50,3.0,1,0.2,5,20.0,4.0,0.0,0.015
segdup,50,50,3.0,1,0.2,5,35,7,0,45.085
fastmultrec,50,50,3.0,1,0.2,5,35.0,7.0,0.0,0.129
insider_relax,50,50,3.0,1,0.2,5,35.0,7.0,0.0,0.037
lca,50,50,3.0,1,0.2,5,35.0,7.0,0.0,0.023
segdup,50,50,3.0,1,0.2,5,30,6,0,33.163
fastmultrec,50,50,3.0,1,0.2,5,30.0,6.0,0.0,0.110
insider_relax,50,50,3.0,1,0.2,5,30.0,6.0,0.0,0.039
lca,50,50,3.0,1,0.2,5,30.0,6.0,0.0,0.022
segdup,50,50,3.0,1,0.2,5,30,6,0,18.234
fastmultrec,50,50,3.0,1,0.2,5,30.0,6.0,0.0,0.075
insider_relax,50,50,3.0,1,0.2,5,30.0,6.0,0.0,0.023
lca,50,50,3.0,1,0.2,5,30.0,6.0,0.0,0.016
segdup,50,50,3.0,1,0.2,10,90,9,0,38.366
fastmultrec,50,50,3.0,1,0.2,10,90.0,9.0,0.0,0.133
insider_relax,50,50,3.0,1,0.2,10,90.0,9.0,0.0,0.042
lca,50,50,3.0,1,0.2,10,90.0,9.0,0.0,0.024
segdup,50,50,3.0,1,0.2,10,30,3,0,4.460
fastmultrec,50,50,3.0,1,0.2,10,30.0,3.0,0.0,0.072
insider_relax,50,50,3.0,1,0.2,10,30.0,3.0,0.0,0.023
lca,50,50,3.0,1,0.2,10,30.0,3.0,0.0,0.018
segdup,50,50,3.0,1,0.2,10,70,7,0,18.784
fastmultrec,50,50,3.0,1,0.2,10,70.0,7.0,0.0,0.073
insider_relax,50,50,3.0,1,0.2,10,70.0,7.0,0.0,0.025
lca,50,50,3.0,1,0.2,10,70.0,7.0,0.0,0.016
segdup,50,50,3.0,1,0.2,10,50,5,0,24.073
fastmultrec,50,50,3.0,1,0.2,10,50.0,5.0,0.0,0.068
insider_relax,50,50,3.0,1,0.2,10,50.0,5.0,0.0,0.025
lca,50,50,3.0,1,0.2,10,50.0,5.0,0.0,0.025
segdup,50,50,3.0,1,0.2,10,110,11,0,28.805
fastmultrec,50,50,3.0,1,0.2,10,110.0,11.0,0.0,0.091
insider_relax,50,50,3.0,1,0.2,10,110.0,11.0,0.0,0.033
lca,50,50,3.0,1,0.2,10,110.0,11.0,0.0,0.022
segdup,50,50,3.0,1,0.2,10,50,5,0,20.997
fastmultrec,50,50,3.0,1,0.2,10,50.0,5.0,0.0,0.083
insider_relax,50,50,3.0,1,0.2,10,50.0,5.0,0.0,0.029
lca,50,50,3.0,1,0.2,10,50.0,5.0,0.0,0.019
segdup,50,50,3.0,1,0.2,10,40,4,0,12.676
fastmultrec,50,50,3.0,1,0.2,10,40.0,4.0,0.0,0.085
insider_relax,50,50,3.0,1,0.2,10,40.0,4.0,0.0,0.028
lca,50,50,3.0,1,0.2,10,40.0,4.0,0.0,0.019
segdup,50,50,3.0,1,0.2,10,50,5,0,17.107
fastmultrec,50,50,3.0,1,0.2,10,50.0,5.0,0.0,0.076
insider_relax,50,50,3.0,1,0.2,10,50.0,5.0,0.0,0.022
lca,50,50,3.0,1,0.2,10,50.0,5.0,0.0,0.017
segdup,50,50,3.0,1,0.2,10,40,4,0,19.705
fastmultrec,50,50,3.0,1,0.2,10,40.0,4.0,0.0,0.084
insider_relax,50,50,3.0,1,0.2,10,40.0,4.0,0.0,0.025
lca,50,50,3.0,1,0.2,10,40.0,4.0,0.0,0.016
segdup,50,50,3.0,1,0.2,10,70,7,0,12.954
fastmultrec,50,50,3.0,1,0.2,10,70.0,7.0,0.0,0.074
insider_relax,50,50,3.0,1,0.2,10,70.0,7.0,0.0,0.024
lca,50,50,3.0,1,0.2,10,70.0,7.0,0.0,0.017
segdup,50,50,3.0,1,0.2,15,105,7,0,15.958
fastmultrec,50,50,3.0,1,0.2,15,105.0,7.0,0.0,0.061
insider_relax,50,50,3.0,1,0.2,15,105.0,7.0,0.0,0.025
lca,50,50,3.0,1,0.2,15,105.0,7.0,0.0,0.013
segdup,50,50,3.0,1,0.2,15,105,7,0,42.620
fastmultrec,50,50,3.0,1,0.2,15,105.0,7.0,0.0,0.166
insider_relax,50,50,3.0,1,0.2,15,105.0,7.0,0.0,0.051
lca,50,50,3.0,1,0.2,15,105.0,7.0,0.0,0.031
segdup,50,50,3.0,1,0.2,15,150,10,0,28.732
fastmultrec,50,50,3.0,1,0.2,15,150.0,10.0,0.0,0.118
insider_relax,50,50,3.0,1,0.2,15,150.0,10.0,0.0,0.042
lca,50,50,3.0,1,0.2,15,150.0,10.0,0.0,0.027
segdup,50,50,3.0,1,0.2,15,150,10,0,17.321
fastmultrec,50,50,3.0,1,0.2,15,150.0,10.0,0.0,0.073
insider_relax,50,50,3.0,1,0.2,15,150.0,10.0,0.0,0.028
lca,50,50,3.0,1,0.2,15,150.0,10.0,0.0,0.018
segdup,50,50,3.0,1,0.2,15,135,9,0,16.629
fastmultrec,50,50,3.0,1,0.2,15,135.0,9.0,0.0,0.068
insider_relax,50,50,3.0,1,0.2,15,135.0,9.0,0.0,0.023
lca,50,50,3.0,1,0.2,15,135.0,9.0,0.0,0.015
segdup,50,50,3.0,1,0.2,15,30,2,0,9.621
fastmultrec,50,50,3.0,1,0.2,15,30.0,2.0,0.0,0.065
insider_relax,50,50,3.0,1,0.2,15,30.0,2.0,0.0,0.019
lca,50,50,3.0,1,0.2,15,30.0,2.0,0.0,0.013
segdup,50,50,3.0,1,0.2,15,135,9,0,39.405
fastmultrec,50,50,3.0,1,0.2,15,135.0,9.0,0.0,0.115
insider_relax,50,50,3.0,1,0.2,15,135.0,9.0,0.0,0.044
lca,50,50,3.0,1,0.2,15,135.0,9.0,0.0,0.025
segdup,50,50,3.0,1,0.2,15,120,8,0,79.271
fastmultrec,50,50,3.0,1,0.2,15,120.0,8.0,0.0,0.196
insider_relax,50,50,3.0,1,0.2,15,120.0,8.0,0.0,0.070
lca,50,50,3.0,1,0.2,15,120.0,8.0,0.0,0.045
segdup,50,50,3.0,1,0.2,15,75,5,0,22.812
fastmultrec,50,50,3.0,1,0.2,15,75.0,5.0,0.0,0.105
insider_relax,50,50,3.0,1,0.2,15,75.0,5.0,0.0,0.038
lca,50,50,3.0,1,0.2,15,75.0,5.0,0.0,0.026
segdup,50,50,3.0,1,0.2,15,60,4,0,11.823
fastmultrec,50,50,3.0,1,0.2,15,60.0,4.0,0.0,0.062
insider_relax,50,50,3.0,1,0.2,15,60.0,4.0,0.0,0.021
lca,50,50,3.0,1,0.2,15,60.0,4.0,0.0,0.016
segdup,50,50,3.0,1,0.2,20,180,9,0,9.249
fastmultrec,50,50,3.0,1,0.2,20,180.0,9.0,0.0,0.078
insider_relax,50,50,3.0,1,0.2,20,180.0,9.0,0.0,0.027
lca,50,50,3.0,1,0.2,20,180.0,9.0,0.0,0.017
segdup,50,50,3.0,1,0.2,20,140,7,0,11.288
fastmultrec,50,50,3.0,1,0.2,20,140.0,7.0,0.0,0.060
insider_relax,50,50,3.0,1,0.2,20,140.0,7.0,0.0,0.028
lca,50,50,3.0,1,0.2,20,140.0,7.0,0.0,0.018
segdup,50,50,3.0,1,0.2,20,180,9,0,28.026
fastmultrec,50,50,3.0,1,0.2,20,180.0,9.0,0.0,0.103
insider_relax,50,50,3.0,1,0.2,20,180.0,9.0,0.0,0.044
lca,50,50,3.0,1,0.2,20,180.0,9.0,0.0,0.025
segdup,50,50,3.0,1,0.2,20,220,11,0,22.634
fastmultrec,50,50,3.0,1,0.2,20,220.0,11.0,0.0,0.105
insider_relax,50,50,3.0,1,0.2,20,220.0,11.0,0.0,0.040
lca,50,50,3.0,1,0.2,20,220.0,11.0,0.0,0.018
segdup,50,50,3.0,1,0.2,20,240,12,0,66.771
fastmultrec,50,50,3.0,1,0.2,20,240.0,12.0,0.0,0.210
insider_relax,50,50,3.0,1,0.2,20,240.0,12.0,0.0,0.065
lca,50,50,3.0,1,0.2,20,240.0,12.0,0.0,0.039
segdup,50,50,3.0,1,0.2,20,160,8,0,18.942
fastmultrec,50,50,3.0,1,0.2,20,160.0,8.0,0.0,0.093
insider_relax,50,50,3.0,1,0.2,20,160.0,8.0,0.0,0.034
lca,50,50,3.0,1,0.2,20,160.0,8.0,0.0,0.024
segdup,50,50,3.0,1,0.2,20,160,8,0,33.843
fastmultrec,50,50,3.0,1,0.2,20,160.0,8.0,0.0,0.147
insider_relax,50,50,3.0,1,0.2,20,160.0,8.0,0.0,0.040
lca,50,50,3.0,1,0.2,20,160.0,8.0,0.0,0.023
segdup,50,50,3.0,1,0.2,20,160,8,0,24.901
fastmultrec,50,50,3.0,1,0.2,20,160.0,8.0,0.0,0.079
insider_relax,50,50,3.0,1,0.2,20,160.0,8.0,0.0,0.028
lca,50,50,3.0,1,0.2,20,160.0,8.0,0.0,0.019
segdup,50,50,3.0,1,0.2,20,100,5,0,11.420
fastmultrec,50,50,3.0,1,0.2,20,100.0,5.0,0.0,0.087
insider_relax,50,50,3.0,1,0.2,20,100.0,5.0,0.0,0.033
lca,50,50,3.0,1,0.2,20,100.0,5.0,0.0,0.021
segdup,50,50,3.0,1,0.2,20,140,7,0,16.690
fastmultrec,50,50,3.0,1,0.2,20,140.0,7.0,0.0,0.093
insider_relax,50,50,3.0,1,0.2,20,140.0,7.0,0.0,0.029
lca,50,50,3.0,1,0.2,20,140.0,7.0,0.0,0.018
segdup,20,20,3.0,1,1,25,225,9,0,18.605
fastmultrec,20,20,3.0,1,1,25,225.0,9.0,0.0,0.079
insider_relax,20,20,3.0,1,1,25,225.0,9.0,0.0,0.043
lca,20,20,3.0,1,1,25,225.0,9.0,0.0,0.021
segdup,20,20,3.0,1,1,25,125,5,0,13.519
fastmultrec,20,20,3.0,1,1,25,125.0,5.0,0.0,0.051
insider_relax,20,20,3.0,1,1,25,125.0,5.0,0.0,0.022
lca,20,20,3.0,1,1,25,125.0,5.0,0.0,0.012
segdup,20,20,3.0,1,1,25,225,9,0,541.146
fastmultrec,20,20,3.0,1,1,25,225.0,9.0,0.0,2.575
insider_relax,20,20,3.0,1,1,25,225.0,9.0,0.0,0.624
lca,20,20,3.0,1,1,25,225.0,9.0,0.0,0.310
segdup,20,20,3.0,1,1,25,250,10,0,43.859
fastmultrec,20,20,3.0,1,1,25,250.0,10.0,0.0,0.489
insider_relax,20,20,3.0,1,1,25,250.0,10.0,0.0,0.156
lca,20,20,3.0,1,1,25,250.0,10.0,0.0,0.095
segdup,20,20,3.0,1,1,25,275,11,0,77.825
fastmultrec,20,20,3.0,1,1,25,275.0,11.0,0.0,11.155
insider_relax,20,20,3.0,1,1,25,275.0,11.0,0.0,0.352
lca,20,20,3.0,1,1,25,275.0,11.0,0.0,1.279
segdup,20,20,3.0,1,1,25,250,10,0,135.763
fastmultrec,20,20,3.0,1,1,25,250.0,10.0,0.0,0.617
insider_relax,20,20,3.0,1,1,25,250.0,10.0,0.0,0.203
lca,20,20,3.0,1,1,25,250.0,10.0,0.0,0.116
segdup,20,20,3.0,1,1,25,175,7,0,7.701
fastmultrec,20,20,3.0,1,1,25,175.0,7.0,0.0,0.072
insider_relax,20,20,3.0,1,1,25,175.0,7.0,0.0,0.030
lca,20,20,3.0,1,1,25,175.0,7.0,0.0,0.018
segdup,20,20,3.0,1,1,25,125,5,0,9.148
fastmultrec,20,20,3.0,1,1,25,125.0,5.0,0.0,0.067
insider_relax,20,20,3.0,1,1,25,125.0,5.0,0.0,0.036
lca,20,20,3.0,1,1,25,125.0,5.0,0.0,0.018
segdup,20,20,3.0,1,1,25,50,2,0,0.882
fastmultrec,20,20,3.0,1,1,25,50.0,2.0,0.0,0.015
insider_relax,20,20,3.0,1,1,25,50.0,2.0,0.0,0.008
lca,20,20,3.0,1,1,25,50.0,2.0,0.0,0.007
segdup,20,20,3.0,1,1,25,276,11,1,42.736
fastmultrec,20,20,3.0,1,1,25,276.0,11.0,1.0,2.117
insider_relax,20,20,3.0,1,1,25,276.0,11.0,1.0,0.203
lca,20,20,3.0,1,1,25,276.0,11.0,1.0,0.305
segdup,20,20,3.0,1,1,5,50,10,0,562.386
fastmultrec,20,20,3.0,1,1,5,50.0,10.0,0.0,0.720
insider_relax,20,20,3.0,1,1,5,50.0,10.0,0.0,0.208
lca,20,20,3.0,1,1,5,50.0,10.0,0.0,0.132
segdup,20,20,3.0,1,1,5,40,8,0,89.253
fastmultrec,20,20,3.0,1,1,5,40.0,8.0,0.0,0.190
insider_relax,20,20,3.0,1,1,5,40.0,8.0,0.0,0.051
lca,20,20,3.0,1,1,5,40.0,8.0,0.0,0.031
segdup,20,20,3.0,1,1,5,35,7,0,5.772
fastmultrec,20,20,3.0,1,1,5,35.0,7.0,0.0,0.064
insider_relax,20,20,3.0,1,1,5,35.0,7.0,0.0,0.029
lca,20,20,3.0,1,1,5,35.0,7.0,0.0,0.019
segdup,20,20,3.0,1,1,5,35,7,0,13.168
fastmultrec,20,20,3.0,1,1,5,35.0,7.0,0.0,0.134
insider_relax,20,20,3.0,1,1,5,35.0,7.0,0.0,0.062
lca,20,20,3.0,1,1,5,35.0,7.0,0.0,0.032
segdup,20,20,3.0,1,1,5,40,8,0,85.937
fastmultrec,20,20,3.0,1,1,5,40.0,8.0,0.0,0.278
insider_relax,20,20,3.0,1,1,5,40.0,8.0,0.0,0.076
lca,20,20,3.0,1,1,5,40.0,8.0,0.0,0.050
segdup,20,20,3.0,1,1,5,40,8,0,444.583
fastmultrec,20,20,3.0,1,1,5,40.0,8.0,0.0,0.597
insider_relax,20,20,3.0,1,1,5,40.0,8.0,0.0,0.225
lca,20,20,3.0,1,1,5,40.0,8.0,0.0,0.109
segdup,20,20,3.0,1,1,5,35,7,0,67.987
fastmultrec,20,20,3.0,1,1,5,35.0,7.0,0.0,0.099
insider_relax,20,20,3.0,1,1,5,35.0,7.0,0.0,0.046
lca,20,20,3.0,1,1,5,35.0,7.0,0.0,0.025
segdup,20,20,3.0,1,1,5,35,7,0,293.311
fastmultrec,20,20,3.0,1,1,5,35.0,7.0,0.0,0.412
insider_relax,20,20,3.0,1,1,5,35.0,7.0,0.0,0.135
lca,20,20,3.0,1,1,5,35.0,7.0,0.0,0.070
segdup,20,20,3.0,1,1,5,40,8,0,74.025
fastmultrec,20,20,3.0,1,1,5,40.0,8.0,0.0,0.103
insider_relax,20,20,3.0,1,1,5,40.0,8.0,0.0,0.048
lca,20,20,3.0,1,1,5,40.0,8.0,0.0,0.024
segdup,20,20,3.0,1,1,5,25,5,0,22.463
fastmultrec,20,20,3.0,1,1,5,25.0,5.0,0.0,0.189
insider_relax,20,20,3.0,1,1,5,25.0,5.0,0.0,0.090
lca,20,20,3.0,1,1,5,25.0,5.0,0.0,0.050
segdup,20,20,3.0,1,1,10,80,8,0,14.677
fastmultrec,20,20,3.0,1,1,10,80.0,8.0,0.0,0.041
insider_relax,20,20,3.0,1,1,10,80.0,8.0,0.0,0.017
lca,20,20,3.0,1,1,10,80.0,8.0,0.0,0.010
segdup,20,20,3.0,1,1,10,70,7,0,4.469
fastmultrec,20,20,3.0,1,1,10,70.0,7.0,0.0,0.019
insider_relax,20,20,3.0,1,1,10,70.0,7.0,0.0,0.009
lca,20,20,3.0,1,1,10,70.0,7.0,0.0,0.006
segdup,20,20,3.0,1,1,10,70,7,0,7.634
fastmultrec,20,20,3.0,1,1,10,70.0,7.0,0.0,0.027
insider_relax,20,20,3.0,1,1,10,70.0,7.0,0.0,0.012
lca,20,20,3.0,1,1,10,70.0,7.0,0.0,0.010
segdup,20,20,3.0,1,1,10,70,7,0,28.447
fastmultrec,20,20,3.0,1,1,10,70.0,7.0,0.0,0.071
insider_relax,20,20,3.0,1,1,10,70.0,7.0,0.0,0.022
lca,20,20,3.0,1,1,10,70.0,7.0,0.0,0.019
segdup,20,20,3.0,1,1,10,70,7,0,34.500
fastmultrec,20,20,3.0,1,1,10,70.0,7.0,0.0,0.140
insider_relax,20,20,3.0,1,1,10,70.0,7.0,0.0,0.058
lca,20,20,3.0,1,1,10,70.0,7.0,0.0,0.031
segdup,20,20,3.0,1,1,10,80,8,0,1045.685
fastmultrec,20,20,3.0,1,1,10,80.0,8.0,0.0,0.792
insider_relax,20,20,3.0,1,1,10,80.0,8.0,0.0,0.351
lca,20,20,3.0,1,1,10,80.0,8.0,0.0,0.177
segdup,20,20,3.0,1,1,10,90,9,0,201.740
fastmultrec,20,20,3.0,1,1,10,90.0,9.0,0.0,0.382
insider_relax,20,20,3.0,1,1,10,90.0,9.0,0.0,0.147
lca,20,20,3.0,1,1,10,90.0,9.0,0.0,0.071
segdup,20,20,3.0,1,1,10,40,4,0,11.160
fastmultrec,20,20,3.0,1,1,10,40.0,4.0,0.0,0.020
insider_relax,20,20,3.0,1,1,10,40.0,4.0,0.0,0.010
lca,20,20,3.0,1,1,10,40.0,4.0,0.0,0.006
segdup,20,20,3.0,1,1,10,40,4,0,7.565
fastmultrec,20,20,3.0,1,1,10,40.0,4.0,0.0,0.025
insider_relax,20,20,3.0,1,1,10,40.0,4.0,0.0,0.012
lca,20,20,3.0,1,1,10,40.0,4.0,0.0,0.008
segdup,20,20,3.0,1,1,10,90,9,0,9.852
fastmultrec,20,20,3.0,1,1,10,90.0,9.0,0.0,0.033
insider_relax,20,20,3.0,1,1,10,90.0,9.0,0.0,0.016
lca,20,20,3.0,1,1,10,90.0,9.0,0.0,0.009
segdup,20,20,3.0,1,1,15,15,1,0,1.411
fastmultrec,20,20,3.0,1,1,15,15.0,1.0,0.0,0.008
insider_relax,20,20,3.0,1,1,15,15.0,1.0,0.0,0.005
lca,20,20,3.0,1,1,15,15.0,1.0,0.0,0.003
segdup,20,20,3.0,1,1,15,90,6,0,3.476
fastmultrec,20,20,3.0,1,1,15,90.0,6.0,0.0,0.050
insider_relax,20,20,3.0,1,1,15,90.0,6.0,0.0,0.019
lca,20,20,3.0,1,1,15,90.0,6.0,0.0,0.014
segdup,20,20,3.0,1,1,15,150,10,0,171.318
fastmultrec,20,20,3.0,1,1,15,150.0,10.0,0.0,1.144
insider_relax,20,20,3.0,1,1,15,150.0,10.0,0.0,0.305
lca,20,20,3.0,1,1,15,150.0,10.0,0.0,0.166
segdup,20,20,3.0,1,1,15,90,6,0,2.694
fastmultrec,20,20,3.0,1,1,15,90.0,6.0,0.0,0.023
insider_relax,20,20,3.0,1,1,15,90.0,6.0,0.0,0.010
lca,20,20,3.0,1,1,15,90.0,6.0,0.0,0.007
segdup,20,20,3.0,1,1,15,135,9,0,99.418
fastmultrec,20,20,3.0,1,1,15,135.0,9.0,0.0,0.278
insider_relax,20,20,3.0,1,1,15,135.0,9.0,0.0,0.137
lca,20,20,3.0,1,1,15,135.0,9.0,0.0,0.066
segdup,20,20,3.0,1,1,15,135,9,0,50.531
fastmultrec,20,20,3.0,1,1,15,135.0,9.0,0.0,0.676
insider_relax,20,20,3.0,1,1,15,135.0,9.0,0.0,0.138
lca,20,20,3.0,1,1,15,135.0,9.0,0.0,0.083
segdup,20,20,3.0,1,1,15,135,9,0,14.606
fastmultrec,20,20,3.0,1,1,15,135.0,9.0,0.0,0.086
insider_relax,20,20,3.0,1,1,15,135.0,9.0,0.0,0.023
lca,20,20,3.0,1,1,15,135.0,9.0,0.0,0.020
segdup,20,20,3.0,1,1,15,90,6,0,17.759
fastmultrec,20,20,3.0,1,1,15,90.0,6.0,0.0,0.066
insider_relax,20,20,3.0,1,1,15,90.0,6.0,0.0,0.023
lca,20,20,3.0,1,1,15,90.0,6.0,0.0,0.014
segdup,20,20,3.0,1,1,15,45,3,0,3.861
fastmultrec,20,20,3.0,1,1,15,45.0,3.0,0.0,0.046
insider_relax,20,20,3.0,1,1,15,45.0,3.0,0.0,0.022
lca,20,20,3.0,1,1,15,45.0,3.0,0.0,0.014
segdup,20,20,3.0,1,1,15,165,11,0,6.558
fastmultrec,20,20,3.0,1,1,15,165.0,11.0,0.0,0.035
insider_relax,20,20,3.0,1,1,15,165.0,11.0,0.0,0.018
lca,20,20,3.0,1,1,15,165.0,11.0,0.0,0.010
segdup,20,20,3.0,1,1,20,180,9,0,6.838
fastmultrec,20,20,3.0,1,1,20,180.0,9.0,0.0,0.041
insider_relax,20,20,3.0,1,1,20,180.0,9.0,0.0,0.016
lca,20,20,3.0,1,1,20,180.0,9.0,0.0,0.009
segdup,20,20,3.0,1,1,20,60,3,0,0.840
fastmultrec,20,20,3.0,1,1,20,60.0,3.0,0.0,0.017
insider_relax,20,20,3.0,1,1,20,60.0,3.0,0.0,0.007
lca,20,20,3.0,1,1,20,60.0,3.0,0.0,0.007
segdup,20,20,3.0,1,1,20,120,6,0,4.949
fastmultrec,20,20,3.0,1,1,20,120.0,6.0,0.0,0.030
insider_relax,20,20,3.0,1,1,20,120.0,6.0,0.0,0.017
lca,20,20,3.0,1,1,20,120.0,6.0,0.0,0.008
segdup,20,20,3.0,1,1,20,160,8,0,51.185
fastmultrec,20,20,3.0,1,1,20,160.0,8.0,0.0,0.240
insider_relax,20,20,3.0,1,1,20,160.0,8.0,0.0,0.091
lca,20,20,3.0,1,1,20,160.0,8.0,0.0,0.051
segdup,20,20,3.0,1,1,20,80,4,0,2.299
fastmultrec,20,20,3.0,1,1,20,80.0,4.0,0.0,0.013
insider_relax,20,20,3.0,1,1,20,80.0,4.0,0.0,0.006
lca,20,20,3.0,1,1,20,80.0,4.0,0.0,0.004
segdup,20,20,3.0,1,1,20,80,4,0,0.978
fastmultrec,20,20,3.0,1,1,20,80.0,4.0,0.0,0.013
insider_relax,20,20,3.0,1,1,20,80.0,4.0,0.0,0.007
lca,20,20,3.0,1,1,20,80.0,4.0,0.0,0.005
segdup,20,20,3.0,1,1,20,140,7,0,4.008
fastmultrec,20,20,3.0,1,1,20,140.0,7.0,0.0,0.019
insider_relax,20,20,3.0,1,1,20,140.0,7.0,0.0,0.010
lca,20,20,3.0,1,1,20,140.0,7.0,0.0,0.006
segdup,20,20,3.0,1,1,20,140,7,0,12.103
fastmultrec,20,20,3.0,1,1,20,140.0,7.0,0.0,0.078
insider_relax,20,20,3.0,1,1,20,140.0,7.0,0.0,0.033
lca,20,20,3.0,1,1,20,140.0,7.0,0.0,0.018
segdup,20,20,3.0,1,1,20,200,10,0,65.319
fastmultrec,20,20,3.0,1,1,20,200.0,10.0,0.0,0.322
insider_relax,20,20,3.0,1,1,20,200.0,10.0,0.0,0.113
lca,20,20,3.0,1,1,20,200.0,10.0,0.0,0.067
segdup,20,20,3.0,1,1,20,80,4,0,21.439
fastmultrec,20,20,3.0,1,1,20,80.0,4.0,0.0,0.055
insider_relax,20,20,3.0,1,1,20,80.0,4.0,0.0,0.024
lca,20,20,3.0,1,1,20,80.0,4.0,0.0,0.015
segdup,20,20,3.0,1,0.5,25,275,11,0,29.007
fastmultrec,20,20,3.0,1,0.5,25,275.0,11.0,0.0,0.063
insider_relax,20,20,3.0,1,0.5,25,275.0,11.0,0.0,0.028
lca,20,20,3.0,1,0.5,25,275.0,11.0,0.0,0.015
segdup,20,20,3.0,1,0.5,25,175,7,0,1.732
fastmultrec,20,20,3.0,1,0.5,25,175.0,7.0,0.0,0.010
insider_relax,20,20,3.0,1,0.5,25,175.0,7.0,0.0,0.006
lca,20,20,3.0,1,0.5,25,175.0,7.0,0.0,0.004
segdup,20,20,3.0,1,0.5,25,100,4,0,1.988
fastmultrec,20,20,3.0,1,0.5,25,100.0,4.0,0.0,0.008
insider_relax,20,20,3.0,1,0.5,25,100.0,4.0,0.0,0.006
lca,20,20,3.0,1,0.5,25,100.0,4.0,0.0,0.003
segdup,20,20,3.0,1,0.5,25,225,9,0,11.243
fastmultrec,20,20,3.0,1,0.5,25,225.0,9.0,0.0,0.033
insider_relax,20,20,3.0,1,0.5,25,225.0,9.0,0.0,0.016
lca,20,20,3.0,1,0.5,25,225.0,9.0,0.0,0.010
segdup,20,20,3.0,1,0.5,25,125,5,0,2.961
fastmultrec,20,20,3.0,1,0.5,25,125.0,5.0,0.0,0.013
insider_relax,20,20,3.0,1,0.5,25,125.0,5.0,0.0,0.008
lca,20,20,3.0,1,0.5,25,125.0,5.0,0.0,0.005
segdup,20,20,3.0,1,0.5,25,100,4,0,1.803
fastmultrec,20,20,3.0,1,0.5,25,100.0,4.0,0.0,0.008
insider_relax,20,20,3.0,1,0.5,25,100.0,4.0,0.0,0.006
lca,20,20,3.0,1,0.5,25,100.0,4.0,0.0,0.003
segdup,20,20,3.0,1,0.5,25,150,6,0,6.389
fastmultrec,20,20,3.0,1,0.5,25,150.0,6.0,0.0,0.064
insider_relax,20,20,3.0,1,0.5,25,150.0,6.0,0.0,0.031
lca,20,20,3.0,1,0.5,25,150.0,6.0,0.0,0.018
segdup,20,20,3.0,1,0.5,25,275,11,0,11.355
fastmultrec,20,20,3.0,1,0.5,25,275.0,11.0,0.0,0.036
insider_relax,20,20,3.0,1,0.5,25,275.0,11.0,0.0,0.020
lca,20,20,3.0,1,0.5,25,275.0,11.0,0.0,0.010
segdup,20,20,3.0,1,0.5,25,300,12,0,29.627
fastmultrec,20,20,3.0,1,0.5,25,300.0,12.0,0.0,0.076
insider_relax,20,20,3.0,1,0.5,25,300.0,12.0,0.0,0.041
lca,20,20,3.0,1,0.5,25,300.0,12.0,0.0,0.018
segdup,20,20,3.0,1,0.5,25,100,4,0,1.221
fastmultrec,20,20,3.0,1,0.5,25,100.0,4.0,0.0,0.016
insider_relax,20,20,3.0,1,0.5,25,100.0,4.0,0.0,0.009
lca,20,20,3.0,1,0.5,25,100.0,4.0,0.0,0.006
segdup,20,20,3.0,1,0.5,5,25,5,0,2.753
fastmultrec,20,20,3.0,1,0.5,5,25.0,5.0,0.0,0.013
insider_relax,20,20,3.0,1,0.5,5,25.0,5.0,0.0,0.008
lca,20,20,3.0,1,0.5,5,25.0,5.0,0.0,0.004
segdup,20,20,3.0,1,0.5,5,40,8,0,8.540
fastmultrec,20,20,3.0,1,0.5,5,40.0,8.0,0.0,0.029
insider_relax,20,20,3.0,1,0.5,5,40.0,8.0,0.0,0.016
lca,20,20,3.0,1,0.5,5,40.0,8.0,0.0,0.008
segdup,20,20,3.0,1,0.5,5,60,12,0,4.224
fastmultrec,20,20,3.0,1,0.5,5,60.0,12.0,0.0,0.015
insider_relax,20,20,3.0,1,0.5,5,60.0,12.0,0.0,0.008
lca,20,20,3.0,1,0.5,5,60.0,12.0,0.0,0.005
segdup,20,20,3.0,1,0.5,5,35,7,0,10.758
fastmultrec,20,20,3.0,1,0.5,5,35.0,7.0,0.0,0.090
insider_relax,20,20,3.0,1,0.5,5,35.0,7.0,0.0,0.046
lca,20,20,3.0,1,0.5,5,35.0,7.0,0.0,0.030
segdup,20,20,3.0,1,0.5,5,55,11,0,119.293
fastmultrec,20,20,3.0,1,0.5,5,55.0,11.0,0.0,0.167
insider_relax,20,20,3.0,1,0.5,5,55.0,11.0,0.0,0.066
lca,20,20,3.0,1,0.5,5,55.0,11.0,0.0,0.035
segdup,20,20,3.0,1,0.5,5,25,5,0,7.047
fastmultrec,20,20,3.0,1,0.5,5,25.0,5.0,0.0,0.021
insider_relax,20,20,3.0,1,0.5,5,25.0,5.0,0.0,0.011
lca,20,20,3.0,1,0.5,5,25.0,5.0,0.0,0.006
segdup,20,20,3.0,1,0.5,5,25,5,0,8.355
fastmultrec,20,20,3.0,1,0.5,5,25.0,5.0,0.0,0.022
insider_relax,20,20,3.0,1,0.5,5,25.0,5.0,0.0,0.009
lca,20,20,3.0,1,0.5,5,25.0,5.0,0.0,0.006
segdup,20,20,3.0,1,0.5,5,35,7,0,10.880
fastmultrec,20,20,3.0,1,0.5,5,35.0,7.0,0.0,0.034
insider_relax,20,20,3.0,1,0.5,5,35.0,7.0,0.0,0.015
lca,20,20,3.0,1,0.5,5,35.0,7.0,0.0,0.009
segdup,20,20,3.0,1,0.5,5,25,5,0,2.294
fastmultrec,20,20,3.0,1,0.5,5,25.0,5.0,0.0,0.011
insider_relax,20,20,3.0,1,0.5,5,25.0,5.0,0.0,0.005
lca,20,20,3.0,1,0.5,5,25.0,5.0,0.0,0.004
segdup,20,20,3.0,1,0.5,5,45,9,0,13.167
fastmultrec,20,20,3.0,1,0.5,5,45.0,9.0,0.0,0.038
insider_relax,20,20,3.0,1,0.5,5,45.0,9.0,0.0,0.020
lca,20,20,3.0,1,0.5,5,45.0,9.0,0.0,0.010
segdup,20,20,3.0,1,0.5,10,80,8,0,3.697
fastmultrec,20,20,3.0,1,0.5,10,80.0,8.0,0.0,0.013
insider_relax,20,20,3.0,1,0.5,10,80.0,8.0,0.0,0.007
lca,20,20,3.0,1,0.5,10,80.0,8.0,0.0,0.004
segdup,20,20,3.0,1,0.5,10,50,5,0,5.740
fastmultrec,20,20,3.0,1,0.5,10,50.0,5.0,0.0,0.015
insider_relax,20,20,3.0,1,0.5,10,50.0,5.0,0.0,0.007
lca,20,20,3.0,1,0.5,10,50.0,5.0,0.0,0.004
segdup,20,20,3.0,1,0.5,10,30,3,0,5.016
fastmultrec,20,20,3.0,1,0.5,10,30.0,3.0,0.0,0.019
insider_relax,20,20,3.0,1,0.5,10,30.0,3.0,0.0,0.008
lca,20,20,3.0,1,0.5,10,30.0,3.0,0.0,0.006
segdup,20,20,3.0,1,0.5,10,80,8,0,9.818
fastmultrec,20,20,3.0,1,0.5,10,80.0,8.0,0.0,0.040
insider_relax,20,20,3.0,1,0.5,10,80.0,8.0,0.0,0.019
lca,20,20,3.0,1,0.5,10,80.0,8.0,0.0,0.012
segdup,20,20,3.0,1,0.5,10,130,13,0,29.139
fastmultrec,20,20,3.0,1,0.5,10,130.0,13.0,0.0,0.057
insider_relax,20,20,3.0,1,0.5,10,130.0,13.0,0.0,0.026
lca,20,20,3.0,1,0.5,10,130.0,13.0,0.0,0.016
segdup,20,20,3.0,1,0.5,10,100,10,0,58.059
fastmultrec,20,20,3.0,1,0.5,10,100.0,10.0,0.0,0.068
insider_relax,20,20,3.0,1,0.5,10,100.0,10.0,0.0,0.033
lca,20,20,3.0,1,0.5,10,100.0,10.0,0.0,0.019
segdup,20,20,3.0,1,0.5,10,40,4,0,0.272
fastmultrec,20,20,3.0,1,0.5,10,40.0,4.0,0.0,0.008
insider_relax,20,20,3.0,1,0.5,10,40.0,4.0,0.0,0.005
lca,20,20,3.0,1,0.5,10,40.0,4.0,0.0,0.003
segdup,20,20,3.0,1,0.5,10,40,4,0,1.595
fastmultrec,20,20,3.0,1,0.5,10,40.0,4.0,0.0,0.022
insider_relax,20,20,3.0,1,0.5,10,40.0,4.0,0.0,0.009
lca,20,20,3.0,1,0.5,10,40.0,4.0,0.0,0.006
segdup,20,20,3.0,1,0.5,10,40,4,0,2.129
fastmultrec,20,20,3.0,1,0.5,10,40.0,4.0,0.0,0.022
insider_relax,20,20,3.0,1,0.5,10,40.0,4.0,0.0,0.012
lca,20,20,3.0,1,0.5,10,40.0,4.0,0.0,0.007
segdup,20,20,3.0,1,0.5,10,60,6,0,4.221
fastmultrec,20,20,3.0,1,0.5,10,60.0,6.0,0.0,0.015
insider_relax,20,20,3.0,1,0.5,10,60.0,6.0,0.0,0.007
lca,20,20,3.0,1,0.5,10,60.0,6.0,0.0,0.005
segdup,20,20,3.0,1,0.5,15,105,7,0,3.044
fastmultrec,20,20,3.0,1,0.5,15,105.0,7.0,0.0,0.033
insider_relax,20,20,3.0,1,0.5,15,105.0,7.0,0.0,0.016
lca,20,20,3.0,1,0.5,15,105.0,7.0,0.0,0.009
segdup,20,20,3.0,1,0.5,15,105,7,0,19.778
fastmultrec,20,20,3.0,1,0.5,15,105.0,7.0,0.0,0.047
insider_relax,20,20,3.0,1,0.5,15,105.0,7.0,0.0,0.020
lca,20,20,3.0,1,0.5,15,105.0,7.0,0.0,0.012
segdup,20,20,3.0,1,0.5,15,105,7,0,6.722
fastmultrec,20,20,3.0,1,0.5,15,105.0,7.0,0.0,0.022
insider_relax,20,20,3.0,1,0.5,15,105.0,7.0,0.0,0.011
lca,20,20,3.0,1,0.5,15,105.0,7.0,0.0,0.008
segdup,20,20,3.0,1,0.5,15,180,12,0,16.105
fastmultrec,20,20,3.0,1,0.5,15,180.0,12.0,0.0,0.034
insider_relax,20,20,3.0,1,0.5,15,180.0,12.0,0.0,0.019
lca,20,20,3.0,1,0.5,15,180.0,12.0,0.0,0.010
segdup,20,20,3.0,1,0.5,15,120,8,0,10.525
fastmultrec,20,20,3.0,1,0.5,15,120.0,8.0,0.0,0.033
insider_relax,20,20,3.0,1,0.5,15,120.0,8.0,0.0,0.017
lca,20,20,3.0,1,0.5,15,120.0,8.0,0.0,0.009
segdup,20,20,3.0,1,0.5,15,75,5,0,4.828
fastmultrec,20,20,3.0,1,0.5,15,75.0,5.0,0.0,0.020
insider_relax,20,20,3.0,1,0.5,15,75.0,5.0,0.0,0.010
lca,20,20,3.0,1,0.5,15,75.0,5.0,0.0,0.008
segdup,20,20,3.0,1,0.5,15,165,11,0,5.594
fastmultrec,20,20,3.0,1,0.5,15,165.0,11.0,0.0,0.017
insider_relax,20,20,3.0,1,0.5,15,165.0,11.0,0.0,0.009
lca,20,20,3.0,1,0.5,15,165.0,11.0,0.0,0.006
segdup,20,20,3.0,1,0.5,15,150,10,0,4.623
fastmultrec,20,20,3.0,1,0.5,15,150.0,10.0,0.0,0.020
insider_relax,20,20,3.0,1,0.5,15,150.0,10.0,0.0,0.010
lca,20,20,3.0,1,0.5,15,150.0,10.0,0.0,0.006
segdup,20,20,3.0,1,0.5,15,120,8,0,5.941
fastmultrec,20,20,3.0,1,0.5,15,120.0,8.0,0.0,0.019
insider_relax,20,20,3.0,1,0.5,15,120.0,8.0,0.0,0.009
lca,20,20,3.0,1,0.5,15,120.0,8.0,0.0,0.006
segdup,20,20,3.0,1,0.5,15,105,7,0,3.051
fastmultrec,20,20,3.0,1,0.5,15,105.0,7.0,0.0,0.011
insider_relax,20,20,3.0,1,0.5,15,105.0,7.0,0.0,0.007
lca,20,20,3.0,1,0.5,15,105.0,7.0,0.0,0.004
segdup,20,20,3.0,1,0.5,20,140,7,0,6.291
fastmultrec,20,20,3.0,1,0.5,20,140.0,7.0,0.0,0.021
insider_relax,20,20,3.0,1,0.5,20,140.0,7.0,0.0,0.011
lca,20,20,3.0,1,0.5,20,140.0,7.0,0.0,0.007
segdup,20,20,3.0,1,0.5,20,200,10,0,5.533
fastmultrec,20,20,3.0,1,0.5,20,200.0,10.0,0.0,0.019
insider_relax,20,20,3.0,1,0.5,20,200.0,10.0,0.0,0.012
lca,20,20,3.0,1,0.5,20,200.0,10.0,0.0,0.009
segdup,20,20,3.0,1,0.5,20,200,10,0,153.435
fastmultrec,20,20,3.0,1,0.5,20,200.0,10.0,0.0,0.203
insider_relax,20,20,3.0,1,0.5,20,200.0,10.0,0.0,0.091
lca,20,20,3.0,1,0.5,20,200.0,10.0,0.0,0.053
segdup,20,20,3.0,1,0.5,20,80,4,0,6.005
fastmultrec,20,20,3.0,1,0.5,20,80.0,4.0,0.0,0.019
insider_relax,20,20,3.0,1,0.5,20,80.0,4.0,0.0,0.009
lca,20,20,3.0,1,0.5,20,80.0,4.0,0.0,0.006
segdup,20,20,3.0,1,0.5,20,120,6,0,32.573
fastmultrec,20,20,3.0,1,0.5,20,120.0,6.0,0.0,0.070
insider_relax,20,20,3.0,1,0.5,20,120.0,6.0,0.0,0.027
lca,20,20,3.0,1,0.5,20,120.0,6.0,0.0,0.018
segdup,20,20,3.0,1,0.5,20,120,6,0,4.692
fastmultrec,20,20,3.0,1,0.5,20,120.0,6.0,0.0,0.025
insider_relax,20,20,3.0,1,0.5,20,120.0,6.0,0.0,0.011
lca,20,20,3.0,1,0.5,20,120.0,6.0,0.0,0.007
segdup,20,20,3.0,1,0.5,20,120,6,0,6.936
fastmultrec,20,20,3.0,1,0.5,20,120.0,6.0,0.0,0.025
insider_relax,20,20,3.0,1,0.5,20,120.0,6.0,0.0,0.012
lca,20,20,3.0,1,0.5,20,120.0,6.0,0.0,0.007
segdup,20,20,3.0,1,0.5,20,80,4,0,1.702
fastmultrec,20,20,3.0,1,0.5,20,80.0,4.0,0.0,0.009
insider_relax,20,20,3.0,1,0.5,20,80.0,4.0,0.0,0.005
lca,20,20,3.0,1,0.5,20,80.0,4.0,0.0,0.003
segdup,20,20,3.0,1,0.5,20,140,7,0,3.428
fastmultrec,20,20,3.0,1,0.5,20,140.0,7.0,0.0,0.020
insider_relax,20,20,3.0,1,0.5,20,140.0,7.0,0.0,0.008
lca,20,20,3.0,1,0.5,20,140.0,7.0,0.0,0.007
segdup,20,20,3.0,1,0.5,20,80,4,0,5.533
fastmultrec,20,20,3.0,1,0.5,20,80.0,4.0,0.0,0.015
insider_relax,20,20,3.0,1,0.5,20,80.0,4.0,0.0,0.009
lca,20,20,3.0,1,0.5,20,80.0,4.0,0.0,0.005
segdup,20,20,3.0,1,0.8,25,225,9,0,241.616
fastmultrec,20,20,3.0,1,0.8,25,225.0,9.0,0.0,0.448
insider_relax,20,20,3.0,1,0.8,25,225.0,9.0,0.0,0.176
lca,20,20,3.0,1,0.8,25,225.0,9.0,0.0,0.088
segdup,20,20,3.0,1,0.8,25,125,5,0,3.126
fastmultrec,20,20,3.0,1,0.8,25,125.0,5.0,0.0,0.023
insider_relax,20,20,3.0,1,0.8,25,125.0,5.0,0.0,0.014
lca,20,20,3.0,1,0.8,25,125.0,5.0,0.0,0.008
segdup,20,20,3.0,1,0.8,25,150,6,0,18.245
fastmultrec,20,20,3.0,1,0.8,25,150.0,6.0,0.0,0.057
insider_relax,20,20,3.0,1,0.8,25,150.0,6.0,0.0,0.025
lca,20,20,3.0,1,0.8,25,150.0,6.0,0.0,0.015
segdup,20,20,3.0,1,0.8,25,150,6,0,9.116
fastmultrec,20,20,3.0,1,0.8,25,150.0,6.0,0.0,0.029
insider_relax,20,20,3.0,1,0.8,25,150.0,6.0,0.0,0.012
lca,20,20,3.0,1,0.8,25,150.0,6.0,0.0,0.010
segdup,20,20,3.0,1,0.8,25,225,9,0,23.115
fastmultrec,20,20,3.0,1,0.8,25,225.0,9.0,0.0,0.060
insider_relax,20,20,3.0,1,0.8,25,225.0,9.0,0.0,0.030
lca,20,20,3.0,1,0.8,25,225.0,9.0,0.0,0.016
segdup,20,20,3.0,1,0.8,25,150,6,0,13.117
fastmultrec,20,20,3.0,1,0.8,25,150.0,6.0,0.0,0.126
insider_relax,20,20,3.0,1,0.8,25,150.0,6.0,0.0,0.053
lca,20,20,3.0,1,0.8,25,150.0,6.0,0.0,0.030
segdup,20,20,3.0,1,0.8,25,175,7,0,3.828
fastmultrec,20,20,3.0,1,0.8,25,175.0,7.0,0.0,0.018
insider_relax,20,20,3.0,1,0.8,25,175.0,7.0,0.0,0.010
lca,20,20,3.0,1,0.8,25,175.0,7.0,0.0,0.006
segdup,20,20,3.0,1,0.8,25,200,8,0,17.831
fastmultrec,20,20,3.0,1,0.8,25,200.0,8.0,0.0,0.071
insider_relax,20,20,3.0,1,0.8,25,200.0,8.0,0.0,0.030
lca,20,20,3.0,1,0.8,25,200.0,8.0,0.0,0.017
segdup,20,20,3.0,1,0.8,25,200,8,0,7.595
fastmultrec,20,20,3.0,1,0.8,25,200.0,8.0,0.0,0.062
insider_relax,20,20,3.0,1,0.8,25,200.0,8.0,0.0,0.024
lca,20,20,3.0,1,0.8,25,200.0,8.0,0.0,0.014
segdup,20,20,3.0,1,0.8,25,150,6,0,22.767
fastmultrec,20,20,3.0,1,0.8,25,150.0,6.0,0.0,0.061
insider_relax,20,20,3.0,1,0.8,25,150.0,6.0,0.0,0.032
lca,20,20,3.0,1,0.8,25,150.0,6.0,0.0,0.017
segdup,20,20,3.0,1,0.8,5,30,6,0,35.481
fastmultrec,20,20,3.0,1,0.8,5,30.0,6.0,0.0,0.047
insider_relax,20,20,3.0,1,0.8,5,30.0,6.0,0.0,0.022
lca,20,20,3.0,1,0.8,5,30.0,6.0,0.0,0.014
segdup,20,20,3.0,1,0.8,5,40,8,0,12.596
fastmultrec,20,20,3.0,1,0.8,5,40.0,8.0,0.0,0.023
insider_relax,20,20,3.0,1,0.8,5,40.0,8.0,0.0,0.012
lca,20,20,3.0,1,0.8,5,40.0,8.0,0.0,0.008
segdup,20,20,3.0,1,0.8,5,60,12,0,83.757
fastmultrec,20,20,3.0,1,0.8,5,60.0,12.0,0.0,0.541
insider_relax,20,20,3.0,1,0.8,5,60.0,12.0,0.0,0.098
lca,20,20,3.0,1,0.8,5,60.0,12.0,0.0,0.071
segdup,20,20,3.0,1,0.8,5,40,8,0,19.650
fastmultrec,20,20,3.0,1,0.8,5,40.0,8.0,0.0,0.035
insider_relax,20,20,3.0,1,0.8,5,40.0,8.0,0.0,0.018
lca,20,20,3.0,1,0.8,5,40.0,8.0,0.0,0.009
segdup,20,20,3.0,1,0.8,5,15,3,0,10.426
fastmultrec,20,20,3.0,1,0.8,5,15.0,3.0,0.0,0.023
insider_relax,20,20,3.0,1,0.8,5,15.0,3.0,0.0,0.013
lca,20,20,3.0,1,0.8,5,15.0,3.0,0.0,0.009
segdup,20,20,3.0,1,0.8,5,65,13,0,793.850
fastmultrec,20,20,3.0,1,0.8,5,65.0,13.0,0.0,1.080
insider_relax,20,20,3.0,1,0.8,5,65.0,13.0,0.0,0.392
lca,20,20,3.0,1,0.8,5,65.0,13.0,0.0,0.203
segdup,20,20,3.0,1,0.8,5,40,8,0,175.986
fastmultrec,20,20,3.0,1,0.8,5,40.0,8.0,0.0,0.197
insider_relax,20,20,3.0,1,0.8,5,40.0,8.0,0.0,0.085
lca,20,20,3.0,1,0.8,5,40.0,8.0,0.0,0.065
segdup,20,20,3.0,1,0.8,5,60,12,0,17.836
fastmultrec,20,20,3.0,1,0.8,5,60.0,12.0,0.0,0.164
insider_relax,20,20,3.0,1,0.8,5,60.0,12.0,0.0,0.062
lca,20,20,3.0,1,0.8,5,60.0,12.0,0.0,0.041
segdup,20,20,3.0,1,0.8,5,30,6,0,12.148
fastmultrec,20,20,3.0,1,0.8,5,30.0,6.0,0.0,0.026
insider_relax,20,20,3.0,1,0.8,5,30.0,6.0,0.0,0.013
lca,20,20,3.0,1,0.8,5,30.0,6.0,0.0,0.008
segdup,20,20,3.0,1,0.8,5,55,11,0,114.672
fastmultrec,20,20,3.0,1,0.8,5,55.0,11.0,0.0,0.152
insider_relax,20,20,3.0,1,0.8,5,55.0,11.0,0.0,0.066
lca,20,20,3.0,1,0.8,5,55.0,11.0,0.0,0.043
segdup,20,20,3.0,1,0.8,10,60,6,0,29.569
fastmultrec,20,20,3.0,1,0.8,10,60.0,6.0,0.0,0.046
insider_relax,20,20,3.0,1,0.8,10,60.0,6.0,0.0,0.024
lca,20,20,3.0,1,0.8,10,60.0,6.0,0.0,0.014
segdup,20,20,3.0,1,0.8,10,70,7,0,3.436
fastmultrec,20,20,3.0,1,0.8,10,70.0,7.0,0.0,0.012
insider_relax,20,20,3.0,1,0.8,10,70.0,7.0,0.0,0.007
lca,20,20,3.0,1,0.8,10,70.0,7.0,0.0,0.004
segdup,20,20,3.0,1,0.8,10,110,11,0,374.959
fastmultrec,20,20,3.0,1,0.8,10,110.0,11.0,0.0,0.437
insider_relax,20,20,3.0,1,0.8,10,110.0,11.0,0.0,0.179
lca,20,20,3.0,1,0.8,10,110.0,11.0,0.0,0.097
segdup,20,20,3.0,1,0.8,10,60,6,0,3.509
fastmultrec,20,20,3.0,1,0.8,10,60.0,6.0,0.0,0.016
insider_relax,20,20,3.0,1,0.8,10,60.0,6.0,0.0,0.008
lca,20,20,3.0,1,0.8,10,60.0,6.0,0.0,0.006
segdup,20,20,3.0,1,0.8,10,80,8,0,5.293
fastmultrec,20,20,3.0,1,0.8,10,80.0,8.0,0.0,0.018
insider_relax,20,20,3.0,1,0.8,10,80.0,8.0,0.0,0.009
lca,20,20,3.0,1,0.8,10,80.0,8.0,0.0,0.006
segdup,20,20,3.0,1,0.8,10,80,8,0,14.781
fastmultrec,20,20,3.0,1,0.8,10,80.0,8.0,0.0,0.036
insider_relax,20,20,3.0,1,0.8,10,80.0,8.0,0.0,0.019
lca,20,20,3.0,1,0.8,10,80.0,8.0,0.0,0.013
segdup,20,20,3.0,1,0.8,10,70,7,0,21.082
fastmultrec,20,20,3.0,1,0.8,10,70.0,7.0,0.0,0.035
insider_relax,20,20,3.0,1,0.8,10,70.0,7.0,0.0,0.021
lca,20,20,3.0,1,0.8,10,70.0,7.0,0.0,0.011
segdup,20,20,3.0,1,0.8,10,90,9,0,82.280
fastmultrec,20,20,3.0,1,0.8,10,90.0,9.0,0.0,0.154
insider_relax,20,20,3.0,1,0.8,10,90.0,9.0,0.0,0.051
lca,20,20,3.0,1,0.8,10,90.0,9.0,0.0,0.029
segdup,20,20,3.0,1,0.8,10,70,7,0,5.949
fastmultrec,20,20,3.0,1,0.8,10,70.0,7.0,0.0,0.038
insider_relax,20,20,3.0,1,0.8,10,70.0,7.0,0.0,0.016
lca,20,20,3.0,1,0.8,10,70.0,7.0,0.0,0.012
segdup,20,20,3.0,1,0.8,10,90,9,0,95.478
fastmultrec,20,20,3.0,1,0.8,10,90.0,9.0,0.0,0.165
insider_relax,20,20,3.0,1,0.8,10,90.0,9.0,0.0,0.071
lca,20,20,3.0,1,0.8,10,90.0,9.0,0.0,0.041
segdup,20,20,3.0,1,0.8,15,105,7,0,68.506
fastmultrec,20,20,3.0,1,0.8,15,105.0,7.0,0.0,0.161
insider_relax,20,20,3.0,1,0.8,15,105.0,7.0,0.0,0.055
lca,20,20,3.0,1,0.8,15,105.0,7.0,0.0,0.030
segdup,20,20,3.0,1,0.8,15,135,9,0,222.684
fastmultrec,20,20,3.0,1,0.8,15,135.0,9.0,0.0,0.312
insider_relax,20,20,3.0,1,0.8,15,135.0,9.0,0.0,0.143
lca,20,20,3.0,1,0.8,15,135.0,9.0,0.0,0.075
segdup,20,20,3.0,1,0.8,15,75,5,0,1.001
fastmultrec,20,20,3.0,1,0.8,15,75.0,5.0,0.0,0.015
insider_relax,20,20,3.0,1,0.8,15,75.0,5.0,0.0,0.008
lca,20,20,3.0,1,0.8,15,75.0,5.0,0.0,0.006
segdup,20,20,3.0,1,0.8,15,90,6,0,9.843
fastmultrec,20,20,3.0,1,0.8,15,90.0,6.0,0.0,0.038
insider_relax,20,20,3.0,1,0.8,15,90.0,6.0,0.0,0.016
lca,20,20,3.0,1,0.8,15,90.0,6.0,0.0,0.010
segdup,20,20,3.0,1,0.8,15,135,9,0,47.534
fastmultrec,20,20,3.0,1,0.8,15,135.0,9.0,0.0,0.199
insider_relax,20,20,3.0,1,0.8,15,135.0,9.0,0.0,0.071
lca,20,20,3.0,1,0.8,15,135.0,9.0,0.0,0.044
segdup,20,20,3.0,1,0.8,15,75,5,0,4.807
fastmultrec,20,20,3.0,1,0.8,15,75.0,5.0,0.0,0.016
insider_relax,20,20,3.0,1,0.8,15,75.0,5.0,0.0,0.008
lca,20,20,3.0,1,0.8,15,75.0,5.0,0.0,0.006
segdup,20,20,3.0,1,0.8,15,135,9,0,60.027
fastmultrec,20,20,3.0,1,0.8,15,135.0,9.0,0.0,0.168
insider_relax,20,20,3.0,1,0.8,15,135.0,9.0,0.0,0.062
lca,20,20,3.0,1,0.8,15,135.0,9.0,0.0,0.033
segdup,20,20,3.0,1,0.8,15,120,8,0,6.185
fastmultrec,20,20,3.0,1,0.8,15,120.0,8.0,0.0,0.044
insider_relax,20,20,3.0,1,0.8,15,120.0,8.0,0.0,0.016
lca,20,20,3.0,1,0.8,15,120.0,8.0,0.0,0.009
segdup,20,20,3.0,1,0.8,15,90,6,0,4.634
fastmultrec,20,20,3.0,1,0.8,15,90.0,6.0,0.0,0.020
insider_relax,20,20,3.0,1,0.8,15,90.0,6.0,0.0,0.010
lca,20,20,3.0,1,0.8,15,90.0,6.0,0.0,0.006
segdup,20,20,3.0,1,0.8,15,120,8,0,10.107
fastmultrec,20,20,3.0,1,0.8,15,120.0,8.0,0.0,0.031
insider_relax,20,20,3.0,1,0.8,15,120.0,8.0,0.0,0.013
lca,20,20,3.0,1,0.8,15,120.0,8.0,0.0,0.010
segdup,20,20,3.0,1,0.8,20,240,12,0,180.992
fastmultrec,20,20,3.0,1,0.8,20,240.0,12.0,0.0,1.474
insider_relax,20,20,3.0,1,0.8,20,240.0,12.0,0.0,0.255
lca,20,20,3.0,1,0.8,20,240.0,12.0,0.0,0.138
segdup,20,20,3.0,1,0.8,20,120,6,0,8.464
fastmultrec,20,20,3.0,1,0.8,20,120.0,6.0,0.0,0.024
insider_relax,20,20,3.0,1,0.8,20,120.0,6.0,0.0,0.012
lca,20,20,3.0,1,0.8,20,120.0,6.0,0.0,0.009
segdup,20,20,3.0,1,0.8,20,60,3,0,8.091
fastmultrec,20,20,3.0,1,0.8,20,60.0,3.0,0.0,0.028
insider_relax,20,20,3.0,1,0.8,20,60.0,3.0,0.0,0.012
lca,20,20,3.0,1,0.8,20,60.0,3.0,0.0,0.009
segdup,20,20,3.0,1,0.8,20,120,6,0,1.935
fastmultrec,20,20,3.0,1,0.8,20,120.0,6.0,0.0,0.015
insider_relax,20,20,3.0,1,0.8,20,120.0,6.0,0.0,0.008
lca,20,20,3.0,1,0.8,20,120.0,6.0,0.0,0.006
segdup,20,20,3.0,1,0.8,20,120,6,0,5.335
fastmultrec,20,20,3.0,1,0.8,20,120.0,6.0,0.0,0.019
insider_relax,20,20,3.0,1,0.8,20,120.0,6.0,0.0,0.009
lca,20,20,3.0,1,0.8,20,120.0,6.0,0.0,0.006
segdup,20,20,3.0,1,0.8,20,120,6,0,21.479
fastmultrec,20,20,3.0,1,0.8,20,120.0,6.0,0.0,0.064
insider_relax,20,20,3.0,1,0.8,20,120.0,6.0,0.0,0.031
lca,20,20,3.0,1,0.8,20,120.0,6.0,0.0,0.016
segdup,20,20,3.0,1,0.8,20,160,8,0,22.967
fastmultrec,20,20,3.0,1,0.8,20,160.0,8.0,0.0,0.077
insider_relax,20,20,3.0,1,0.8,20,160.0,8.0,0.0,0.038
lca,20,20,3.0,1,0.8,20,160.0,8.0,0.0,0.023
segdup,20,20,3.0,1,0.8,20,80,4,0,2.607
fastmultrec,20,20,3.0,1,0.8,20,80.0,4.0,0.0,0.015
insider_relax,20,20,3.0,1,0.8,20,80.0,4.0,0.0,0.007
lca,20,20,3.0,1,0.8,20,80.0,4.0,0.0,0.006
segdup,20,20,3.0,1,0.8,20,260,13,0,159.840
fastmultrec,20,20,3.0,1,0.8,20,260.0,13.0,0.0,0.448
insider_relax,20,20,3.0,1,0.8,20,260.0,13.0,0.0,0.155
lca,20,20,3.0,1,0.8,20,260.0,13.0,0.0,0.079
segdup,20,20,3.0,1,0.8,20,120,6,0,20.467
fastmultrec,20,20,3.0,1,0.8,20,120.0,6.0,0.0,0.076
insider_relax,20,20,3.0,1,0.8,20,120.0,6.0,0.0,0.028
lca,20,20,3.0,1,0.8,20,120.0,6.0,0.0,0.017
segdup,20,20,3.0,1,0.2,25,100,4,0,2.045
fastmultrec,20,20,3.0,1,0.2,25,100.0,4.0,0.0,0.012
insider_relax,20,20,3.0,1,0.2,25,100.0,4.0,0.0,0.006
lca,20,20,3.0,1,0.2,25,100.0,4.0,0.0,0.004
segdup,20,20,3.0,1,0.2,25,225,9,0,4.779
fastmultrec,20,20,3.0,1,0.2,25,225.0,9.0,0.0,0.014
insider_relax,20,20,3.0,1,0.2,25,225.0,9.0,0.0,0.009
lca,20,20,3.0,1,0.2,25,225.0,9.0,0.0,0.005
segdup,20,20,3.0,1,0.2,25,225,9,0,3.122
fastmultrec,20,20,3.0,1,0.2,25,225.0,9.0,0.0,0.016
insider_relax,20,20,3.0,1,0.2,25,225.0,9.0,0.0,0.011
lca,20,20,3.0,1,0.2,25,225.0,9.0,0.0,0.005
segdup,20,20,3.0,1,0.2,25,75,3,0,1.231
fastmultrec,20,20,3.0,1,0.2,25,75.0,3.0,0.0,0.008
insider_relax,20,20,3.0,1,0.2,25,75.0,3.0,0.0,0.005
lca,20,20,3.0,1,0.2,25,75.0,3.0,0.0,0.003
segdup,20,20,3.0,1,0.2,25,200,8,0,4.706
fastmultrec,20,20,3.0,1,0.2,25,200.0,8.0,0.0,0.014
insider_relax,20,20,3.0,1,0.2,25,200.0,8.0,0.0,0.008
lca,20,20,3.0,1,0.2,25,200.0,8.0,0.0,0.005
segdup,20,20,3.0,1,0.2,25,200,8,0,4.222
fastmultrec,20,20,3.0,1,0.2,25,200.0,8.0,0.0,0.015
insider_relax,20,20,3.0,1,0.2,25,200.0,8.0,0.0,0.008
lca,20,20,3.0,1,0.2,25,200.0,8.0,0.0,0.005
segdup,20,20,3.0,1,0.2,25,175,7,0,2.926
fastmultrec,20,20,3.0,1,0.2,25,175.0,7.0,0.0,0.014
insider_relax,20,20,3.0,1,0.2,25,175.0,7.0,0.0,0.009
lca,20,20,3.0,1,0.2,25,175.0,7.0,0.0,0.005
segdup,20,20,3.0,1,0.2,25,225,9,0,1.766
fastmultrec,20,20,3.0,1,0.2,25,225.0,9.0,0.0,0.013
insider_relax,20,20,3.0,1,0.2,25,225.0,9.0,0.0,0.007
lca,20,20,3.0,1,0.2,25,225.0,9.0,0.0,0.004
segdup,20,20,3.0,1,0.2,25,200,8,0,3.735
fastmultrec,20,20,3.0,1,0.2,25,200.0,8.0,0.0,0.014
insider_relax,20,20,3.0,1,0.2,25,200.0,8.0,0.0,0.009
lca,20,20,3.0,1,0.2,25,200.0,8.0,0.0,0.005
segdup,20,20,3.0,1,0.2,25,250,10,0,10.353
fastmultrec,20,20,3.0,1,0.2,25,250.0,10.0,0.0,0.028
insider_relax,20,20,3.0,1,0.2,25,250.0,10.0,0.0,0.017
lca,20,20,3.0,1,0.2,25,250.0,10.0,0.0,0.008
segdup,20,20,3.0,1,0.2,5,25,5,0,1.737
fastmultrec,20,20,3.0,1,0.2,5,25.0,5.0,0.0,0.011
insider_relax,20,20,3.0,1,0.2,5,25.0,5.0,0.0,0.006
lca,20,20,3.0,1,0.2,5,25.0,5.0,0.0,0.004
segdup,20,20,3.0,1,0.2,5,35,7,0,2.869
fastmultrec,20,20,3.0,1,0.2,5,35.0,7.0,0.0,0.008
insider_relax,20,20,3.0,1,0.2,5,35.0,7.0,0.0,0.006
lca,20,20,3.0,1,0.2,5,35.0,7.0,0.0,0.003
segdup,20,20,3.0,1,0.2,5,35,7,0,2.007
fastmultrec,20,20,3.0,1,0.2,5,35.0,7.0,0.0,0.009
insider_relax,20,20,3.0,1,0.2,5,35.0,7.0,0.0,0.006
lca,20,20,3.0,1,0.2,5,35.0,7.0,0.0,0.003
segdup,20,20,3.0,1,0.2,5,35,7,0,4.688
fastmultrec,20,20,3.0,1,0.2,5,35.0,7.0,0.0,0.011
insider_relax,20,20,3.0,1,0.2,5,35.0,7.0,0.0,0.007
lca,20,20,3.0,1,0.2,5,35.0,7.0,0.0,0.004
segdup,20,20,3.0,1,0.2,5,20,4,0,2.921
fastmultrec,20,20,3.0,1,0.2,5,20.0,4.0,0.0,0.010
insider_relax,20,20,3.0,1,0.2,5,20.0,4.0,0.0,0.006
lca,20,20,3.0,1,0.2,5,20.0,4.0,0.0,0.004
segdup,20,20,3.0,1,0.2,5,45,9,0,2.792
fastmultrec,20,20,3.0,1,0.2,5,45.0,9.0,0.0,0.009
insider_relax,20,20,3.0,1,0.2,5,45.0,9.0,0.0,0.006
lca,20,20,3.0,1,0.2,5,45.0,9.0,0.0,0.004
segdup,20,20,3.0,1,0.2,5,30,6,0,3.522
fastmultrec,20,20,3.0,1,0.2,5,30.0,6.0,0.0,0.011
insider_relax,20,20,3.0,1,0.2,5,30.0,6.0,0.0,0.007
lca,20,20,3.0,1,0.2,5,30.0,6.0,0.0,0.004
segdup,20,20,3.0,1,0.2,5,30,6,0,2.252
fastmultrec,20,20,3.0,1,0.2,5,30.0,6.0,0.0,0.009
insider_relax,20,20,3.0,1,0.2,5,30.0,6.0,0.0,0.005
lca,20,20,3.0,1,0.2,5,30.0,6.0,0.0,0.004
segdup,20,20,3.0,1,0.2,5,30,6,0,2.302
fastmultrec,20,20,3.0,1,0.2,5,30.0,6.0,0.0,0.011
insider_relax,20,20,3.0,1,0.2,5,30.0,6.0,0.0,0.006
lca,20,20,3.0,1,0.2,5,30.0,6.0,0.0,0.004
segdup,20,20,3.0,1,0.2,5,50,10,0,3.201
fastmultrec,20,20,3.0,1,0.2,5,50.0,10.0,0.0,0.012
insider_relax,20,20,3.0,1,0.2,5,50.0,10.0,0.0,0.007
lca,20,20,3.0,1,0.2,5,50.0,10.0,0.0,0.004
segdup,20,20,3.0,1,0.2,10,60,6,0,1.641
fastmultrec,20,20,3.0,1,0.2,10,60.0,6.0,0.0,0.012
insider_relax,20,20,3.0,1,0.2,10,60.0,6.0,0.0,0.006
lca,20,20,3.0,1,0.2,10,60.0,6.0,0.0,0.004
segdup,20,20,3.0,1,0.2,10,70,7,0,2.998
fastmultrec,20,20,3.0,1,0.2,10,70.0,7.0,0.0,0.016
insider_relax,20,20,3.0,1,0.2,10,70.0,7.0,0.0,0.009
lca,20,20,3.0,1,0.2,10,70.0,7.0,0.0,0.006
segdup,20,20,3.0,1,0.2,10,50,5,0,2.599
fastmultrec,20,20,3.0,1,0.2,10,50.0,5.0,0.0,0.009
insider_relax,20,20,3.0,1,0.2,10,50.0,5.0,0.0,0.006
lca,20,20,3.0,1,0.2,10,50.0,5.0,0.0,0.004
segdup,20,20,3.0,1,0.2,10,60,6,0,3.009
fastmultrec,20,20,3.0,1,0.2,10,60.0,6.0,0.0,0.010
insider_relax,20,20,3.0,1,0.2,10,60.0,6.0,0.0,0.007
lca,20,20,3.0,1,0.2,10,60.0,6.0,0.0,0.004
segdup,20,20,3.0,1,0.2,10,70,7,0,2.443
fastmultrec,20,20,3.0,1,0.2,10,70.0,7.0,0.0,0.010
insider_relax,20,20,3.0,1,0.2,10,70.0,7.0,0.0,0.006
lca,20,20,3.0,1,0.2,10,70.0,7.0,0.0,0.005
segdup,20,20,3.0,1,0.2,10,40,4,0,1.246
fastmultrec,20,20,3.0,1,0.2,10,40.0,4.0,0.0,0.010
insider_relax,20,20,3.0,1,0.2,10,40.0,4.0,0.0,0.006
lca,20,20,3.0,1,0.2,10,40.0,4.0,0.0,0.004
segdup,20,20,3.0,1,0.2,10,80,8,0,1.273
fastmultrec,20,20,3.0,1,0.2,10,80.0,8.0,0.0,0.019
insider_relax,20,20,3.0,1,0.2,10,80.0,8.0,0.0,0.009
lca,20,20,3.0,1,0.2,10,80.0,8.0,0.0,0.006
segdup,20,20,3.0,1,0.2,10,60,6,0,1.727
fastmultrec,20,20,3.0,1,0.2,10,60.0,6.0,0.0,0.011
insider_relax,20,20,3.0,1,0.2,10,60.0,6.0,0.0,0.006
lca,20,20,3.0,1,0.2,10,60.0,6.0,0.0,0.004
segdup,20,20,3.0,1,0.2,10,50,5,0,1.401
fastmultrec,20,20,3.0,1,0.2,10,50.0,5.0,0.0,0.010
insider_relax,20,20,3.0,1,0.2,10,50.0,5.0,0.0,0.006
lca,20,20,3.0,1,0.2,10,50.0,5.0,0.0,0.004
segdup,20,20,3.0,1,0.2,10,60,6,0,0.794
fastmultrec,20,20,3.0,1,0.2,10,60.0,6.0,0.0,0.010
insider_relax,20,20,3.0,1,0.2,10,60.0,6.0,0.0,0.006
lca,20,20,3.0,1,0.2,10,60.0,6.0,0.0,0.004
segdup,20,20,3.0,1,0.2,15,75,5,0,3.999
fastmultrec,20,20,3.0,1,0.2,15,75.0,5.0,0.0,0.013
insider_relax,20,20,3.0,1,0.2,15,75.0,5.0,0.0,0.007
lca,20,20,3.0,1,0.2,15,75.0,5.0,0.0,0.004
segdup,20,20,3.0,1,0.2,15,105,7,0,4.025
fastmultrec,20,20,3.0,1,0.2,15,105.0,7.0,0.0,0.013
insider_relax,20,20,3.0,1,0.2,15,105.0,7.0,0.0,0.008
lca,20,20,3.0,1,0.2,15,105.0,7.0,0.0,0.004
segdup,20,20,3.0,1,0.2,15,45,3,0,1.258
fastmultrec,20,20,3.0,1,0.2,15,45.0,3.0,0.0,0.008
insider_relax,20,20,3.0,1,0.2,15,45.0,3.0,0.0,0.005
lca,20,20,3.0,1,0.2,15,45.0,3.0,0.0,0.003
segdup,20,20,3.0,1,0.2,15,120,8,0,2.322
fastmultrec,20,20,3.0,1,0.2,15,120.0,8.0,0.0,0.012
insider_relax,20,20,3.0,1,0.2,15,120.0,8.0,0.0,0.007
lca,20,20,3.0,1,0.2,15,120.0,8.0,0.0,0.004
segdup,20,20,3.0,1,0.2,15,120,8,0,2.866
fastmultrec,20,20,3.0,1,0.2,15,120.0,8.0,0.0,0.017
insider_relax,20,20,3.0,1,0.2,15,120.0,8.0,0.0,0.008
lca,20,20,3.0,1,0.2,15,120.0,8.0,0.0,0.005
segdup,20,20,3.0,1,0.2,15,90,6,0,4.582
fastmultrec,20,20,3.0,1,0.2,15,90.0,6.0,0.0,0.013
insider_relax,20,20,3.0,1,0.2,15,90.0,6.0,0.0,0.007
lca,20,20,3.0,1,0.2,15,90.0,6.0,0.0,0.005
segdup,20,20,3.0,1,0.2,15,90,6,0,4.421
fastmultrec,20,20,3.0,1,0.2,15,90.0,6.0,0.0,0.017
insider_relax,20,20,3.0,1,0.2,15,90.0,6.0,0.0,0.010
lca,20,20,3.0,1,0.2,15,90.0,6.0,0.0,0.008
segdup,20,20,3.0,1,0.2,15,120,8,0,2.654
fastmultrec,20,20,3.0,1,0.2,15,120.0,8.0,0.0,0.011
insider_relax,20,20,3.0,1,0.2,15,120.0,8.0,0.0,0.007
lca,20,20,3.0,1,0.2,15,120.0,8.0,0.0,0.004
segdup,20,20,3.0,1,0.2,15,90,6,0,3.498
fastmultrec,20,20,3.0,1,0.2,15,90.0,6.0,0.0,0.015
insider_relax,20,20,3.0,1,0.2,15,90.0,6.0,0.0,0.008
lca,20,20,3.0,1,0.2,15,90.0,6.0,0.0,0.005
segdup,20,20,3.0,1,0.2,15,105,7,0,6.148
fastmultrec,20,20,3.0,1,0.2,15,105.0,7.0,0.0,0.018
insider_relax,20,20,3.0,1,0.2,15,105.0,7.0,0.0,0.011
lca,20,20,3.0,1,0.2,15,105.0,7.0,0.0,0.007
segdup,20,20,3.0,1,0.2,20,120,6,0,1.407
fastmultrec,20,20,3.0,1,0.2,20,120.0,6.0,0.0,0.011
insider_relax,20,20,3.0,1,0.2,20,120.0,6.0,0.0,0.006
lca,20,20,3.0,1,0.2,20,120.0,6.0,0.0,0.003
segdup,20,20,3.0,1,0.2,20,100,5,0,1.870
fastmultrec,20,20,3.0,1,0.2,20,100.0,5.0,0.0,0.012
insider_relax,20,20,3.0,1,0.2,20,100.0,5.0,0.0,0.009
lca,20,20,3.0,1,0.2,20,100.0,5.0,0.0,0.004
segdup,20,20,3.0,1,0.2,20,120,6,0,1.481
fastmultrec,20,20,3.0,1,0.2,20,120.0,6.0,0.0,0.009
insider_relax,20,20,3.0,1,0.2,20,120.0,6.0,0.0,0.006
lca,20,20,3.0,1,0.2,20,120.0,6.0,0.0,0.004
segdup,20,20,3.0,1,0.2,20,180,9,0,2.018
fastmultrec,20,20,3.0,1,0.2,20,180.0,9.0,0.0,0.017
insider_relax,20,20,3.0,1,0.2,20,180.0,9.0,0.0,0.010
lca,20,20,3.0,1,0.2,20,180.0,9.0,0.0,0.007
segdup,20,20,3.0,1,0.2,20,140,7,0,2.672
fastmultrec,20,20,3.0,1,0.2,20,140.0,7.0,0.0,0.010
insider_relax,20,20,3.0,1,0.2,20,140.0,7.0,0.0,0.006
lca,20,20,3.0,1,0.2,20,140.0,7.0,0.0,0.004
segdup,20,20,3.0,1,0.2,20,140,7,0,1.593
fastmultrec,20,20,3.0,1,0.2,20,140.0,7.0,0.0,0.010
insider_relax,20,20,3.0,1,0.2,20,140.0,7.0,0.0,0.008
lca,20,20,3.0,1,0.2,20,140.0,7.0,0.0,0.004
segdup,20,20,3.0,1,0.2,20,120,6,0,2.204
fastmultrec,20,20,3.0,1,0.2,20,120.0,6.0,0.0,0.016
insider_relax,20,20,3.0,1,0.2,20,120.0,6.0,0.0,0.009
lca,20,20,3.0,1,0.2,20,120.0,6.0,0.0,0.006
segdup,20,20,3.0,1,0.2,20,140,7,0,3.792
fastmultrec,20,20,3.0,1,0.2,20,140.0,7.0,0.0,0.015
insider_relax,20,20,3.0,1,0.2,20,140.0,7.0,0.0,0.008
lca,20,20,3.0,1,0.2,20,140.0,7.0,0.0,0.005
segdup,20,20,3.0,1,0.2,20,80,4,0,1.641
fastmultrec,20,20,3.0,1,0.2,20,80.0,4.0,0.0,0.008
insider_relax,20,20,3.0,1,0.2,20,80.0,4.0,0.0,0.005
lca,20,20,3.0,1,0.2,20,80.0,4.0,0.0,0.003
segdup,20,20,3.0,1,0.2,20,200,10,0,3.780
fastmultrec,20,20,3.0,1,0.2,20,200.0,10.0,0.0,0.017
insider_relax,20,20,3.0,1,0.2,20,200.0,10.0,0.0,0.011
lca,20,20,3.0,1,0.2,20,200.0,10.0,0.0,0.006
segdup,20,20,1.0,1,1,25,75,3,0,6.030
fastmultrec,20,20,1.0,1,1,25,75.0,3.0,0.0,0.035
insider_relax,20,20,1.0,1,1,25,75.0,3.0,0.0,0.018
lca,20,20,1.0,1,1,25,75.0,3.0,0.0,0.009
segdup,20,20,1.0,1,1,25,100,4,0,3.515
fastmultrec,20,20,1.0,1,1,25,100.0,4.0,0.0,0.017
insider_relax,20,20,1.0,1,1,25,100.0,4.0,0.0,0.011
lca,20,20,1.0,1,1,25,100.0,4.0,0.0,0.006
segdup,20,20,1.0,1,1,25,150,6,0,26.195
fastmultrec,20,20,1.0,1,1,25,150.0,6.0,0.0,0.069
insider_relax,20,20,1.0,1,1,25,150.0,6.0,0.0,0.029
lca,20,20,1.0,1,1,25,150.0,6.0,0.0,0.017
segdup,20,20,1.0,1,1,25,75,3,0,3.285
fastmultrec,20,20,1.0,1,1,25,75.0,3.0,0.0,0.017
insider_relax,20,20,1.0,1,1,25,75.0,3.0,0.0,0.009
lca,20,20,1.0,1,1,25,75.0,3.0,0.0,0.007
segdup,20,20,1.0,1,1,25,50,2,0,2.922
fastmultrec,20,20,1.0,1,1,25,50.0,2.0,0.0,0.019
insider_relax,20,20,1.0,1,1,25,50.0,2.0,0.0,0.008
lca,20,20,1.0,1,1,25,50.0,2.0,0.0,0.006
segdup,20,20,1.0,1,1,25,25,1,0,0.609
fastmultrec,20,20,1.0,1,1,25,25.0,1.0,0.0,0.014
insider_relax,20,20,1.0,1,1,25,25.0,1.0,0.0,0.006
lca,20,20,1.0,1,1,25,25.0,1.0,0.0,0.006
segdup,20,20,1.0,1,1,25,25,1,0,1.627
fastmultrec,20,20,1.0,1,1,25,25.0,1.0,0.0,0.008
insider_relax,20,20,1.0,1,1,25,25.0,1.0,0.0,0.005
lca,20,20,1.0,1,1,25,25.0,1.0,0.0,0.003
segdup,20,20,1.0,1,1,25,0,0,0,0.008
fastmultrec,20,20,1.0,1,1,25,0.0,0.0,0.0,0.009
insider_relax,20,20,1.0,1,1,25,0.0,0.0,0.0,0.005
lca,20,20,1.0,1,1,25,0.0,0.0,0.0,0.003
segdup,20,20,1.0,1,1,25,50,2,0,1.581
fastmultrec,20,20,1.0,1,1,25,50.0,2.0,0.0,0.020
insider_relax,20,20,1.0,1,1,25,50.0,2.0,0.0,0.010
lca,20,20,1.0,1,1,25,50.0,2.0,0.0,0.007
segdup,20,20,1.0,1,1,25,75,3,0,3.126
fastmultrec,20,20,1.0,1,1,25,75.0,3.0,0.0,0.035
insider_relax,20,20,1.0,1,1,25,75.0,3.0,0.0,0.014
lca,20,20,1.0,1,1,25,75.0,3.0,0.0,0.007
segdup,20,20,1.0,1,1,5,10,2,0,5.982
fastmultrec,20,20,1.0,1,1,5,10.0,2.0,0.0,0.013
insider_relax,20,20,1.0,1,1,5,10.0,2.0,0.0,0.006
lca,20,20,1.0,1,1,5,10.0,2.0,0.0,0.005
segdup,20,20,1.0,1,1,5,25,5,0,13.272
fastmultrec,20,20,1.0,1,1,5,25.0,5.0,0.0,0.050
insider_relax,20,20,1.0,1,1,5,25.0,5.0,0.0,0.022
lca,20,20,1.0,1,1,5,25.0,5.0,0.0,0.012
segdup,20,20,1.0,1,1,5,10,2,0,2.122
fastmultrec,20,20,1.0,1,1,5,10.0,2.0,0.0,0.009
insider_relax,20,20,1.0,1,1,5,10.0,2.0,0.0,0.005
lca,20,20,1.0,1,1,5,10.0,2.0,0.0,0.003
segdup,20,20,1.0,1,1,5,10,2,0,3.142
fastmultrec,20,20,1.0,1,1,5,10.0,2.0,0.0,0.009
insider_relax,20,20,1.0,1,1,5,10.0,2.0,0.0,0.005
lca,20,20,1.0,1,1,5,10.0,2.0,0.0,0.004
segdup,20,20,1.0,1,1,5,10,2,0,0.128
fastmultrec,20,20,1.0,1,1,5,10.0,2.0,0.0,0.009
insider_relax,20,20,1.0,1,1,5,10.0,2.0,0.0,0.005
lca,20,20,1.0,1,1,5,10.0,2.0,0.0,0.004
segdup,20,20,1.0,1,1,5,10,2,0,4.875
fastmultrec,20,20,1.0,1,1,5,10.0,2.0,0.0,0.014
insider_relax,20,20,1.0,1,1,5,10.0,2.0,0.0,0.006
lca,20,20,1.0,1,1,5,10.0,2.0,0.0,0.005
segdup,20,20,1.0,1,1,5,5,1,0,0.546
fastmultrec,20,20,1.0,1,1,5,5.0,1.0,0.0,0.014
insider_relax,20,20,1.0,1,1,5,5.0,1.0,0.0,0.006
lca,20,20,1.0,1,1,5,5.0,1.0,0.0,0.004
segdup,20,20,1.0,1,1,5,5,1,0,4.287
fastmultrec,20,20,1.0,1,1,5,5.0,1.0,0.0,0.015
insider_relax,20,20,1.0,1,1,5,5.0,1.0,0.0,0.006
lca,20,20,1.0,1,1,5,5.0,1.0,0.0,0.004
segdup,20,20,1.0,1,1,5,10,2,0,1.421
fastmultrec,20,20,1.0,1,1,5,10.0,2.0,0.0,0.008
insider_relax,20,20,1.0,1,1,5,10.0,2.0,0.0,0.005
lca,20,20,1.0,1,1,5,10.0,2.0,0.0,0.003
segdup,20,20,1.0,1,1,5,0,0,0,0.008
fastmultrec,20,20,1.0,1,1,5,0.0,0.0,0.0,0.009
insider_relax,20,20,1.0,1,1,5,0.0,0.0,0.0,0.005
lca,20,20,1.0,1,1,5,0.0,0.0,0.0,0.003
segdup,20,20,1.0,1,1,10,10,1,0,0.325
fastmultrec,20,20,1.0,1,1,10,10.0,1.0,0.0,0.011
insider_relax,20,20,1.0,1,1,10,10.0,1.0,0.0,0.006
lca,20,20,1.0,1,1,10,10.0,1.0,0.0,0.004
segdup,20,20,1.0,1,1,10,10,1,0,2.444
fastmultrec,20,20,1.0,1,1,10,10.0,1.0,0.0,0.009
insider_relax,20,20,1.0,1,1,10,10.0,1.0,0.0,0.005
lca,20,20,1.0,1,1,10,10.0,1.0,0.0,0.004
segdup,20,20,1.0,1,1,10,30,3,0,4.842
fastmultrec,20,20,1.0,1,1,10,30.0,3.0,0.0,0.013
insider_relax,20,20,1.0,1,1,10,30.0,3.0,0.0,0.007
lca,20,20,1.0,1,1,10,30.0,3.0,0.0,0.004
segdup,20,20,1.0,1,1,10,0,0,0,0.009
fastmultrec,20,20,1.0,1,1,10,0.0,0.0,0.0,0.008
insider_relax,20,20,1.0,1,1,10,0.0,0.0,0.0,0.004
lca,20,20,1.0,1,1,10,0.0,0.0,0.0,0.003
segdup,20,20,1.0,1,1,10,20,2,0,3.004
fastmultrec,20,20,1.0,1,1,10,20.0,2.0,0.0,0.010
insider_relax,20,20,1.0,1,1,10,20.0,2.0,0.0,0.005
lca,20,20,1.0,1,1,10,20.0,2.0,0.0,0.004
segdup,20,20,1.0,1,1,10,10,1,0,0.223
fastmultrec,20,20,1.0,1,1,10,10.0,1.0,0.0,0.008
insider_relax,20,20,1.0,1,1,10,10.0,1.0,0.0,0.005
lca,20,20,1.0,1,1,10,10.0,1.0,0.0,0.004
segdup,20,20,1.0,1,1,10,20,2,0,0.166
fastmultrec,20,20,1.0,1,1,10,20.0,2.0,0.0,0.010
insider_relax,20,20,1.0,1,1,10,20.0,2.0,0.0,0.005
lca,20,20,1.0,1,1,10,20.0,2.0,0.0,0.004
segdup,20,20,1.0,1,1,10,10,1,0,0.552
fastmultrec,20,20,1.0,1,1,10,10.0,1.0,0.0,0.013
insider_relax,20,20,1.0,1,1,10,10.0,1.0,0.0,0.006
lca,20,20,1.0,1,1,10,10.0,1.0,0.0,0.004
segdup,20,20,1.0,1,1,10,10,1,0,1.688
fastmultrec,20,20,1.0,1,1,10,10.0,1.0,0.0,0.007
insider_relax,20,20,1.0,1,1,10,10.0,1.0,0.0,0.004
lca,20,20,1.0,1,1,10,10.0,1.0,0.0,0.003
segdup,20,20,1.0,1,1,10,0,0,0,0.008
fastmultrec,20,20,1.0,1,1,10,0.0,0.0,0.0,0.007
insider_relax,20,20,1.0,1,1,10,0.0,0.0,0.0,0.005
lca,20,20,1.0,1,1,10,0.0,0.0,0.0,0.004
segdup,20,20,1.0,1,1,15,60,4,0,15.603
fastmultrec,20,20,1.0,1,1,15,60.0,4.0,0.0,0.054
insider_relax,20,20,1.0,1,1,15,60.0,4.0,0.0,0.023
lca,20,20,1.0,1,1,15,60.0,4.0,0.0,0.012
segdup,20,20,1.0,1,1,15,45,3,0,3.221
fastmultrec,20,20,1.0,1,1,15,45.0,3.0,0.0,0.017
insider_relax,20,20,1.0,1,1,15,45.0,3.0,0.0,0.009
lca,20,20,1.0,1,1,15,45.0,3.0,0.0,0.006
segdup,20,20,1.0,1,1,15,45,3,0,6.748
fastmultrec,20,20,1.0,1,1,15,45.0,3.0,0.0,0.023
insider_relax,20,20,1.0,1,1,15,45.0,3.0,0.0,0.011
lca,20,20,1.0,1,1,15,45.0,3.0,0.0,0.007
segdup,20,20,1.0,1,1,15,30,2,0,2.570
fastmultrec,20,20,1.0,1,1,15,30.0,2.0,0.0,0.012
insider_relax,20,20,1.0,1,1,15,30.0,2.0,0.0,0.006
lca,20,20,1.0,1,1,15,30.0,2.0,0.0,0.004
segdup,20,20,1.0,1,1,15,45,3,0,1.592
fastmultrec,20,20,1.0,1,1,15,45.0,3.0,0.0,0.012
insider_relax,20,20,1.0,1,1,15,45.0,3.0,0.0,0.006
lca,20,20,1.0,1,1,15,45.0,3.0,0.0,0.004
segdup,20,20,1.0,1,1,15,60,4,0,7.200
fastmultrec,20,20,1.0,1,1,15,60.0,4.0,0.0,0.043
insider_relax,20,20,1.0,1,1,15,60.0,4.0,0.0,0.020
lca,20,20,1.0,1,1,15,60.0,4.0,0.0,0.010
segdup,20,20,1.0,1,1,15,45,3,0,2.928
fastmultrec,20,20,1.0,1,1,15,45.0,3.0,0.0,0.016
insider_relax,20,20,1.0,1,1,15,45.0,3.0,0.0,0.007
lca,20,20,1.0,1,1,15,45.0,3.0,0.0,0.005
segdup,20,20,1.0,1,1,15,15,1,0,1.403
fastmultrec,20,20,1.0,1,1,15,15.0,1.0,0.0,0.009
insider_relax,20,20,1.0,1,1,15,15.0,1.0,0.0,0.004
lca,20,20,1.0,1,1,15,15.0,1.0,0.0,0.003
segdup,20,20,1.0,1,1,15,60,4,0,9.345
fastmultrec,20,20,1.0,1,1,15,60.0,4.0,0.0,0.086
insider_relax,20,20,1.0,1,1,15,60.0,4.0,0.0,0.043
lca,20,20,1.0,1,1,15,60.0,4.0,0.0,0.025
segdup,20,20,1.0,1,1,15,60,4,0,3.052
fastmultrec,20,20,1.0,1,1,15,60.0,4.0,0.0,0.021
insider_relax,20,20,1.0,1,1,15,60.0,4.0,0.0,0.010
lca,20,20,1.0,1,1,15,60.0,4.0,0.0,0.006
segdup,20,20,1.0,1,1,20,20,1,0,0.555
fastmultrec,20,20,1.0,1,1,20,20.0,1.0,0.0,0.013
insider_relax,20,20,1.0,1,1,20,20.0,1.0,0.0,0.006
lca,20,20,1.0,1,1,20,20.0,1.0,0.0,0.004
segdup,20,20,1.0,1,1,20,20,1,0,0.147
fastmultrec,20,20,1.0,1,1,20,20.0,1.0,0.0,0.007
insider_relax,20,20,1.0,1,1,20,20.0,1.0,0.0,0.005
lca,20,20,1.0,1,1,20,20.0,1.0,0.0,0.003
segdup,20,20,1.0,1,1,20,40,2,0,2.064
fastmultrec,20,20,1.0,1,1,20,40.0,2.0,0.0,0.013
insider_relax,20,20,1.0,1,1,20,40.0,2.0,0.0,0.007
lca,20,20,1.0,1,1,20,40.0,2.0,0.0,0.004
segdup,20,20,1.0,1,1,20,0,0,0,0.009
fastmultrec,20,20,1.0,1,1,20,0.0,0.0,0.0,0.006
insider_relax,20,20,1.0,1,1,20,0.0,0.0,0.0,0.004
lca,20,20,1.0,1,1,20,0.0,0.0,0.0,0.003
segdup,20,20,1.0,1,1,20,60,3,0,2.655
fastmultrec,20,20,1.0,1,1,20,60.0,3.0,0.0,0.041
insider_relax,20,20,1.0,1,1,20,60.0,3.0,0.0,0.015
lca,20,20,1.0,1,1,20,60.0,3.0,0.0,0.010
segdup,20,20,1.0,1,1,20,60,3,0,10.117
fastmultrec,20,20,1.0,1,1,20,60.0,3.0,0.0,0.041
insider_relax,20,20,1.0,1,1,20,60.0,3.0,0.0,0.016
lca,20,20,1.0,1,1,20,60.0,3.0,0.0,0.009
segdup,20,20,1.0,1,1,20,40,2,0,2.242
fastmultrec,20,20,1.0,1,1,20,40.0,2.0,0.0,0.014
insider_relax,20,20,1.0,1,1,20,40.0,2.0,0.0,0.007
lca,20,20,1.0,1,1,20,40.0,2.0,0.0,0.004
segdup,20,20,1.0,1,1,20,40,2,0,2.409
fastmultrec,20,20,1.0,1,1,20,40.0,2.0,0.0,0.012
insider_relax,20,20,1.0,1,1,20,40.0,2.0,0.0,0.006
lca,20,20,1.0,1,1,20,40.0,2.0,0.0,0.004
segdup,20,20,1.0,1,1,20,60,3,0,2.958
fastmultrec,20,20,1.0,1,1,20,60.0,3.0,0.0,0.015
insider_relax,20,20,1.0,1,1,20,60.0,3.0,0.0,0.007
lca,20,20,1.0,1,1,20,60.0,3.0,0.0,0.005
segdup,20,20,1.0,1,1,20,40,2,0,1.519
fastmultrec,20,20,1.0,1,1,20,40.0,2.0,0.0,0.022
insider_relax,20,20,1.0,1,1,20,40.0,2.0,0.0,0.011
lca,20,20,1.0,1,1,20,40.0,2.0,0.0,0.007
segdup,20,20,1.0,1,0.5,25,25,1,0,1.120
fastmultrec,20,20,1.0,1,0.5,25,25.0,1.0,0.0,0.009
insider_relax,20,20,1.0,1,0.5,25,25.0,1.0,0.0,0.004
lca,20,20,1.0,1,0.5,25,25.0,1.0,0.0,0.003
segdup,20,20,1.0,1,0.5,25,0,0,0,0.011
fastmultrec,20,20,1.0,1,0.5,25,0.0,0.0,0.0,0.008
insider_relax,20,20,1.0,1,0.5,25,0.0,0.0,0.0,0.004
lca,20,20,1.0,1,0.5,25,0.0,0.0,0.0,0.004
segdup,20,20,1.0,1,0.5,25,75,3,0,1.059
fastmultrec,20,20,1.0,1,0.5,25,75.0,3.0,0.0,0.008
insider_relax,20,20,1.0,1,0.5,25,75.0,3.0,0.0,0.006
lca,20,20,1.0,1,0.5,25,75.0,3.0,0.0,0.004
segdup,20,20,1.0,1,0.5,25,25,1,0,0.240
fastmultrec,20,20,1.0,1,0.5,25,25.0,1.0,0.0,0.009
insider_relax,20,20,1.0,1,0.5,25,25.0,1.0,0.0,0.005
lca,20,20,1.0,1,0.5,25,25.0,1.0,0.0,0.003
segdup,20,20,1.0,1,0.5,25,100,4,0,1.987
fastmultrec,20,20,1.0,1,0.5,25,100.0,4.0,0.0,0.010
insider_relax,20,20,1.0,1,0.5,25,100.0,4.0,0.0,0.006
lca,20,20,1.0,1,0.5,25,100.0,4.0,0.0,0.003
segdup,20,20,1.0,1,0.5,25,25,1,0,1.386
fastmultrec,20,20,1.0,1,0.5,25,25.0,1.0,0.0,0.008
insider_relax,20,20,1.0,1,0.5,25,25.0,1.0,0.0,0.005
lca,20,20,1.0,1,0.5,25,25.0,1.0,0.0,0.003
segdup,20,20,1.0,1,0.5,25,50,2,0,2.033
fastmultrec,20,20,1.0,1,0.5,25,50.0,2.0,0.0,0.010
insider_relax,20,20,1.0,1,0.5,25,50.0,2.0,0.0,0.007
lca,20,20,1.0,1,0.5,25,50.0,2.0,0.0,0.004
segdup,20,20,1.0,1,0.5,25,25,1,0,0.111
fastmultrec,20,20,1.0,1,0.5,25,25.0,1.0,0.0,0.008
insider_relax,20,20,1.0,1,0.5,25,25.0,1.0,0.0,0.006
lca,20,20,1.0,1,0.5,25,25.0,1.0,0.0,0.003
segdup,20,20,1.0,1,0.5,25,50,2,0,1.438
fastmultrec,20,20,1.0,1,0.5,25,50.0,2.0,0.0,0.009
insider_relax,20,20,1.0,1,0.5,25,50.0,2.0,0.0,0.005
lca,20,20,1.0,1,0.5,25,50.0,2.0,0.0,0.003
segdup,20,20,1.0,1,0.5,25,25,1,0,0.354
fastmultrec,20,20,1.0,1,0.5,25,25.0,1.0,0.0,0.009
insider_relax,20,20,1.0,1,0.5,25,25.0,1.0,0.0,0.005
lca,20,20,1.0,1,0.5,25,25.0,1.0,0.0,0.003
segdup,20,20,1.0,1,0.5,5,25,5,0,9.264
fastmultrec,20,20,1.0,1,0.5,5,25.0,5.0,0.0,0.031
insider_relax,20,20,1.0,1,0.5,5,25.0,5.0,0.0,0.014
lca,20,20,1.0,1,0.5,5,25.0,5.0,0.0,0.010
segdup,20,20,1.0,1,0.5,5,10,2,0,0.320
fastmultrec,20,20,1.0,1,0.5,5,10.0,2.0,0.0,0.010
insider_relax,20,20,1.0,1,0.5,5,10.0,2.0,0.0,0.005
lca,20,20,1.0,1,0.5,5,10.0,2.0,0.0,0.003
segdup,20,20,1.0,1,0.5,5,10,2,0,2.983
fastmultrec,20,20,1.0,1,0.5,5,10.0,2.0,0.0,0.009
insider_relax,20,20,1.0,1,0.5,5,10.0,2.0,0.0,0.006
lca,20,20,1.0,1,0.5,5,10.0,2.0,0.0,0.004
segdup,20,20,1.0,1,0.5,5,10,2,0,0.824
fastmultrec,20,20,1.0,1,0.5,5,10.0,2.0,0.0,0.018
insider_relax,20,20,1.0,1,0.5,5,10.0,2.0,0.0,0.007
lca,20,20,1.0,1,0.5,5,10.0,2.0,0.0,0.005
segdup,20,20,1.0,1,0.5,5,10,2,0,0.699
fastmultrec,20,20,1.0,1,0.5,5,10.0,2.0,0.0,0.014
insider_relax,20,20,1.0,1,0.5,5,10.0,2.0,0.0,0.007
lca,20,20,1.0,1,0.5,5,10.0,2.0,0.0,0.004
segdup,20,20,1.0,1,0.5,5,10,2,0,3.032
fastmultrec,20,20,1.0,1,0.5,5,10.0,2.0,0.0,0.011
insider_relax,20,20,1.0,1,0.5,5,10.0,2.0,0.0,0.006
lca,20,20,1.0,1,0.5,5,10.0,2.0,0.0,0.005
segdup,20,20,1.0,1,0.5,5,5,1,0,0.102
fastmultrec,20,20,1.0,1,0.5,5,5.0,1.0,0.0,0.008
insider_relax,20,20,1.0,1,0.5,5,5.0,1.0,0.0,0.005
lca,20,20,1.0,1,0.5,5,5.0,1.0,0.0,0.003
segdup,20,20,1.0,1,0.5,5,5,1,0,1.464
fastmultrec,20,20,1.0,1,0.5,5,5.0,1.0,0.0,0.008
insider_relax,20,20,1.0,1,0.5,5,5.0,1.0,0.0,0.005
lca,20,20,1.0,1,0.5,5,5.0,1.0,0.0,0.003
segdup,20,20,1.0,1,0.5,5,10,2,0,2.603
fastmultrec,20,20,1.0,1,0.5,5,10.0,2.0,0.0,0.011
insider_relax,20,20,1.0,1,0.5,5,10.0,2.0,0.0,0.006
lca,20,20,1.0,1,0.5,5,10.0,2.0,0.0,0.004
segdup,20,20,1.0,1,0.5,5,15,3,0,2.298
fastmultrec,20,20,1.0,1,0.5,5,15.0,3.0,0.0,0.009
insider_relax,20,20,1.0,1,0.5,5,15.0,3.0,0.0,0.005
lca,20,20,1.0,1,0.5,5,15.0,3.0,0.0,0.004
segdup,20,20,1.0,1,0.5,10,40,4,0,1.953
fastmultrec,20,20,1.0,1,0.5,10,40.0,4.0,0.0,0.009
insider_relax,20,20,1.0,1,0.5,10,40.0,4.0,0.0,0.005
lca,20,20,1.0,1,0.5,10,40.0,4.0,0.0,0.004
segdup,20,20,1.0,1,0.5,10,10,1,0,1.542
fastmultrec,20,20,1.0,1,0.5,10,10.0,1.0,0.0,0.007
insider_relax,20,20,1.0,1,0.5,10,10.0,1.0,0.0,0.004
lca,20,20,1.0,1,0.5,10,10.0,1.0,0.0,0.003
segdup,20,20,1.0,1,0.5,10,0,0,0,0.007
fastmultrec,20,20,1.0,1,0.5,10,0.0,0.0,0.0,0.006
insider_relax,20,20,1.0,1,0.5,10,0.0,0.0,0.0,0.004
lca,20,20,1.0,1,0.5,10,0.0,0.0,0.0,0.005
segdup,20,20,1.0,1,0.5,10,40,4,0,4.286
fastmultrec,20,20,1.0,1,0.5,10,40.0,4.0,0.0,0.016
insider_relax,20,20,1.0,1,0.5,10,40.0,4.0,0.0,0.008
lca,20,20,1.0,1,0.5,10,40.0,4.0,0.0,0.005
segdup,20,20,1.0,1,0.5,10,20,2,0,2.280
fastmultrec,20,20,1.0,1,0.5,10,20.0,2.0,0.0,0.009
insider_relax,20,20,1.0,1,0.5,10,20.0,2.0,0.0,0.006
lca,20,20,1.0,1,0.5,10,20.0,2.0,0.0,0.004
segdup,20,20,1.0,1,0.5,10,60,6,0,1.719
fastmultrec,20,20,1.0,1,0.5,10,60.0,6.0,0.0,0.010
insider_relax,20,20,1.0,1,0.5,10,60.0,6.0,0.0,0.006
lca,20,20,1.0,1,0.5,10,60.0,6.0,0.0,0.003
segdup,20,20,1.0,1,0.5,10,10,1,0,1.627
fastmultrec,20,20,1.0,1,0.5,10,10.0,1.0,0.0,0.008
insider_relax,20,20,1.0,1,0.5,10,10.0,1.0,0.0,0.005
lca,20,20,1.0,1,0.5,10,10.0,1.0,0.0,0.004
segdup,20,20,1.0,1,0.5,10,40,4,0,2.724
fastmultrec,20,20,1.0,1,0.5,10,40.0,4.0,0.0,0.009
insider_relax,20,20,1.0,1,0.5,10,40.0,4.0,0.0,0.006
lca,20,20,1.0,1,0.5,10,40.0,4.0,0.0,0.004
segdup,20,20,1.0,1,0.5,10,30,3,0,4.714
fastmultrec,20,20,1.0,1,0.5,10,30.0,3.0,0.0,0.014
insider_relax,20,20,1.0,1,0.5,10,30.0,3.0,0.0,0.007
lca,20,20,1.0,1,0.5,10,30.0,3.0,0.0,0.004
segdup,20,20,1.0,1,0.5,10,20,2,0,3.374
fastmultrec,20,20,1.0,1,0.5,10,20.0,2.0,0.0,0.013
insider_relax,20,20,1.0,1,0.5,10,20.0,2.0,0.0,0.007
lca,20,20,1.0,1,0.5,10,20.0,2.0,0.0,0.004
segdup,20,20,1.0,1,0.5,15,45,3,0,1.517
fastmultrec,20,20,1.0,1,0.5,15,45.0,3.0,0.0,0.009
insider_relax,20,20,1.0,1,0.5,15,45.0,3.0,0.0,0.006
lca,20,20,1.0,1,0.5,15,45.0,3.0,0.0,0.003
segdup,20,20,1.0,1,0.5,15,75,5,0,3.255
fastmultrec,20,20,1.0,1,0.5,15,75.0,5.0,0.0,0.017
insider_relax,20,20,1.0,1,0.5,15,75.0,5.0,0.0,0.009
lca,20,20,1.0,1,0.5,15,75.0,5.0,0.0,0.006
segdup,20,20,1.0,1,0.5,15,30,2,0,3.470
fastmultrec,20,20,1.0,1,0.5,15,30.0,2.0,0.0,0.011
insider_relax,20,20,1.0,1,0.5,15,30.0,2.0,0.0,0.007
lca,20,20,1.0,1,0.5,15,30.0,2.0,0.0,0.004
segdup,20,20,1.0,1,0.5,15,30,2,0,0.454
fastmultrec,20,20,1.0,1,0.5,15,30.0,2.0,0.0,0.011
insider_relax,20,20,1.0,1,0.5,15,30.0,2.0,0.0,0.006
lca,20,20,1.0,1,0.5,15,30.0,2.0,0.0,0.004
segdup,20,20,1.0,1,0.5,15,30,2,0,2.253
fastmultrec,20,20,1.0,1,0.5,15,30.0,2.0,0.0,0.009
insider_relax,20,20,1.0,1,0.5,15,30.0,2.0,0.0,0.005
lca,20,20,1.0,1,0.5,15,30.0,2.0,0.0,0.004
segdup,20,20,1.0,1,0.5,15,30,2,0,1.588
fastmultrec,20,20,1.0,1,0.5,15,30.0,2.0,0.0,0.007
insider_relax,20,20,1.0,1,0.5,15,30.0,2.0,0.0,0.005
lca,20,20,1.0,1,0.5,15,30.0,2.0,0.0,0.004
segdup,20,20,1.0,1,0.5,15,30,2,0,0.938
fastmultrec,20,20,1.0,1,0.5,15,30.0,2.0,0.0,0.008
insider_relax,20,20,1.0,1,0.5,15,30.0,2.0,0.0,0.005
lca,20,20,1.0,1,0.5,15,30.0,2.0,0.0,0.003
segdup,20,20,1.0,1,0.5,15,45,3,0,3.054
fastmultrec,20,20,1.0,1,0.5,15,45.0,3.0,0.0,0.011
insider_relax,20,20,1.0,1,0.5,15,45.0,3.0,0.0,0.006
lca,20,20,1.0,1,0.5,15,45.0,3.0,0.0,0.004
segdup,20,20,1.0,1,0.5,15,75,5,0,1.843
fastmultrec,20,20,1.0,1,0.5,15,75.0,5.0,0.0,0.010
insider_relax,20,20,1.0,1,0.5,15,75.0,5.0,0.0,0.006
lca,20,20,1.0,1,0.5,15,75.0,5.0,0.0,0.004
segdup,20,20,1.0,1,0.5,15,30,2,0,2.647
fastmultrec,20,20,1.0,1,0.5,15,30.0,2.0,0.0,0.012
insider_relax,20,20,1.0,1,0.5,15,30.0,2.0,0.0,0.006
lca,20,20,1.0,1,0.5,15,30.0,2.0,0.0,0.004
segdup,20,20,1.0,1,0.5,20,20,1,0,1.484
fastmultrec,20,20,1.0,1,0.5,20,20.0,1.0,0.0,0.008
insider_relax,20,20,1.0,1,0.5,20,20.0,1.0,0.0,0.005
lca,20,20,1.0,1,0.5,20,20.0,1.0,0.0,0.003
segdup,20,20,1.0,1,0.5,20,40,2,0,1.817
fastmultrec,20,20,1.0,1,0.5,20,40.0,2.0,0.0,0.009
insider_relax,20,20,1.0,1,0.5,20,40.0,2.0,0.0,0.005
lca,20,20,1.0,1,0.5,20,40.0,2.0,0.0,0.004
segdup,20,20,1.0,1,0.5,20,60,3,0,4.885
fastmultrec,20,20,1.0,1,0.5,20,60.0,3.0,0.0,0.018
insider_relax,20,20,1.0,1,0.5,20,60.0,3.0,0.0,0.008
lca,20,20,1.0,1,0.5,20,60.0,3.0,0.0,0.007
segdup,20,20,1.0,1,0.5,20,0,0,0,0.008
fastmultrec,20,20,1.0,1,0.5,20,0.0,0.0,0.0,0.009
insider_relax,20,20,1.0,1,0.5,20,0.0,0.0,0.0,0.004
lca,20,20,1.0,1,0.5,20,0.0,0.0,0.0,0.003
segdup,20,20,1.0,1,0.5,20,40,2,0,1.597
fastmultrec,20,20,1.0,1,0.5,20,40.0,2.0,0.0,0.009
insider_relax,20,20,1.0,1,0.5,20,40.0,2.0,0.0,0.006
lca,20,20,1.0,1,0.5,20,40.0,2.0,0.0,0.003
segdup,20,20,1.0,1,0.5,20,20,1,0,0.351
fastmultrec,20,20,1.0,1,0.5,20,20.0,1.0,0.0,0.007
insider_relax,20,20,1.0,1,0.5,20,20.0,1.0,0.0,0.004
lca,20,20,1.0,1,0.5,20,20.0,1.0,0.0,0.003
segdup,20,20,1.0,1,0.5,20,80,4,0,3.586
fastmultrec,20,20,1.0,1,0.5,20,80.0,4.0,0.0,0.020
insider_relax,20,20,1.0,1,0.5,20,80.0,4.0,0.0,0.011
lca,20,20,1.0,1,0.5,20,80.0,4.0,0.0,0.006
segdup,20,20,1.0,1,0.5,20,80,4,0,1.777
fastmultrec,20,20,1.0,1,0.5,20,80.0,4.0,0.0,0.023
insider_relax,20,20,1.0,1,0.5,20,80.0,4.0,0.0,0.010
lca,20,20,1.0,1,0.5,20,80.0,4.0,0.0,0.008
segdup,20,20,1.0,1,0.5,20,40,2,0,2.360
fastmultrec,20,20,1.0,1,0.5,20,40.0,2.0,0.0,0.010
insider_relax,20,20,1.0,1,0.5,20,40.0,2.0,0.0,0.006
lca,20,20,1.0,1,0.5,20,40.0,2.0,0.0,0.004
segdup,20,20,1.0,1,0.5,20,40,2,0,0.315
fastmultrec,20,20,1.0,1,0.5,20,40.0,2.0,0.0,0.008
insider_relax,20,20,1.0,1,0.5,20,40.0,2.0,0.0,0.005
lca,20,20,1.0,1,0.5,20,40.0,2.0,0.0,0.003
segdup,20,20,1.0,1,0.8,25,25,1,0,1.192
fastmultrec,20,20,1.0,1,0.8,25,25.0,1.0,0.0,0.009
insider_relax,20,20,1.0,1,0.8,25,25.0,1.0,0.0,0.005
lca,20,20,1.0,1,0.8,25,25.0,1.0,0.0,0.004
segdup,20,20,1.0,1,0.8,25,75,3,0,2.175
fastmultrec,20,20,1.0,1,0.8,25,75.0,3.0,0.0,0.019
insider_relax,20,20,1.0,1,0.8,25,75.0,3.0,0.0,0.008
lca,20,20,1.0,1,0.8,25,75.0,3.0,0.0,0.007
segdup,20,20,1.0,1,0.8,25,100,4,0,1.960
fastmultrec,20,20,1.0,1,0.8,25,100.0,4.0,0.0,0.015
insider_relax,20,20,1.0,1,0.8,25,100.0,4.0,0.0,0.007
lca,20,20,1.0,1,0.8,25,100.0,4.0,0.0,0.005
segdup,20,20,1.0,1,0.8,25,50,2,0,0.742
fastmultrec,20,20,1.0,1,0.8,25,50.0,2.0,0.0,0.013
insider_relax,20,20,1.0,1,0.8,25,50.0,2.0,0.0,0.007
lca,20,20,1.0,1,0.8,25,50.0,2.0,0.0,0.004
segdup,20,20,1.0,1,0.8,25,100,4,0,1.287
fastmultrec,20,20,1.0,1,0.8,25,100.0,4.0,0.0,0.018
insider_relax,20,20,1.0,1,0.8,25,100.0,4.0,0.0,0.008
lca,20,20,1.0,1,0.8,25,100.0,4.0,0.0,0.006
segdup,20,20,1.0,1,0.8,25,25,1,0,0.499
fastmultrec,20,20,1.0,1,0.8,25,25.0,1.0,0.0,0.011
insider_relax,20,20,1.0,1,0.8,25,25.0,1.0,0.0,0.006
lca,20,20,1.0,1,0.8,25,25.0,1.0,0.0,0.004
segdup,20,20,1.0,1,0.8,25,25,1,0,0.440
fastmultrec,20,20,1.0,1,0.8,25,25.0,1.0,0.0,0.008
insider_relax,20,20,1.0,1,0.8,25,25.0,1.0,0.0,0.005
lca,20,20,1.0,1,0.8,25,25.0,1.0,0.0,0.003
segdup,20,20,1.0,1,0.8,25,75,3,0,1.662
fastmultrec,20,20,1.0,1,0.8,25,75.0,3.0,0.0,0.022
insider_relax,20,20,1.0,1,0.8,25,75.0,3.0,0.0,0.010
lca,20,20,1.0,1,0.8,25,75.0,3.0,0.0,0.006
segdup,20,20,1.0,1,0.8,25,125,5,0,13.643
fastmultrec,20,20,1.0,1,0.8,25,125.0,5.0,0.0,0.041
insider_relax,20,20,1.0,1,0.8,25,125.0,5.0,0.0,0.024
lca,20,20,1.0,1,0.8,25,125.0,5.0,0.0,0.012
segdup,20,20,1.0,1,0.8,25,25,1,0,0.578
fastmultrec,20,20,1.0,1,0.8,25,25.0,1.0,0.0,0.015
insider_relax,20,20,1.0,1,0.8,25,25.0,1.0,0.0,0.007
lca,20,20,1.0,1,0.8,25,25.0,1.0,0.0,0.005
segdup,20,20,1.0,1,0.8,5,15,3,0,10.830
fastmultrec,20,20,1.0,1,0.8,5,15.0,3.0,0.0,0.025
insider_relax,20,20,1.0,1,0.8,5,15.0,3.0,0.0,0.011
lca,20,20,1.0,1,0.8,5,15.0,3.0,0.0,0.006
segdup,20,20,1.0,1,0.8,5,10,2,0,2.055
fastmultrec,20,20,1.0,1,0.8,5,10.0,2.0,0.0,0.008
insider_relax,20,20,1.0,1,0.8,5,10.0,2.0,0.0,0.005
lca,20,20,1.0,1,0.8,5,10.0,2.0,0.0,0.003
segdup,20,20,1.0,1,0.8,5,5,1,0,1.974
fastmultrec,20,20,1.0,1,0.8,5,5.0,1.0,0.0,0.008
insider_relax,20,20,1.0,1,0.8,5,5.0,1.0,0.0,0.005
lca,20,20,1.0,1,0.8,5,5.0,1.0,0.0,0.003
segdup,20,20,1.0,1,0.8,5,10,2,0,2.004
fastmultrec,20,20,1.0,1,0.8,5,10.0,2.0,0.0,0.008
insider_relax,20,20,1.0,1,0.8,5,10.0,2.0,0.0,0.005
lca,20,20,1.0,1,0.8,5,10.0,2.0,0.0,0.003
segdup,20,20,1.0,1,0.8,5,5,1,0,0.100
fastmultrec,20,20,1.0,1,0.8,5,5.0,1.0,0.0,0.008
insider_relax,20,20,1.0,1,0.8,5,5.0,1.0,0.0,0.005
lca,20,20,1.0,1,0.8,5,5.0,1.0,0.0,0.003
segdup,20,20,1.0,1,0.8,5,15,3,0,6.408
fastmultrec,20,20,1.0,1,0.8,5,15.0,3.0,0.0,0.016
insider_relax,20,20,1.0,1,0.8,5,15.0,3.0,0.0,0.007
lca,20,20,1.0,1,0.8,5,15.0,3.0,0.0,0.005
segdup,20,20,1.0,1,0.8,5,15,3,0,8.114
fastmultrec,20,20,1.0,1,0.8,5,15.0,3.0,0.0,0.022
insider_relax,20,20,1.0,1,0.8,5,15.0,3.0,0.0,0.011
lca,20,20,1.0,1,0.8,5,15.0,3.0,0.0,0.007
segdup,20,20,1.0,1,0.8,5,15,3,0,1.890
fastmultrec,20,20,1.0,1,0.8,5,15.0,3.0,0.0,0.010
insider_relax,20,20,1.0,1,0.8,5,15.0,3.0,0.0,0.005
lca,20,20,1.0,1,0.8,5,15.0,3.0,0.0,0.004
segdup,20,20,1.0,1,0.8,5,10,2,0,5.851
fastmultrec,20,20,1.0,1,0.8,5,10.0,2.0,0.0,0.018
insider_relax,20,20,1.0,1,0.8,5,10.0,2.0,0.0,0.007
lca,20,20,1.0,1,0.8,5,10.0,2.0,0.0,0.006
segdup,20,20,1.0,1,0.8,5,10,2,0,3.439
fastmultrec,20,20,1.0,1,0.8,5,10.0,2.0,0.0,0.013
insider_relax,20,20,1.0,1,0.8,5,10.0,2.0,0.0,0.006
lca,20,20,1.0,1,0.8,5,10.0,2.0,0.0,0.004
segdup,20,20,1.0,1,0.8,10,30,3,0,10.584
fastmultrec,20,20,1.0,1,0.8,10,30.0,3.0,0.0,0.022
insider_relax,20,20,1.0,1,0.8,10,30.0,3.0,0.0,0.011
lca,20,20,1.0,1,0.8,10,30.0,3.0,0.0,0.006
segdup,20,20,1.0,1,0.8,10,0,0,0,0.008
fastmultrec,20,20,1.0,1,0.8,10,0.0,0.0,0.0,0.008
insider_relax,20,20,1.0,1,0.8,10,0.0,0.0,0.0,0.004
lca,20,20,1.0,1,0.8,10,0.0,0.0,0.0,0.003
segdup,20,20,1.0,1,0.8,10,50,5,0,6.518
fastmultrec,20,20,1.0,1,0.8,10,50.0,5.0,0.0,0.020
insider_relax,20,20,1.0,1,0.8,10,50.0,5.0,0.0,0.010
lca,20,20,1.0,1,0.8,10,50.0,5.0,0.0,0.006
segdup,20,20,1.0,1,0.8,10,30,3,0,1.206
fastmultrec,20,20,1.0,1,0.8,10,30.0,3.0,0.0,0.008
insider_relax,20,20,1.0,1,0.8,10,30.0,3.0,0.0,0.005
lca,20,20,1.0,1,0.8,10,30.0,3.0,0.0,0.003
segdup,20,20,1.0,1,0.8,10,60,6,0,1.183
fastmultrec,20,20,1.0,1,0.8,10,60.0,6.0,0.0,0.012
insider_relax,20,20,1.0,1,0.8,10,60.0,6.0,0.0,0.005
lca,20,20,1.0,1,0.8,10,60.0,6.0,0.0,0.004
segdup,20,20,1.0,1,0.8,10,10,1,0,0.124
fastmultrec,20,20,1.0,1,0.8,10,10.0,1.0,0.0,0.009
insider_relax,20,20,1.0,1,0.8,10,10.0,1.0,0.0,0.006
lca,20,20,1.0,1,0.8,10,10.0,1.0,0.0,0.003
segdup,20,20,1.0,1,0.8,10,20,2,0,1.699
fastmultrec,20,20,1.0,1,0.8,10,20.0,2.0,0.0,0.008
insider_relax,20,20,1.0,1,0.8,10,20.0,2.0,0.0,0.005
lca,20,20,1.0,1,0.8,10,20.0,2.0,0.0,0.003
segdup,20,20,1.0,1,0.8,10,0,0,0,0.008
fastmultrec,20,20,1.0,1,0.8,10,0.0,0.0,0.0,0.007
insider_relax,20,20,1.0,1,0.8,10,0.0,0.0,0.0,0.006
lca,20,20,1.0,1,0.8,10,0.0,0.0,0.0,0.003
segdup,20,20,1.0,1,0.8,10,10,1,0,0.100
fastmultrec,20,20,1.0,1,0.8,10,10.0,1.0,0.0,0.007
insider_relax,20,20,1.0,1,0.8,10,10.0,1.0,0.0,0.004
lca,20,20,1.0,1,0.8,10,10.0,1.0,0.0,0.003
segdup,20,20,1.0,1,0.8,10,20,2,0,3.755
fastmultrec,20,20,1.0,1,0.8,10,20.0,2.0,0.0,0.012
insider_relax,20,20,1.0,1,0.8,10,20.0,2.0,0.0,0.007
lca,20,20,1.0,1,0.8,10,20.0,2.0,0.0,0.004
segdup,20,20,1.0,1,0.8,15,30,2,0,1.905
fastmultrec,20,20,1.0,1,0.8,15,30.0,2.0,0.0,0.016
insider_relax,20,20,1.0,1,0.8,15,30.0,2.0,0.0,0.006
lca,20,20,1.0,1,0.8,15,30.0,2.0,0.0,0.004
segdup,20,20,1.0,1,0.8,15,0,0,0,0.008
fastmultrec,20,20,1.0,1,0.8,15,0.0,0.0,0.0,0.007
insider_relax,20,20,1.0,1,0.8,15,0.0,0.0,0.0,0.004
lca,20,20,1.0,1,0.8,15,0.0,0.0,0.0,0.004
segdup,20,20,1.0,1,0.8,15,45,3,0,2.581
fastmultrec,20,20,1.0,1,0.8,15,45.0,3.0,0.0,0.013
insider_relax,20,20,1.0,1,0.8,15,45.0,3.0,0.0,0.007
lca,20,20,1.0,1,0.8,15,45.0,3.0,0.0,0.004
segdup,20,20,1.0,1,0.8,15,30,2,0,1.696
fastmultrec,20,20,1.0,1,0.8,15,30.0,2.0,0.0,0.010
insider_relax,20,20,1.0,1,0.8,15,30.0,2.0,0.0,0.006
lca,20,20,1.0,1,0.8,15,30.0,2.0,0.0,0.004
segdup,20,20,1.0,1,0.8,15,60,4,0,1.714
fastmultrec,20,20,1.0,1,0.8,15,60.0,4.0,0.0,0.010
insider_relax,20,20,1.0,1,0.8,15,60.0,4.0,0.0,0.006
lca,20,20,1.0,1,0.8,15,60.0,4.0,0.0,0.004
segdup,20,20,1.0,1,0.8,15,30,2,0,1.955
fastmultrec,20,20,1.0,1,0.8,15,30.0,2.0,0.0,0.008
insider_relax,20,20,1.0,1,0.8,15,30.0,2.0,0.0,0.005
lca,20,20,1.0,1,0.8,15,30.0,2.0,0.0,0.003
segdup,20,20,1.0,1,0.8,15,45,3,0,1.138
fastmultrec,20,20,1.0,1,0.8,15,45.0,3.0,0.0,0.015
insider_relax,20,20,1.0,1,0.8,15,45.0,3.0,0.0,0.007
lca,20,20,1.0,1,0.8,15,45.0,3.0,0.0,0.005
segdup,20,20,1.0,1,0.8,15,30,2,0,0.555
fastmultrec,20,20,1.0,1,0.8,15,30.0,2.0,0.0,0.012
insider_relax,20,20,1.0,1,0.8,15,30.0,2.0,0.0,0.006
lca,20,20,1.0,1,0.8,15,30.0,2.0,0.0,0.004
segdup,20,20,1.0,1,0.8,15,15,1,0,2.183
fastmultrec,20,20,1.0,1,0.8,15,15.0,1.0,0.0,0.010
insider_relax,20,20,1.0,1,0.8,15,15.0,1.0,0.0,0.005
lca,20,20,1.0,1,0.8,15,15.0,1.0,0.0,0.003
segdup,20,20,1.0,1,0.8,15,30,2,0,2.360
fastmultrec,20,20,1.0,1,0.8,15,30.0,2.0,0.0,0.012
insider_relax,20,20,1.0,1,0.8,15,30.0,2.0,0.0,0.006
lca,20,20,1.0,1,0.8,15,30.0,2.0,0.0,0.005
segdup,20,20,1.0,1,0.8,20,0,0,0,0.007
fastmultrec,20,20,1.0,1,0.8,20,0.0,0.0,0.0,0.008
insider_relax,20,20,1.0,1,0.8,20,0.0,0.0,0.0,0.005
lca,20,20,1.0,1,0.8,20,0.0,0.0,0.0,0.003
segdup,20,20,1.0,1,0.8,20,20,1,0,2.067
fastmultrec,20,20,1.0,1,0.8,20,20.0,1.0,0.0,0.011
insider_relax,20,20,1.0,1,0.8,20,20.0,1.0,0.0,0.005
lca,20,20,1.0,1,0.8,20,20.0,1.0,0.0,0.004
segdup,20,20,1.0,1,0.8,20,80,4,0,6.132
fastmultrec,20,20,1.0,1,0.8,20,80.0,4.0,0.0,0.024
insider_relax,20,20,1.0,1,0.8,20,80.0,4.0,0.0,0.011
lca,20,20,1.0,1,0.8,20,80.0,4.0,0.0,0.007
segdup,20,20,1.0,1,0.8,20,20,1,0,0.456
fastmultrec,20,20,1.0,1,0.8,20,20.0,1.0,0.0,0.014
insider_relax,20,20,1.0,1,0.8,20,20.0,1.0,0.0,0.005
lca,20,20,1.0,1,0.8,20,20.0,1.0,0.0,0.004
segdup,20,20,1.0,1,0.8,20,20,1,0,1.301
fastmultrec,20,20,1.0,1,0.8,20,20.0,1.0,0.0,0.008
insider_relax,20,20,1.0,1,0.8,20,20.0,1.0,0.0,0.005
lca,20,20,1.0,1,0.8,20,20.0,1.0,0.0,0.003
segdup,20,20,1.0,1,0.8,20,80,4,0,0.759
fastmultrec,20,20,1.0,1,0.8,20,80.0,4.0,0.0,0.014
insider_relax,20,20,1.0,1,0.8,20,80.0,4.0,0.0,0.007
lca,20,20,1.0,1,0.8,20,80.0,4.0,0.0,0.005
segdup,20,20,1.0,1,0.8,20,60,3,0,2.917
fastmultrec,20,20,1.0,1,0.8,20,60.0,3.0,0.0,0.012
insider_relax,20,20,1.0,1,0.8,20,60.0,3.0,0.0,0.007
lca,20,20,1.0,1,0.8,20,60.0,3.0,0.0,0.005
segdup,20,20,1.0,1,0.8,20,20,1,0,0.442
fastmultrec,20,20,1.0,1,0.8,20,20.0,1.0,0.0,0.011
insider_relax,20,20,1.0,1,0.8,20,20.0,1.0,0.0,0.006
lca,20,20,1.0,1,0.8,20,20.0,1.0,0.0,0.004
segdup,20,20,1.0,1,0.8,20,80,4,0,12.035
fastmultrec,20,20,1.0,1,0.8,20,80.0,4.0,0.0,0.072
insider_relax,20,20,1.0,1,0.8,20,80.0,4.0,0.0,0.027
lca,20,20,1.0,1,0.8,20,80.0,4.0,0.0,0.019
segdup,20,20,1.0,1,0.8,20,60,3,0,8.432
fastmultrec,20,20,1.0,1,0.8,20,60.0,3.0,0.0,0.027
insider_relax,20,20,1.0,1,0.8,20,60.0,3.0,0.0,0.015
lca,20,20,1.0,1,0.8,20,60.0,3.0,0.0,0.008
segdup,20,20,1.0,1,0.2,25,75,3,0,0.272
fastmultrec,20,20,1.0,1,0.2,25,75.0,3.0,0.0,0.008
insider_relax,20,20,1.0,1,0.2,25,75.0,3.0,0.0,0.005
lca,20,20,1.0,1,0.2,25,75.0,3.0,0.0,0.005
segdup,20,20,1.0,1,0.2,25,75,3,0,2.263
fastmultrec,20,20,1.0,1,0.2,25,75.0,3.0,0.0,0.009
insider_relax,20,20,1.0,1,0.2,25,75.0,3.0,0.0,0.006
lca,20,20,1.0,1,0.2,25,75.0,3.0,0.0,0.003
segdup,20,20,1.0,1,0.2,25,75,3,0,2.561
fastmultrec,20,20,1.0,1,0.2,25,75.0,3.0,0.0,0.010
insider_relax,20,20,1.0,1,0.2,25,75.0,3.0,0.0,0.006
lca,20,20,1.0,1,0.2,25,75.0,3.0,0.0,0.005
segdup,20,20,1.0,1,0.2,25,50,2,0,0.418
fastmultrec,20,20,1.0,1,0.2,25,50.0,2.0,0.0,0.012
insider_relax,20,20,1.0,1,0.2,25,50.0,2.0,0.0,0.006
lca,20,20,1.0,1,0.2,25,50.0,2.0,0.0,0.004
segdup,20,20,1.0,1,0.2,25,125,5,0,1.545
fastmultrec,20,20,1.0,1,0.2,25,125.0,5.0,0.0,0.011
insider_relax,20,20,1.0,1,0.2,25,125.0,5.0,0.0,0.006
lca,20,20,1.0,1,0.2,25,125.0,5.0,0.0,0.004
segdup,20,20,1.0,1,0.2,25,0,0,0,0.008
fastmultrec,20,20,1.0,1,0.2,25,0.0,0.0,0.0,0.010
insider_relax,20,20,1.0,1,0.2,25,0.0,0.0,0.0,0.005
lca,20,20,1.0,1,0.2,25,0.0,0.0,0.0,0.003
segdup,20,20,1.0,1,0.2,25,150,6,0,1.663
fastmultrec,20,20,1.0,1,0.2,25,150.0,6.0,0.0,0.014
insider_relax,20,20,1.0,1,0.2,25,150.0,6.0,0.0,0.008
lca,20,20,1.0,1,0.2,25,150.0,6.0,0.0,0.004
segdup,20,20,1.0,1,0.2,25,100,4,0,1.341
fastmultrec,20,20,1.0,1,0.2,25,100.0,4.0,0.0,0.010
insider_relax,20,20,1.0,1,0.2,25,100.0,4.0,0.0,0.006
lca,20,20,1.0,1,0.2,25,100.0,4.0,0.0,0.004
segdup,20,20,1.0,1,0.2,25,50,2,0,1.489
fastmultrec,20,20,1.0,1,0.2,25,50.0,2.0,0.0,0.007
insider_relax,20,20,1.0,1,0.2,25,50.0,2.0,0.0,0.005
lca,20,20,1.0,1,0.2,25,50.0,2.0,0.0,0.003
segdup,20,20,1.0,1,0.2,25,50,2,0,1.188
fastmultrec,20,20,1.0,1,0.2,25,50.0,2.0,0.0,0.009
insider_relax,20,20,1.0,1,0.2,25,50.0,2.0,0.0,0.004
lca,20,20,1.0,1,0.2,25,50.0,2.0,0.0,0.003
segdup,20,20,1.0,1,0.2,5,25,5,0,1.575
fastmultrec,20,20,1.0,1,0.2,5,25.0,5.0,0.0,0.009
insider_relax,20,20,1.0,1,0.2,5,25.0,5.0,0.0,0.006
lca,20,20,1.0,1,0.2,5,25.0,5.0,0.0,0.004
segdup,20,20,1.0,1,0.2,5,15,3,0,1.074
fastmultrec,20,20,1.0,1,0.2,5,15.0,3.0,0.0,0.013
insider_relax,20,20,1.0,1,0.2,5,15.0,3.0,0.0,0.007
lca,20,20,1.0,1,0.2,5,15.0,3.0,0.0,0.005
segdup,20,20,1.0,1,0.2,5,15,3,0,0.687
fastmultrec,20,20,1.0,1,0.2,5,15.0,3.0,0.0,0.013
insider_relax,20,20,1.0,1,0.2,5,15.0,3.0,0.0,0.007
lca,20,20,1.0,1,0.2,5,15.0,3.0,0.0,0.005
segdup,20,20,1.0,1,0.2,5,15,3,0,2.563
fastmultrec,20,20,1.0,1,0.2,5,15.0,3.0,0.0,0.010
insider_relax,20,20,1.0,1,0.2,5,15.0,3.0,0.0,0.005
lca,20,20,1.0,1,0.2,5,15.0,3.0,0.0,0.003
segdup,20,20,1.0,1,0.2,5,5,1,0,2.172
fastmultrec,20,20,1.0,1,0.2,5,5.0,1.0,0.0,0.009
insider_relax,20,20,1.0,1,0.2,5,5.0,1.0,0.0,0.005
lca,20,20,1.0,1,0.2,5,5.0,1.0,0.0,0.003
segdup,20,20,1.0,1,0.2,5,5,1,0,0.124
fastmultrec,20,20,1.0,1,0.2,5,5.0,1.0,0.0,0.008
insider_relax,20,20,1.0,1,0.2,5,5.0,1.0,0.0,0.004
lca,20,20,1.0,1,0.2,5,5.0,1.0,0.0,0.003
segdup,20,20,1.0,1,0.2,5,10,2,0,0.103
fastmultrec,20,20,1.0,1,0.2,5,10.0,2.0,0.0,0.007
insider_relax,20,20,1.0,1,0.2,5,10.0,2.0,0.0,0.005
lca,20,20,1.0,1,0.2,5,10.0,2.0,0.0,0.003
segdup,20,20,1.0,1,0.2,5,10,2,0,1.358
fastmultrec,20,20,1.0,1,0.2,5,10.0,2.0,0.0,0.009
insider_relax,20,20,1.0,1,0.2,5,10.0,2.0,0.0,0.005
lca,20,20,1.0,1,0.2,5,10.0,2.0,0.0,0.003
segdup,20,20,1.0,1,0.2,5,5,1,0,0.124
fastmultrec,20,20,1.0,1,0.2,5,5.0,1.0,0.0,0.008
insider_relax,20,20,1.0,1,0.2,5,5.0,1.0,0.0,0.005
lca,20,20,1.0,1,0.2,5,5.0,1.0,0.0,0.003
segdup,20,20,1.0,1,0.2,5,15,3,0,2.673
fastmultrec,20,20,1.0,1,0.2,5,15.0,3.0,0.0,0.010
insider_relax,20,20,1.0,1,0.2,5,15.0,3.0,0.0,0.005
lca,20,20,1.0,1,0.2,5,15.0,3.0,0.0,0.004
segdup,20,20,1.0,1,0.2,10,20,2,0,0.970
fastmultrec,20,20,1.0,1,0.2,10,20.0,2.0,0.0,0.008
insider_relax,20,20,1.0,1,0.2,10,20.0,2.0,0.0,0.005
lca,20,20,1.0,1,0.2,10,20.0,2.0,0.0,0.003
segdup,20,20,1.0,1,0.2,10,40,4,0,0.945
fastmultrec,20,20,1.0,1,0.2,10,40.0,4.0,0.0,0.008
insider_relax,20,20,1.0,1,0.2,10,40.0,4.0,0.0,0.005
lca,20,20,1.0,1,0.2,10,40.0,4.0,0.0,0.003
segdup,20,20,1.0,1,0.2,10,10,1,0,1.365
fastmultrec,20,20,1.0,1,0.2,10,10.0,1.0,0.0,0.007
insider_relax,20,20,1.0,1,0.2,10,10.0,1.0,0.0,0.004
lca,20,20,1.0,1,0.2,10,10.0,1.0,0.0,0.003
segdup,20,20,1.0,1,0.2,10,20,2,0,3.216
fastmultrec,20,20,1.0,1,0.2,10,20.0,2.0,0.0,0.013
insider_relax,20,20,1.0,1,0.2,10,20.0,2.0,0.0,0.006
lca,20,20,1.0,1,0.2,10,20.0,2.0,0.0,0.004
segdup,20,20,1.0,1,0.2,10,50,5,0,3.496
fastmultrec,20,20,1.0,1,0.2,10,50.0,5.0,0.0,0.014
insider_relax,20,20,1.0,1,0.2,10,50.0,5.0,0.0,0.007
lca,20,20,1.0,1,0.2,10,50.0,5.0,0.0,0.005
segdup,20,20,1.0,1,0.2,10,0,0,0,0.008
fastmultrec,20,20,1.0,1,0.2,10,0.0,0.0,0.0,0.008
insider_relax,20,20,1.0,1,0.2,10,0.0,0.0,0.0,0.004
lca,20,20,1.0,1,0.2,10,0.0,0.0,0.0,0.003
segdup,20,20,1.0,1,0.2,10,10,1,0,0.125
fastmultrec,20,20,1.0,1,0.2,10,10.0,1.0,0.0,0.009
insider_relax,20,20,1.0,1,0.2,10,10.0,1.0,0.0,0.005
lca,20,20,1.0,1,0.2,10,10.0,1.0,0.0,0.003
segdup,20,20,1.0,1,0.2,10,20,2,0,1.492
fastmultrec,20,20,1.0,1,0.2,10,20.0,2.0,0.0,0.009
insider_relax,20,20,1.0,1,0.2,10,20.0,2.0,0.0,0.005
lca,20,20,1.0,1,0.2,10,20.0,2.0,0.0,0.003
segdup,20,20,1.0,1,0.2,10,0,0,0,0.007
fastmultrec,20,20,1.0,1,0.2,10,0.0,0.0,0.0,0.006
insider_relax,20,20,1.0,1,0.2,10,0.0,0.0,0.0,0.004
lca,20,20,1.0,1,0.2,10,0.0,0.0,0.0,0.004
segdup,20,20,1.0,1,0.2,10,10,1,0,1.625
fastmultrec,20,20,1.0,1,0.2,10,10.0,1.0,0.0,0.008
insider_relax,20,20,1.0,1,0.2,10,10.0,1.0,0.0,0.005
lca,20,20,1.0,1,0.2,10,10.0,1.0,0.0,0.003
segdup,20,20,1.0,1,0.2,15,15,1,0,0.095
fastmultrec,20,20,1.0,1,0.2,15,15.0,1.0,0.0,0.007
insider_relax,20,20,1.0,1,0.2,15,15.0,1.0,0.0,0.004
lca,20,20,1.0,1,0.2,15,15.0,1.0,0.0,0.003
segdup,20,20,1.0,1,0.2,15,30,2,0,1.300
fastmultrec,20,20,1.0,1,0.2,15,30.0,2.0,0.0,0.011
insider_relax,20,20,1.0,1,0.2,15,30.0,2.0,0.0,0.005
lca,20,20,1.0,1,0.2,15,30.0,2.0,0.0,0.004
segdup,20,20,1.0,1,0.2,15,30,2,0,0.103
fastmultrec,20,20,1.0,1,0.2,15,30.0,2.0,0.0,0.007
insider_relax,20,20,1.0,1,0.2,15,30.0,2.0,0.0,0.005
lca,20,20,1.0,1,0.2,15,30.0,2.0,0.0,0.003
segdup,20,20,1.0,1,0.2,15,75,5,0,3.556
fastmultrec,20,20,1.0,1,0.2,15,75.0,5.0,0.0,0.015
insider_relax,20,20,1.0,1,0.2,15,75.0,5.0,0.0,0.007
lca,20,20,1.0,1,0.2,15,75.0,5.0,0.0,0.004
segdup,20,20,1.0,1,0.2,15,15,1,0,0.106
fastmultrec,20,20,1.0,1,0.2,15,15.0,1.0,0.0,0.009
insider_relax,20,20,1.0,1,0.2,15,15.0,1.0,0.0,0.004
lca,20,20,1.0,1,0.2,15,15.0,1.0,0.0,0.003
segdup,20,20,1.0,1,0.2,15,60,4,0,0.349
fastmultrec,20,20,1.0,1,0.2,15,60.0,4.0,0.0,0.011
insider_relax,20,20,1.0,1,0.2,15,60.0,4.0,0.0,0.006
lca,20,20,1.0,1,0.2,15,60.0,4.0,0.0,0.004
segdup,20,20,1.0,1,0.2,15,60,4,0,3.101
fastmultrec,20,20,1.0,1,0.2,15,60.0,4.0,0.0,0.012
insider_relax,20,20,1.0,1,0.2,15,60.0,4.0,0.0,0.006
lca,20,20,1.0,1,0.2,15,60.0,4.0,0.0,0.004
segdup,20,20,1.0,1,0.2,15,30,2,0,0.427
fastmultrec,20,20,1.0,1,0.2,15,30.0,2.0,0.0,0.007
insider_relax,20,20,1.0,1,0.2,15,30.0,2.0,0.0,0.006
lca,20,20,1.0,1,0.2,15,30.0,2.0,0.0,0.003
segdup,20,20,1.0,1,0.2,15,30,2,0,1.187
fastmultrec,20,20,1.0,1,0.2,15,30.0,2.0,0.0,0.009
insider_relax,20,20,1.0,1,0.2,15,30.0,2.0,0.0,0.005
lca,20,20,1.0,1,0.2,15,30.0,2.0,0.0,0.003
segdup,20,20,1.0,1,0.2,15,0,0,0,0.007
fastmultrec,20,20,1.0,1,0.2,15,0.0,0.0,0.0,0.006
insider_relax,20,20,1.0,1,0.2,15,0.0,0.0,0.0,0.006
lca,20,20,1.0,1,0.2,15,0.0,0.0,0.0,0.004
segdup,20,20,1.0,1,0.2,20,20,1,0,1.548
fastmultrec,20,20,1.0,1,0.2,20,20.0,1.0,0.0,0.007
insider_relax,20,20,1.0,1,0.2,20,20.0,1.0,0.0,0.005
lca,20,20,1.0,1,0.2,20,20.0,1.0,0.0,0.003
segdup,20,20,1.0,1,0.2,20,40,2,0,1.418
fastmultrec,20,20,1.0,1,0.2,20,40.0,2.0,0.0,0.009
insider_relax,20,20,1.0,1,0.2,20,40.0,2.0,0.0,0.005
lca,20,20,1.0,1,0.2,20,40.0,2.0,0.0,0.003
segdup,20,20,1.0,1,0.2,20,40,2,0,1.397
fastmultrec,20,20,1.0,1,0.2,20,40.0,2.0,0.0,0.008
insider_relax,20,20,1.0,1,0.2,20,40.0,2.0,0.0,0.005
lca,20,20,1.0,1,0.2,20,40.0,2.0,0.0,0.003
segdup,20,20,1.0,1,0.2,20,20,1,0,1.026
fastmultrec,20,20,1.0,1,0.2,20,20.0,1.0,0.0,0.008
insider_relax,20,20,1.0,1,0.2,20,20.0,1.0,0.0,0.004
lca,20,20,1.0,1,0.2,20,20.0,1.0,0.0,0.003
segdup,20,20,1.0,1,0.2,20,20,1,0,0.120
fastmultrec,20,20,1.0,1,0.2,20,20.0,1.0,0.0,0.007
insider_relax,20,20,1.0,1,0.2,20,20.0,1.0,0.0,0.005
lca,20,20,1.0,1,0.2,20,20.0,1.0,0.0,0.003
segdup,20,20,1.0,1,0.2,20,60,3,0,1.879
fastmultrec,20,20,1.0,1,0.2,20,60.0,3.0,0.0,0.009
insider_relax,20,20,1.0,1,0.2,20,60.0,3.0,0.0,0.006
lca,20,20,1.0,1,0.2,20,60.0,3.0,0.0,0.003
segdup,20,20,1.0,1,0.2,20,40,2,0,1.432
fastmultrec,20,20,1.0,1,0.2,20,40.0,2.0,0.0,0.008
insider_relax,20,20,1.0,1,0.2,20,40.0,2.0,0.0,0.005
lca,20,20,1.0,1,0.2,20,40.0,2.0,0.0,0.003
segdup,20,20,1.0,1,0.2,20,0,0,0,0.008
fastmultrec,20,20,1.0,1,0.2,20,0.0,0.0,0.0,0.010
insider_relax,20,20,1.0,1,0.2,20,0.0,0.0,0.0,0.004
lca,20,20,1.0,1,0.2,20,0.0,0.0,0.0,0.003
segdup,20,20,1.0,1,0.2,20,40,2,0,0.819
fastmultrec,20,20,1.0,1,0.2,20,40.0,2.0,0.0,0.008
insider_relax,20,20,1.0,1,0.2,20,40.0,2.0,0.0,0.005
lca,20,20,1.0,1,0.2,20,40.0,2.0,0.0,0.003
segdup,20,20,1.0,1,0.2,20,60,3,0,1.588
fastmultrec,20,20,1.0,1,0.2,20,60.0,3.0,0.0,0.010
insider_relax,20,20,1.0,1,0.2,20,60.0,3.0,0.0,0.005
lca,20,20,1.0,1,0.2,20,60.0,3.0,0.0,0.004
segdup,20,20,3.0,1,1,25,100,4,0,1.454
fastmultrec,20,20,3.0,1,1,25,100.0,4.0,0.0,0.018
insider_relax,20,20,3.0,1,1,25,100.0,4.0,0.0,0.009
lca,20,20,3.0,1,1,25,100.0,4.0,0.0,0.006
segdup,20,20,3.0,1,1,25,125,5,0,2.437
fastmultrec,20,20,3.0,1,1,25,125.0,5.0,0.0,0.030
insider_relax,20,20,3.0,1,1,25,125.0,5.0,0.0,0.016
lca,20,20,3.0,1,1,25,125.0,5.0,0.0,0.008
segdup,20,20,3.0,1,1,25,75,3,0,2.083
fastmultrec,20,20,3.0,1,1,25,75.0,3.0,0.0,0.014
insider_relax,20,20,3.0,1,1,25,75.0,3.0,0.0,0.006
lca,20,20,3.0,1,1,25,75.0,3.0,0.0,0.004
segdup,20,20,3.0,1,1,25,125,5,0,8.522
fastmultrec,20,20,3.0,1,1,25,125.0,5.0,0.0,0.031
insider_relax,20,20,3.0,1,1,25,125.0,5.0,0.0,0.016
lca,20,20,3.0,1,1,25,125.0,5.0,0.0,0.008
segdup,20,20,3.0,1,1,25,250,10,0,8.588
fastmultrec,20,20,3.0,1,1,25,250.0,10.0,0.0,0.327
insider_relax,20,20,3.0,1,1,25,250.0,10.0,0.0,0.051
lca,20,20,3.0,1,1,25,250.0,10.0,0.0,0.045
segdup,20,20,3.0,1,1,25,125,5,0,9.302
fastmultrec,20,20,3.0,1,1,25,125.0,5.0,0.0,0.047
insider_relax,20,20,3.0,1,1,25,125.0,5.0,0.0,0.018
lca,20,20,3.0,1,1,25,125.0,5.0,0.0,0.013
segdup,20,20,3.0,1,1,25,175,7,0,5.964
fastmultrec,20,20,3.0,1,1,25,175.0,7.0,0.0,0.040
insider_relax,20,20,3.0,1,1,25,175.0,7.0,0.0,0.021
lca,20,20,3.0,1,1,25,175.0,7.0,0.0,0.011
segdup,20,20,3.0,1,1,25,275,11,0,57.844
fastmultrec,20,20,3.0,1,1,25,275.0,11.0,0.0,0.250
insider_relax,20,20,3.0,1,1,25,275.0,11.0,0.0,0.095
lca,20,20,3.0,1,1,25,275.0,11.0,0.0,0.060
segdup,20,20,3.0,1,1,25,200,8,0,190.188
fastmultrec,20,20,3.0,1,1,25,200.0,8.0,0.0,0.808
insider_relax,20,20,3.0,1,1,25,200.0,8.0,0.0,0.206
lca,20,20,3.0,1,1,25,200.0,8.0,0.0,0.113
segdup,20,20,3.0,1,1,25,200,8,0,44.602
fastmultrec,20,20,3.0,1,1,25,200.0,8.0,0.0,0.292
insider_relax,20,20,3.0,1,1,25,200.0,8.0,0.0,0.084
lca,20,20,3.0,1,1,25,200.0,8.0,0.0,0.062
segdup,20,20,3.0,1,1,5,35,7,0,75.124
fastmultrec,20,20,3.0,1,1,5,35.0,7.0,0.0,0.183
insider_relax,20,20,3.0,1,1,5,35.0,7.0,0.0,0.081
lca,20,20,3.0,1,1,5,35.0,7.0,0.0,0.050
segdup,20,20,3.0,1,1,5,65,13,0,18.959
fastmultrec,20,20,3.0,1,1,5,65.0,13.0,0.0,0.063
insider_relax,20,20,3.0,1,1,5,65.0,13.0,0.0,0.026
lca,20,20,3.0,1,1,5,65.0,13.0,0.0,0.019
segdup,20,20,3.0,1,1,5,50,10,0,11.133
fastmultrec,20,20,3.0,1,1,5,50.0,10.0,0.0,0.046
insider_relax,20,20,3.0,1,1,5,50.0,10.0,0.0,0.019
lca,20,20,3.0,1,1,5,50.0,10.0,0.0,0.010
segdup,20,20,3.0,1,1,5,25,5,0,30.870
fastmultrec,20,20,3.0,1,1,5,25.0,5.0,0.0,0.059
insider_relax,20,20,3.0,1,1,5,25.0,5.0,0.0,0.029
lca,20,20,3.0,1,1,5,25.0,5.0,0.0,0.018
segdup,20,20,3.0,1,1,5,25,5,0,2.826
fastmultrec,20,20,3.0,1,1,5,25.0,5.0,0.0,0.009
insider_relax,20,20,3.0,1,1,5,25.0,5.0,0.0,0.006
lca,20,20,3.0,1,1,5,25.0,5.0,0.0,0.004
segdup,20,20,3.0,1,1,5,50,10,0,59.602
fastmultrec,20,20,3.0,1,1,5,50.0,10.0,0.0,0.135
insider_relax,20,20,3.0,1,1,5,50.0,10.0,0.0,0.057
lca,20,20,3.0,1,1,5,50.0,10.0,0.0,0.031
segdup,20,20,3.0,1,1,5,30,6,0,26.865
fastmultrec,20,20,3.0,1,1,5,30.0,6.0,0.0,0.070
insider_relax,20,20,3.0,1,1,5,30.0,6.0,0.0,0.024
lca,20,20,3.0,1,1,5,30.0,6.0,0.0,0.015
segdup,20,20,3.0,1,1,5,30,6,0,30.526
fastmultrec,20,20,3.0,1,1,5,30.0,6.0,0.0,0.055
insider_relax,20,20,3.0,1,1,5,30.0,6.0,0.0,0.027
lca,20,20,3.0,1,1,5,30.0,6.0,0.0,0.014
segdup,20,20,3.0,1,1,5,20,4,0,5.839
fastmultrec,20,20,3.0,1,1,5,20.0,4.0,0.0,0.060
insider_relax,20,20,3.0,1,1,5,20.0,4.0,0.0,0.030
lca,20,20,3.0,1,1,5,20.0,4.0,0.0,0.015
segdup,20,20,3.0,1,1,5,35,7,0,38.715
fastmultrec,20,20,3.0,1,1,5,35.0,7.0,0.0,0.054
insider_relax,20,20,3.0,1,1,5,35.0,7.0,0.0,0.026
lca,20,20,3.0,1,1,5,35.0,7.0,0.0,0.016
segdup,20,20,3.0,1,1,10,60,6,0,7.940
fastmultrec,20,20,3.0,1,1,10,60.0,6.0,0.0,0.024
insider_relax,20,20,3.0,1,1,10,60.0,6.0,0.0,0.012
lca,20,20,3.0,1,1,10,60.0,6.0,0.0,0.009
segdup,20,20,3.0,1,1,10,60,6,0,34.190
fastmultrec,20,20,3.0,1,1,10,60.0,6.0,0.0,0.091
insider_relax,20,20,3.0,1,1,10,60.0,6.0,0.0,0.042
lca,20,20,3.0,1,1,10,60.0,6.0,0.0,0.024
segdup,20,20,3.0,1,1,10,70,7,0,2.136
fastmultrec,20,20,3.0,1,1,10,70.0,7.0,0.0,0.013
insider_relax,20,20,3.0,1,1,10,70.0,7.0,0.0,0.006
lca,20,20,3.0,1,1,10,70.0,7.0,0.0,0.004
segdup,20,20,3.0,1,1,10,30,3,0,5.828
fastmultrec,20,20,3.0,1,1,10,30.0,3.0,0.0,0.015
insider_relax,20,20,3.0,1,1,10,30.0,3.0,0.0,0.007
lca,20,20,3.0,1,1,10,30.0,3.0,0.0,0.005
segdup,20,20,3.0,1,1,10,90,9,0,6.032
fastmultrec,20,20,3.0,1,1,10,90.0,9.0,0.0,0.033
insider_relax,20,20,3.0,1,1,10,90.0,9.0,0.0,0.016
lca,20,20,3.0,1,1,10,90.0,9.0,0.0,0.009
segdup,20,20,3.0,1,1,10,60,6,0,4.115
fastmultrec,20,20,3.0,1,1,10,60.0,6.0,0.0,0.016
insider_relax,20,20,3.0,1,1,10,60.0,6.0,0.0,0.008
lca,20,20,3.0,1,1,10,60.0,6.0,0.0,0.006
segdup,20,20,3.0,1,1,10,50,5,0,10.873
fastmultrec,20,20,3.0,1,1,10,50.0,5.0,0.0,0.033
insider_relax,20,20,3.0,1,1,10,50.0,5.0,0.0,0.017
lca,20,20,3.0,1,1,10,50.0,5.0,0.0,0.009
segdup,20,20,3.0,1,1,10,70,7,0,39.454
fastmultrec,20,20,3.0,1,1,10,70.0,7.0,0.0,0.120
insider_relax,20,20,3.0,1,1,10,70.0,7.0,0.0,0.050
lca,20,20,3.0,1,1,10,70.0,7.0,0.0,0.028
segdup,20,20,3.0,1,1,10,30,3,0,1.738
fastmultrec,20,20,3.0,1,1,10,30.0,3.0,0.0,0.026
insider_relax,20,20,3.0,1,1,10,30.0,3.0,0.0,0.012
lca,20,20,3.0,1,1,10,30.0,3.0,0.0,0.009
segdup,20,20,3.0,1,1,10,70,7,0,30.868
fastmultrec,20,20,3.0,1,1,10,70.0,7.0,0.0,0.076
insider_relax,20,20,3.0,1,1,10,70.0,7.0,0.0,0.029
lca,20,20,3.0,1,1,10,70.0,7.0,0.0,0.020
segdup,20,20,3.0,1,1,15,90,6,0,93.540
fastmultrec,20,20,3.0,1,1,15,90.0,6.0,0.0,0.146
insider_relax,20,20,3.0,1,1,15,90.0,6.0,0.0,0.054
lca,20,20,3.0,1,1,15,90.0,6.0,0.0,0.031
segdup,20,20,3.0,1,1,15,150,10,0,73.744
fastmultrec,20,20,3.0,1,1,15,150.0,10.0,0.0,0.227
insider_relax,20,20,3.0,1,1,15,150.0,10.0,0.0,0.082
lca,20,20,3.0,1,1,15,150.0,10.0,0.0,0.050
segdup,20,20,3.0,1,1,15,90,6,0,7.642
fastmultrec,20,20,3.0,1,1,15,90.0,6.0,0.0,0.025
insider_relax,20,20,3.0,1,1,15,90.0,6.0,0.0,0.011
lca,20,20,3.0,1,1,15,90.0,6.0,0.0,0.009
segdup,20,20,3.0,1,1,15,105,7,0,12.877
fastmultrec,20,20,3.0,1,1,15,105.0,7.0,0.0,0.036
insider_relax,20,20,3.0,1,1,15,105.0,7.0,0.0,0.018
lca,20,20,3.0,1,1,15,105.0,7.0,0.0,0.012
segdup,20,20,3.0,1,1,15,120,8,0,30.370
fastmultrec,20,20,3.0,1,1,15,120.0,8.0,0.0,0.088
insider_relax,20,20,3.0,1,1,15,120.0,8.0,0.0,0.043
lca,20,20,3.0,1,1,15,120.0,8.0,0.0,0.024
segdup,20,20,3.0,1,1,15,45,3,0,4.836
fastmultrec,20,20,3.0,1,1,15,45.0,3.0,0.0,0.028
insider_relax,20,20,3.0,1,1,15,45.0,3.0,0.0,0.017
lca,20,20,3.0,1,1,15,45.0,3.0,0.0,0.008
segdup,20,20,3.0,1,1,15,30,2,0,2.760
fastmultrec,20,20,3.0,1,1,15,30.0,2.0,0.0,0.012
insider_relax,20,20,3.0,1,1,15,30.0,2.0,0.0,0.006
lca,20,20,3.0,1,1,15,30.0,2.0,0.0,0.003
segdup,20,20,3.0,1,1,15,135,9,0,8.626
fastmultrec,20,20,3.0,1,1,15,135.0,9.0,0.0,0.056
insider_relax,20,20,3.0,1,1,15,135.0,9.0,0.0,0.021
lca,20,20,3.0,1,1,15,135.0,9.0,0.0,0.013
segdup,20,20,3.0,1,1,15,60,4,0,18.394
fastmultrec,20,20,3.0,1,1,15,60.0,4.0,0.0,0.038
insider_relax,20,20,3.0,1,1,15,60.0,4.0,0.0,0.018
lca,20,20,3.0,1,1,15,60.0,4.0,0.0,0.009
segdup,20,20,3.0,1,1,15,135,9,0,13.556
fastmultrec,20,20,3.0,1,1,15,135.0,9.0,0.0,0.056
insider_relax,20,20,3.0,1,1,15,135.0,9.0,0.0,0.022
lca,20,20,3.0,1,1,15,135.0,9.0,0.0,0.012
segdup,20,20,3.0,1,1,20,140,7,0,84.067
fastmultrec,20,20,3.0,1,1,20,140.0,7.0,0.0,0.396
insider_relax,20,20,3.0,1,1,20,140.0,7.0,0.0,0.194
lca,20,20,3.0,1,1,20,140.0,7.0,0.0,0.102
segdup,20,20,3.0,1,1,20,220,11,0,525.280
fastmultrec,20,20,3.0,1,1,20,220.0,11.0,0.0,0.960
insider_relax,20,20,3.0,1,1,20,220.0,11.0,0.0,0.414
lca,20,20,3.0,1,1,20,220.0,11.0,0.0,0.218
segdup,20,20,3.0,1,1,20,200,10,0,59.747
fastmultrec,20,20,3.0,1,1,20,200.0,10.0,0.0,0.203
insider_relax,20,20,3.0,1,1,20,200.0,10.0,0.0,0.078
lca,20,20,3.0,1,1,20,200.0,10.0,0.0,0.049
segdup,20,20,3.0,1,1,20,180,9,0,12.561
fastmultrec,20,20,3.0,1,1,20,180.0,9.0,0.0,0.049
insider_relax,20,20,3.0,1,1,20,180.0,9.0,0.0,0.021
lca,20,20,3.0,1,1,20,180.0,9.0,0.0,0.014
segdup,20,20,3.0,1,1,20,160,8,0,6.704
fastmultrec,20,20,3.0,1,1,20,160.0,8.0,0.0,0.028
insider_relax,20,20,3.0,1,1,20,160.0,8.0,0.0,0.014
lca,20,20,3.0,1,1,20,160.0,8.0,0.0,0.009
segdup,20,20,3.0,1,1,20,140,7,0,1.438
fastmultrec,20,20,3.0,1,1,20,140.0,7.0,0.0,0.012
insider_relax,20,20,3.0,1,1,20,140.0,7.0,0.0,0.007
lca,20,20,3.0,1,1,20,140.0,7.0,0.0,0.005
segdup,20,20,3.0,1,1,20,120,6,0,7.941
fastmultrec,20,20,3.0,1,1,20,120.0,6.0,0.0,0.069
insider_relax,20,20,3.0,1,1,20,120.0,6.0,0.0,0.032
lca,20,20,3.0,1,1,20,120.0,6.0,0.0,0.019
segdup,20,20,3.0,1,1,20,80,4,0,3.539
fastmultrec,20,20,3.0,1,1,20,80.0,4.0,0.0,0.017
insider_relax,20,20,3.0,1,1,20,80.0,4.0,0.0,0.007
lca,20,20,3.0,1,1,20,80.0,4.0,0.0,0.005
segdup,20,20,3.0,1,1,20,80,4,0,12.523
fastmultrec,20,20,3.0,1,1,20,80.0,4.0,0.0,0.034
insider_relax,20,20,3.0,1,1,20,80.0,4.0,0.0,0.019
lca,20,20,3.0,1,1,20,80.0,4.0,0.0,0.010
segdup,20,20,3.0,1,1,20,180,9,0,17.921
fastmultrec,20,20,3.0,1,1,20,180.0,9.0,0.0,0.090
insider_relax,20,20,3.0,1,1,20,180.0,9.0,0.0,0.045
lca,20,20,3.0,1,1,20,180.0,9.0,0.0,0.029
segdup,20,20,3.0,1,0.5,25,100,4,0,2.864
fastmultrec,20,20,3.0,1,0.5,25,100.0,4.0,0.0,0.009
insider_relax,20,20,3.0,1,0.5,25,100.0,4.0,0.0,0.006
lca,20,20,3.0,1,0.5,25,100.0,4.0,0.0,0.004
segdup,20,20,3.0,1,0.5,25,75,3,0,0.974
fastmultrec,20,20,3.0,1,0.5,25,75.0,3.0,0.0,0.008
insider_relax,20,20,3.0,1,0.5,25,75.0,3.0,0.0,0.005
lca,20,20,3.0,1,0.5,25,75.0,3.0,0.0,0.004
segdup,20,20,3.0,1,0.5,25,50,2,0,0.828
fastmultrec,20,20,3.0,1,0.5,25,50.0,2.0,0.0,0.019
insider_relax,20,20,3.0,1,0.5,25,50.0,2.0,0.0,0.007
lca,20,20,3.0,1,0.5,25,50.0,2.0,0.0,0.005
segdup,20,20,3.0,1,0.5,25,150,6,0,5.043
fastmultrec,20,20,3.0,1,0.5,25,150.0,6.0,0.0,0.021
insider_relax,20,20,3.0,1,0.5,25,150.0,6.0,0.0,0.012
lca,20,20,3.0,1,0.5,25,150.0,6.0,0.0,0.006
segdup,20,20,3.0,1,0.5,25,75,3,0,1.574
fastmultrec,20,20,3.0,1,0.5,25,75.0,3.0,0.0,0.020
insider_relax,20,20,3.0,1,0.5,25,75.0,3.0,0.0,0.010
lca,20,20,3.0,1,0.5,25,75.0,3.0,0.0,0.007
segdup,20,20,3.0,1,0.5,25,200,8,0,17.958
fastmultrec,20,20,3.0,1,0.5,25,200.0,8.0,0.0,0.037
insider_relax,20,20,3.0,1,0.5,25,200.0,8.0,0.0,0.017
lca,20,20,3.0,1,0.5,25,200.0,8.0,0.0,0.010
segdup,20,20,3.0,1,0.5,25,125,5,0,2.289
fastmultrec,20,20,3.0,1,0.5,25,125.0,5.0,0.0,0.012
insider_relax,20,20,3.0,1,0.5,25,125.0,5.0,0.0,0.007
lca,20,20,3.0,1,0.5,25,125.0,5.0,0.0,0.005
segdup,20,20,3.0,1,0.5,25,225,9,0,6.651
fastmultrec,20,20,3.0,1,0.5,25,225.0,9.0,0.0,0.030
insider_relax,20,20,3.0,1,0.5,25,225.0,9.0,0.0,0.015
lca,20,20,3.0,1,0.5,25,225.0,9.0,0.0,0.011
segdup,20,20,3.0,1,0.5,25,100,4,0,2.635
fastmultrec,20,20,3.0,1,0.5,25,100.0,4.0,0.0,0.017
insider_relax,20,20,3.0,1,0.5,25,100.0,4.0,0.0,0.008
lca,20,20,3.0,1,0.5,25,100.0,4.0,0.0,0.005
segdup,20,20,3.0,1,0.5,25,175,7,0,11.711
fastmultrec,20,20,3.0,1,0.5,25,175.0,7.0,0.0,0.055
insider_relax,20,20,3.0,1,0.5,25,175.0,7.0,0.0,0.026
lca,20,20,3.0,1,0.5,25,175.0,7.0,0.0,0.013
segdup,20,20,3.0,1,0.5,5,20,4,0,4.745
fastmultrec,20,20,3.0,1,0.5,5,20.0,4.0,0.0,0.016
insider_relax,20,20,3.0,1,0.5,5,20.0,4.0,0.0,0.008
lca,20,20,3.0,1,0.5,5,20.0,4.0,0.0,0.006
segdup,20,20,3.0,1,0.5,5,40,8,0,7.735
fastmultrec,20,20,3.0,1,0.5,5,40.0,8.0,0.0,0.019
insider_relax,20,20,3.0,1,0.5,5,40.0,8.0,0.0,0.009
lca,20,20,3.0,1,0.5,5,40.0,8.0,0.0,0.006
segdup,20,20,3.0,1,0.5,5,35,7,0,6.074
fastmultrec,20,20,3.0,1,0.5,5,35.0,7.0,0.0,0.021
insider_relax,20,20,3.0,1,0.5,5,35.0,7.0,0.0,0.010
lca,20,20,3.0,1,0.5,5,35.0,7.0,0.0,0.006
segdup,20,20,3.0,1,0.5,5,30,6,0,3.800
fastmultrec,20,20,3.0,1,0.5,5,30.0,6.0,0.0,0.016
insider_relax,20,20,3.0,1,0.5,5,30.0,6.0,0.0,0.007
lca,20,20,3.0,1,0.5,5,30.0,6.0,0.0,0.005
segdup,20,20,3.0,1,0.5,5,70,14,0,79.545
fastmultrec,20,20,3.0,1,0.5,5,70.0,14.0,0.0,0.096
insider_relax,20,20,3.0,1,0.5,5,70.0,14.0,0.0,0.050
lca,20,20,3.0,1,0.5,5,70.0,14.0,0.0,0.026
segdup,20,20,3.0,1,0.5,5,15,3,0,2.772
fastmultrec,20,20,3.0,1,0.5,5,15.0,3.0,0.0,0.012
insider_relax,20,20,3.0,1,0.5,5,15.0,3.0,0.0,0.006
lca,20,20,3.0,1,0.5,5,15.0,3.0,0.0,0.004
segdup,20,20,3.0,1,0.5,5,45,9,0,3.777
fastmultrec,20,20,3.0,1,0.5,5,45.0,9.0,0.0,0.012
insider_relax,20,20,3.0,1,0.5,5,45.0,9.0,0.0,0.006
lca,20,20,3.0,1,0.5,5,45.0,9.0,0.0,0.004
segdup,20,20,3.0,1,0.5,5,30,6,0,7.795
fastmultrec,20,20,3.0,1,0.5,5,30.0,6.0,0.0,0.028
insider_relax,20,20,3.0,1,0.5,5,30.0,6.0,0.0,0.015
lca,20,20,3.0,1,0.5,5,30.0,6.0,0.0,0.009
segdup,20,20,3.0,1,0.5,5,55,11,0,260.862
fastmultrec,20,20,3.0,1,0.5,5,55.0,11.0,0.0,0.312
insider_relax,20,20,3.0,1,0.5,5,55.0,11.0,0.0,0.134
lca,20,20,3.0,1,0.5,5,55.0,11.0,0.0,0.065
segdup,20,20,3.0,1,0.5,5,50,10,0,13.841
fastmultrec,20,20,3.0,1,0.5,5,50.0,10.0,0.0,0.033
insider_relax,20,20,3.0,1,0.5,5,50.0,10.0,0.0,0.016
lca,20,20,3.0,1,0.5,5,50.0,10.0,0.0,0.009
segdup,20,20,3.0,1,0.5,10,50,5,0,9.608
fastmultrec,20,20,3.0,1,0.5,10,50.0,5.0,0.0,0.027
insider_relax,20,20,3.0,1,0.5,10,50.0,5.0,0.0,0.013
lca,20,20,3.0,1,0.5,10,50.0,5.0,0.0,0.008
segdup,20,20,3.0,1,0.5,10,50,5,0,3.741
fastmultrec,20,20,3.0,1,0.5,10,50.0,5.0,0.0,0.014
insider_relax,20,20,3.0,1,0.5,10,50.0,5.0,0.0,0.008
lca,20,20,3.0,1,0.5,10,50.0,5.0,0.0,0.005
segdup,20,20,3.0,1,0.5,10,70,7,0,10.406
fastmultrec,20,20,3.0,1,0.5,10,70.0,7.0,0.0,0.027
insider_relax,20,20,3.0,1,0.5,10,70.0,7.0,0.0,0.015
lca,20,20,3.0,1,0.5,10,70.0,7.0,0.0,0.010
segdup,20,20,3.0,1,0.5,10,10,1,0,0.303
fastmultrec,20,20,3.0,1,0.5,10,10.0,1.0,0.0,0.010
insider_relax,20,20,3.0,1,0.5,10,10.0,1.0,0.0,0.005
lca,20,20,3.0,1,0.5,10,10.0,1.0,0.0,0.004
segdup,20,20,3.0,1,0.5,10,70,7,0,18.548
fastmultrec,20,20,3.0,1,0.5,10,70.0,7.0,0.0,0.035
insider_relax,20,20,3.0,1,0.5,10,70.0,7.0,0.0,0.020
lca,20,20,3.0,1,0.5,10,70.0,7.0,0.0,0.010
segdup,20,20,3.0,1,0.5,10,60,6,0,6.667
fastmultrec,20,20,3.0,1,0.5,10,60.0,6.0,0.0,0.063
insider_relax,20,20,3.0,1,0.5,10,60.0,6.0,0.0,0.029
lca,20,20,3.0,1,0.5,10,60.0,6.0,0.0,0.017
segdup,20,20,3.0,1,0.5,10,40,4,0,2.313
fastmultrec,20,20,3.0,1,0.5,10,40.0,4.0,0.0,0.011
insider_relax,20,20,3.0,1,0.5,10,40.0,4.0,0.0,0.006
lca,20,20,3.0,1,0.5,10,40.0,4.0,0.0,0.004
segdup,20,20,3.0,1,0.5,10,40,4,0,1.713
fastmultrec,20,20,3.0,1,0.5,10,40.0,4.0,0.0,0.008
insider_relax,20,20,3.0,1,0.5,10,40.0,4.0,0.0,0.006
lca,20,20,3.0,1,0.5,10,40.0,4.0,0.0,0.003
segdup,20,20,3.0,1,0.5,10,60,6,0,7.335
fastmultrec,20,20,3.0,1,0.5,10,60.0,6.0,0.0,0.018
insider_relax,20,20,3.0,1,0.5,10,60.0,6.0,0.0,0.009
lca,20,20,3.0,1,0.5,10,60.0,6.0,0.0,0.006
segdup,20,20,3.0,1,0.5,10,60,6,0,3.665
fastmultrec,20,20,3.0,1,0.5,10,60.0,6.0,0.0,0.011
insider_relax,20,20,3.0,1,0.5,10,60.0,6.0,0.0,0.006
lca,20,20,3.0,1,0.5,10,60.0,6.0,0.0,0.004
segdup,20,20,3.0,1,0.5,15,120,8,0,9.730
fastmultrec,20,20,3.0,1,0.5,15,120.0,8.0,0.0,0.098
insider_relax,20,20,3.0,1,0.5,15,120.0,8.0,0.0,0.040
lca,20,20,3.0,1,0.5,15,120.0,8.0,0.0,0.023
segdup,20,20,3.0,1,0.5,15,75,5,0,2.762
fastmultrec,20,20,3.0,1,0.5,15,75.0,5.0,0.0,0.010
insider_relax,20,20,3.0,1,0.5,15,75.0,5.0,0.0,0.006
lca,20,20,3.0,1,0.5,15,75.0,5.0,0.0,0.004
segdup,20,20,3.0,1,0.5,15,150,10,0,8.219
fastmultrec,20,20,3.0,1,0.5,15,150.0,10.0,0.0,0.021
insider_relax,20,20,3.0,1,0.5,15,150.0,10.0,0.0,0.011
lca,20,20,3.0,1,0.5,15,150.0,10.0,0.0,0.006
segdup,20,20,3.0,1,0.5,15,90,6,0,1.282
fastmultrec,20,20,3.0,1,0.5,15,90.0,6.0,0.0,0.010
insider_relax,20,20,3.0,1,0.5,15,90.0,6.0,0.0,0.005
lca,20,20,3.0,1,0.5,15,90.0,6.0,0.0,0.003
segdup,20,20,3.0,1,0.5,15,150,10,0,8.696
fastmultrec,20,20,3.0,1,0.5,15,150.0,10.0,0.0,0.030
insider_relax,20,20,3.0,1,0.5,15,150.0,10.0,0.0,0.015
lca,20,20,3.0,1,0.5,15,150.0,10.0,0.0,0.008
segdup,20,20,3.0,1,0.5,15,90,6,0,4.139
fastmultrec,20,20,3.0,1,0.5,15,90.0,6.0,0.0,0.028
insider_relax,20,20,3.0,1,0.5,15,90.0,6.0,0.0,0.012
lca,20,20,3.0,1,0.5,15,90.0,6.0,0.0,0.008
segdup,20,20,3.0,1,0.5,15,75,5,0,1.228
fastmultrec,20,20,3.0,1,0.5,15,75.0,5.0,0.0,0.010
insider_relax,20,20,3.0,1,0.5,15,75.0,5.0,0.0,0.006
lca,20,20,3.0,1,0.5,15,75.0,5.0,0.0,0.004
segdup,20,20,3.0,1,0.5,15,75,5,0,8.370
fastmultrec,20,20,3.0,1,0.5,15,75.0,5.0,0.0,0.025
insider_relax,20,20,3.0,1,0.5,15,75.0,5.0,0.0,0.012
lca,20,20,3.0,1,0.5,15,75.0,5.0,0.0,0.009
segdup,20,20,3.0,1,0.5,15,150,10,0,62.896
fastmultrec,20,20,3.0,1,0.5,15,150.0,10.0,0.0,0.100
insider_relax,20,20,3.0,1,0.5,15,150.0,10.0,0.0,0.048
lca,20,20,3.0,1,0.5,15,150.0,10.0,0.0,0.024
segdup,20,20,3.0,1,0.5,15,30,2,0,1.604
fastmultrec,20,20,3.0,1,0.5,15,30.0,2.0,0.0,0.010
insider_relax,20,20,3.0,1,0.5,15,30.0,2.0,0.0,0.005
lca,20,20,3.0,1,0.5,15,30.0,2.0,0.0,0.003
segdup,20,20,3.0,1,0.5,20,160,8,0,5.013
fastmultrec,20,20,3.0,1,0.5,20,160.0,8.0,0.0,0.018
insider_relax,20,20,3.0,1,0.5,20,160.0,8.0,0.0,0.010
lca,20,20,3.0,1,0.5,20,160.0,8.0,0.0,0.006
segdup,20,20,3.0,1,0.5,20,180,9,0,11.681
fastmultrec,20,20,3.0,1,0.5,20,180.0,9.0,0.0,0.035
insider_relax,20,20,3.0,1,0.5,20,180.0,9.0,0.0,0.021
lca,20,20,3.0,1,0.5,20,180.0,9.0,0.0,0.011
segdup,20,20,3.0,1,0.5,20,180,9,0,88.756
fastmultrec,20,20,3.0,1,0.5,20,180.0,9.0,0.0,0.187
insider_relax,20,20,3.0,1,0.5,20,180.0,9.0,0.0,0.077
lca,20,20,3.0,1,0.5,20,180.0,9.0,0.0,0.044
segdup,20,20,3.0,1,0.5,20,120,6,0,2.458
fastmultrec,20,20,3.0,1,0.5,20,120.0,6.0,0.0,0.012
insider_relax,20,20,3.0,1,0.5,20,120.0,6.0,0.0,0.007
lca,20,20,3.0,1,0.5,20,120.0,6.0,0.0,0.004
segdup,20,20,3.0,1,0.5,20,40,2,0,1.242
fastmultrec,20,20,3.0,1,0.5,20,40.0,2.0,0.0,0.010
insider_relax,20,20,3.0,1,0.5,20,40.0,2.0,0.0,0.005
lca,20,20,3.0,1,0.5,20,40.0,2.0,0.0,0.004
segdup,20,20,3.0,1,0.5,20,140,7,0,20.239
fastmultrec,20,20,3.0,1,0.5,20,140.0,7.0,0.0,0.084
insider_relax,20,20,3.0,1,0.5,20,140.0,7.0,0.0,0.040
lca,20,20,3.0,1,0.5,20,140.0,7.0,0.0,0.020
segdup,20,20,3.0,1,0.5,20,140,7,0,2.612
fastmultrec,20,20,3.0,1,0.5,20,140.0,7.0,0.0,0.012
insider_relax,20,20,3.0,1,0.5,20,140.0,7.0,0.0,0.008
lca,20,20,3.0,1,0.5,20,140.0,7.0,0.0,0.004
segdup,20,20,3.0,1,0.5,20,40,2,0,0.771
fastmultrec,20,20,3.0,1,0.5,20,40.0,2.0,0.0,0.010
insider_relax,20,20,3.0,1,0.5,20,40.0,2.0,0.0,0.005
lca,20,20,3.0,1,0.5,20,40.0,2.0,0.0,0.003
segdup,20,20,3.0,1,0.5,20,120,6,0,7.039
fastmultrec,20,20,3.0,1,0.5,20,120.0,6.0,0.0,0.018
insider_relax,20,20,3.0,1,0.5,20,120.0,6.0,0.0,0.008
lca,20,20,3.0,1,0.5,20,120.0,6.0,0.0,0.005
segdup,20,20,3.0,1,0.5,20,140,7,0,2.750
fastmultrec,20,20,3.0,1,0.5,20,140.0,7.0,0.0,0.015
insider_relax,20,20,3.0,1,0.5,20,140.0,7.0,0.0,0.009
lca,20,20,3.0,1,0.5,20,140.0,7.0,0.0,0.006
segdup,20,20,3.0,1,0.8,25,175,7,0,195.557
fastmultrec,20,20,3.0,1,0.8,25,175.0,7.0,0.0,0.228
insider_relax,20,20,3.0,1,0.8,25,175.0,7.0,0.0,0.117
lca,20,20,3.0,1,0.8,25,175.0,7.0,0.0,0.057
segdup,20,20,3.0,1,0.8,25,225,9,0,61.500
fastmultrec,20,20,3.0,1,0.8,25,225.0,9.0,0.0,0.194
insider_relax,20,20,3.0,1,0.8,25,225.0,9.0,0.0,0.074
lca,20,20,3.0,1,0.8,25,225.0,9.0,0.0,0.044
segdup,20,20,3.0,1,0.8,25,200,8,0,567.977
fastmultrec,20,20,3.0,1,0.8,25,200.0,8.0,0.0,0.533
insider_relax,20,20,3.0,1,0.8,25,200.0,8.0,0.0,0.268
lca,20,20,3.0,1,0.8,25,200.0,8.0,0.0,0.131
segdup,20,20,3.0,1,0.8,25,175,7,0,12.131
fastmultrec,20,20,3.0,1,0.8,25,175.0,7.0,0.0,0.038
insider_relax,20,20,3.0,1,0.8,25,175.0,7.0,0.0,0.019
lca,20,20,3.0,1,0.8,25,175.0,7.0,0.0,0.010
segdup,20,20,3.0,1,0.8,25,275,11,0,21.717
fastmultrec,20,20,3.0,1,0.8,25,275.0,11.0,0.0,0.073
insider_relax,20,20,3.0,1,0.8,25,275.0,11.0,0.0,0.035
lca,20,20,3.0,1,0.8,25,275.0,11.0,0.0,0.023
segdup,20,20,3.0,1,0.8,25,250,10,0,70.465
fastmultrec,20,20,3.0,1,0.8,25,250.0,10.0,0.0,0.200
insider_relax,20,20,3.0,1,0.8,25,250.0,10.0,0.0,0.070
lca,20,20,3.0,1,0.8,25,250.0,10.0,0.0,0.043
segdup,20,20,3.0,1,0.8,25,225,9,0,3.774
fastmultrec,20,20,3.0,1,0.8,25,225.0,9.0,0.0,0.014
insider_relax,20,20,3.0,1,0.8,25,225.0,9.0,0.0,0.007
lca,20,20,3.0,1,0.8,25,225.0,9.0,0.0,0.005
segdup,20,20,3.0,1,0.8,25,150,6,0,57.429
fastmultrec,20,20,3.0,1,0.8,25,150.0,6.0,0.0,0.150
insider_relax,20,20,3.0,1,0.8,25,150.0,6.0,0.0,0.050
lca,20,20,3.0,1,0.8,25,150.0,6.0,0.0,0.025
segdup,20,20,3.0,1,0.8,25,150,6,0,14.908
fastmultrec,20,20,3.0,1,0.8,25,150.0,6.0,0.0,0.052
insider_relax,20,20,3.0,1,0.8,25,150.0,6.0,0.0,0.025
lca,20,20,3.0,1,0.8,25,150.0,6.0,0.0,0.014
segdup,20,20,3.0,1,0.8,25,225,9,0,197.512
fastmultrec,20,20,3.0,1,0.8,25,225.0,9.0,0.0,0.355
insider_relax,20,20,3.0,1,0.8,25,225.0,9.0,0.0,0.151
lca,20,20,3.0,1,0.8,25,225.0,9.0,0.0,0.076
segdup,20,20,3.0,1,0.8,5,50,10,0,60.952
fastmultrec,20,20,3.0,1,0.8,5,50.0,10.0,0.0,0.299
insider_relax,20,20,3.0,1,0.8,5,50.0,10.0,0.0,0.133
lca,20,20,3.0,1,0.8,5,50.0,10.0,0.0,0.068
segdup,20,20,3.0,1,0.8,5,35,7,0,5.708
fastmultrec,20,20,3.0,1,0.8,5,35.0,7.0,0.0,0.014
insider_relax,20,20,3.0,1,0.8,5,35.0,7.0,0.0,0.007
lca,20,20,3.0,1,0.8,5,35.0,7.0,0.0,0.005
segdup,20,20,3.0,1,0.8,5,25,5,0,3.121
fastmultrec,20,20,3.0,1,0.8,5,25.0,5.0,0.0,0.011
insider_relax,20,20,3.0,1,0.8,5,25.0,5.0,0.0,0.006
lca,20,20,3.0,1,0.8,5,25.0,5.0,0.0,0.004
segdup,20,20,3.0,1,0.8,5,15,3,0,1.405
fastmultrec,20,20,3.0,1,0.8,5,15.0,3.0,0.0,0.009
insider_relax,20,20,3.0,1,0.8,5,15.0,3.0,0.0,0.005
lca,20,20,3.0,1,0.8,5,15.0,3.0,0.0,0.003
segdup,20,20,3.0,1,0.8,5,35,7,0,29.340
fastmultrec,20,20,3.0,1,0.8,5,35.0,7.0,0.0,0.056
insider_relax,20,20,3.0,1,0.8,5,35.0,7.0,0.0,0.026
lca,20,20,3.0,1,0.8,5,35.0,7.0,0.0,0.014
segdup,20,20,3.0,1,0.8,5,15,3,0,0.636
fastmultrec,20,20,3.0,1,0.8,5,15.0,3.0,0.0,0.015
insider_relax,20,20,3.0,1,0.8,5,15.0,3.0,0.0,0.006
lca,20,20,3.0,1,0.8,5,15.0,3.0,0.0,0.004
segdup,20,20,3.0,1,0.8,5,35,7,0,23.171
fastmultrec,20,20,3.0,1,0.8,5,35.0,7.0,0.0,0.041
insider_relax,20,20,3.0,1,0.8,5,35.0,7.0,0.0,0.019
lca,20,20,3.0,1,0.8,5,35.0,7.0,0.0,0.011
segdup,20,20,3.0,1,0.8,5,50,10,0,1509.148
fastmultrec,20,20,3.0,1,0.8,5,50.0,10.0,0.0,1.821
insider_relax,20,20,3.0,1,0.8,5,50.0,10.0,0.0,0.503
lca,20,20,3.0,1,0.8,5,50.0,10.0,0.0,0.234
segdup,20,20,3.0,1,0.8,5,55,11,0,491.621
fastmultrec,20,20,3.0,1,0.8,5,55.0,11.0,0.0,0.701
insider_relax,20,20,3.0,1,0.8,5,55.0,11.0,0.0,0.252
lca,20,20,3.0,1,0.8,5,55.0,11.0,0.0,0.130
segdup,20,20,3.0,1,0.8,5,40,8,0,32.127
fastmultrec,20,20,3.0,1,0.8,5,40.0,8.0,0.0,0.051
insider_relax,20,20,3.0,1,0.8,5,40.0,8.0,0.0,0.024
lca,20,20,3.0,1,0.8,5,40.0,8.0,0.0,0.016
segdup,20,20,3.0,1,0.8,10,30,3,0,3.604
fastmultrec,20,20,3.0,1,0.8,10,30.0,3.0,0.0,0.012
insider_relax,20,20,3.0,1,0.8,10,30.0,3.0,0.0,0.007
lca,20,20,3.0,1,0.8,10,30.0,3.0,0.0,0.004
segdup,20,20,3.0,1,0.8,10,70,7,0,8.793
fastmultrec,20,20,3.0,1,0.8,10,70.0,7.0,0.0,0.079
insider_relax,20,20,3.0,1,0.8,10,70.0,7.0,0.0,0.037
lca,20,20,3.0,1,0.8,10,70.0,7.0,0.0,0.022
segdup,20,20,3.0,1,0.8,10,80,8,0,13.352
fastmultrec,20,20,3.0,1,0.8,10,80.0,8.0,0.0,0.032
insider_relax,20,20,3.0,1,0.8,10,80.0,8.0,0.0,0.016
lca,20,20,3.0,1,0.8,10,80.0,8.0,0.0,0.008
segdup,20,20,3.0,1,0.8,10,50,5,0,2.759
fastmultrec,20,20,3.0,1,0.8,10,50.0,5.0,0.0,0.011
insider_relax,20,20,3.0,1,0.8,10,50.0,5.0,0.0,0.007
lca,20,20,3.0,1,0.8,10,50.0,5.0,0.0,0.005
segdup,20,20,3.0,1,0.8,10,70,7,0,4.583
fastmultrec,20,20,3.0,1,0.8,10,70.0,7.0,0.0,0.014
insider_relax,20,20,3.0,1,0.8,10,70.0,7.0,0.0,0.007
lca,20,20,3.0,1,0.8,10,70.0,7.0,0.0,0.005
segdup,20,20,3.0,1,0.8,10,60,6,0,5.597
fastmultrec,20,20,3.0,1,0.8,10,60.0,6.0,0.0,0.019
insider_relax,20,20,3.0,1,0.8,10,60.0,6.0,0.0,0.009
lca,20,20,3.0,1,0.8,10,60.0,6.0,0.0,0.006
segdup,20,20,3.0,1,0.8,10,80,8,0,22.987
fastmultrec,20,20,3.0,1,0.8,10,80.0,8.0,0.0,0.059
insider_relax,20,20,3.0,1,0.8,10,80.0,8.0,0.0,0.027
lca,20,20,3.0,1,0.8,10,80.0,8.0,0.0,0.014
segdup,20,20,3.0,1,0.8,10,40,4,0,2.189
fastmultrec,20,20,3.0,1,0.8,10,40.0,4.0,0.0,0.014
insider_relax,20,20,3.0,1,0.8,10,40.0,4.0,0.0,0.006
lca,20,20,3.0,1,0.8,10,40.0,4.0,0.0,0.005
segdup,20,20,3.0,1,0.8,10,60,6,0,19.904
fastmultrec,20,20,3.0,1,0.8,10,60.0,6.0,0.0,0.041
insider_relax,20,20,3.0,1,0.8,10,60.0,6.0,0.0,0.021
lca,20,20,3.0,1,0.8,10,60.0,6.0,0.0,0.011
segdup,20,20,3.0,1,0.8,10,100,10,0,178.501
fastmultrec,20,20,3.0,1,0.8,10,100.0,10.0,0.0,0.219
insider_relax,20,20,3.0,1,0.8,10,100.0,10.0,0.0,0.094
lca,20,20,3.0,1,0.8,10,100.0,10.0,0.0,0.052
segdup,20,20,3.0,1,0.8,15,90,6,0,14.178
fastmultrec,20,20,3.0,1,0.8,15,90.0,6.0,0.0,0.049
insider_relax,20,20,3.0,1,0.8,15,90.0,6.0,0.0,0.021
lca,20,20,3.0,1,0.8,15,90.0,6.0,0.0,0.011
segdup,20,20,3.0,1,0.8,15,90,6,0,11.005
fastmultrec,20,20,3.0,1,0.8,15,90.0,6.0,0.0,0.028
insider_relax,20,20,3.0,1,0.8,15,90.0,6.0,0.0,0.015
lca,20,20,3.0,1,0.8,15,90.0,6.0,0.0,0.010
segdup,20,20,3.0,1,0.8,15,180,12,0,31.264
fastmultrec,20,20,3.0,1,0.8,15,180.0,12.0,0.0,0.151
insider_relax,20,20,3.0,1,0.8,15,180.0,12.0,0.0,0.038
lca,20,20,3.0,1,0.8,15,180.0,12.0,0.0,0.024
segdup,20,20,3.0,1,0.8,15,135,9,0,23.379
fastmultrec,20,20,3.0,1,0.8,15,135.0,9.0,0.0,0.063
insider_relax,20,20,3.0,1,0.8,15,135.0,9.0,0.0,0.030
lca,20,20,3.0,1,0.8,15,135.0,9.0,0.0,0.020
segdup,20,20,3.0,1,0.8,15,90,6,0,1.588
fastmultrec,20,20,3.0,1,0.8,15,90.0,6.0,0.0,0.011
insider_relax,20,20,3.0,1,0.8,15,90.0,6.0,0.0,0.006
lca,20,20,3.0,1,0.8,15,90.0,6.0,0.0,0.004
segdup,20,20,3.0,1,0.8,15,75,5,0,7.821
fastmultrec,20,20,3.0,1,0.8,15,75.0,5.0,0.0,0.030
insider_relax,20,20,3.0,1,0.8,15,75.0,5.0,0.0,0.015
lca,20,20,3.0,1,0.8,15,75.0,5.0,0.0,0.008
segdup,20,20,3.0,1,0.8,15,75,5,0,10.694
fastmultrec,20,20,3.0,1,0.8,15,75.0,5.0,0.0,0.028
insider_relax,20,20,3.0,1,0.8,15,75.0,5.0,0.0,0.013
lca,20,20,3.0,1,0.8,15,75.0,5.0,0.0,0.010
segdup,20,20,3.0,1,0.8,15,165,11,0,1864.083
fastmultrec,20,20,3.0,1,0.8,15,165.0,11.0,0.0,1.795
insider_relax,20,20,3.0,1,0.8,15,165.0,11.0,0.0,0.686
lca,20,20,3.0,1,0.8,15,165.0,11.0,0.0,0.306
segdup,20,20,3.0,1,0.8,15,105,7,0,180.957
fastmultrec,20,20,3.0,1,0.8,15,105.0,7.0,0.0,0.210
insider_relax,20,20,3.0,1,0.8,15,105.0,7.0,0.0,0.108
lca,20,20,3.0,1,0.8,15,105.0,7.0,0.0,0.053
segdup,20,20,3.0,1,0.8,15,180,12,0,936.382
fastmultrec,20,20,3.0,1,0.8,15,180.0,12.0,0.0,1.226
insider_relax,20,20,3.0,1,0.8,15,180.0,12.0,0.0,0.439
lca,20,20,3.0,1,0.8,15,180.0,12.0,0.0,0.208
segdup,20,20,3.0,1,0.8,20,220,11,0,6.797
fastmultrec,20,20,3.0,1,0.8,20,220.0,11.0,0.0,0.122
insider_relax,20,20,3.0,1,0.8,20,220.0,11.0,0.0,0.049
lca,20,20,3.0,1,0.8,20,220.0,11.0,0.0,0.039
segdup,20,20,3.0,1,0.8,20,40,2,0,2.632
fastmultrec,20,20,3.0,1,0.8,20,40.0,2.0,0.0,0.013
insider_relax,20,20,3.0,1,0.8,20,40.0,2.0,0.0,0.007
lca,20,20,3.0,1,0.8,20,40.0,2.0,0.0,0.004
segdup,20,20,3.0,1,0.8,20,180,9,0,32.728
fastmultrec,20,20,3.0,1,0.8,20,180.0,9.0,0.0,0.158
insider_relax,20,20,3.0,1,0.8,20,180.0,9.0,0.0,0.047
lca,20,20,3.0,1,0.8,20,180.0,9.0,0.0,0.029
segdup,20,20,3.0,1,0.8,20,140,7,0,8.046
fastmultrec,20,20,3.0,1,0.8,20,140.0,7.0,0.0,0.024
insider_relax,20,20,3.0,1,0.8,20,140.0,7.0,0.0,0.012
lca,20,20,3.0,1,0.8,20,140.0,7.0,0.0,0.008
segdup,20,20,3.0,1,0.8,20,200,10,0,14.676
fastmultrec,20,20,3.0,1,0.8,20,200.0,10.0,0.0,0.065
insider_relax,20,20,3.0,1,0.8,20,200.0,10.0,0.0,0.027
lca,20,20,3.0,1,0.8,20,200.0,10.0,0.0,0.017
segdup,20,20,3.0,1,0.8,20,100,5,0,2.958
fastmultrec,20,20,3.0,1,0.8,20,100.0,5.0,0.0,0.015
insider_relax,20,20,3.0,1,0.8,20,100.0,5.0,0.0,0.008
lca,20,20,3.0,1,0.8,20,100.0,5.0,0.0,0.006
segdup,20,20,3.0,1,0.8,20,160,8,0,4.139
fastmultrec,20,20,3.0,1,0.8,20,160.0,8.0,0.0,0.020
insider_relax,20,20,3.0,1,0.8,20,160.0,8.0,0.0,0.010
lca,20,20,3.0,1,0.8,20,160.0,8.0,0.0,0.006
segdup,20,20,3.0,1,0.8,20,180,9,0,222.710
fastmultrec,20,20,3.0,1,0.8,20,180.0,9.0,0.0,0.267
insider_relax,20,20,3.0,1,0.8,20,180.0,9.0,0.0,0.124
lca,20,20,3.0,1,0.8,20,180.0,9.0,0.0,0.062
segdup,20,20,3.0,1,0.8,20,240,12,0,9.304
fastmultrec,20,20,3.0,1,0.8,20,240.0,12.0,0.0,0.034
insider_relax,20,20,3.0,1,0.8,20,240.0,12.0,0.0,0.018
lca,20,20,3.0,1,0.8,20,240.0,12.0,0.0,0.010
segdup,20,20,3.0,1,0.8,20,200,10,0,103.016
fastmultrec,20,20,3.0,1,0.8,20,200.0,10.0,0.0,0.593
insider_relax,20,20,3.0,1,0.8,20,200.0,10.0,0.0,0.193
lca,20,20,3.0,1,0.8,20,200.0,10.0,0.0,0.111
segdup,20,20,3.0,1,0.2,25,75,3,0,0.901
fastmultrec,20,20,3.0,1,0.2,25,75.0,3.0,0.0,0.009
insider_relax,20,20,3.0,1,0.2,25,75.0,3.0,0.0,0.006
lca,20,20,3.0,1,0.2,25,75.0,3.0,0.0,0.003
segdup,20,20,3.0,1,0.2,25,100,4,0,1.009
fastmultrec,20,20,3.0,1,0.2,25,100.0,4.0,0.0,0.007
insider_relax,20,20,3.0,1,0.2,25,100.0,4.0,0.0,0.006
lca,20,20,3.0,1,0.2,25,100.0,4.0,0.0,0.004
segdup,20,20,3.0,1,0.2,25,125,5,0,2.887
fastmultrec,20,20,3.0,1,0.2,25,125.0,5.0,0.0,0.014
insider_relax,20,20,3.0,1,0.2,25,125.0,5.0,0.0,0.008
lca,20,20,3.0,1,0.2,25,125.0,5.0,0.0,0.005
segdup,20,20,3.0,1,0.2,25,200,8,0,3.306
fastmultrec,20,20,3.0,1,0.2,25,200.0,8.0,0.0,0.012
insider_relax,20,20,3.0,1,0.2,25,200.0,8.0,0.0,0.009
lca,20,20,3.0,1,0.2,25,200.0,8.0,0.0,0.004
segdup,20,20,3.0,1,0.2,25,150,6,0,3.533
fastmultrec,20,20,3.0,1,0.2,25,150.0,6.0,0.0,0.012
insider_relax,20,20,3.0,1,0.2,25,150.0,6.0,0.0,0.008
lca,20,20,3.0,1,0.2,25,150.0,6.0,0.0,0.004
segdup,20,20,3.0,1,0.2,25,175,7,0,1.949
fastmultrec,20,20,3.0,1,0.2,25,175.0,7.0,0.0,0.008
insider_relax,20,20,3.0,1,0.2,25,175.0,7.0,0.0,0.006
lca,20,20,3.0,1,0.2,25,175.0,7.0,0.0,0.003
segdup,20,20,3.0,1,0.2,25,225,9,0,5.401
fastmultrec,20,20,3.0,1,0.2,25,225.0,9.0,0.0,0.021
insider_relax,20,20,3.0,1,0.2,25,225.0,9.0,0.0,0.011
lca,20,20,3.0,1,0.2,25,225.0,9.0,0.0,0.006
segdup,20,20,3.0,1,0.2,25,100,4,0,1.166
fastmultrec,20,20,3.0,1,0.2,25,100.0,4.0,0.0,0.009
insider_relax,20,20,3.0,1,0.2,25,100.0,4.0,0.0,0.006
lca,20,20,3.0,1,0.2,25,100.0,4.0,0.0,0.003
segdup,20,20,3.0,1,0.2,25,150,6,0,1.703
fastmultrec,20,20,3.0,1,0.2,25,150.0,6.0,0.0,0.012
insider_relax,20,20,3.0,1,0.2,25,150.0,6.0,0.0,0.007
lca,20,20,3.0,1,0.2,25,150.0,6.0,0.0,0.004
segdup,20,20,3.0,1,0.2,25,100,4,0,1.927
fastmultrec,20,20,3.0,1,0.2,25,100.0,4.0,0.0,0.011
insider_relax,20,20,3.0,1,0.2,25,100.0,4.0,0.0,0.006
lca,20,20,3.0,1,0.2,25,100.0,4.0,0.0,0.004
segdup,20,20,3.0,1,0.2,5,40,8,0,2.204
fastmultrec,20,20,3.0,1,0.2,5,40.0,8.0,0.0,0.009
insider_relax,20,20,3.0,1,0.2,5,40.0,8.0,0.0,0.006
lca,20,20,3.0,1,0.2,5,40.0,8.0,0.0,0.004
segdup,20,20,3.0,1,0.2,5,30,6,0,2.014
fastmultrec,20,20,3.0,1,0.2,5,30.0,6.0,0.0,0.014
insider_relax,20,20,3.0,1,0.2,5,30.0,6.0,0.0,0.007
lca,20,20,3.0,1,0.2,5,30.0,6.0,0.0,0.004
segdup,20,20,3.0,1,0.2,5,20,4,0,1.429
fastmultrec,20,20,3.0,1,0.2,5,20.0,4.0,0.0,0.010
insider_relax,20,20,3.0,1,0.2,5,20.0,4.0,0.0,0.006
lca,20,20,3.0,1,0.2,5,20.0,4.0,0.0,0.004
segdup,20,20,3.0,1,0.2,5,30,6,0,2.218
fastmultrec,20,20,3.0,1,0.2,5,30.0,6.0,0.0,0.010
insider_relax,20,20,3.0,1,0.2,5,30.0,6.0,0.0,0.006
lca,20,20,3.0,1,0.2,5,30.0,6.0,0.0,0.004
segdup,20,20,3.0,1,0.2,5,25,5,0,0.525
fastmultrec,20,20,3.0,1,0.2,5,25.0,5.0,0.0,0.011
insider_relax,20,20,3.0,1,0.2,5,25.0,5.0,0.0,0.007
lca,20,20,3.0,1,0.2,5,25.0,5.0,0.0,0.004
segdup,20,20,3.0,1,0.2,5,45,9,0,5.222
fastmultrec,20,20,3.0,1,0.2,5,45.0,9.0,0.0,0.017
insider_relax,20,20,3.0,1,0.2,5,45.0,9.0,0.0,0.008
lca,20,20,3.0,1,0.2,5,45.0,9.0,0.0,0.006
segdup,20,20,3.0,1,0.2,5,20,4,0,1.189
fastmultrec,20,20,3.0,1,0.2,5,20.0,4.0,0.0,0.010
insider_relax,20,20,3.0,1,0.2,5,20.0,4.0,0.0,0.005
lca,20,20,3.0,1,0.2,5,20.0,4.0,0.0,0.003
segdup,20,20,3.0,1,0.2,5,65,13,0,10.204
fastmultrec,20,20,3.0,1,0.2,5,65.0,13.0,0.0,0.029
insider_relax,20,20,3.0,1,0.2,5,65.0,13.0,0.0,0.015
lca,20,20,3.0,1,0.2,5,65.0,13.0,0.0,0.010
segdup,20,20,3.0,1,0.2,5,40,8,0,1.628
fastmultrec,20,20,3.0,1,0.2,5,40.0,8.0,0.0,0.009
insider_relax,20,20,3.0,1,0.2,5,40.0,8.0,0.0,0.006
lca,20,20,3.0,1,0.2,5,40.0,8.0,0.0,0.004
segdup,20,20,3.0,1,0.2,5,25,5,0,2.037
fastmultrec,20,20,3.0,1,0.2,5,25.0,5.0,0.0,0.010
insider_relax,20,20,3.0,1,0.2,5,25.0,5.0,0.0,0.005
lca,20,20,3.0,1,0.2,5,25.0,5.0,0.0,0.003
segdup,20,20,3.0,1,0.2,10,80,8,0,5.802
fastmultrec,20,20,3.0,1,0.2,10,80.0,8.0,0.0,0.034
insider_relax,20,20,3.0,1,0.2,10,80.0,8.0,0.0,0.019
lca,20,20,3.0,1,0.2,10,80.0,8.0,0.0,0.009
segdup,20,20,3.0,1,0.2,10,40,4,0,1.477
fastmultrec,20,20,3.0,1,0.2,10,40.0,4.0,0.0,0.009
insider_relax,20,20,3.0,1,0.2,10,40.0,4.0,0.0,0.005
lca,20,20,3.0,1,0.2,10,40.0,4.0,0.0,0.004
segdup,20,20,3.0,1,0.2,10,90,9,0,2.944
fastmultrec,20,20,3.0,1,0.2,10,90.0,9.0,0.0,0.012
insider_relax,20,20,3.0,1,0.2,10,90.0,9.0,0.0,0.007
lca,20,20,3.0,1,0.2,10,90.0,9.0,0.0,0.004
segdup,20,20,3.0,1,0.2,10,70,7,0,2.669
fastmultrec,20,20,3.0,1,0.2,10,70.0,7.0,0.0,0.017
insider_relax,20,20,3.0,1,0.2,10,70.0,7.0,0.0,0.008
lca,20,20,3.0,1,0.2,10,70.0,7.0,0.0,0.006
segdup,20,20,3.0,1,0.2,10,60,6,0,2.060
fastmultrec,20,20,3.0,1,0.2,10,60.0,6.0,0.0,0.011
insider_relax,20,20,3.0,1,0.2,10,60.0,6.0,0.0,0.006
lca,20,20,3.0,1,0.2,10,60.0,6.0,0.0,0.004
segdup,20,20,3.0,1,0.2,10,40,4,0,1.382
fastmultrec,20,20,3.0,1,0.2,10,40.0,4.0,0.0,0.009
insider_relax,20,20,3.0,1,0.2,10,40.0,4.0,0.0,0.005
lca,20,20,3.0,1,0.2,10,40.0,4.0,0.0,0.003
segdup,20,20,3.0,1,0.2,10,90,9,0,3.167
fastmultrec,20,20,3.0,1,0.2,10,90.0,9.0,0.0,0.011
insider_relax,20,20,3.0,1,0.2,10,90.0,9.0,0.0,0.008
lca,20,20,3.0,1,0.2,10,90.0,9.0,0.0,0.004
segdup,20,20,3.0,1,0.2,10,90,9,0,7.705
fastmultrec,20,20,3.0,1,0.2,10,87.0,8.0,7.0,0.027
insider_relax,20,20,3.0,1,0.2,10,87.0,8.0,7.0,0.010
lca,20,20,3.0,1,0.2,10,90.0,9.0,0.0,0.006
segdup,20,20,3.0,1,0.2,10,50,5,0,0.718
fastmultrec,20,20,3.0,1,0.2,10,50.0,5.0,0.0,0.014
insider_relax,20,20,3.0,1,0.2,10,50.0,5.0,0.0,0.007
lca,20,20,3.0,1,0.2,10,50.0,5.0,0.0,0.005
segdup,20,20,3.0,1,0.2,10,40,4,0,1.018
fastmultrec,20,20,3.0,1,0.2,10,40.0,4.0,0.0,0.010
insider_relax,20,20,3.0,1,0.2,10,40.0,4.0,0.0,0.006
lca,20,20,3.0,1,0.2,10,40.0,4.0,0.0,0.003
segdup,20,20,3.0,1,0.2,15,150,10,0,3.775
fastmultrec,20,20,3.0,1,0.2,15,150.0,10.0,0.0,0.014
insider_relax,20,20,3.0,1,0.2,15,150.0,10.0,0.0,0.009
lca,20,20,3.0,1,0.2,15,150.0,10.0,0.0,0.005
segdup,20,20,3.0,1,0.2,15,75,5,0,1.738
fastmultrec,20,20,3.0,1,0.2,15,75.0,5.0,0.0,0.014
insider_relax,20,20,3.0,1,0.2,15,75.0,5.0,0.0,0.008
lca,20,20,3.0,1,0.2,15,75.0,5.0,0.0,0.005
segdup,20,20,3.0,1,0.2,15,45,3,0,1.853
fastmultrec,20,20,3.0,1,0.2,15,45.0,3.0,0.0,0.014
insider_relax,20,20,3.0,1,0.2,15,45.0,3.0,0.0,0.006
lca,20,20,3.0,1,0.2,15,45.0,3.0,0.0,0.004
segdup,20,20,3.0,1,0.2,15,60,4,0,1.186
fastmultrec,20,20,3.0,1,0.2,15,60.0,4.0,0.0,0.008
insider_relax,20,20,3.0,1,0.2,15,60.0,4.0,0.0,0.005
lca,20,20,3.0,1,0.2,15,60.0,4.0,0.0,0.004
segdup,20,20,3.0,1,0.2,15,75,5,0,2.588
fastmultrec,20,20,3.0,1,0.2,15,75.0,5.0,0.0,0.011
insider_relax,20,20,3.0,1,0.2,15,75.0,5.0,0.0,0.007
lca,20,20,3.0,1,0.2,15,75.0,5.0,0.0,0.004
segdup,20,20,3.0,1,0.2,15,30,2,0,1.221
fastmultrec,20,20,3.0,1,0.2,15,30.0,2.0,0.0,0.008
insider_relax,20,20,3.0,1,0.2,15,30.0,2.0,0.0,0.005
lca,20,20,3.0,1,0.2,15,30.0,2.0,0.0,0.003
segdup,20,20,3.0,1,0.2,15,105,7,0,2.905
fastmultrec,20,20,3.0,1,0.2,15,105.0,7.0,0.0,0.012
insider_relax,20,20,3.0,1,0.2,15,105.0,7.0,0.0,0.007
lca,20,20,3.0,1,0.2,15,105.0,7.0,0.0,0.005
segdup,20,20,3.0,1,0.2,15,108,7,3,5.802
fastmultrec,20,20,3.0,1,0.2,15,108.0,7.0,3.0,0.030
insider_relax,20,20,3.0,1,0.2,15,108.0,7.0,3.0,0.011
lca,20,20,3.0,1,0.2,15,120.0,8.0,0.0,0.008
segdup,20,20,3.0,1,0.2,15,90,6,0,1.959
fastmultrec,20,20,3.0,1,0.2,15,90.0,6.0,0.0,0.011
insider_relax,20,20,3.0,1,0.2,15,90.0,6.0,0.0,0.006
lca,20,20,3.0,1,0.2,15,90.0,6.0,0.0,0.004
segdup,20,20,3.0,1,0.2,15,45,3,0,1.646
fastmultrec,20,20,3.0,1,0.2,15,45.0,3.0,0.0,0.008
insider_relax,20,20,3.0,1,0.2,15,45.0,3.0,0.0,0.006
lca,20,20,3.0,1,0.2,15,45.0,3.0,0.0,0.004
segdup,20,20,3.0,1,0.2,20,160,8,0,3.096
fastmultrec,20,20,3.0,1,0.2,20,160.0,8.0,0.0,0.017
insider_relax,20,20,3.0,1,0.2,20,160.0,8.0,0.0,0.010
lca,20,20,3.0,1,0.2,20,160.0,8.0,0.0,0.006
segdup,20,20,3.0,1,0.2,20,160,8,0,3.823
fastmultrec,20,20,3.0,1,0.2,20,160.0,8.0,0.0,0.011
insider_relax,20,20,3.0,1,0.2,20,160.0,8.0,0.0,0.007
lca,20,20,3.0,1,0.2,20,160.0,8.0,0.0,0.004
segdup,20,20,3.0,1,0.2,20,66,3,6,2.609
fastmultrec,20,20,3.0,1,0.2,20,66.0,3.0,6.0,0.012
insider_relax,20,20,3.0,1,0.2,20,66.0,3.0,6.0,0.006
lca,20,20,3.0,1,0.2,20,80.0,4.0,0.0,0.003
segdup,20,20,3.0,1,0.2,20,180,9,0,2.398
fastmultrec,20,20,3.0,1,0.2,20,180.0,9.0,0.0,0.011
insider_relax,20,20,3.0,1,0.2,20,180.0,9.0,0.0,0.007
lca,20,20,3.0,1,0.2,20,180.0,9.0,0.0,0.004
segdup,20,20,3.0,1,0.2,20,160,8,0,2.422
fastmultrec,20,20,3.0,1,0.2,20,160.0,8.0,0.0,0.011
insider_relax,20,20,3.0,1,0.2,20,160.0,8.0,0.0,0.007
lca,20,20,3.0,1,0.2,20,160.0,8.0,0.0,0.004
segdup,20,20,3.0,1,0.2,20,60,3,0,1.919
fastmultrec,20,20,3.0,1,0.2,20,60.0,3.0,0.0,0.008
insider_relax,20,20,3.0,1,0.2,20,60.0,3.0,0.0,0.006
lca,20,20,3.0,1,0.2,20,60.0,3.0,0.0,0.004
segdup,20,20,3.0,1,0.2,20,180,9,0,1.218
fastmultrec,20,20,3.0,1,0.2,20,180.0,9.0,0.0,0.012
insider_relax,20,20,3.0,1,0.2,20,180.0,9.0,0.0,0.009
lca,20,20,3.0,1,0.2,20,180.0,9.0,0.0,0.004
segdup,20,20,3.0,1,0.2,20,140,7,0,5.625
fastmultrec,20,20,3.0,1,0.2,20,140.0,7.0,0.0,0.020
insider_relax,20,20,3.0,1,0.2,20,140.0,7.0,0.0,0.010
lca,20,20,3.0,1,0.2,20,140.0,7.0,0.0,0.007
segdup,20,20,3.0,1,0.2,20,60,3,0,1.316
fastmultrec,20,20,3.0,1,0.2,20,60.0,3.0,0.0,0.008
insider_relax,20,20,3.0,1,0.2,20,60.0,3.0,0.0,0.005
lca,20,20,3.0,1,0.2,20,60.0,3.0,0.0,0.005
segdup,20,20,3.0,1,0.2,20,20,1,0,1.020
fastmultrec,20,20,3.0,1,0.2,20,20.0,1.0,0.0,0.008
insider_relax,20,20,3.0,1,0.2,20,20.0,1.0,0.0,0.005
lca,20,20,3.0,1,0.2,20,20.0,1.0,0.0,0.003
segdup,20,50,3.0,1,1,25,175,7,0,71.503
fastmultrec,20,50,3.0,1,1,25,175.0,7.0,0.0,0.565
insider_relax,20,50,3.0,1,1,25,175.0,7.0,0.0,0.198
lca,20,50,3.0,1,1,25,175.0,7.0,0.0,0.111
segdup,20,50,3.0,1,1,25,100,4,0,12.691
fastmultrec,20,50,3.0,1,1,25,100.0,4.0,0.0,0.042
insider_relax,20,50,3.0,1,1,25,100.0,4.0,0.0,0.023
lca,20,50,3.0,1,1,25,100.0,4.0,0.0,0.013
segdup,20,50,3.0,1,1,25,200,8,0,62.423
fastmultrec,20,50,3.0,1,1,25,200.0,8.0,0.0,0.308
insider_relax,20,50,3.0,1,1,25,200.0,8.0,0.0,0.118
lca,20,50,3.0,1,1,25,200.0,8.0,0.0,0.060
segdup,20,50,3.0,1,1,25,200,8,0,38.535
fastmultrec,20,50,3.0,1,1,25,200.0,8.0,0.0,0.126
insider_relax,20,50,3.0,1,1,25,200.0,8.0,0.0,0.054
lca,20,50,3.0,1,1,25,200.0,8.0,0.0,0.029
segdup,20,50,3.0,1,1,25,175,7,0,25.597
fastmultrec,20,50,3.0,1,1,25,175.0,7.0,0.0,0.154
insider_relax,20,50,3.0,1,1,25,175.0,7.0,0.0,0.059
lca,20,50,3.0,1,1,25,175.0,7.0,0.0,0.030
segdup,20,50,3.0,1,1,25,275,11,0,558.911
fastmultrec,20,50,3.0,1,1,25,275.0,11.0,0.0,156.950
insider_relax,20,50,3.0,1,1,25,275.0,11.0,0.0,1.308
lca,20,50,3.0,1,1,25,275.0,11.0,0.0,7.420
segdup,20,50,3.0,1,1,25,150,6,0,41.008
fastmultrec,20,50,3.0,1,1,25,150.0,6.0,0.0,0.312
insider_relax,20,50,3.0,1,1,25,150.0,6.0,0.0,0.143
lca,20,50,3.0,1,1,25,150.0,6.0,0.0,0.072
segdup,20,50,3.0,1,1,25,200,8,0,30.722
fastmultrec,20,50,3.0,1,1,25,200.0,8.0,0.0,0.255
insider_relax,20,50,3.0,1,1,25,200.0,8.0,0.0,0.079
lca,20,50,3.0,1,1,25,200.0,8.0,0.0,0.050
segdup,20,50,3.0,1,1,25,150,6,0,112.950
fastmultrec,20,50,3.0,1,1,25,150.0,6.0,0.0,0.293
insider_relax,20,50,3.0,1,1,25,150.0,6.0,0.0,0.140
lca,20,50,3.0,1,1,25,150.0,6.0,0.0,0.071
segdup,20,50,3.0,1,1,25,275,11,0,26.736
fastmultrec,20,50,3.0,1,1,25,275.0,11.0,0.0,0.220
insider_relax,20,50,3.0,1,1,25,275.0,11.0,0.0,0.076
lca,20,50,3.0,1,1,25,275.0,11.0,0.0,0.052
segdup,20,50,3.0,1,1,5,15,3,0,11.493
fastmultrec,20,50,3.0,1,1,5,15.0,3.0,0.0,0.109
insider_relax,20,50,3.0,1,1,5,15.0,3.0,0.0,0.067
lca,20,50,3.0,1,1,5,15.0,3.0,0.0,0.027
segdup,20,50,3.0,1,1,5,35,7,0,99.571
fastmultrec,20,50,3.0,1,1,5,35.0,7.0,0.0,0.178
insider_relax,20,50,3.0,1,1,5,35.0,7.0,0.0,0.061
lca,20,50,3.0,1,1,5,35.0,7.0,0.0,0.035
segdup,20,50,3.0,1,1,5,25,5,0,13.544
fastmultrec,20,50,3.0,1,1,5,25.0,5.0,0.0,0.152
insider_relax,20,50,3.0,1,1,5,25.0,5.0,0.0,0.068
lca,20,50,3.0,1,1,5,25.0,5.0,0.0,0.031
segdup,20,50,3.0,1,1,5,40,8,0,812.307
fastmultrec,20,50,3.0,1,1,5,40.0,8.0,0.0,0.803
insider_relax,20,50,3.0,1,1,5,40.0,8.0,0.0,0.315
lca,20,50,3.0,1,1,5,40.0,8.0,0.0,0.167
segdup,20,50,3.0,1,1,5,15,3,0,8.859
fastmultrec,20,50,3.0,1,1,5,15.0,3.0,0.0,0.023
insider_relax,20,50,3.0,1,1,5,15.0,3.0,0.0,0.012
lca,20,50,3.0,1,1,5,15.0,3.0,0.0,0.007
segdup,20,50,3.0,1,1,5,35,7,0,434.520
fastmultrec,20,50,3.0,1,1,5,35.0,7.0,0.0,0.504
insider_relax,20,50,3.0,1,1,5,35.0,7.0,0.0,0.177
lca,20,50,3.0,1,1,5,35.0,7.0,0.0,0.096
segdup,20,50,3.0,1,1,5,45,9,0,59.351
fastmultrec,20,50,3.0,1,1,5,45.0,9.0,0.0,0.360
insider_relax,20,50,3.0,1,1,5,45.0,9.0,0.0,0.098
lca,20,50,3.0,1,1,5,45.0,9.0,0.0,0.062
segdup,20,50,3.0,1,1,5,15,3,0,63.554
fastmultrec,20,50,3.0,1,1,5,15.0,3.0,0.0,0.117
insider_relax,20,50,3.0,1,1,5,15.0,3.0,0.0,0.047
lca,20,50,3.0,1,1,5,15.0,3.0,0.0,0.025
segdup,20,50,3.0,1,1,5,40,8,0,55.767
fastmultrec,20,50,3.0,1,1,5,40.0,8.0,0.0,0.096
insider_relax,20,50,3.0,1,1,5,40.0,8.0,0.0,0.045
lca,20,50,3.0,1,1,5,40.0,8.0,0.0,0.026
segdup,20,50,3.0,1,1,5,30,6,0,124.398
fastmultrec,20,50,3.0,1,1,5,30.0,6.0,0.0,0.192
insider_relax,20,50,3.0,1,1,5,30.0,6.0,0.0,0.081
lca,20,50,3.0,1,1,5,30.0,6.0,0.0,0.047
segdup,20,50,3.0,1,1,10,70,7,0,26.385
fastmultrec,20,50,3.0,1,1,10,70.0,7.0,0.0,0.058
insider_relax,20,50,3.0,1,1,10,70.0,7.0,0.0,0.026
lca,20,50,3.0,1,1,10,70.0,7.0,0.0,0.014
segdup,20,50,3.0,1,1,10,90,9,0,370.845
fastmultrec,20,50,3.0,1,1,10,90.0,9.0,0.0,1.242
insider_relax,20,50,3.0,1,1,10,90.0,9.0,0.0,0.263
lca,20,50,3.0,1,1,10,90.0,9.0,0.0,0.147
segdup,20,50,3.0,1,1,10,80,8,0,301.741
fastmultrec,20,50,3.0,1,1,10,80.0,8.0,0.0,0.479
insider_relax,20,50,3.0,1,1,10,80.0,8.0,0.0,0.186
lca,20,50,3.0,1,1,10,80.0,8.0,0.0,0.105
segdup,20,50,3.0,1,1,10,30,3,0,12.877
fastmultrec,20,50,3.0,1,1,10,30.0,3.0,0.0,0.021
insider_relax,20,50,3.0,1,1,10,30.0,3.0,0.0,0.011
lca,20,50,3.0,1,1,10,30.0,3.0,0.0,0.007
segdup,20,50,3.0,1,1,10,50,5,0,3.018
fastmultrec,20,50,3.0,1,1,10,50.0,5.0,0.0,0.045
insider_relax,20,50,3.0,1,1,10,50.0,5.0,0.0,0.018
lca,20,50,3.0,1,1,10,50.0,5.0,0.0,0.011
segdup,20,50,3.0,1,1,10,50,5,0,13.911
fastmultrec,20,50,3.0,1,1,10,50.0,5.0,0.0,0.056
insider_relax,20,50,3.0,1,1,10,50.0,5.0,0.0,0.025
lca,20,50,3.0,1,1,10,50.0,5.0,0.0,0.014
segdup,20,50,3.0,1,1,10,40,4,0,13.322
fastmultrec,20,50,3.0,1,1,10,40.0,4.0,0.0,0.055
insider_relax,20,50,3.0,1,1,10,40.0,4.0,0.0,0.023
lca,20,50,3.0,1,1,10,40.0,4.0,0.0,0.013
segdup,20,50,3.0,1,1,10,40,4,0,16.079
fastmultrec,20,50,3.0,1,1,10,40.0,4.0,0.0,0.033
insider_relax,20,50,3.0,1,1,10,40.0,4.0,0.0,0.017
lca,20,50,3.0,1,1,10,40.0,4.0,0.0,0.009
segdup,20,50,3.0,1,1,10,50,5,0,87.759
fastmultrec,20,50,3.0,1,1,10,50.0,5.0,0.0,0.122
insider_relax,20,50,3.0,1,1,10,50.0,5.0,0.0,0.051
lca,20,50,3.0,1,1,10,50.0,5.0,0.0,0.036
segdup,20,50,3.0,1,1,10,70,7,0,35.525
fastmultrec,20,50,3.0,1,1,10,70.0,7.0,0.0,0.064
insider_relax,20,50,3.0,1,1,10,70.0,7.0,0.0,0.030
lca,20,50,3.0,1,1,10,70.0,7.0,0.0,0.027
segdup,20,50,3.0,1,1,15,120,8,0,150.559
fastmultrec,20,50,3.0,1,1,15,120.0,8.0,0.0,0.405
insider_relax,20,50,3.0,1,1,15,120.0,8.0,0.0,0.173
lca,20,50,3.0,1,1,15,120.0,8.0,0.0,0.102
segdup,20,50,3.0,1,1,15,120,8,0,1569.308
fastmultrec,20,50,3.0,1,1,15,120.0,8.0,0.0,1.478
insider_relax,20,50,3.0,1,1,15,120.0,8.0,0.0,0.626
lca,20,50,3.0,1,1,15,120.0,8.0,0.0,0.310
segdup,20,50,3.0,1,1,15,90,6,0,10.454
fastmultrec,20,50,3.0,1,1,15,90.0,6.0,0.0,0.051
insider_relax,20,50,3.0,1,1,15,90.0,6.0,0.0,0.024
lca,20,50,3.0,1,1,15,90.0,6.0,0.0,0.014
segdup,20,50,3.0,1,1,15,75,5,0,88.431
fastmultrec,20,50,3.0,1,1,15,75.0,5.0,0.0,0.141
insider_relax,20,50,3.0,1,1,15,75.0,5.0,0.0,0.060
lca,20,50,3.0,1,1,15,75.0,5.0,0.0,0.033
segdup,20,50,3.0,1,1,15,120,8,0,1220.288
fastmultrec,20,50,3.0,1,1,15,120.0,8.0,0.0,1.689
insider_relax,20,50,3.0,1,1,15,120.0,8.0,0.0,0.607
lca,20,50,3.0,1,1,15,120.0,8.0,0.0,0.283
segdup,20,50,3.0,1,1,15,60,4,0,66.556
fastmultrec,20,50,3.0,1,1,15,60.0,4.0,0.0,0.108
insider_relax,20,50,3.0,1,1,15,60.0,4.0,0.0,0.042
lca,20,50,3.0,1,1,15,60.0,4.0,0.0,0.022
segdup,20,50,3.0,1,1,15,210,14,0,36549.011
fastmultrec,20,50,3.0,1,1,15,210.0,14.0,0.0,12190.773
insider_relax,20,50,3.0,1,1,15,40.0,4.0,0.0,4.940
lca,20,50,3.0,1,1,15,210.0,14.0,0.0,169.031
segdup,20,50,3.0,1,1,15,150,10,0,493.114
fastmultrec,20,50,3.0,1,1,15,150.0,10.0,0.0,5.714
insider_relax,20,50,3.0,1,1,15,150.0,10.0,0.0,0.753
lca,20,50,3.0,1,1,15,150.0,10.0,0.0,0.405
segdup,20,50,3.0,1,1,15,105,7,0,191.801
fastmultrec,20,50,3.0,1,1,15,105.0,7.0,0.0,0.645
insider_relax,20,50,3.0,1,1,15,105.0,7.0,0.0,0.204
lca,20,50,3.0,1,1,15,105.0,7.0,0.0,0.099
segdup,20,50,3.0,1,1,15,135,9,0,294.685
fastmultrec,20,50,3.0,1,1,15,135.0,9.0,0.0,0.655
insider_relax,20,50,3.0,1,1,15,135.0,9.0,0.0,0.253
lca,20,50,3.0,1,1,15,135.0,9.0,0.0,0.135
segdup,20,50,3.0,1,1,20,100,5,0,2.927
fastmultrec,20,50,3.0,1,1,20,100.0,5.0,0.0,0.039
insider_relax,20,50,3.0,1,1,20,100.0,5.0,0.0,0.020
lca,20,50,3.0,1,1,20,100.0,5.0,0.0,0.011
segdup,20,50,3.0,1,1,20,120,6,0,2.905
fastmultrec,20,50,3.0,1,1,20,120.0,6.0,0.0,0.027
insider_relax,20,50,3.0,1,1,20,120.0,6.0,0.0,0.013
lca,20,50,3.0,1,1,20,120.0,6.0,0.0,0.010
segdup,20,50,3.0,1,1,20,260,13,0,3675.483
fastmultrec,20,50,3.0,1,1,20,260.0,13.0,0.0,123.802
insider_relax,20,50,3.0,1,1,20,260.0,13.0,0.0,3.859
lca,20,50,3.0,1,1,20,260.0,13.0,0.0,2.687
segdup,20,50,3.0,1,1,20,240,12,0,13.690
fastmultrec,20,50,3.0,1,1,20,240.0,12.0,0.0,0.122
insider_relax,20,50,3.0,1,1,20,240.0,12.0,0.0,0.057
lca,20,50,3.0,1,1,20,240.0,12.0,0.0,0.034
segdup,20,50,3.0,1,1,20,100,5,0,18.774
fastmultrec,20,50,3.0,1,1,20,100.0,5.0,0.0,0.049
insider_relax,20,50,3.0,1,1,20,100.0,5.0,0.0,0.024
lca,20,50,3.0,1,1,20,100.0,5.0,0.0,0.015
segdup,20,50,3.0,1,1,20,100,5,0,13.198
fastmultrec,20,50,3.0,1,1,20,100.0,5.0,0.0,0.066
insider_relax,20,50,3.0,1,1,20,100.0,5.0,0.0,0.027
lca,20,50,3.0,1,1,20,100.0,5.0,0.0,0.017
segdup,20,50,3.0,1,1,20,120,6,0,11.704
fastmultrec,20,50,3.0,1,1,20,120.0,6.0,0.0,0.088
insider_relax,20,50,3.0,1,1,20,120.0,6.0,0.0,0.030
lca,20,50,3.0,1,1,20,120.0,6.0,0.0,0.022
segdup,20,50,3.0,1,1,20,120,6,0,8.840
fastmultrec,20,50,3.0,1,1,20,120.0,6.0,0.0,0.035
insider_relax,20,50,3.0,1,1,20,120.0,6.0,0.0,0.015
lca,20,50,3.0,1,1,20,120.0,6.0,0.0,0.008
segdup,20,50,3.0,1,1,20,120,6,0,77.649
fastmultrec,20,50,3.0,1,1,20,120.0,6.0,0.0,0.410
insider_relax,20,50,3.0,1,1,20,120.0,6.0,0.0,0.162
lca,20,50,3.0,1,1,20,120.0,6.0,0.0,0.082
segdup,20,50,3.0,1,1,20,120,6,0,5.598
fastmultrec,20,50,3.0,1,1,20,120.0,6.0,0.0,0.026
insider_relax,20,50,3.0,1,1,20,120.0,6.0,0.0,0.012
lca,20,50,3.0,1,1,20,120.0,6.0,0.0,0.009
segdup,20,50,3.0,1,0.5,25,125,5,0,3.732
fastmultrec,20,50,3.0,1,0.5,25,125.0,5.0,0.0,0.027
insider_relax,20,50,3.0,1,0.5,25,125.0,5.0,0.0,0.017
lca,20,50,3.0,1,0.5,25,125.0,5.0,0.0,0.007
segdup,20,50,3.0,1,0.5,25,175,7,0,35.126
fastmultrec,20,50,3.0,1,0.5,25,175.0,7.0,0.0,0.066
insider_relax,20,50,3.0,1,0.5,25,175.0,7.0,0.0,0.031
lca,20,50,3.0,1,0.5,25,175.0,7.0,0.0,0.019
segdup,20,50,3.0,1,0.5,25,125,5,0,16.793
fastmultrec,20,50,3.0,1,0.5,25,125.0,5.0,0.0,0.066
insider_relax,20,50,3.0,1,0.5,25,125.0,5.0,0.0,0.027
lca,20,50,3.0,1,0.5,25,125.0,5.0,0.0,0.017
segdup,20,50,3.0,1,0.5,25,275,11,0,39.962
fastmultrec,20,50,3.0,1,0.5,25,275.0,11.0,0.0,0.125
insider_relax,20,50,3.0,1,0.5,25,275.0,11.0,0.0,0.054
lca,20,50,3.0,1,0.5,25,275.0,11.0,0.0,0.027
segdup,20,50,3.0,1,0.5,25,150,6,0,13.815
fastmultrec,20,50,3.0,1,0.5,25,150.0,6.0,0.0,0.131
insider_relax,20,50,3.0,1,0.5,25,150.0,6.0,0.0,0.065
lca,20,50,3.0,1,0.5,25,150.0,6.0,0.0,0.031
segdup,20,50,3.0,1,0.5,25,125,5,0,12.665
fastmultrec,20,50,3.0,1,0.5,25,125.0,5.0,0.0,0.122
insider_relax,20,50,3.0,1,0.5,25,125.0,5.0,0.0,0.065
lca,20,50,3.0,1,0.5,25,125.0,5.0,0.0,0.029
segdup,20,50,3.0,1,0.5,25,175,7,0,17.600
fastmultrec,20,50,3.0,1,0.5,25,175.0,7.0,0.0,0.046
insider_relax,20,50,3.0,1,0.5,25,175.0,7.0,0.0,0.019
lca,20,50,3.0,1,0.5,25,175.0,7.0,0.0,0.012
segdup,20,50,3.0,1,0.5,25,100,4,0,6.731
fastmultrec,20,50,3.0,1,0.5,25,100.0,4.0,0.0,0.020
insider_relax,20,50,3.0,1,0.5,25,100.0,4.0,0.0,0.011
lca,20,50,3.0,1,0.5,25,100.0,4.0,0.0,0.006
segdup,20,50,3.0,1,0.5,25,50,2,0,4.817
fastmultrec,20,50,3.0,1,0.5,25,50.0,2.0,0.0,0.024
insider_relax,20,50,3.0,1,0.5,25,50.0,2.0,0.0,0.011
lca,20,50,3.0,1,0.5,25,50.0,2.0,0.0,0.006
segdup,20,50,3.0,1,0.5,25,225,9,0,14.510
fastmultrec,20,50,3.0,1,0.5,25,225.0,9.0,0.0,0.041
insider_relax,20,50,3.0,1,0.5,25,225.0,9.0,0.0,0.021
lca,20,50,3.0,1,0.5,25,225.0,9.0,0.0,0.013
segdup,20,50,3.0,1,0.5,5,10,2,0,8.295
fastmultrec,20,50,3.0,1,0.5,5,10.0,2.0,0.0,0.024
insider_relax,20,50,3.0,1,0.5,5,10.0,2.0,0.0,0.012
lca,20,50,3.0,1,0.5,5,10.0,2.0,0.0,0.007
segdup,20,50,3.0,1,0.5,5,50,10,0,15.014
fastmultrec,20,50,3.0,1,0.5,5,50.0,10.0,0.0,0.033
insider_relax,20,50,3.0,1,0.5,5,50.0,10.0,0.0,0.019
lca,20,50,3.0,1,0.5,5,50.0,10.0,0.0,0.010
segdup,20,50,3.0,1,0.5,5,30,6,0,11.758
fastmultrec,20,50,3.0,1,0.5,5,30.0,6.0,0.0,0.057
insider_relax,20,50,3.0,1,0.5,5,30.0,6.0,0.0,0.025
lca,20,50,3.0,1,0.5,5,30.0,6.0,0.0,0.012
segdup,20,50,3.0,1,0.5,5,40,8,0,22.573
fastmultrec,20,50,3.0,1,0.5,5,40.0,8.0,0.0,0.072
insider_relax,20,50,3.0,1,0.5,5,40.0,8.0,0.0,0.029
lca,20,50,3.0,1,0.5,5,40.0,8.0,0.0,0.017
segdup,20,50,3.0,1,0.5,5,35,7,0,50.908
fastmultrec,20,50,3.0,1,0.5,5,35.0,7.0,0.0,0.161
insider_relax,20,50,3.0,1,0.5,5,35.0,7.0,0.0,0.060
lca,20,50,3.0,1,0.5,5,35.0,7.0,0.0,0.033
segdup,20,50,3.0,1,0.5,5,25,5,0,3.838
fastmultrec,20,50,3.0,1,0.5,5,25.0,5.0,0.0,0.044
insider_relax,20,50,3.0,1,0.5,5,25.0,5.0,0.0,0.020
lca,20,50,3.0,1,0.5,5,25.0,5.0,0.0,0.012
segdup,20,50,3.0,1,0.5,5,35,7,0,94.262
fastmultrec,20,50,3.0,1,0.5,5,35.0,7.0,0.0,0.098
insider_relax,20,50,3.0,1,0.5,5,35.0,7.0,0.0,0.052
lca,20,50,3.0,1,0.5,5,35.0,7.0,0.0,0.027
segdup,20,50,3.0,1,0.5,5,40,8,0,19.757
fastmultrec,20,50,3.0,1,0.5,5,40.0,8.0,0.0,0.055
insider_relax,20,50,3.0,1,0.5,5,40.0,8.0,0.0,0.026
lca,20,50,3.0,1,0.5,5,40.0,8.0,0.0,0.015
segdup,20,50,3.0,1,0.5,5,45,9,0,128.893
fastmultrec,20,50,3.0,1,0.5,5,45.0,9.0,0.0,0.190
insider_relax,20,50,3.0,1,0.5,5,45.0,9.0,0.0,0.072
lca,20,50,3.0,1,0.5,5,45.0,9.0,0.0,0.044
segdup,20,50,3.0,1,0.5,5,45,9,0,333.383
fastmultrec,20,50,3.0,1,0.5,5,45.0,9.0,0.0,0.345
insider_relax,20,50,3.0,1,0.5,5,45.0,9.0,0.0,0.174
lca,20,50,3.0,1,0.5,5,45.0,9.0,0.0,0.088
segdup,20,50,3.0,1,0.5,10,70,7,0,17.710
fastmultrec,20,50,3.0,1,0.5,10,70.0,7.0,0.0,0.053
insider_relax,20,50,3.0,1,0.5,10,70.0,7.0,0.0,0.025
lca,20,50,3.0,1,0.5,10,70.0,7.0,0.0,0.013
segdup,20,50,3.0,1,0.5,10,100,10,0,142.963
fastmultrec,20,50,3.0,1,0.5,10,100.0,10.0,0.0,0.175
insider_relax,20,50,3.0,1,0.5,10,100.0,10.0,0.0,0.080
lca,20,50,3.0,1,0.5,10,100.0,10.0,0.0,0.048
segdup,20,50,3.0,1,0.5,10,80,8,0,74.854
fastmultrec,20,50,3.0,1,0.5,10,80.0,8.0,0.0,0.134
insider_relax,20,50,3.0,1,0.5,10,80.0,8.0,0.0,0.052
lca,20,50,3.0,1,0.5,10,80.0,8.0,0.0,0.028
segdup,20,50,3.0,1,0.5,10,40,4,0,11.823
fastmultrec,20,50,3.0,1,0.5,10,40.0,4.0,0.0,0.026
insider_relax,20,50,3.0,1,0.5,10,40.0,4.0,0.0,0.012
lca,20,50,3.0,1,0.5,10,40.0,4.0,0.0,0.008
segdup,20,50,3.0,1,0.5,10,40,4,0,13.066
fastmultrec,20,50,3.0,1,0.5,10,40.0,4.0,0.0,0.035
insider_relax,20,50,3.0,1,0.5,10,40.0,4.0,0.0,0.015
lca,20,50,3.0,1,0.5,10,40.0,4.0,0.0,0.008
segdup,20,50,3.0,1,0.5,10,60,6,0,11.389
fastmultrec,20,50,3.0,1,0.5,10,60.0,6.0,0.0,0.028
insider_relax,20,50,3.0,1,0.5,10,60.0,6.0,0.0,0.014
lca,20,50,3.0,1,0.5,10,60.0,6.0,0.0,0.007
segdup,20,50,3.0,1,0.5,10,70,7,0,18.844
fastmultrec,20,50,3.0,1,0.5,10,70.0,7.0,0.0,0.048
insider_relax,20,50,3.0,1,0.5,10,70.0,7.0,0.0,0.021
lca,20,50,3.0,1,0.5,10,70.0,7.0,0.0,0.015
segdup,20,50,3.0,1,0.5,10,70,7,0,40.531
fastmultrec,20,50,3.0,1,0.5,10,70.0,7.0,0.0,0.099
insider_relax,20,50,3.0,1,0.5,10,70.0,7.0,0.0,0.059
lca,20,50,3.0,1,0.5,10,70.0,7.0,0.0,0.028
segdup,20,50,3.0,1,0.5,10,50,5,0,37.563
fastmultrec,20,50,3.0,1,0.5,10,50.0,5.0,0.0,0.091
insider_relax,20,50,3.0,1,0.5,10,50.0,5.0,0.0,0.040
lca,20,50,3.0,1,0.5,10,50.0,5.0,0.0,0.020
segdup,20,50,3.0,1,0.5,10,60,6,0,14.055
fastmultrec,20,50,3.0,1,0.5,10,60.0,6.0,0.0,0.033
insider_relax,20,50,3.0,1,0.5,10,60.0,6.0,0.0,0.017
lca,20,50,3.0,1,0.5,10,60.0,6.0,0.0,0.010
segdup,20,50,3.0,1,0.5,15,105,7,0,7.733
fastmultrec,20,50,3.0,1,0.5,15,105.0,7.0,0.0,0.030
insider_relax,20,50,3.0,1,0.5,15,105.0,7.0,0.0,0.016
lca,20,50,3.0,1,0.5,15,105.0,7.0,0.0,0.009
segdup,20,50,3.0,1,0.5,15,135,9,0,7.232
fastmultrec,20,50,3.0,1,0.5,15,135.0,9.0,0.0,0.041
insider_relax,20,50,3.0,1,0.5,15,135.0,9.0,0.0,0.015
lca,20,50,3.0,1,0.5,15,135.0,9.0,0.0,0.009
segdup,20,50,3.0,1,0.5,15,60,4,0,15.084
fastmultrec,20,50,3.0,1,0.5,15,60.0,4.0,0.0,0.059
insider_relax,20,50,3.0,1,0.5,15,60.0,4.0,0.0,0.027
lca,20,50,3.0,1,0.5,15,60.0,4.0,0.0,0.014
segdup,20,50,3.0,1,0.5,15,60,4,0,3.094
fastmultrec,20,50,3.0,1,0.5,15,60.0,4.0,0.0,0.035
insider_relax,20,50,3.0,1,0.5,15,60.0,4.0,0.0,0.019
lca,20,50,3.0,1,0.5,15,60.0,4.0,0.0,0.010
segdup,20,50,3.0,1,0.5,15,75,5,0,42.152
fastmultrec,20,50,3.0,1,0.5,15,75.0,5.0,0.0,0.061
insider_relax,20,50,3.0,1,0.5,15,75.0,5.0,0.0,0.031
lca,20,50,3.0,1,0.5,15,75.0,5.0,0.0,0.016
segdup,20,50,3.0,1,0.5,15,210,14,0,215.563
fastmultrec,20,50,3.0,1,0.5,15,210.0,14.0,0.0,0.622
insider_relax,20,50,3.0,1,0.5,15,210.0,14.0,0.0,0.129
lca,20,50,3.0,1,0.5,15,210.0,14.0,0.0,0.118
segdup,20,50,3.0,1,0.5,15,75,5,0,19.411
fastmultrec,20,50,3.0,1,0.5,15,75.0,5.0,0.0,0.036
insider_relax,20,50,3.0,1,0.5,15,75.0,5.0,0.0,0.020
lca,20,50,3.0,1,0.5,15,75.0,5.0,0.0,0.011
segdup,20,50,3.0,1,0.5,15,45,3,0,9.254
fastmultrec,20,50,3.0,1,0.5,15,45.0,3.0,0.0,0.028
insider_relax,20,50,3.0,1,0.5,15,45.0,3.0,0.0,0.015
lca,20,50,3.0,1,0.5,15,45.0,3.0,0.0,0.007
segdup,20,50,3.0,1,0.5,15,165,11,0,13.036
fastmultrec,20,50,3.0,1,0.5,15,165.0,11.0,0.0,0.032
insider_relax,20,50,3.0,1,0.5,15,165.0,11.0,0.0,0.016
lca,20,50,3.0,1,0.5,15,165.0,11.0,0.0,0.010
segdup,20,50,3.0,1,0.5,15,60,4,0,13.005
fastmultrec,20,50,3.0,1,0.5,15,60.0,4.0,0.0,0.035
insider_relax,20,50,3.0,1,0.5,15,60.0,4.0,0.0,0.020
lca,20,50,3.0,1,0.5,15,60.0,4.0,0.0,0.009
segdup,20,50,3.0,1,0.5,20,160,8,0,11.720
fastmultrec,20,50,3.0,1,0.5,20,160.0,8.0,0.0,0.042
insider_relax,20,50,3.0,1,0.5,20,160.0,8.0,0.0,0.023
lca,20,50,3.0,1,0.5,20,160.0,8.0,0.0,0.011
segdup,20,50,3.0,1,0.5,20,80,4,0,11.716
fastmultrec,20,50,3.0,1,0.5,20,80.0,4.0,0.0,0.027
insider_relax,20,50,3.0,1,0.5,20,80.0,4.0,0.0,0.016
lca,20,50,3.0,1,0.5,20,80.0,4.0,0.0,0.008
segdup,20,50,3.0,1,0.5,20,160,8,0,12.084
fastmultrec,20,50,3.0,1,0.5,20,160.0,8.0,0.0,0.045
insider_relax,20,50,3.0,1,0.5,20,160.0,8.0,0.0,0.020
lca,20,50,3.0,1,0.5,20,160.0,8.0,0.0,0.011
segdup,20,50,3.0,1,0.5,20,160,8,0,74.538
fastmultrec,20,50,3.0,1,0.5,20,160.0,8.0,0.0,0.095
insider_relax,20,50,3.0,1,0.5,20,160.0,8.0,0.0,0.060
lca,20,50,3.0,1,0.5,20,160.0,8.0,0.0,0.026
segdup,20,50,3.0,1,0.5,20,100,5,0,8.965
fastmultrec,20,50,3.0,1,0.5,20,100.0,5.0,0.0,0.030
insider_relax,20,50,3.0,1,0.5,20,100.0,5.0,0.0,0.016
lca,20,50,3.0,1,0.5,20,100.0,5.0,0.0,0.008
segdup,20,50,3.0,1,0.5,20,60,3,0,9.162
fastmultrec,20,50,3.0,1,0.5,20,60.0,3.0,0.0,0.022
insider_relax,20,50,3.0,1,0.5,20,60.0,3.0,0.0,0.011
lca,20,50,3.0,1,0.5,20,60.0,3.0,0.0,0.006
segdup,20,50,3.0,1,0.5,20,140,7,0,31.477
fastmultrec,20,50,3.0,1,0.5,20,140.0,7.0,0.0,0.089
insider_relax,20,50,3.0,1,0.5,20,140.0,7.0,0.0,0.048
lca,20,50,3.0,1,0.5,20,140.0,7.0,0.0,0.026
segdup,20,50,3.0,1,0.5,20,120,6,0,6.744
fastmultrec,20,50,3.0,1,0.5,20,120.0,6.0,0.0,0.070
insider_relax,20,50,3.0,1,0.5,20,120.0,6.0,0.0,0.030
lca,20,50,3.0,1,0.5,20,120.0,6.0,0.0,0.018
segdup,20,50,3.0,1,0.5,20,180,9,0,21.658
fastmultrec,20,50,3.0,1,0.5,20,180.0,9.0,0.0,0.048
insider_relax,20,50,3.0,1,0.5,20,180.0,9.0,0.0,0.024
lca,20,50,3.0,1,0.5,20,180.0,9.0,0.0,0.015
segdup,20,50,3.0,1,0.5,20,60,3,0,19.532
fastmultrec,20,50,3.0,1,0.5,20,60.0,3.0,0.0,0.050
insider_relax,20,50,3.0,1,0.5,20,60.0,3.0,0.0,0.020
lca,20,50,3.0,1,0.5,20,60.0,3.0,0.0,0.011
segdup,20,50,3.0,1,0.8,25,200,8,0,9.763
fastmultrec,20,50,3.0,1,0.8,25,200.0,8.0,0.0,0.051
insider_relax,20,50,3.0,1,0.8,25,200.0,8.0,0.0,0.021
lca,20,50,3.0,1,0.8,25,200.0,8.0,0.0,0.014
segdup,20,50,3.0,1,0.8,25,325,13,0,446.995
fastmultrec,20,50,3.0,1,0.8,25,325.0,13.0,0.0,0.986
insider_relax,20,50,3.0,1,0.8,25,325.0,13.0,0.0,0.345
lca,20,50,3.0,1,0.8,25,325.0,13.0,0.0,0.199
segdup,20,50,3.0,1,0.8,25,75,3,0,8.456
fastmultrec,20,50,3.0,1,0.8,25,75.0,3.0,0.0,0.061
insider_relax,20,50,3.0,1,0.8,25,75.0,3.0,0.0,0.024
lca,20,50,3.0,1,0.8,25,75.0,3.0,0.0,0.014
segdup,20,50,3.0,1,0.8,25,75,3,0,9.194
fastmultrec,20,50,3.0,1,0.8,25,75.0,3.0,0.0,0.086
insider_relax,20,50,3.0,1,0.8,25,75.0,3.0,0.0,0.042
lca,20,50,3.0,1,0.8,25,75.0,3.0,0.0,0.024
segdup,20,50,3.0,1,0.8,25,50,2,0,8.081
fastmultrec,20,50,3.0,1,0.8,25,50.0,2.0,0.0,0.021
insider_relax,20,50,3.0,1,0.8,25,50.0,2.0,0.0,0.012
lca,20,50,3.0,1,0.8,25,50.0,2.0,0.0,0.007
segdup,20,50,3.0,1,0.8,25,100,4,0,15.149
fastmultrec,20,50,3.0,1,0.8,25,100.0,4.0,0.0,0.058
insider_relax,20,50,3.0,1,0.8,25,100.0,4.0,0.0,0.022
lca,20,50,3.0,1,0.8,25,100.0,4.0,0.0,0.011
segdup,20,50,3.0,1,0.8,25,50,2,0,10.236
fastmultrec,20,50,3.0,1,0.8,25,50.0,2.0,0.0,0.034
insider_relax,20,50,3.0,1,0.8,25,50.0,2.0,0.0,0.021
lca,20,50,3.0,1,0.8,25,50.0,2.0,0.0,0.012
segdup,20,50,3.0,1,0.8,25,125,5,0,43.391
fastmultrec,20,50,3.0,1,0.8,25,125.0,5.0,0.0,0.079
insider_relax,20,50,3.0,1,0.8,25,125.0,5.0,0.0,0.042
lca,20,50,3.0,1,0.8,25,125.0,5.0,0.0,0.020
segdup,20,50,3.0,1,0.8,25,125,5,0,15.797
fastmultrec,20,50,3.0,1,0.8,25,125.0,5.0,0.0,0.042
insider_relax,20,50,3.0,1,0.8,25,125.0,5.0,0.0,0.024
lca,20,50,3.0,1,0.8,25,125.0,5.0,0.0,0.018
segdup,20,50,3.0,1,0.8,25,250,10,0,103.288
fastmultrec,20,50,3.0,1,0.8,25,250.0,10.0,0.0,0.312
insider_relax,20,50,3.0,1,0.8,25,250.0,10.0,0.0,0.138
lca,20,50,3.0,1,0.8,25,250.0,10.0,0.0,0.068
segdup,20,50,3.0,1,0.8,5,45,9,0,140.071
fastmultrec,20,50,3.0,1,0.8,5,45.0,9.0,0.0,0.183
insider_relax,20,50,3.0,1,0.8,5,45.0,9.0,0.0,0.072
lca,20,50,3.0,1,0.8,5,45.0,9.0,0.0,0.059
segdup,20,50,3.0,1,0.8,5,45,9,0,110.512
fastmultrec,20,50,3.0,1,0.8,5,45.0,9.0,0.0,0.231
insider_relax,20,50,3.0,1,0.8,5,45.0,9.0,0.0,0.072
lca,20,50,3.0,1,0.8,5,45.0,9.0,0.0,0.045
segdup,20,50,3.0,1,0.8,5,50,10,0,256.238
fastmultrec,20,50,3.0,1,0.8,5,50.0,10.0,0.0,0.525
insider_relax,20,50,3.0,1,0.8,5,50.0,10.0,0.0,0.186
lca,20,50,3.0,1,0.8,5,50.0,10.0,0.0,0.105
segdup,20,50,3.0,1,0.8,5,30,6,0,35.676
fastmultrec,20,50,3.0,1,0.8,5,30.0,6.0,0.0,0.048
insider_relax,20,50,3.0,1,0.8,5,30.0,6.0,0.0,0.028
lca,20,50,3.0,1,0.8,5,30.0,6.0,0.0,0.015
segdup,20,50,3.0,1,0.8,5,25,5,0,10.621
fastmultrec,20,50,3.0,1,0.8,5,25.0,5.0,0.0,0.026
insider_relax,20,50,3.0,1,0.8,5,25.0,5.0,0.0,0.016
lca,20,50,3.0,1,0.8,5,25.0,5.0,0.0,0.009
segdup,20,50,3.0,1,0.8,5,40,8,0,196.761
fastmultrec,20,50,3.0,1,0.8,5,40.0,8.0,0.0,0.294
insider_relax,20,50,3.0,1,0.8,5,40.0,8.0,0.0,0.111
lca,20,50,3.0,1,0.8,5,40.0,8.0,0.0,0.058
segdup,20,50,3.0,1,0.8,5,25,5,0,53.257
fastmultrec,20,50,3.0,1,0.8,5,25.0,5.0,0.0,0.108
insider_relax,20,50,3.0,1,0.8,5,25.0,5.0,0.0,0.039
lca,20,50,3.0,1,0.8,5,25.0,5.0,0.0,0.019
segdup,20,50,3.0,1,0.8,5,25,5,0,144.523
fastmultrec,20,50,3.0,1,0.8,5,25.0,5.0,0.0,0.185
insider_relax,20,50,3.0,1,0.8,5,25.0,5.0,0.0,0.082
lca,20,50,3.0,1,0.8,5,25.0,5.0,0.0,0.048
segdup,20,50,3.0,1,0.8,5,55,11,0,24.056
fastmultrec,20,50,3.0,1,0.8,5,55.0,11.0,0.0,0.866
insider_relax,20,50,3.0,1,0.8,5,55.0,11.0,0.0,0.142
lca,20,50,3.0,1,0.8,5,55.0,11.0,0.0,0.199
segdup,20,50,3.0,1,0.8,5,45,9,0,442.766
fastmultrec,20,50,3.0,1,0.8,5,45.0,9.0,0.0,0.483
insider_relax,20,50,3.0,1,0.8,5,45.0,9.0,0.0,0.217
lca,20,50,3.0,1,0.8,5,45.0,9.0,0.0,0.105
segdup,20,50,3.0,1,0.8,10,60,6,0,34.281
fastmultrec,20,50,3.0,1,0.8,10,60.0,6.0,0.0,0.067
insider_relax,20,50,3.0,1,0.8,10,60.0,6.0,0.0,0.027
lca,20,50,3.0,1,0.8,10,60.0,6.0,0.0,0.017
segdup,20,50,3.0,1,0.8,10,60,6,0,36.461
fastmultrec,20,50,3.0,1,0.8,10,60.0,6.0,0.0,0.046
insider_relax,20,50,3.0,1,0.8,10,60.0,6.0,0.0,0.024
lca,20,50,3.0,1,0.8,10,60.0,6.0,0.0,0.015
segdup,20,50,3.0,1,0.8,10,130,13,0,1525.867
fastmultrec,20,50,3.0,1,0.8,10,130.0,13.0,0.0,1.759
insider_relax,20,50,3.0,1,0.8,10,130.0,13.0,0.0,0.622
lca,20,50,3.0,1,0.8,10,130.0,13.0,0.0,0.301
segdup,20,50,3.0,1,0.8,10,90,9,0,434.750
fastmultrec,20,50,3.0,1,0.8,10,90.0,9.0,0.0,0.420
insider_relax,20,50,3.0,1,0.8,10,90.0,9.0,0.0,0.203
lca,20,50,3.0,1,0.8,10,90.0,9.0,0.0,0.113
segdup,20,50,3.0,1,0.8,10,60,6,0,111.102
fastmultrec,20,50,3.0,1,0.8,10,60.0,6.0,0.0,0.154
insider_relax,20,50,3.0,1,0.8,10,60.0,6.0,0.0,0.056
lca,20,50,3.0,1,0.8,10,60.0,6.0,0.0,0.031
segdup,20,50,3.0,1,0.8,10,60,6,0,24.245
fastmultrec,20,50,3.0,1,0.8,10,60.0,6.0,0.0,0.051
insider_relax,20,50,3.0,1,0.8,10,60.0,6.0,0.0,0.019
lca,20,50,3.0,1,0.8,10,60.0,6.0,0.0,0.012
segdup,20,50,3.0,1,0.8,10,60,6,0,14.747
fastmultrec,20,50,3.0,1,0.8,10,60.0,6.0,0.0,0.034
insider_relax,20,50,3.0,1,0.8,10,60.0,6.0,0.0,0.017
lca,20,50,3.0,1,0.8,10,60.0,6.0,0.0,0.011
segdup,20,50,3.0,1,0.8,10,60,6,0,53.972
fastmultrec,20,50,3.0,1,0.8,10,60.0,6.0,0.0,0.298
insider_relax,20,50,3.0,1,0.8,10,60.0,6.0,0.0,0.112
lca,20,50,3.0,1,0.8,10,60.0,6.0,0.0,0.061
segdup,20,50,3.0,1,0.8,10,100,10,0,352.089
fastmultrec,20,50,3.0,1,0.8,10,100.0,10.0,0.0,0.769
insider_relax,20,50,3.0,1,0.8,10,100.0,10.0,0.0,0.254
lca,20,50,3.0,1,0.8,10,100.0,10.0,0.0,0.130
segdup,20,50,3.0,1,0.8,10,40,4,0,16.646
fastmultrec,20,50,3.0,1,0.8,10,40.0,4.0,0.0,0.064
insider_relax,20,50,3.0,1,0.8,10,40.0,4.0,0.0,0.024
lca,20,50,3.0,1,0.8,10,40.0,4.0,0.0,0.015
segdup,20,50,3.0,1,0.8,15,135,9,0,111.333
fastmultrec,20,50,3.0,1,0.8,15,135.0,9.0,0.0,0.248
insider_relax,20,50,3.0,1,0.8,15,135.0,9.0,0.0,0.107
lca,20,50,3.0,1,0.8,15,135.0,9.0,0.0,0.056
segdup,20,50,3.0,1,0.8,15,120,8,0,90.284
fastmultrec,20,50,3.0,1,0.8,15,120.0,8.0,0.0,0.187
insider_relax,20,50,3.0,1,0.8,15,120.0,8.0,0.0,0.064
lca,20,50,3.0,1,0.8,15,120.0,8.0,0.0,0.037
segdup,20,50,3.0,1,0.8,15,60,4,0,19.649
fastmultrec,20,50,3.0,1,0.8,15,60.0,4.0,0.0,0.072
insider_relax,20,50,3.0,1,0.8,15,60.0,4.0,0.0,0.030
lca,20,50,3.0,1,0.8,15,60.0,4.0,0.0,0.020
segdup,20,50,3.0,1,0.8,15,75,5,0,15.863
fastmultrec,20,50,3.0,1,0.8,15,75.0,5.0,0.0,0.036
insider_relax,20,50,3.0,1,0.8,15,75.0,5.0,0.0,0.016
lca,20,50,3.0,1,0.8,15,75.0,5.0,0.0,0.009
segdup,20,50,3.0,1,0.8,15,90,6,0,31.005
fastmultrec,20,50,3.0,1,0.8,15,90.0,6.0,0.0,0.069
insider_relax,20,50,3.0,1,0.8,15,90.0,6.0,0.0,0.024
lca,20,50,3.0,1,0.8,15,90.0,6.0,0.0,0.017
segdup,20,50,3.0,1,0.8,15,105,7,0,106.546
fastmultrec,20,50,3.0,1,0.8,15,105.0,7.0,0.0,0.423
insider_relax,20,50,3.0,1,0.8,15,105.0,7.0,0.0,0.098
lca,20,50,3.0,1,0.8,15,105.0,7.0,0.0,0.060
segdup,20,50,3.0,1,0.8,15,120,8,0,43.469
fastmultrec,20,50,3.0,1,0.8,15,120.0,8.0,0.0,0.105
insider_relax,20,50,3.0,1,0.8,15,120.0,8.0,0.0,0.048
lca,20,50,3.0,1,0.8,15,120.0,8.0,0.0,0.025
segdup,20,50,3.0,1,0.8,15,90,6,0,41.256
fastmultrec,20,50,3.0,1,0.8,15,90.0,6.0,0.0,0.148
insider_relax,20,50,3.0,1,0.8,15,90.0,6.0,0.0,0.051
lca,20,50,3.0,1,0.8,15,90.0,6.0,0.0,0.029
segdup,20,50,3.0,1,0.8,15,60,4,0,5.280
fastmultrec,20,50,3.0,1,0.8,15,60.0,4.0,0.0,0.057
insider_relax,20,50,3.0,1,0.8,15,60.0,4.0,0.0,0.025
lca,20,50,3.0,1,0.8,15,60.0,4.0,0.0,0.016
segdup,20,50,3.0,1,0.8,15,45,3,0,5.180
fastmultrec,20,50,3.0,1,0.8,15,45.0,3.0,0.0,0.061
insider_relax,20,50,3.0,1,0.8,15,45.0,3.0,0.0,0.025
lca,20,50,3.0,1,0.8,15,45.0,3.0,0.0,0.015
segdup,20,50,3.0,1,0.8,20,180,9,0,119.662
fastmultrec,20,50,3.0,1,0.8,20,180.0,9.0,0.0,0.405
insider_relax,20,50,3.0,1,0.8,20,180.0,9.0,0.0,0.111
lca,20,50,3.0,1,0.8,20,180.0,9.0,0.0,0.064
segdup,20,50,3.0,1,0.8,20,100,5,0,21.044
fastmultrec,20,50,3.0,1,0.8,20,100.0,5.0,0.0,0.045
insider_relax,20,50,3.0,1,0.8,20,100.0,5.0,0.0,0.022
lca,20,50,3.0,1,0.8,20,100.0,5.0,0.0,0.014
segdup,20,50,3.0,1,0.8,20,120,6,0,27.261
fastmultrec,20,50,3.0,1,0.8,20,120.0,6.0,0.0,0.170
insider_relax,20,50,3.0,1,0.8,20,120.0,6.0,0.0,0.073
lca,20,50,3.0,1,0.8,20,120.0,6.0,0.0,0.038
segdup,20,50,3.0,1,0.8,20,180,9,0,2060.224
fastmultrec,20,50,3.0,1,0.8,20,180.0,9.0,0.0,3.342
insider_relax,20,50,3.0,1,0.8,20,180.0,9.0,0.0,1.152
lca,20,50,3.0,1,0.8,20,180.0,9.0,0.0,0.479
segdup,20,50,3.0,1,0.8,20,80,4,0,33.888
fastmultrec,20,50,3.0,1,0.8,20,80.0,4.0,0.0,0.105
insider_relax,20,50,3.0,1,0.8,20,80.0,4.0,0.0,0.040
lca,20,50,3.0,1,0.8,20,80.0,4.0,0.0,0.022
segdup,20,50,3.0,1,0.8,20,100,5,0,12.586
fastmultrec,20,50,3.0,1,0.8,20,100.0,5.0,0.0,0.038
insider_relax,20,50,3.0,1,0.8,20,100.0,5.0,0.0,0.018
lca,20,50,3.0,1,0.8,20,100.0,5.0,0.0,0.010
segdup,20,50,3.0,1,0.8,20,140,7,0,111.509
fastmultrec,20,50,3.0,1,0.8,20,140.0,7.0,0.0,0.234
insider_relax,20,50,3.0,1,0.8,20,140.0,7.0,0.0,0.097
lca,20,50,3.0,1,0.8,20,140.0,7.0,0.0,0.056
segdup,20,50,3.0,1,0.8,20,80,4,0,4.259
fastmultrec,20,50,3.0,1,0.8,20,80.0,4.0,0.0,0.038
insider_relax,20,50,3.0,1,0.8,20,80.0,4.0,0.0,0.021
lca,20,50,3.0,1,0.8,20,80.0,4.0,0.0,0.010
segdup,20,50,3.0,1,0.8,20,200,10,0,18.960
fastmultrec,20,50,3.0,1,0.8,20,200.0,10.0,0.0,0.173
insider_relax,20,50,3.0,1,0.8,20,200.0,10.0,0.0,0.067
lca,20,50,3.0,1,0.8,20,200.0,10.0,0.0,0.039
segdup,20,50,3.0,1,0.8,20,180,9,0,32.017
fastmultrec,20,50,3.0,1,0.8,20,180.0,9.0,0.0,0.074
insider_relax,20,50,3.0,1,0.8,20,180.0,9.0,0.0,0.036
lca,20,50,3.0,1,0.8,20,180.0,9.0,0.0,0.022
segdup,20,50,3.0,1,0.2,25,150,6,0,4.235
fastmultrec,20,50,3.0,1,0.2,25,150.0,6.0,0.0,0.017
insider_relax,20,50,3.0,1,0.2,25,150.0,6.0,0.0,0.011
lca,20,50,3.0,1,0.2,25,150.0,6.0,0.0,0.006
segdup,20,50,3.0,1,0.2,25,125,5,0,14.280
fastmultrec,20,50,3.0,1,0.2,25,125.0,5.0,0.0,0.040
insider_relax,20,50,3.0,1,0.2,25,125.0,5.0,0.0,0.020
lca,20,50,3.0,1,0.2,25,125.0,5.0,0.0,0.011
segdup,20,50,3.0,1,0.2,25,150,6,0,4.638
fastmultrec,20,50,3.0,1,0.2,25,150.0,6.0,0.0,0.019
insider_relax,20,50,3.0,1,0.2,25,150.0,6.0,0.0,0.011
lca,20,50,3.0,1,0.2,25,150.0,6.0,0.0,0.006
segdup,20,50,3.0,1,0.2,25,225,9,0,6.337
fastmultrec,20,50,3.0,1,0.2,25,225.0,9.0,0.0,0.061
insider_relax,20,50,3.0,1,0.2,25,225.0,9.0,0.0,0.031
lca,20,50,3.0,1,0.2,25,225.0,9.0,0.0,0.016
segdup,20,50,3.0,1,0.2,25,300,12,0,11.165
fastmultrec,20,50,3.0,1,0.2,25,300.0,12.0,0.0,0.030
insider_relax,20,50,3.0,1,0.2,25,300.0,12.0,0.0,0.018
lca,20,50,3.0,1,0.2,25,300.0,12.0,0.0,0.008
segdup,20,50,3.0,1,0.2,25,125,5,0,11.526
fastmultrec,20,50,3.0,1,0.2,25,125.0,5.0,0.0,0.028
insider_relax,20,50,3.0,1,0.2,25,125.0,5.0,0.0,0.016
lca,20,50,3.0,1,0.2,25,125.0,5.0,0.0,0.007
segdup,20,50,3.0,1,0.2,25,150,6,0,9.629
fastmultrec,20,50,3.0,1,0.2,25,150.0,6.0,0.0,0.032
insider_relax,20,50,3.0,1,0.2,25,150.0,6.0,0.0,0.017
lca,20,50,3.0,1,0.2,25,150.0,6.0,0.0,0.007
segdup,20,50,3.0,1,0.2,25,125,5,0,7.470
fastmultrec,20,50,3.0,1,0.2,25,125.0,5.0,0.0,0.019
insider_relax,20,50,3.0,1,0.2,25,125.0,5.0,0.0,0.012
lca,20,50,3.0,1,0.2,25,125.0,5.0,0.0,0.006
segdup,20,50,3.0,1,0.2,25,175,7,0,14.655
fastmultrec,20,50,3.0,1,0.2,25,175.0,7.0,0.0,0.037
insider_relax,20,50,3.0,1,0.2,25,175.0,7.0,0.0,0.018
lca,20,50,3.0,1,0.2,25,175.0,7.0,0.0,0.011
segdup,20,50,3.0,1,0.2,25,100,4,0,8.041
fastmultrec,20,50,3.0,1,0.2,25,100.0,4.0,0.0,0.022
insider_relax,20,50,3.0,1,0.2,25,100.0,4.0,0.0,0.014
lca,20,50,3.0,1,0.2,25,100.0,4.0,0.0,0.008
segdup,20,50,3.0,1,0.2,5,25,5,0,14.443
fastmultrec,20,50,3.0,1,0.2,5,25.0,5.0,0.0,0.025
insider_relax,20,50,3.0,1,0.2,5,25.0,5.0,0.0,0.014
lca,20,50,3.0,1,0.2,5,25.0,5.0,0.0,0.007
segdup,20,50,3.0,1,0.2,5,10,2,0,1.594
fastmultrec,20,50,3.0,1,0.2,5,10.0,2.0,0.0,0.024
insider_relax,20,50,3.0,1,0.2,5,10.0,2.0,0.0,0.013
lca,20,50,3.0,1,0.2,5,10.0,2.0,0.0,0.007
segdup,20,50,3.0,1,0.2,5,50,10,0,11.588
fastmultrec,20,50,3.0,1,0.2,5,50.0,10.0,0.0,0.035
insider_relax,20,50,3.0,1,0.2,5,50.0,10.0,0.0,0.017
lca,20,50,3.0,1,0.2,5,50.0,10.0,0.0,0.010
segdup,20,50,3.0,1,0.2,5,30,6,0,3.862
fastmultrec,20,50,3.0,1,0.2,5,30.0,6.0,0.0,0.019
insider_relax,20,50,3.0,1,0.2,5,30.0,6.0,0.0,0.009
lca,20,50,3.0,1,0.2,5,30.0,6.0,0.0,0.007
segdup,20,50,3.0,1,0.2,5,45,9,0,9.454
fastmultrec,20,50,3.0,1,0.2,5,45.0,9.0,0.0,0.025
insider_relax,20,50,3.0,1,0.2,5,45.0,9.0,0.0,0.012
lca,20,50,3.0,1,0.2,5,45.0,9.0,0.0,0.007
segdup,20,50,3.0,1,0.2,5,40,8,0,11.019
fastmultrec,20,50,3.0,1,0.2,5,40.0,8.0,0.0,0.027
insider_relax,20,50,3.0,1,0.2,5,40.0,8.0,0.0,0.016
lca,20,50,3.0,1,0.2,5,40.0,8.0,0.0,0.008
segdup,20,50,3.0,1,0.2,5,40,8,0,8.607
fastmultrec,20,50,3.0,1,0.2,5,40.0,8.0,0.0,0.022
insider_relax,20,50,3.0,1,0.2,5,40.0,8.0,0.0,0.012
lca,20,50,3.0,1,0.2,5,40.0,8.0,0.0,0.007
segdup,20,50,3.0,1,0.2,5,25,5,0,11.926
fastmultrec,20,50,3.0,1,0.2,5,25.0,5.0,0.0,0.036
insider_relax,20,50,3.0,1,0.2,5,25.0,5.0,0.0,0.016
lca,20,50,3.0,1,0.2,5,25.0,5.0,0.0,0.009
segdup,20,50,3.0,1,0.2,5,30,6,0,7.160
fastmultrec,20,50,3.0,1,0.2,5,30.0,6.0,0.0,0.023
insider_relax,20,50,3.0,1,0.2,5,30.0,6.0,0.0,0.011
lca,20,50,3.0,1,0.2,5,30.0,6.0,0.0,0.006
segdup,20,50,3.0,1,0.2,5,20,4,0,11.699
fastmultrec,20,50,3.0,1,0.2,5,20.0,4.0,0.0,0.018
insider_relax,20,50,3.0,1,0.2,5,20.0,4.0,0.0,0.009
lca,20,50,3.0,1,0.2,5,20.0,4.0,0.0,0.007
segdup,20,50,3.0,1,0.2,10,60,6,0,12.501
fastmultrec,20,50,3.0,1,0.2,10,60.0,6.0,0.0,0.032
insider_relax,20,50,3.0,1,0.2,10,60.0,6.0,0.0,0.015
lca,20,50,3.0,1,0.2,10,60.0,6.0,0.0,0.008
segdup,20,50,3.0,1,0.2,10,90,9,0,15.752
fastmultrec,20,50,3.0,1,0.2,10,90.0,9.0,0.0,0.037
insider_relax,20,50,3.0,1,0.2,10,90.0,9.0,0.0,0.019
lca,20,50,3.0,1,0.2,10,90.0,9.0,0.0,0.010
segdup,20,50,3.0,1,0.2,10,50,5,0,7.890
fastmultrec,20,50,3.0,1,0.2,10,50.0,5.0,0.0,0.023
insider_relax,20,50,3.0,1,0.2,10,50.0,5.0,0.0,0.011
lca,20,50,3.0,1,0.2,10,50.0,5.0,0.0,0.007
segdup,20,50,3.0,1,0.2,10,60,6,0,3.636
fastmultrec,20,50,3.0,1,0.2,10,60.0,6.0,0.0,0.022
insider_relax,20,50,3.0,1,0.2,10,60.0,6.0,0.0,0.011
lca,20,50,3.0,1,0.2,10,60.0,6.0,0.0,0.008
segdup,20,50,3.0,1,0.2,10,60,6,0,9.351
fastmultrec,20,50,3.0,1,0.2,10,60.0,6.0,0.0,0.034
insider_relax,20,50,3.0,1,0.2,10,60.0,6.0,0.0,0.015
lca,20,50,3.0,1,0.2,10,60.0,6.0,0.0,0.007
segdup,20,50,3.0,1,0.2,10,50,5,0,8.858
fastmultrec,20,50,3.0,1,0.2,10,50.0,5.0,0.0,0.018
insider_relax,20,50,3.0,1,0.2,10,50.0,5.0,0.0,0.010
lca,20,50,3.0,1,0.2,10,50.0,5.0,0.0,0.006
segdup,20,50,3.0,1,0.2,10,43,4,3,14.821
fastmultrec,20,50,3.0,1,0.2,10,43.0,4.0,3.0,0.048
insider_relax,20,50,3.0,1,0.2,10,43.0,4.0,3.0,0.016
lca,20,50,3.0,1,0.2,10,50.0,5.0,0.0,0.008
segdup,20,50,3.0,1,0.2,10,60,6,0,10.208
fastmultrec,20,50,3.0,1,0.2,10,60.0,6.0,0.0,0.026
insider_relax,20,50,3.0,1,0.2,10,60.0,6.0,0.0,0.013
lca,20,50,3.0,1,0.2,10,60.0,6.0,0.0,0.007
segdup,20,50,3.0,1,0.2,10,50,5,0,10.343
fastmultrec,20,50,3.0,1,0.2,10,50.0,5.0,0.0,0.032
insider_relax,20,50,3.0,1,0.2,10,50.0,5.0,0.0,0.014
lca,20,50,3.0,1,0.2,10,50.0,5.0,0.0,0.009
segdup,20,50,3.0,1,0.2,10,50,5,0,7.577
fastmultrec,20,50,3.0,1,0.2,10,50.0,5.0,0.0,0.018
insider_relax,20,50,3.0,1,0.2,10,50.0,5.0,0.0,0.009
lca,20,50,3.0,1,0.2,10,50.0,5.0,0.0,0.007
segdup,20,50,3.0,1,0.2,15,105,7,0,2.621
fastmultrec,20,50,3.0,1,0.2,15,105.0,7.0,0.0,0.017
insider_relax,20,50,3.0,1,0.2,15,105.0,7.0,0.0,0.010
lca,20,50,3.0,1,0.2,15,105.0,7.0,0.0,0.008
segdup,20,50,3.0,1,0.2,15,120,8,0,9.219
fastmultrec,20,50,3.0,1,0.2,15,120.0,8.0,0.0,0.035
insider_relax,20,50,3.0,1,0.2,15,120.0,8.0,0.0,0.016
lca,20,50,3.0,1,0.2,15,120.0,8.0,0.0,0.008
segdup,20,50,3.0,1,0.2,15,120,8,0,10.810
fastmultrec,20,50,3.0,1,0.2,15,120.0,8.0,0.0,0.024
insider_relax,20,50,3.0,1,0.2,15,120.0,8.0,0.0,0.014
lca,20,50,3.0,1,0.2,15,120.0,8.0,0.0,0.007
segdup,20,50,3.0,1,0.2,15,105,7,0,3.473
fastmultrec,20,50,3.0,1,0.2,15,105.0,7.0,0.0,0.020
insider_relax,20,50,3.0,1,0.2,15,105.0,7.0,0.0,0.012
lca,20,50,3.0,1,0.2,15,105.0,7.0,0.0,0.008
segdup,20,50,3.0,1,0.2,15,195,13,0,22.122
fastmultrec,20,50,3.0,1,0.2,15,186.0,12.0,6.0,0.082
insider_relax,20,50,3.0,1,0.2,15,186.0,12.0,6.0,0.024
lca,20,50,3.0,1,0.2,15,195.0,13.0,0.0,0.013
segdup,20,50,3.0,1,0.2,15,75,5,0,7.684
fastmultrec,20,50,3.0,1,0.2,15,75.0,5.0,0.0,0.022
insider_relax,20,50,3.0,1,0.2,15,75.0,5.0,0.0,0.012
lca,20,50,3.0,1,0.2,15,75.0,5.0,0.0,0.006
segdup,20,50,3.0,1,0.2,15,120,8,0,17.052
fastmultrec,20,50,3.0,1,0.2,15,120.0,8.0,0.0,0.040
insider_relax,20,50,3.0,1,0.2,15,120.0,8.0,0.0,0.020
lca,20,50,3.0,1,0.2,15,120.0,8.0,0.0,0.013
segdup,20,50,3.0,1,0.2,15,105,7,0,8.410
fastmultrec,20,50,3.0,1,0.2,15,105.0,7.0,0.0,0.034
insider_relax,20,50,3.0,1,0.2,15,105.0,7.0,0.0,0.016
lca,20,50,3.0,1,0.2,15,105.0,7.0,0.0,0.008
segdup,20,50,3.0,1,0.2,15,105,7,0,10.772
fastmultrec,20,50,3.0,1,0.2,15,105.0,7.0,0.0,0.036
insider_relax,20,50,3.0,1,0.2,15,105.0,7.0,0.0,0.020
lca,20,50,3.0,1,0.2,15,105.0,7.0,0.0,0.010
segdup,20,50,3.0,1,0.2,15,120,8,0,13.515
fastmultrec,20,50,3.0,1,0.2,15,120.0,8.0,0.0,0.024
insider_relax,20,50,3.0,1,0.2,15,120.0,8.0,0.0,0.013
lca,20,50,3.0,1,0.2,15,120.0,8.0,0.0,0.009
segdup,20,50,3.0,1,0.2,20,240,12,0,61.463
fastmultrec,20,50,3.0,1,0.2,20,240.0,12.0,0.0,0.097
insider_relax,20,50,3.0,1,0.2,20,240.0,12.0,0.0,0.047
lca,20,50,3.0,1,0.2,20,240.0,12.0,0.0,0.025
segdup,20,50,3.0,1,0.2,20,180,9,0,16.024
fastmultrec,20,50,3.0,1,0.2,20,180.0,9.0,0.0,0.044
insider_relax,20,50,3.0,1,0.2,20,180.0,9.0,0.0,0.024
lca,20,50,3.0,1,0.2,20,180.0,9.0,0.0,0.011
segdup,20,50,3.0,1,0.2,20,60,3,0,5.733
fastmultrec,20,50,3.0,1,0.2,20,60.0,3.0,0.0,0.023
insider_relax,20,50,3.0,1,0.2,20,60.0,3.0,0.0,0.013
lca,20,50,3.0,1,0.2,20,60.0,3.0,0.0,0.008
segdup,20,50,3.0,1,0.2,20,60,3,0,8.804
fastmultrec,20,50,3.0,1,0.2,20,60.0,3.0,0.0,0.025
insider_relax,20,50,3.0,1,0.2,20,60.0,3.0,0.0,0.012
lca,20,50,3.0,1,0.2,20,60.0,3.0,0.0,0.008
segdup,20,50,3.0,1,0.2,20,140,7,0,15.455
fastmultrec,20,50,3.0,1,0.2,20,140.0,7.0,0.0,0.042
insider_relax,20,50,3.0,1,0.2,20,140.0,7.0,0.0,0.023
lca,20,50,3.0,1,0.2,20,140.0,7.0,0.0,0.012
segdup,20,50,3.0,1,0.2,20,160,8,0,4.976
fastmultrec,20,50,3.0,1,0.2,20,160.0,8.0,0.0,0.025
insider_relax,20,50,3.0,1,0.2,20,160.0,8.0,0.0,0.014
lca,20,50,3.0,1,0.2,20,160.0,8.0,0.0,0.008
segdup,20,50,3.0,1,0.2,20,100,5,0,10.824
fastmultrec,20,50,3.0,1,0.2,20,100.0,5.0,0.0,0.032
insider_relax,20,50,3.0,1,0.2,20,100.0,5.0,0.0,0.017
lca,20,50,3.0,1,0.2,20,100.0,5.0,0.0,0.008
segdup,20,50,3.0,1,0.2,20,100,5,0,7.714
fastmultrec,20,50,3.0,1,0.2,20,100.0,5.0,0.0,0.035
insider_relax,20,50,3.0,1,0.2,20,100.0,5.0,0.0,0.017
lca,20,50,3.0,1,0.2,20,100.0,5.0,0.0,0.009
segdup,20,50,3.0,1,0.2,20,120,6,0,19.195
fastmultrec,20,50,3.0,1,0.2,20,120.0,6.0,0.0,0.045
insider_relax,20,50,3.0,1,0.2,20,120.0,6.0,0.0,0.023
lca,20,50,3.0,1,0.2,20,120.0,6.0,0.0,0.010
segdup,20,50,3.0,1,0.2,20,100,5,0,10.813
fastmultrec,20,50,3.0,1,0.2,20,100.0,5.0,0.0,0.030
insider_relax,20,50,3.0,1,0.2,20,100.0,5.0,0.0,0.017
lca,20,50,3.0,1,0.2,20,100.0,5.0,0.0,0.009
segdup,20,50,1.0,1,1,25,50,2,0,4.266
fastmultrec,20,50,1.0,1,1,25,50.0,2.0,0.0,0.014
insider_relax,20,50,1.0,1,1,25,50.0,2.0,0.0,0.008
lca,20,50,1.0,1,1,25,50.0,2.0,0.0,0.005
segdup,20,50,1.0,1,1,25,25,1,0,3.980
fastmultrec,20,50,1.0,1,1,25,25.0,1.0,0.0,0.016
insider_relax,20,50,1.0,1,1,25,25.0,1.0,0.0,0.007
lca,20,50,1.0,1,1,25,25.0,1.0,0.0,0.005
segdup,20,50,1.0,1,1,25,100,4,0,63.669
fastmultrec,20,50,1.0,1,1,25,100.0,4.0,0.0,0.176
insider_relax,20,50,1.0,1,1,25,100.0,4.0,0.0,0.070
lca,20,50,1.0,1,1,25,100.0,4.0,0.0,0.037
segdup,20,50,1.0,1,1,25,100,4,0,9.122
fastmultrec,20,50,1.0,1,1,25,100.0,4.0,0.0,0.039
insider_relax,20,50,1.0,1,1,25,100.0,4.0,0.0,0.018
lca,20,50,1.0,1,1,25,100.0,4.0,0.0,0.010
segdup,20,50,1.0,1,1,25,50,2,0,1.717
fastmultrec,20,50,1.0,1,1,25,50.0,2.0,0.0,0.017
insider_relax,20,50,1.0,1,1,25,50.0,2.0,0.0,0.009
lca,20,50,1.0,1,1,25,50.0,2.0,0.0,0.006
segdup,20,50,1.0,1,1,25,50,2,0,10.168
fastmultrec,20,50,1.0,1,1,25,50.0,2.0,0.0,0.032
insider_relax,20,50,1.0,1,1,25,50.0,2.0,0.0,0.015
lca,20,50,1.0,1,1,25,50.0,2.0,0.0,0.008
segdup,20,50,1.0,1,1,25,75,3,0,2.581
fastmultrec,20,50,1.0,1,1,25,75.0,3.0,0.0,0.033
insider_relax,20,50,1.0,1,1,25,75.0,3.0,0.0,0.014
lca,20,50,1.0,1,1,25,75.0,3.0,0.0,0.012
segdup,20,50,1.0,1,1,25,100,4,0,12.984
fastmultrec,20,50,1.0,1,1,25,100.0,4.0,0.0,0.124
insider_relax,20,50,1.0,1,1,25,100.0,4.0,0.0,0.060
lca,20,50,1.0,1,1,25,100.0,4.0,0.0,0.034
segdup,20,50,1.0,1,1,25,100,4,0,6.752
fastmultrec,20,50,1.0,1,1,25,100.0,4.0,0.0,0.042
insider_relax,20,50,1.0,1,1,25,100.0,4.0,0.0,0.019
lca,20,50,1.0,1,1,25,100.0,4.0,0.0,0.013
segdup,20,50,1.0,1,1,25,50,2,0,7.433
fastmultrec,20,50,1.0,1,1,25,50.0,2.0,0.0,0.021
insider_relax,20,50,1.0,1,1,25,50.0,2.0,0.0,0.011
lca,20,50,1.0,1,1,25,50.0,2.0,0.0,0.006
segdup,20,50,1.0,1,1,5,10,2,0,12.639
fastmultrec,20,50,1.0,1,1,5,10.0,2.0,0.0,0.021
insider_relax,20,50,1.0,1,1,5,10.0,2.0,0.0,0.011
lca,20,50,1.0,1,1,5,10.0,2.0,0.0,0.006
segdup,20,50,1.0,1,1,5,30,6,0,20.331
fastmultrec,20,50,1.0,1,1,5,30.0,6.0,0.0,0.055
insider_relax,20,50,1.0,1,1,5,30.0,6.0,0.0,0.023
lca,20,50,1.0,1,1,5,30.0,6.0,0.0,0.013
segdup,20,50,1.0,1,1,5,10,2,0,1.403
fastmultrec,20,50,1.0,1,1,5,10.0,2.0,0.0,0.021
insider_relax,20,50,1.0,1,1,5,10.0,2.0,0.0,0.009
lca,20,50,1.0,1,1,5,10.0,2.0,0.0,0.006
segdup,20,50,1.0,1,1,5,15,3,0,2.706
fastmultrec,20,50,1.0,1,1,5,15.0,3.0,0.0,0.025
insider_relax,20,50,1.0,1,1,5,15.0,3.0,0.0,0.016
lca,20,50,1.0,1,1,5,15.0,3.0,0.0,0.009
segdup,20,50,1.0,1,1,5,5,1,0,9.619
fastmultrec,20,50,1.0,1,1,5,5.0,1.0,0.0,0.018
insider_relax,20,50,1.0,1,1,5,5.0,1.0,0.0,0.009
lca,20,50,1.0,1,1,5,5.0,1.0,0.0,0.006
segdup,20,50,1.0,1,1,5,15,3,0,32.690
fastmultrec,20,50,1.0,1,1,5,15.0,3.0,0.0,0.065
insider_relax,20,50,1.0,1,1,5,15.0,3.0,0.0,0.027
lca,20,50,1.0,1,1,5,15.0,3.0,0.0,0.015
segdup,20,50,1.0,1,1,5,30,6,0,72.280
fastmultrec,20,50,1.0,1,1,5,30.0,6.0,0.0,0.084
insider_relax,20,50,1.0,1,1,5,30.0,6.0,0.0,0.044
lca,20,50,1.0,1,1,5,30.0,6.0,0.0,0.026
segdup,20,50,1.0,1,1,5,10,2,0,8.548
fastmultrec,20,50,1.0,1,1,5,10.0,2.0,0.0,0.019
insider_relax,20,50,1.0,1,1,5,10.0,2.0,0.0,0.008
lca,20,50,1.0,1,1,5,10.0,2.0,0.0,0.006
segdup,20,50,1.0,1,1,5,5,1,0,8.172
fastmultrec,20,50,1.0,1,1,5,5.0,1.0,0.0,0.021
insider_relax,20,50,1.0,1,1,5,5.0,1.0,0.0,0.009
lca,20,50,1.0,1,1,5,5.0,1.0,0.0,0.006
segdup,20,50,1.0,1,1,5,10,2,0,8.584
fastmultrec,20,50,1.0,1,1,5,10.0,2.0,0.0,0.020
insider_relax,20,50,1.0,1,1,5,10.0,2.0,0.0,0.010
lca,20,50,1.0,1,1,5,10.0,2.0,0.0,0.006
segdup,20,50,1.0,1,1,10,30,3,0,16.037
fastmultrec,20,50,1.0,1,1,10,30.0,3.0,0.0,0.029
insider_relax,20,50,1.0,1,1,10,30.0,3.0,0.0,0.015
lca,20,50,1.0,1,1,10,30.0,3.0,0.0,0.008
segdup,20,50,1.0,1,1,10,20,2,0,7.206
fastmultrec,20,50,1.0,1,1,10,20.0,2.0,0.0,0.020
insider_relax,20,50,1.0,1,1,10,20.0,2.0,0.0,0.009
lca,20,50,1.0,1,1,10,20.0,2.0,0.0,0.006
segdup,20,50,1.0,1,1,10,0,0,0,0.017
fastmultrec,20,50,1.0,1,1,10,0.0,0.0,0.0,0.020
insider_relax,20,50,1.0,1,1,10,0.0,0.0,0.0,0.007
lca,20,50,1.0,1,1,10,0.0,0.0,0.0,0.005
segdup,20,50,1.0,1,1,10,20,2,0,19.814
fastmultrec,20,50,1.0,1,1,10,20.0,2.0,0.0,0.029
insider_relax,20,50,1.0,1,1,10,20.0,2.0,0.0,0.013
lca,20,50,1.0,1,1,10,20.0,2.0,0.0,0.010
segdup,20,50,1.0,1,1,10,20,2,0,7.598
fastmultrec,20,50,1.0,1,1,10,20.0,2.0,0.0,0.021
insider_relax,20,50,1.0,1,1,10,20.0,2.0,0.0,0.010
lca,20,50,1.0,1,1,10,20.0,2.0,0.0,0.006
segdup,20,50,1.0,1,1,10,0,0,0,0.019
fastmultrec,20,50,1.0,1,1,10,0.0,0.0,0.0,0.015
insider_relax,20,50,1.0,1,1,10,0.0,0.0,0.0,0.007
lca,20,50,1.0,1,1,10,0.0,0.0,0.0,0.006
segdup,20,50,1.0,1,1,10,30,3,0,18.795
fastmultrec,20,50,1.0,1,1,10,30.0,3.0,0.0,0.027
insider_relax,20,50,1.0,1,1,10,30.0,3.0,0.0,0.015
lca,20,50,1.0,1,1,10,30.0,3.0,0.0,0.009
segdup,20,50,1.0,1,1,10,10,1,0,7.765
fastmultrec,20,50,1.0,1,1,10,10.0,1.0,0.0,0.016
insider_relax,20,50,1.0,1,1,10,10.0,1.0,0.0,0.008
lca,20,50,1.0,1,1,10,10.0,1.0,0.0,0.005
segdup,20,50,1.0,1,1,10,20,2,0,9.308
fastmultrec,20,50,1.0,1,1,10,20.0,2.0,0.0,0.015
insider_relax,20,50,1.0,1,1,10,20.0,2.0,0.0,0.008
lca,20,50,1.0,1,1,10,20.0,2.0,0.0,0.005
segdup,20,50,1.0,1,1,10,30,3,0,19.911
fastmultrec,20,50,1.0,1,1,10,30.0,3.0,0.0,0.043
insider_relax,20,50,1.0,1,1,10,30.0,3.0,0.0,0.016
lca,20,50,1.0,1,1,10,30.0,3.0,0.0,0.010
segdup,20,50,1.0,1,1,15,15,1,0,7.883
fastmultrec,20,50,1.0,1,1,15,15.0,1.0,0.0,0.020
insider_relax,20,50,1.0,1,1,15,15.0,1.0,0.0,0.008
lca,20,50,1.0,1,1,15,15.0,1.0,0.0,0.005
segdup,20,50,1.0,1,1,15,0,0,0,0.018
fastmultrec,20,50,1.0,1,1,15,0.0,0.0,0.0,0.015
insider_relax,20,50,1.0,1,1,15,0.0,0.0,0.0,0.007
lca,20,50,1.0,1,1,15,0.0,0.0,0.0,0.005
segdup,20,50,1.0,1,1,15,75,5,0,5.198
fastmultrec,20,50,1.0,1,1,15,75.0,5.0,0.0,0.026
insider_relax,20,50,1.0,1,1,15,75.0,5.0,0.0,0.013
lca,20,50,1.0,1,1,15,75.0,5.0,0.0,0.008
segdup,20,50,1.0,1,1,15,75,5,0,8.906
fastmultrec,20,50,1.0,1,1,15,75.0,5.0,0.0,0.029
insider_relax,20,50,1.0,1,1,15,75.0,5.0,0.0,0.015
lca,20,50,1.0,1,1,15,75.0,5.0,0.0,0.009
segdup,20,50,1.0,1,1,15,15,1,0,1.902
fastmultrec,20,50,1.0,1,1,15,15.0,1.0,0.0,0.027
insider_relax,20,50,1.0,1,1,15,15.0,1.0,0.0,0.013
lca,20,50,1.0,1,1,15,15.0,1.0,0.0,0.010
segdup,20,50,1.0,1,1,15,45,3,0,14.442
fastmultrec,20,50,1.0,1,1,15,45.0,3.0,0.0,0.035
insider_relax,20,50,1.0,1,1,15,45.0,3.0,0.0,0.018
lca,20,50,1.0,1,1,15,45.0,3.0,0.0,0.009
segdup,20,50,1.0,1,1,15,30,2,0,7.771
fastmultrec,20,50,1.0,1,1,15,30.0,2.0,0.0,0.017
insider_relax,20,50,1.0,1,1,15,30.0,2.0,0.0,0.008
lca,20,50,1.0,1,1,15,30.0,2.0,0.0,0.006
segdup,20,50,1.0,1,1,15,30,2,0,4.629
fastmultrec,20,50,1.0,1,1,15,30.0,2.0,0.0,0.056
insider_relax,20,50,1.0,1,1,15,30.0,2.0,0.0,0.025
lca,20,50,1.0,1,1,15,30.0,2.0,0.0,0.016
segdup,20,50,1.0,1,1,15,30,2,0,6.057
fastmultrec,20,50,1.0,1,1,15,30.0,2.0,0.0,0.038
insider_relax,20,50,1.0,1,1,15,30.0,2.0,0.0,0.014
lca,20,50,1.0,1,1,15,30.0,2.0,0.0,0.009
segdup,20,50,1.0,1,1,15,15,1,0,1.890
fastmultrec,20,50,1.0,1,1,15,15.0,1.0,0.0,0.025
insider_relax,20,50,1.0,1,1,15,15.0,1.0,0.0,0.015
lca,20,50,1.0,1,1,15,15.0,1.0,0.0,0.008
segdup,20,50,1.0,1,1,20,20,1,0,0.816
fastmultrec,20,50,1.0,1,1,20,20.0,1.0,0.0,0.015
insider_relax,20,50,1.0,1,1,20,20.0,1.0,0.0,0.008
lca,20,50,1.0,1,1,20,20.0,1.0,0.0,0.005
segdup,20,50,1.0,1,1,20,100,5,0,9.665
fastmultrec,20,50,1.0,1,1,20,100.0,5.0,0.0,0.049
insider_relax,20,50,1.0,1,1,20,100.0,5.0,0.0,0.020
lca,20,50,1.0,1,1,20,100.0,5.0,0.0,0.010
segdup,20,50,1.0,1,1,20,60,3,0,10.636
fastmultrec,20,50,1.0,1,1,20,60.0,3.0,0.0,0.039
insider_relax,20,50,1.0,1,1,20,60.0,3.0,0.0,0.023
lca,20,50,1.0,1,1,20,60.0,3.0,0.0,0.010
segdup,20,50,1.0,1,1,20,80,4,0,23.310
fastmultrec,20,50,1.0,1,1,20,80.0,4.0,0.0,0.076
insider_relax,20,50,1.0,1,1,20,80.0,4.0,0.0,0.036
lca,20,50,1.0,1,1,20,80.0,4.0,0.0,0.024
segdup,20,50,1.0,1,1,20,40,2,0,4.530
fastmultrec,20,50,1.0,1,1,20,40.0,2.0,0.0,0.061
insider_relax,20,50,1.0,1,1,20,40.0,2.0,0.0,0.026
lca,20,50,1.0,1,1,20,40.0,2.0,0.0,0.017
segdup,20,50,1.0,1,1,20,100,5,0,10.235
fastmultrec,20,50,1.0,1,1,20,100.0,5.0,0.0,0.094
insider_relax,20,50,1.0,1,1,20,100.0,5.0,0.0,0.037
lca,20,50,1.0,1,1,20,100.0,5.0,0.0,0.021
segdup,20,50,1.0,1,1,20,0,0,0,0.016
fastmultrec,20,50,1.0,1,1,20,0.0,0.0,0.0,0.019
insider_relax,20,50,1.0,1,1,20,0.0,0.0,0.0,0.008
lca,20,50,1.0,1,1,20,0.0,0.0,0.0,0.005
segdup,20,50,1.0,1,1,20,20,1,0,4.204
fastmultrec,20,50,1.0,1,1,20,20.0,1.0,0.0,0.016
insider_relax,20,50,1.0,1,1,20,20.0,1.0,0.0,0.008
lca,20,50,1.0,1,1,20,20.0,1.0,0.0,0.005
segdup,20,50,1.0,1,1,20,60,3,0,17.143
fastmultrec,20,50,1.0,1,1,20,60.0,3.0,0.0,0.053
insider_relax,20,50,1.0,1,1,20,60.0,3.0,0.0,0.020
lca,20,50,1.0,1,1,20,60.0,3.0,0.0,0.014
segdup,20,50,1.0,1,1,20,60,3,0,5.560
fastmultrec,20,50,1.0,1,1,20,60.0,3.0,0.0,0.024
insider_relax,20,50,1.0,1,1,20,60.0,3.0,0.0,0.012
lca,20,50,1.0,1,1,20,60.0,3.0,0.0,0.007
segdup,20,50,1.0,1,0.5,25,25,1,0,1.654
fastmultrec,20,50,1.0,1,0.5,25,25.0,1.0,0.0,0.020
insider_relax,20,50,1.0,1,0.5,25,25.0,1.0,0.0,0.011
lca,20,50,1.0,1,0.5,25,25.0,1.0,0.0,0.006
segdup,20,50,1.0,1,0.5,25,25,1,0,5.316
fastmultrec,20,50,1.0,1,0.5,25,25.0,1.0,0.0,0.017
insider_relax,20,50,1.0,1,0.5,25,25.0,1.0,0.0,0.009
lca,20,50,1.0,1,0.5,25,25.0,1.0,0.0,0.006
segdup,20,50,1.0,1,0.5,25,75,3,0,2.968
fastmultrec,20,50,1.0,1,0.5,25,75.0,3.0,0.0,0.028
insider_relax,20,50,1.0,1,0.5,25,75.0,3.0,0.0,0.013
lca,20,50,1.0,1,0.5,25,75.0,3.0,0.0,0.007
segdup,20,50,1.0,1,0.5,25,100,4,0,4.664
fastmultrec,20,50,1.0,1,0.5,25,100.0,4.0,0.0,0.050
insider_relax,20,50,1.0,1,0.5,25,100.0,4.0,0.0,0.024
lca,20,50,1.0,1,0.5,25,100.0,4.0,0.0,0.012
segdup,20,50,1.0,1,0.5,25,50,2,0,6.619
fastmultrec,20,50,1.0,1,0.5,25,50.0,2.0,0.0,0.025
insider_relax,20,50,1.0,1,0.5,25,50.0,2.0,0.0,0.011
lca,20,50,1.0,1,0.5,25,50.0,2.0,0.0,0.007
segdup,20,50,1.0,1,0.5,25,0,0,0,0.017
fastmultrec,20,50,1.0,1,0.5,25,0.0,0.0,0.0,0.014
insider_relax,20,50,1.0,1,0.5,25,0.0,0.0,0.0,0.007
lca,20,50,1.0,1,0.5,25,0.0,0.0,0.0,0.005
segdup,20,50,1.0,1,0.5,25,75,3,0,1.594
fastmultrec,20,50,1.0,1,0.5,25,75.0,3.0,0.0,0.019
insider_relax,20,50,1.0,1,0.5,25,75.0,3.0,0.0,0.010
lca,20,50,1.0,1,0.5,25,75.0,3.0,0.0,0.006
segdup,20,50,1.0,1,0.5,25,25,1,0,3.488
fastmultrec,20,50,1.0,1,0.5,25,25.0,1.0,0.0,0.022
insider_relax,20,50,1.0,1,0.5,25,25.0,1.0,0.0,0.008
lca,20,50,1.0,1,0.5,25,25.0,1.0,0.0,0.005
segdup,20,50,1.0,1,0.5,25,25,1,0,1.085
fastmultrec,20,50,1.0,1,0.5,25,25.0,1.0,0.0,0.021
insider_relax,20,50,1.0,1,0.5,25,25.0,1.0,0.0,0.009
lca,20,50,1.0,1,0.5,25,25.0,1.0,0.0,0.007
segdup,20,50,1.0,1,0.5,25,25,1,0,1.412
fastmultrec,20,50,1.0,1,0.5,25,25.0,1.0,0.0,0.023
insider_relax,20,50,1.0,1,0.5,25,25.0,1.0,0.0,0.011
lca,20,50,1.0,1,0.5,25,25.0,1.0,0.0,0.007
segdup,20,50,1.0,1,0.5,5,10,2,0,12.052
fastmultrec,20,50,1.0,1,0.5,5,10.0,2.0,0.0,0.019
insider_relax,20,50,1.0,1,0.5,5,10.0,2.0,0.0,0.010
lca,20,50,1.0,1,0.5,5,10.0,2.0,0.0,0.006
segdup,20,50,1.0,1,0.5,5,5,1,0,9.196
fastmultrec,20,50,1.0,1,0.5,5,5.0,1.0,0.0,0.020
insider_relax,20,50,1.0,1,0.5,5,5.0,1.0,0.0,0.009
lca,20,50,1.0,1,0.5,5,5.0,1.0,0.0,0.006
segdup,20,50,1.0,1,0.5,5,0,0,0,0.017
fastmultrec,20,50,1.0,1,0.5,5,0.0,0.0,0.0,0.014
insider_relax,20,50,1.0,1,0.5,5,0.0,0.0,0.0,0.007
lca,20,50,1.0,1,0.5,5,0.0,0.0,0.0,0.005
segdup,20,50,1.0,1,0.5,5,5,1,0,0.872
fastmultrec,20,50,1.0,1,0.5,5,5.0,1.0,0.0,0.015
insider_relax,20,50,1.0,1,0.5,5,5.0,1.0,0.0,0.008
lca,20,50,1.0,1,0.5,5,5.0,1.0,0.0,0.005
segdup,20,50,1.0,1,0.5,5,10,2,0,11.529
fastmultrec,20,50,1.0,1,0.5,5,10.0,2.0,0.0,0.020
insider_relax,20,50,1.0,1,0.5,5,10.0,2.0,0.0,0.009
lca,20,50,1.0,1,0.5,5,10.0,2.0,0.0,0.006
segdup,20,50,1.0,1,0.5,5,10,2,0,1.606
fastmultrec,20,50,1.0,1,0.5,5,10.0,2.0,0.0,0.020
insider_relax,20,50,1.0,1,0.5,5,10.0,2.0,0.0,0.011
lca,20,50,1.0,1,0.5,5,10.0,2.0,0.0,0.006
segdup,20,50,1.0,1,0.5,5,15,3,0,9.683
fastmultrec,20,50,1.0,1,0.5,5,15.0,3.0,0.0,0.025
insider_relax,20,50,1.0,1,0.5,5,15.0,3.0,0.0,0.014
lca,20,50,1.0,1,0.5,5,15.0,3.0,0.0,0.008
segdup,20,50,1.0,1,0.5,5,20,4,0,6.274
fastmultrec,20,50,1.0,1,0.5,5,20.0,4.0,0.0,0.017
insider_relax,20,50,1.0,1,0.5,5,20.0,4.0,0.0,0.008
lca,20,50,1.0,1,0.5,5,20.0,4.0,0.0,0.008
segdup,20,50,1.0,1,0.5,5,0,0,0,0.019
fastmultrec,20,50,1.0,1,0.5,5,0.0,0.0,0.0,0.013
insider_relax,20,50,1.0,1,0.5,5,0.0,0.0,0.0,0.007
lca,20,50,1.0,1,0.5,5,0.0,0.0,0.0,0.005
segdup,20,50,1.0,1,0.5,5,10,2,0,1.703
fastmultrec,20,50,1.0,1,0.5,5,10.0,2.0,0.0,0.024
insider_relax,20,50,1.0,1,0.5,5,10.0,2.0,0.0,0.012
lca,20,50,1.0,1,0.5,5,10.0,2.0,0.0,0.006
segdup,20,50,1.0,1,0.5,10,20,2,0,7.795
fastmultrec,20,50,1.0,1,0.5,10,20.0,2.0,0.0,0.015
insider_relax,20,50,1.0,1,0.5,10,20.0,2.0,0.0,0.008
lca,20,50,1.0,1,0.5,10,20.0,2.0,0.0,0.005
segdup,20,50,1.0,1,0.5,10,70,7,0,41.544
fastmultrec,20,50,1.0,1,0.5,10,70.0,7.0,0.0,0.083
insider_relax,20,50,1.0,1,0.5,10,70.0,7.0,0.0,0.035
lca,20,50,1.0,1,0.5,10,70.0,7.0,0.0,0.021
segdup,20,50,1.0,1,0.5,10,20,2,0,8.386
fastmultrec,20,50,1.0,1,0.5,10,20.0,2.0,0.0,0.025
insider_relax,20,50,1.0,1,0.5,10,20.0,2.0,0.0,0.011
lca,20,50,1.0,1,0.5,10,20.0,2.0,0.0,0.007
segdup,20,50,1.0,1,0.5,10,50,5,0,11.257
fastmultrec,20,50,1.0,1,0.5,10,50.0,5.0,0.0,0.033
insider_relax,20,50,1.0,1,0.5,10,50.0,5.0,0.0,0.017
lca,20,50,1.0,1,0.5,10,50.0,5.0,0.0,0.009
segdup,20,50,1.0,1,0.5,10,40,4,0,10.601
fastmultrec,20,50,1.0,1,0.5,10,40.0,4.0,0.0,0.032
insider_relax,20,50,1.0,1,0.5,10,40.0,4.0,0.0,0.016
lca,20,50,1.0,1,0.5,10,40.0,4.0,0.0,0.009
segdup,20,50,1.0,1,0.5,10,20,2,0,15.553
fastmultrec,20,50,1.0,1,0.5,10,20.0,2.0,0.0,0.031
insider_relax,20,50,1.0,1,0.5,10,20.0,2.0,0.0,0.015
lca,20,50,1.0,1,0.5,10,20.0,2.0,0.0,0.009
segdup,20,50,1.0,1,0.5,10,10,1,0,7.001
fastmultrec,20,50,1.0,1,0.5,10,10.0,1.0,0.0,0.020
insider_relax,20,50,1.0,1,0.5,10,10.0,1.0,0.0,0.008
lca,20,50,1.0,1,0.5,10,10.0,1.0,0.0,0.005
segdup,20,50,1.0,1,0.5,10,30,3,0,7.499
fastmultrec,20,50,1.0,1,0.5,10,30.0,3.0,0.0,0.017
insider_relax,20,50,1.0,1,0.5,10,30.0,3.0,0.0,0.008
lca,20,50,1.0,1,0.5,10,30.0,3.0,0.0,0.005
segdup,20,50,1.0,1,0.5,10,10,1,0,1.188
fastmultrec,20,50,1.0,1,0.5,10,10.0,1.0,0.0,0.015
insider_relax,20,50,1.0,1,0.5,10,10.0,1.0,0.0,0.007
lca,20,50,1.0,1,0.5,10,10.0,1.0,0.0,0.005
segdup,20,50,1.0,1,0.5,10,10,1,0,1.488
fastmultrec,20,50,1.0,1,0.5,10,10.0,1.0,0.0,0.023
insider_relax,20,50,1.0,1,0.5,10,10.0,1.0,0.0,0.011
lca,20,50,1.0,1,0.5,10,10.0,1.0,0.0,0.006
segdup,20,50,1.0,1,0.5,15,60,4,0,13.030
fastmultrec,20,50,1.0,1,0.5,15,60.0,4.0,0.0,0.035
insider_relax,20,50,1.0,1,0.5,15,60.0,4.0,0.0,0.016
lca,20,50,1.0,1,0.5,15,60.0,4.0,0.0,0.009
segdup,20,50,1.0,1,0.5,15,30,2,0,1.678
fastmultrec,20,50,1.0,1,0.5,15,30.0,2.0,0.0,0.019
insider_relax,20,50,1.0,1,0.5,15,30.0,2.0,0.0,0.010
lca,20,50,1.0,1,0.5,15,30.0,2.0,0.0,0.007
segdup,20,50,1.0,1,0.5,15,30,2,0,1.708
fastmultrec,20,50,1.0,1,0.5,15,30.0,2.0,0.0,0.024
insider_relax,20,50,1.0,1,0.5,15,30.0,2.0,0.0,0.012
lca,20,50,1.0,1,0.5,15,30.0,2.0,0.0,0.007
segdup,20,50,1.0,1,0.5,15,60,4,0,14.130
fastmultrec,20,50,1.0,1,0.5,15,60.0,4.0,0.0,0.052
insider_relax,20,50,1.0,1,0.5,15,60.0,4.0,0.0,0.024
lca,20,50,1.0,1,0.5,15,60.0,4.0,0.0,0.012
segdup,20,50,1.0,1,0.5,15,30,2,0,6.298
fastmultrec,20,50,1.0,1,0.5,15,30.0,2.0,0.0,0.018
insider_relax,20,50,1.0,1,0.5,15,30.0,2.0,0.0,0.009
lca,20,50,1.0,1,0.5,15,30.0,2.0,0.0,0.006
segdup,20,50,1.0,1,0.5,15,15,1,0,5.253
fastmultrec,20,50,1.0,1,0.5,15,15.0,1.0,0.0,0.017
insider_relax,20,50,1.0,1,0.5,15,15.0,1.0,0.0,0.007
lca,20,50,1.0,1,0.5,15,15.0,1.0,0.0,0.005
segdup,20,50,1.0,1,0.5,15,75,5,0,10.498
fastmultrec,20,50,1.0,1,0.5,15,75.0,5.0,0.0,0.032
insider_relax,20,50,1.0,1,0.5,15,75.0,5.0,0.0,0.014
lca,20,50,1.0,1,0.5,15,75.0,5.0,0.0,0.007
segdup,20,50,1.0,1,0.5,15,45,3,0,20.884
fastmultrec,20,50,1.0,1,0.5,15,45.0,3.0,0.0,0.055
insider_relax,20,50,1.0,1,0.5,15,45.0,3.0,0.0,0.025
lca,20,50,1.0,1,0.5,15,45.0,3.0,0.0,0.012
segdup,20,50,1.0,1,0.5,15,15,1,0,0.789
fastmultrec,20,50,1.0,1,0.5,15,15.0,1.0,0.0,0.018
insider_relax,20,50,1.0,1,0.5,15,15.0,1.0,0.0,0.007
lca,20,50,1.0,1,0.5,15,15.0,1.0,0.0,0.006
segdup,20,50,1.0,1,0.5,15,30,2,0,2.525
fastmultrec,20,50,1.0,1,0.5,15,30.0,2.0,0.0,0.034
insider_relax,20,50,1.0,1,0.5,15,30.0,2.0,0.0,0.016
lca,20,50,1.0,1,0.5,15,30.0,2.0,0.0,0.009
segdup,20,50,1.0,1,0.5,20,0,0,0,0.017
fastmultrec,20,50,1.0,1,0.5,20,0.0,0.0,0.0,0.016
insider_relax,20,50,1.0,1,0.5,20,0.0,0.0,0.0,0.008
lca,20,50,1.0,1,0.5,20,0.0,0.0,0.0,0.005
segdup,20,50,1.0,1,0.5,20,60,3,0,8.381
fastmultrec,20,50,1.0,1,0.5,20,60.0,3.0,0.0,0.026
insider_relax,20,50,1.0,1,0.5,20,60.0,3.0,0.0,0.014
lca,20,50,1.0,1,0.5,20,60.0,3.0,0.0,0.007
segdup,20,50,1.0,1,0.5,20,80,4,0,7.760
fastmultrec,20,50,1.0,1,0.5,20,80.0,4.0,0.0,0.037
insider_relax,20,50,1.0,1,0.5,20,80.0,4.0,0.0,0.016
lca,20,50,1.0,1,0.5,20,80.0,4.0,0.0,0.009
segdup,20,50,1.0,1,0.5,20,20,1,0,0.862
fastmultrec,20,50,1.0,1,0.5,20,20.0,1.0,0.0,0.015
insider_relax,20,50,1.0,1,0.5,20,20.0,1.0,0.0,0.007
lca,20,50,1.0,1,0.5,20,20.0,1.0,0.0,0.005
segdup,20,50,1.0,1,0.5,20,60,3,0,2.228
fastmultrec,20,50,1.0,1,0.5,20,60.0,3.0,0.0,0.028
insider_relax,20,50,1.0,1,0.5,20,60.0,3.0,0.0,0.012
lca,20,50,1.0,1,0.5,20,60.0,3.0,0.0,0.009
segdup,20,50,1.0,1,0.5,20,80,4,0,12.357
fastmultrec,20,50,1.0,1,0.5,20,80.0,4.0,0.0,0.035
insider_relax,20,50,1.0,1,0.5,20,80.0,4.0,0.0,0.021
lca,20,50,1.0,1,0.5,20,80.0,4.0,0.0,0.014
segdup,20,50,1.0,1,0.5,20,100,5,0,12.685
fastmultrec,20,50,1.0,1,0.5,20,100.0,5.0,0.0,0.046
insider_relax,20,50,1.0,1,0.5,20,100.0,5.0,0.0,0.020
lca,20,50,1.0,1,0.5,20,100.0,5.0,0.0,0.013
segdup,20,50,1.0,1,0.5,20,60,3,0,5.635
fastmultrec,20,50,1.0,1,0.5,20,60.0,3.0,0.0,0.018
insider_relax,20,50,1.0,1,0.5,20,60.0,3.0,0.0,0.008
lca,20,50,1.0,1,0.5,20,60.0,3.0,0.0,0.007
segdup,20,50,1.0,1,0.5,20,60,3,0,3.746
fastmultrec,20,50,1.0,1,0.5,20,60.0,3.0,0.0,0.022
insider_relax,20,50,1.0,1,0.5,20,60.0,3.0,0.0,0.011
lca,20,50,1.0,1,0.5,20,60.0,3.0,0.0,0.006
segdup,20,50,1.0,1,0.5,20,60,3,0,17.286
fastmultrec,20,50,1.0,1,0.5,20,60.0,3.0,0.0,0.037
insider_relax,20,50,1.0,1,0.5,20,60.0,3.0,0.0,0.018
lca,20,50,1.0,1,0.5,20,60.0,3.0,0.0,0.010
segdup,20,50,1.0,1,0.8,25,25,1,0,6.197
fastmultrec,20,50,1.0,1,0.8,25,25.0,1.0,0.0,0.021
insider_relax,20,50,1.0,1,0.8,25,25.0,1.0,0.0,0.011
lca,20,50,1.0,1,0.8,25,25.0,1.0,0.0,0.007
segdup,20,50,1.0,1,0.8,25,25,1,0,1.768
fastmultrec,20,50,1.0,1,0.8,25,25.0,1.0,0.0,0.027
insider_relax,20,50,1.0,1,0.8,25,25.0,1.0,0.0,0.013
lca,20,50,1.0,1,0.8,25,25.0,1.0,0.0,0.009
segdup,20,50,1.0,1,0.8,25,100,4,0,22.473
fastmultrec,20,50,1.0,1,0.8,25,100.0,4.0,0.0,0.087
insider_relax,20,50,1.0,1,0.8,25,100.0,4.0,0.0,0.041
lca,20,50,1.0,1,0.8,25,100.0,4.0,0.0,0.022
segdup,20,50,1.0,1,0.8,25,50,2,0,9.907
fastmultrec,20,50,1.0,1,0.8,25,50.0,2.0,0.0,0.053
insider_relax,20,50,1.0,1,0.8,25,50.0,2.0,0.0,0.021
lca,20,50,1.0,1,0.8,25,50.0,2.0,0.0,0.012
segdup,20,50,1.0,1,0.8,25,50,2,0,4.354
fastmultrec,20,50,1.0,1,0.8,25,50.0,2.0,0.0,0.022
insider_relax,20,50,1.0,1,0.8,25,50.0,2.0,0.0,0.011
lca,20,50,1.0,1,0.8,25,50.0,2.0,0.0,0.008
segdup,20,50,1.0,1,0.8,25,75,3,0,13.001
fastmultrec,20,50,1.0,1,0.8,25,75.0,3.0,0.0,0.032
insider_relax,20,50,1.0,1,0.8,25,75.0,3.0,0.0,0.017
lca,20,50,1.0,1,0.8,25,75.0,3.0,0.0,0.009
segdup,20,50,1.0,1,0.8,25,75,3,0,7.708
fastmultrec,20,50,1.0,1,0.8,25,75.0,3.0,0.0,0.033
insider_relax,20,50,1.0,1,0.8,25,75.0,3.0,0.0,0.016
lca,20,50,1.0,1,0.8,25,75.0,3.0,0.0,0.008
segdup,20,50,1.0,1,0.8,25,25,1,0,1.681
fastmultrec,20,50,1.0,1,0.8,25,25.0,1.0,0.0,0.020
insider_relax,20,50,1.0,1,0.8,25,25.0,1.0,0.0,0.012
lca,20,50,1.0,1,0.8,25,25.0,1.0,0.0,0.007
segdup,20,50,1.0,1,0.8,25,50,2,0,1.473
fastmultrec,20,50,1.0,1,0.8,25,50.0,2.0,0.0,0.017
insider_relax,20,50,1.0,1,0.8,25,50.0,2.0,0.0,0.009
lca,20,50,1.0,1,0.8,25,50.0,2.0,0.0,0.006
segdup,20,50,1.0,1,0.8,25,25,1,0,4.595
fastmultrec,20,50,1.0,1,0.8,25,25.0,1.0,0.0,0.016
insider_relax,20,50,1.0,1,0.8,25,25.0,1.0,0.0,0.008
lca,20,50,1.0,1,0.8,25,25.0,1.0,0.0,0.007
segdup,20,50,1.0,1,0.8,5,15,3,0,10.102
fastmultrec,20,50,1.0,1,0.8,5,15.0,3.0,0.0,0.020
insider_relax,20,50,1.0,1,0.8,5,15.0,3.0,0.0,0.009
lca,20,50,1.0,1,0.8,5,15.0,3.0,0.0,0.006
segdup,20,50,1.0,1,0.8,5,10,2,0,7.452
fastmultrec,20,50,1.0,1,0.8,5,10.0,2.0,0.0,0.022
insider_relax,20,50,1.0,1,0.8,5,10.0,2.0,0.0,0.011
lca,20,50,1.0,1,0.8,5,10.0,2.0,0.0,0.007
segdup,20,50,1.0,1,0.8,5,25,5,0,7.603
fastmultrec,20,50,1.0,1,0.8,5,25.0,5.0,0.0,0.023
insider_relax,20,50,1.0,1,0.8,5,25.0,5.0,0.0,0.012
lca,20,50,1.0,1,0.8,5,25.0,5.0,0.0,0.009
segdup,20,50,1.0,1,0.8,5,10,2,0,10.688
fastmultrec,20,50,1.0,1,0.8,5,10.0,2.0,0.0,0.020
insider_relax,20,50,1.0,1,0.8,5,10.0,2.0,0.0,0.010
lca,20,50,1.0,1,0.8,5,10.0,2.0,0.0,0.008
segdup,20,50,1.0,1,0.8,5,10,2,0,14.988
fastmultrec,20,50,1.0,1,0.8,5,10.0,2.0,0.0,0.025
insider_relax,20,50,1.0,1,0.8,5,10.0,2.0,0.0,0.013
lca,20,50,1.0,1,0.8,5,10.0,2.0,0.0,0.008
segdup,20,50,1.0,1,0.8,5,5,1,0,1.190
fastmultrec,20,50,1.0,1,0.8,5,5.0,1.0,0.0,0.016
insider_relax,20,50,1.0,1,0.8,5,5.0,1.0,0.0,0.008
lca,20,50,1.0,1,0.8,5,5.0,1.0,0.0,0.006
segdup,20,50,1.0,1,0.8,5,20,4,0,33.029
fastmultrec,20,50,1.0,1,0.8,5,20.0,4.0,0.0,0.099
insider_relax,20,50,1.0,1,0.8,5,20.0,4.0,0.0,0.034
lca,20,50,1.0,1,0.8,5,20.0,4.0,0.0,0.021
segdup,20,50,1.0,1,0.8,5,10,2,0,13.576
fastmultrec,20,50,1.0,1,0.8,5,10.0,2.0,0.0,0.020
insider_relax,20,50,1.0,1,0.8,5,10.0,2.0,0.0,0.010
lca,20,50,1.0,1,0.8,5,10.0,2.0,0.0,0.008
segdup,20,50,1.0,1,0.8,5,10,2,0,3.956
fastmultrec,20,50,1.0,1,0.8,5,10.0,2.0,0.0,0.045
insider_relax,20,50,1.0,1,0.8,5,10.0,2.0,0.0,0.021
lca,20,50,1.0,1,0.8,5,10.0,2.0,0.0,0.013
segdup,20,50,1.0,1,0.8,5,20,4,0,22.379
fastmultrec,20,50,1.0,1,0.8,5,20.0,4.0,0.0,0.039
insider_relax,20,50,1.0,1,0.8,5,20.0,4.0,0.0,0.022
lca,20,50,1.0,1,0.8,5,20.0,4.0,0.0,0.011
segdup,20,50,1.0,1,0.8,10,50,5,0,20.170
fastmultrec,20,50,1.0,1,0.8,10,50.0,5.0,0.0,0.041
insider_relax,20,50,1.0,1,0.8,10,50.0,5.0,0.0,0.017
lca,20,50,1.0,1,0.8,10,50.0,5.0,0.0,0.011
segdup,20,50,1.0,1,0.8,10,10,1,0,7.133
fastmultrec,20,50,1.0,1,0.8,10,10.0,1.0,0.0,0.022
insider_relax,20,50,1.0,1,0.8,10,10.0,1.0,0.0,0.008
lca,20,50,1.0,1,0.8,10,10.0,1.0,0.0,0.005
segdup,20,50,1.0,1,0.8,10,20,2,0,9.730
fastmultrec,20,50,1.0,1,0.8,10,20.0,2.0,0.0,0.020
insider_relax,20,50,1.0,1,0.8,10,20.0,2.0,0.0,0.011
lca,20,50,1.0,1,0.8,10,20.0,2.0,0.0,0.006
segdup,20,50,1.0,1,0.8,10,10,1,0,8.223
fastmultrec,20,50,1.0,1,0.8,10,10.0,1.0,0.0,0.015
insider_relax,20,50,1.0,1,0.8,10,10.0,1.0,0.0,0.007
lca,20,50,1.0,1,0.8,10,10.0,1.0,0.0,0.005
segdup,20,50,1.0,1,0.8,10,10,1,0,1.677
fastmultrec,20,50,1.0,1,0.8,10,10.0,1.0,0.0,0.021
insider_relax,20,50,1.0,1,0.8,10,10.0,1.0,0.0,0.011
lca,20,50,1.0,1,0.8,10,10.0,1.0,0.0,0.008
segdup,20,50,1.0,1,0.8,10,20,2,0,3.965
fastmultrec,20,50,1.0,1,0.8,10,20.0,2.0,0.0,0.042
insider_relax,20,50,1.0,1,0.8,10,20.0,2.0,0.0,0.025
lca,20,50,1.0,1,0.8,10,20.0,2.0,0.0,0.013
segdup,20,50,1.0,1,0.8,10,10,1,0,1.705
fastmultrec,20,50,1.0,1,0.8,10,10.0,1.0,0.0,0.024
insider_relax,20,50,1.0,1,0.8,10,10.0,1.0,0.0,0.013
lca,20,50,1.0,1,0.8,10,10.0,1.0,0.0,0.008
segdup,20,50,1.0,1,0.8,10,20,2,0,11.336
fastmultrec,20,50,1.0,1,0.8,10,20.0,2.0,0.0,0.018
insider_relax,20,50,1.0,1,0.8,10,20.0,2.0,0.0,0.009
lca,20,50,1.0,1,0.8,10,20.0,2.0,0.0,0.006
segdup,20,50,1.0,1,0.8,10,10,1,0,1.785
fastmultrec,20,50,1.0,1,0.8,10,10.0,1.0,0.0,0.026
insider_relax,20,50,1.0,1,0.8,10,10.0,1.0,0.0,0.013
lca,20,50,1.0,1,0.8,10,10.0,1.0,0.0,0.009
segdup,20,50,1.0,1,0.8,10,40,4,0,9.663
fastmultrec,20,50,1.0,1,0.8,10,40.0,4.0,0.0,0.087
insider_relax,20,50,1.0,1,0.8,10,40.0,4.0,0.0,0.044
lca,20,50,1.0,1,0.8,10,40.0,4.0,0.0,0.025
segdup,20,50,1.0,1,0.8,15,90,6,0,34.286
fastmultrec,20,50,1.0,1,0.8,15,90.0,6.0,0.0,0.073
insider_relax,20,50,1.0,1,0.8,15,90.0,6.0,0.0,0.031
lca,20,50,1.0,1,0.8,15,90.0,6.0,0.0,0.019
segdup,20,50,1.0,1,0.8,15,0,0,0,0.016
fastmultrec,20,50,1.0,1,0.8,15,0.0,0.0,0.0,0.015
insider_relax,20,50,1.0,1,0.8,15,0.0,0.0,0.0,0.007
lca,20,50,1.0,1,0.8,15,0.0,0.0,0.0,0.005
segdup,20,50,1.0,1,0.8,15,45,3,0,12.766
fastmultrec,20,50,1.0,1,0.8,15,45.0,3.0,0.0,0.024
insider_relax,20,50,1.0,1,0.8,15,45.0,3.0,0.0,0.011
lca,20,50,1.0,1,0.8,15,45.0,3.0,0.0,0.009
segdup,20,50,1.0,1,0.8,15,30,2,0,4.153
fastmultrec,20,50,1.0,1,0.8,15,30.0,2.0,0.0,0.023
insider_relax,20,50,1.0,1,0.8,15,30.0,2.0,0.0,0.012
lca,20,50,1.0,1,0.8,15,30.0,2.0,0.0,0.006
segdup,20,50,1.0,1,0.8,15,60,4,0,18.236
fastmultrec,20,50,1.0,1,0.8,15,60.0,4.0,0.0,0.046
insider_relax,20,50,1.0,1,0.8,15,60.0,4.0,0.0,0.020
lca,20,50,1.0,1,0.8,15,60.0,4.0,0.0,0.011
segdup,20,50,1.0,1,0.8,15,15,1,0,1.133
fastmultrec,20,50,1.0,1,0.8,15,15.0,1.0,0.0,0.015
insider_relax,20,50,1.0,1,0.8,15,15.0,1.0,0.0,0.008
lca,20,50,1.0,1,0.8,15,15.0,1.0,0.0,0.005
segdup,20,50,1.0,1,0.8,15,30,2,0,1.975
fastmultrec,20,50,1.0,1,0.8,15,30.0,2.0,0.0,0.035
insider_relax,20,50,1.0,1,0.8,15,30.0,2.0,0.0,0.016
lca,20,50,1.0,1,0.8,15,30.0,2.0,0.0,0.008
segdup,20,50,1.0,1,0.8,15,30,2,0,2.886
fastmultrec,20,50,1.0,1,0.8,15,30.0,2.0,0.0,0.036
insider_relax,20,50,1.0,1,0.8,15,30.0,2.0,0.0,0.015
lca,20,50,1.0,1,0.8,15,30.0,2.0,0.0,0.009
segdup,20,50,1.0,1,0.8,15,45,3,0,13.554
fastmultrec,20,50,1.0,1,0.8,15,45.0,3.0,0.0,0.049
insider_relax,20,50,1.0,1,0.8,15,45.0,3.0,0.0,0.023
lca,20,50,1.0,1,0.8,15,45.0,3.0,0.0,0.015
segdup,20,50,1.0,1,0.8,15,60,4,0,7.214
fastmultrec,20,50,1.0,1,0.8,15,60.0,4.0,0.0,0.033
insider_relax,20,50,1.0,1,0.8,15,60.0,4.0,0.0,0.015
lca,20,50,1.0,1,0.8,15,60.0,4.0,0.0,0.008
segdup,20,50,1.0,1,0.8,20,60,3,0,6.391
fastmultrec,20,50,1.0,1,0.8,20,60.0,3.0,0.0,0.023
insider_relax,20,50,1.0,1,0.8,20,60.0,3.0,0.0,0.011
lca,20,50,1.0,1,0.8,20,60.0,3.0,0.0,0.007
segdup,20,50,1.0,1,0.8,20,20,1,0,1.415
fastmultrec,20,50,1.0,1,0.8,20,20.0,1.0,0.0,0.018
insider_relax,20,50,1.0,1,0.8,20,20.0,1.0,0.0,0.009
lca,20,50,1.0,1,0.8,20,20.0,1.0,0.0,0.006
segdup,20,50,1.0,1,0.8,20,100,5,0,51.506
fastmultrec,20,50,1.0,1,0.8,20,100.0,5.0,0.0,0.146
insider_relax,20,50,1.0,1,0.8,20,100.0,5.0,0.0,0.063
lca,20,50,1.0,1,0.8,20,100.0,5.0,0.0,0.034
segdup,20,50,1.0,1,0.8,20,100,5,0,60.679
fastmultrec,20,50,1.0,1,0.8,20,100.0,5.0,0.0,0.126
insider_relax,20,50,1.0,1,0.8,20,100.0,5.0,0.0,0.051
lca,20,50,1.0,1,0.8,20,100.0,5.0,0.0,0.026
segdup,20,50,1.0,1,0.8,20,40,2,0,9.189
fastmultrec,20,50,1.0,1,0.8,20,40.0,2.0,0.0,0.034
insider_relax,20,50,1.0,1,0.8,20,40.0,2.0,0.0,0.016
lca,20,50,1.0,1,0.8,20,40.0,2.0,0.0,0.008
segdup,20,50,1.0,1,0.8,20,60,3,0,5.172
fastmultrec,20,50,1.0,1,0.8,20,60.0,3.0,0.0,0.051
insider_relax,20,50,1.0,1,0.8,20,60.0,3.0,0.0,0.023
lca,20,50,1.0,1,0.8,20,60.0,3.0,0.0,0.014
segdup,20,50,1.0,1,0.8,20,0,0,0,0.021
fastmultrec,20,50,1.0,1,0.8,20,0.0,0.0,0.0,0.017
insider_relax,20,50,1.0,1,0.8,20,0.0,0.0,0.0,0.008
lca,20,50,1.0,1,0.8,20,0.0,0.0,0.0,0.005
segdup,20,50,1.0,1,0.8,20,40,2,0,10.188
fastmultrec,20,50,1.0,1,0.8,20,40.0,2.0,0.0,0.027
insider_relax,20,50,1.0,1,0.8,20,40.0,2.0,0.0,0.016
lca,20,50,1.0,1,0.8,20,40.0,2.0,0.0,0.009
segdup,20,50,1.0,1,0.8,20,0,0,0,0.017
fastmultrec,20,50,1.0,1,0.8,20,0.0,0.0,0.0,0.019
insider_relax,20,50,1.0,1,0.8,20,0.0,0.0,0.0,0.007
lca,20,50,1.0,1,0.8,20,0.0,0.0,0.0,0.005
segdup,20,50,1.0,1,0.8,20,20,1,0,1.541
fastmultrec,20,50,1.0,1,0.8,20,20.0,1.0,0.0,0.019
insider_relax,20,50,1.0,1,0.8,20,20.0,1.0,0.0,0.008
lca,20,50,1.0,1,0.8,20,20.0,1.0,0.0,0.007
segdup,20,50,1.0,1,0.2,25,0,0,0,0.022
fastmultrec,20,50,1.0,1,0.2,25,0.0,0.0,0.0,0.017
insider_relax,20,50,1.0,1,0.2,25,0.0,0.0,0.0,0.010
lca,20,50,1.0,1,0.2,25,0.0,0.0,0.0,0.005
segdup,20,50,1.0,1,0.2,25,75,3,0,1.063
fastmultrec,20,50,1.0,1,0.2,25,75.0,3.0,0.0,0.019
insider_relax,20,50,1.0,1,0.2,25,75.0,3.0,0.0,0.009
lca,20,50,1.0,1,0.2,25,75.0,3.0,0.0,0.005
segdup,20,50,1.0,1,0.2,25,50,2,0,6.676
fastmultrec,20,50,1.0,1,0.2,25,50.0,2.0,0.0,0.021
insider_relax,20,50,1.0,1,0.2,25,50.0,2.0,0.0,0.010
lca,20,50,1.0,1,0.2,25,50.0,2.0,0.0,0.006
segdup,20,50,1.0,1,0.2,25,100,4,0,6.477
fastmultrec,20,50,1.0,1,0.2,25,100.0,4.0,0.0,0.022
insider_relax,20,50,1.0,1,0.2,25,100.0,4.0,0.0,0.015
lca,20,50,1.0,1,0.2,25,100.0,4.0,0.0,0.008
segdup,20,50,1.0,1,0.2,25,0,0,0,0.020
fastmultrec,20,50,1.0,1,0.2,25,0.0,0.0,0.0,0.017
insider_relax,20,50,1.0,1,0.2,25,0.0,0.0,0.0,0.008
lca,20,50,1.0,1,0.2,25,0.0,0.0,0.0,0.005
segdup,20,50,1.0,1,0.2,25,25,1,0,1.210
fastmultrec,20,50,1.0,1,0.2,25,25.0,1.0,0.0,0.020
insider_relax,20,50,1.0,1,0.2,25,25.0,1.0,0.0,0.011
lca,20,50,1.0,1,0.2,25,25.0,1.0,0.0,0.006
segdup,20,50,1.0,1,0.2,25,0,0,0,0.018
fastmultrec,20,50,1.0,1,0.2,25,0.0,0.0,0.0,0.017
insider_relax,20,50,1.0,1,0.2,25,0.0,0.0,0.0,0.007
lca,20,50,1.0,1,0.2,25,0.0,0.0,0.0,0.006
segdup,20,50,1.0,1,0.2,25,25,1,0,1.164
fastmultrec,20,50,1.0,1,0.2,25,25.0,1.0,0.0,0.017
insider_relax,20,50,1.0,1,0.2,25,25.0,1.0,0.0,0.008
lca,20,50,1.0,1,0.2,25,25.0,1.0,0.0,0.006
segdup,20,50,1.0,1,0.2,25,75,3,0,5.794
fastmultrec,20,50,1.0,1,0.2,25,75.0,3.0,0.0,0.019
insider_relax,20,50,1.0,1,0.2,25,75.0,3.0,0.0,0.012
lca,20,50,1.0,1,0.2,25,75.0,3.0,0.0,0.006
segdup,20,50,1.0,1,0.2,25,100,4,0,2.718
fastmultrec,20,50,1.0,1,0.2,25,100.0,4.0,0.0,0.036
insider_relax,20,50,1.0,1,0.2,25,100.0,4.0,0.0,0.019
lca,20,50,1.0,1,0.2,25,100.0,4.0,0.0,0.012
segdup,20,50,1.0,1,0.2,5,10,2,0,7.134
fastmultrec,20,50,1.0,1,0.2,5,10.0,2.0,0.0,0.018
insider_relax,20,50,1.0,1,0.2,5,10.0,2.0,0.0,0.009
lca,20,50,1.0,1,0.2,5,10.0,2.0,0.0,0.006
segdup,20,50,1.0,1,0.2,5,10,2,0,5.782
fastmultrec,20,50,1.0,1,0.2,5,10.0,2.0,0.0,0.017
insider_relax,20,50,1.0,1,0.2,5,10.0,2.0,0.0,0.008
lca,20,50,1.0,1,0.2,5,10.0,2.0,0.0,0.005
segdup,20,50,1.0,1,0.2,5,10,2,0,8.671
fastmultrec,20,50,1.0,1,0.2,5,10.0,2.0,0.0,0.019
insider_relax,20,50,1.0,1,0.2,5,10.0,2.0,0.0,0.009
lca,20,50,1.0,1,0.2,5,10.0,2.0,0.0,0.007
segdup,20,50,1.0,1,0.2,5,5,1,0,6.367
fastmultrec,20,50,1.0,1,0.2,5,5.0,1.0,0.0,0.015
insider_relax,20,50,1.0,1,0.2,5,5.0,1.0,0.0,0.007
lca,20,50,1.0,1,0.2,5,5.0,1.0,0.0,0.005
segdup,20,50,1.0,1,0.2,5,15,3,0,8.649
fastmultrec,20,50,1.0,1,0.2,5,15.0,3.0,0.0,0.019
insider_relax,20,50,1.0,1,0.2,5,15.0,3.0,0.0,0.010
lca,20,50,1.0,1,0.2,5,15.0,3.0,0.0,0.006
segdup,20,50,1.0,1,0.2,5,5,1,0,6.439
fastmultrec,20,50,1.0,1,0.2,5,5.0,1.0,0.0,0.018
insider_relax,20,50,1.0,1,0.2,5,5.0,1.0,0.0,0.007
lca,20,50,1.0,1,0.2,5,5.0,1.0,0.0,0.007
segdup,20,50,1.0,1,0.2,5,5,1,0,4.832
fastmultrec,20,50,1.0,1,0.2,5,5.0,1.0,0.0,0.020
insider_relax,20,50,1.0,1,0.2,5,5.0,1.0,0.0,0.008
lca,20,50,1.0,1,0.2,5,5.0,1.0,0.0,0.005
segdup,20,50,1.0,1,0.2,5,10,2,0,3.315
fastmultrec,20,50,1.0,1,0.2,5,10.0,2.0,0.0,0.019
insider_relax,20,50,1.0,1,0.2,5,10.0,2.0,0.0,0.008
lca,20,50,1.0,1,0.2,5,10.0,2.0,0.0,0.005
segdup,20,50,1.0,1,0.2,5,15,3,0,8.178
fastmultrec,20,50,1.0,1,0.2,5,15.0,3.0,0.0,0.018
insider_relax,20,50,1.0,1,0.2,5,15.0,3.0,0.0,0.010
lca,20,50,1.0,1,0.2,5,15.0,3.0,0.0,0.006
segdup,20,50,1.0,1,0.2,5,10,2,0,7.216
fastmultrec,20,50,1.0,1,0.2,5,10.0,2.0,0.0,0.018
insider_relax,20,50,1.0,1,0.2,5,10.0,2.0,0.0,0.008
lca,20,50,1.0,1,0.2,5,10.0,2.0,0.0,0.006
segdup,20,50,1.0,1,0.2,10,20,2,0,3.472
fastmultrec,20,50,1.0,1,0.2,10,20.0,2.0,0.0,0.017
insider_relax,20,50,1.0,1,0.2,10,20.0,2.0,0.0,0.008
lca,20,50,1.0,1,0.2,10,20.0,2.0,0.0,0.006
segdup,20,50,1.0,1,0.2,10,20,2,0,1.578
fastmultrec,20,50,1.0,1,0.2,10,20.0,2.0,0.0,0.023
insider_relax,20,50,1.0,1,0.2,10,20.0,2.0,0.0,0.011
lca,20,50,1.0,1,0.2,10,20.0,2.0,0.0,0.008
segdup,20,50,1.0,1,0.2,10,40,4,0,6.468
fastmultrec,20,50,1.0,1,0.2,10,40.0,4.0,0.0,0.022
insider_relax,20,50,1.0,1,0.2,10,40.0,4.0,0.0,0.010
lca,20,50,1.0,1,0.2,10,40.0,4.0,0.0,0.006
segdup,20,50,1.0,1,0.2,10,20,2,0,1.262
fastmultrec,20,50,1.0,1,0.2,10,20.0,2.0,0.0,0.017
insider_relax,20,50,1.0,1,0.2,10,20.0,2.0,0.0,0.009
lca,20,50,1.0,1,0.2,10,20.0,2.0,0.0,0.006
segdup,20,50,1.0,1,0.2,10,20,2,0,3.499
fastmultrec,20,50,1.0,1,0.2,10,20.0,2.0,0.0,0.014
insider_relax,20,50,1.0,1,0.2,10,20.0,2.0,0.0,0.008
lca,20,50,1.0,1,0.2,10,20.0,2.0,0.0,0.005
segdup,20,50,1.0,1,0.2,10,20,2,0,4.738
fastmultrec,20,50,1.0,1,0.2,10,20.0,2.0,0.0,0.018
insider_relax,20,50,1.0,1,0.2,10,20.0,2.0,0.0,0.008
lca,20,50,1.0,1,0.2,10,20.0,2.0,0.0,0.006
segdup,20,50,1.0,1,0.2,10,20,2,0,4.032
fastmultrec,20,50,1.0,1,0.2,10,20.0,2.0,0.0,0.016
insider_relax,20,50,1.0,1,0.2,10,20.0,2.0,0.0,0.008
lca,20,50,1.0,1,0.2,10,20.0,2.0,0.0,0.006
segdup,20,50,1.0,1,0.2,10,20,2,0,3.541
fastmultrec,20,50,1.0,1,0.2,10,20.0,2.0,0.0,0.017
insider_relax,20,50,1.0,1,0.2,10,20.0,2.0,0.0,0.008
lca,20,50,1.0,1,0.2,10,20.0,2.0,0.0,0.006
segdup,20,50,1.0,1,0.2,10,0,0,0,0.017
fastmultrec,20,50,1.0,1,0.2,10,0.0,0.0,0.0,0.014
insider_relax,20,50,1.0,1,0.2,10,0.0,0.0,0.0,0.007
lca,20,50,1.0,1,0.2,10,0.0,0.0,0.0,0.006
segdup,20,50,1.0,1,0.2,10,40,4,0,5.324
fastmultrec,20,50,1.0,1,0.2,10,40.0,4.0,0.0,0.020
insider_relax,20,50,1.0,1,0.2,10,40.0,4.0,0.0,0.011
lca,20,50,1.0,1,0.2,10,40.0,4.0,0.0,0.007
segdup,20,50,1.0,1,0.2,15,45,3,0,4.106
fastmultrec,20,50,1.0,1,0.2,15,45.0,3.0,0.0,0.018
insider_relax,20,50,1.0,1,0.2,15,45.0,3.0,0.0,0.009
lca,20,50,1.0,1,0.2,15,45.0,3.0,0.0,0.006
segdup,20,50,1.0,1,0.2,15,30,2,0,6.445
fastmultrec,20,50,1.0,1,0.2,15,30.0,2.0,0.0,0.017
insider_relax,20,50,1.0,1,0.2,15,30.0,2.0,0.0,0.009
lca,20,50,1.0,1,0.2,15,30.0,2.0,0.0,0.005
segdup,20,50,1.0,1,0.2,15,60,4,0,13.066
fastmultrec,20,50,1.0,1,0.2,15,60.0,4.0,0.0,0.027
insider_relax,20,50,1.0,1,0.2,15,60.0,4.0,0.0,0.013
lca,20,50,1.0,1,0.2,15,60.0,4.0,0.0,0.009
segdup,20,50,1.0,1,0.2,15,60,4,0,6.538
fastmultrec,20,50,1.0,1,0.2,15,60.0,4.0,0.0,0.022
insider_relax,20,50,1.0,1,0.2,15,60.0,4.0,0.0,0.012
lca,20,50,1.0,1,0.2,15,60.0,4.0,0.0,0.007
segdup,20,50,1.0,1,0.2,15,15,1,0,0.895
fastmultrec,20,50,1.0,1,0.2,15,15.0,1.0,0.0,0.016
insider_relax,20,50,1.0,1,0.2,15,15.0,1.0,0.0,0.008
lca,20,50,1.0,1,0.2,15,15.0,1.0,0.0,0.005
segdup,20,50,1.0,1,0.2,15,15,1,0,1.083
fastmultrec,20,50,1.0,1,0.2,15,15.0,1.0,0.0,0.020
insider_relax,20,50,1.0,1,0.2,15,15.0,1.0,0.0,0.009
lca,20,50,1.0,1,0.2,15,15.0,1.0,0.0,0.005
segdup,20,50,1.0,1,0.2,15,30,2,0,5.138
fastmultrec,20,50,1.0,1,0.2,15,30.0,2.0,0.0,0.020
insider_relax,20,50,1.0,1,0.2,15,30.0,2.0,0.0,0.010
lca,20,50,1.0,1,0.2,15,30.0,2.0,0.0,0.007
segdup,20,50,1.0,1,0.2,15,30,2,0,8.018
fastmultrec,20,50,1.0,1,0.2,15,30.0,2.0,0.0,0.020
insider_relax,20,50,1.0,1,0.2,15,30.0,2.0,0.0,0.010
lca,20,50,1.0,1,0.2,15,30.0,2.0,0.0,0.006
segdup,20,50,1.0,1,0.2,15,45,3,0,2.665
fastmultrec,20,50,1.0,1,0.2,15,45.0,3.0,0.0,0.020
insider_relax,20,50,1.0,1,0.2,15,45.0,3.0,0.0,0.009
lca,20,50,1.0,1,0.2,15,45.0,3.0,0.0,0.006
segdup,20,50,1.0,1,0.2,15,30,2,0,3.063
fastmultrec,20,50,1.0,1,0.2,15,30.0,2.0,0.0,0.017
insider_relax,20,50,1.0,1,0.2,15,30.0,2.0,0.0,0.009
lca,20,50,1.0,1,0.2,15,30.0,2.0,0.0,0.006
segdup,20,50,1.0,1,0.2,20,40,2,0,1.881
fastmultrec,20,50,1.0,1,0.2,20,40.0,2.0,0.0,0.026
insider_relax,20,50,1.0,1,0.2,20,40.0,2.0,0.0,0.014
lca,20,50,1.0,1,0.2,20,40.0,2.0,0.0,0.008
segdup,20,50,1.0,1,0.2,20,40,2,0,2.275
fastmultrec,20,50,1.0,1,0.2,20,40.0,2.0,0.0,0.015
insider_relax,20,50,1.0,1,0.2,20,40.0,2.0,0.0,0.009
lca,20,50,1.0,1,0.2,20,40.0,2.0,0.0,0.005
segdup,20,50,1.0,1,0.2,20,20,1,0,0.902
fastmultrec,20,50,1.0,1,0.2,20,20.0,1.0,0.0,0.015
insider_relax,20,50,1.0,1,0.2,20,20.0,1.0,0.0,0.008
lca,20,50,1.0,1,0.2,20,20.0,1.0,0.0,0.005
segdup,20,50,1.0,1,0.2,20,40,2,0,1.013
fastmultrec,20,50,1.0,1,0.2,20,40.0,2.0,0.0,0.016
insider_relax,20,50,1.0,1,0.2,20,40.0,2.0,0.0,0.008
lca,20,50,1.0,1,0.2,20,40.0,2.0,0.0,0.006
segdup,20,50,1.0,1,0.2,20,60,3,0,2.850
fastmultrec,20,50,1.0,1,0.2,20,60.0,3.0,0.0,0.016
insider_relax,20,50,1.0,1,0.2,20,60.0,3.0,0.0,0.008
lca,20,50,1.0,1,0.2,20,60.0,3.0,0.0,0.006
segdup,20,50,1.0,1,0.2,20,20,1,0,0.853
fastmultrec,20,50,1.0,1,0.2,20,20.0,1.0,0.0,0.014
insider_relax,20,50,1.0,1,0.2,20,20.0,1.0,0.0,0.007
lca,20,50,1.0,1,0.2,20,20.0,1.0,0.0,0.005
segdup,20,50,1.0,1,0.2,20,40,2,0,1.297
fastmultrec,20,50,1.0,1,0.2,20,40.0,2.0,0.0,0.020
insider_relax,20,50,1.0,1,0.2,20,40.0,2.0,0.0,0.009
lca,20,50,1.0,1,0.2,20,40.0,2.0,0.0,0.006
segdup,20,50,1.0,1,0.2,20,0,0,0,0.016
fastmultrec,20,50,1.0,1,0.2,20,0.0,0.0,0.0,0.015
insider_relax,20,50,1.0,1,0.2,20,0.0,0.0,0.0,0.007
lca,20,50,1.0,1,0.2,20,0.0,0.0,0.0,0.005
segdup,20,50,1.0,1,0.2,20,60,3,0,1.516
fastmultrec,20,50,1.0,1,0.2,20,60.0,3.0,0.0,0.016
insider_relax,20,50,1.0,1,0.2,20,60.0,3.0,0.0,0.008
lca,20,50,1.0,1,0.2,20,60.0,3.0,0.0,0.006
segdup,20,50,1.0,1,0.2,20,80,4,0,3.827
fastmultrec,20,50,1.0,1,0.2,20,80.0,4.0,0.0,0.019
insider_relax,20,50,1.0,1,0.2,20,80.0,4.0,0.0,0.011
lca,20,50,1.0,1,0.2,20,80.0,4.0,0.0,0.005
segdup,20,50,3.0,1,1,25,225,9,0,29.782
fastmultrec,20,50,3.0,1,1,25,225.0,9.0,0.0,0.101
insider_relax,20,50,3.0,1,1,25,225.0,9.0,0.0,0.052
lca,20,50,3.0,1,1,25,225.0,9.0,0.0,0.024
segdup,20,50,3.0,1,1,25,250,10,0,1560.523
fastmultrec,20,50,3.0,1,1,25,250.0,10.0,0.0,4.874
insider_relax,20,50,3.0,1,1,25,250.0,10.0,0.0,0.948
lca,20,50,3.0,1,1,25,250.0,10.0,0.0,0.442
segdup,20,50,3.0,1,1,25,175,7,0,47.056
fastmultrec,20,50,3.0,1,1,25,175.0,7.0,0.0,0.148
insider_relax,20,50,3.0,1,1,25,175.0,7.0,0.0,0.061
lca,20,50,3.0,1,1,25,175.0,7.0,0.0,0.034
segdup,20,50,3.0,1,1,25,175,7,0,62.927
fastmultrec,20,50,3.0,1,1,25,175.0,7.0,0.0,0.262
insider_relax,20,50,3.0,1,1,25,175.0,7.0,0.0,0.094
lca,20,50,3.0,1,1,25,175.0,7.0,0.0,0.057
segdup,20,50,3.0,1,1,25,250,10,0,88.133
fastmultrec,20,50,3.0,1,1,25,250.0,10.0,0.0,0.353
insider_relax,20,50,3.0,1,1,25,250.0,10.0,0.0,0.145
lca,20,50,3.0,1,1,25,250.0,10.0,0.0,0.071
segdup,20,50,3.0,1,1,25,175,7,0,216.196
fastmultrec,20,50,3.0,1,1,25,175.0,7.0,0.0,0.521
insider_relax,20,50,3.0,1,1,25,175.0,7.0,0.0,0.226
lca,20,50,3.0,1,1,25,175.0,7.0,0.0,0.108
segdup,20,50,3.0,1,1,25,275,11,0,5106.518
fastmultrec,20,50,3.0,1,1,25,275.0,11.0,0.0,17.245
insider_relax,20,50,3.0,1,1,25,275.0,11.0,0.0,3.093
lca,20,50,3.0,1,1,25,275.0,11.0,0.0,1.831
segdup,20,50,3.0,1,1,25,100,4,0,3.586
fastmultrec,20,50,3.0,1,1,25,100.0,4.0,0.0,0.023
insider_relax,20,50,3.0,1,1,25,100.0,4.0,0.0,0.012
lca,20,50,3.0,1,1,25,100.0,4.0,0.0,0.007
segdup,20,50,3.0,1,1,25,50,2,0,4.530
fastmultrec,20,50,3.0,1,1,25,50.0,2.0,0.0,0.020
insider_relax,20,50,3.0,1,1,25,50.0,2.0,0.0,0.010
lca,20,50,3.0,1,1,25,50.0,2.0,0.0,0.008
segdup,20,50,3.0,1,1,25,150,6,0,7.277
fastmultrec,20,50,3.0,1,1,25,150.0,6.0,0.0,0.029
insider_relax,20,50,3.0,1,1,25,150.0,6.0,0.0,0.014
lca,20,50,3.0,1,1,25,150.0,6.0,0.0,0.010
segdup,20,50,3.0,1,1,5,40,8,0,161.934
fastmultrec,20,50,3.0,1,1,5,40.0,8.0,0.0,0.364
insider_relax,20,50,3.0,1,1,5,40.0,8.0,0.0,0.107
lca,20,50,3.0,1,1,5,40.0,8.0,0.0,0.056
segdup,20,50,3.0,1,1,5,35,7,0,354.044
fastmultrec,20,50,3.0,1,1,5,35.0,7.0,0.0,1.320
insider_relax,20,50,3.0,1,1,5,35.0,7.0,0.0,0.284
lca,20,50,3.0,1,1,5,35.0,7.0,0.0,0.155
segdup,20,50,3.0,1,1,5,45,9,0,51.163
fastmultrec,20,50,3.0,1,1,5,45.0,9.0,0.0,0.074
insider_relax,20,50,3.0,1,1,5,45.0,9.0,0.0,0.035
lca,20,50,3.0,1,1,5,45.0,9.0,0.0,0.021
segdup,20,50,3.0,1,1,5,20,4,0,30.287
fastmultrec,20,50,3.0,1,1,5,20.0,4.0,0.0,0.063
insider_relax,20,50,3.0,1,1,5,20.0,4.0,0.0,0.030
lca,20,50,3.0,1,1,5,20.0,4.0,0.0,0.015
segdup,20,50,3.0,1,1,5,35,7,0,206.808
fastmultrec,20,50,3.0,1,1,5,35.0,7.0,0.0,0.485
insider_relax,20,50,3.0,1,1,5,35.0,7.0,0.0,0.148
lca,20,50,3.0,1,1,5,35.0,7.0,0.0,0.074
segdup,20,50,3.0,1,1,5,25,5,0,383.832
fastmultrec,20,50,3.0,1,1,5,25.0,5.0,0.0,0.401
insider_relax,20,50,3.0,1,1,5,25.0,5.0,0.0,0.190
lca,20,50,3.0,1,1,5,25.0,5.0,0.0,0.098
segdup,20,50,3.0,1,1,5,60,12,0,10991.684
fastmultrec,20,50,3.0,1,1,5,60.0,12.0,0.0,41.084
insider_relax,20,50,3.0,1,1,5,60.0,12.0,0.0,3.924
lca,20,50,3.0,1,1,5,60.0,12.0,0.0,2.777
segdup,20,50,3.0,1,1,5,30,6,0,35.855
fastmultrec,20,50,3.0,1,1,5,30.0,6.0,0.0,0.074
insider_relax,20,50,3.0,1,1,5,30.0,6.0,0.0,0.031
lca,20,50,3.0,1,1,5,30.0,6.0,0.0,0.021
segdup,20,50,3.0,1,1,5,35,7,0,49.785
fastmultrec,20,50,3.0,1,1,5,35.0,7.0,0.0,0.083
insider_relax,20,50,3.0,1,1,5,35.0,7.0,0.0,0.034
lca,20,50,3.0,1,1,5,35.0,7.0,0.0,0.023
segdup,20,50,3.0,1,1,5,35,7,0,29.232
fastmultrec,20,50,3.0,1,1,5,35.0,7.0,0.0,0.069
insider_relax,20,50,3.0,1,1,5,35.0,7.0,0.0,0.031
lca,20,50,3.0,1,1,5,35.0,7.0,0.0,0.019
segdup,20,50,3.0,1,1,10,50,5,0,26.066
fastmultrec,20,50,3.0,1,1,10,50.0,5.0,0.0,0.042
insider_relax,20,50,3.0,1,1,10,50.0,5.0,0.0,0.023
lca,20,50,3.0,1,1,10,50.0,5.0,0.0,0.012
segdup,20,50,3.0,1,1,10,40,4,0,8.033
fastmultrec,20,50,3.0,1,1,10,40.0,4.0,0.0,0.024
insider_relax,20,50,3.0,1,1,10,40.0,4.0,0.0,0.013
lca,20,50,3.0,1,1,10,40.0,4.0,0.0,0.008
segdup,20,50,3.0,1,1,10,70,7,0,261.255
fastmultrec,20,50,3.0,1,1,10,70.0,7.0,0.0,0.333
insider_relax,20,50,3.0,1,1,10,70.0,7.0,0.0,0.131
lca,20,50,3.0,1,1,10,70.0,7.0,0.0,0.069
segdup,20,50,3.0,1,1,10,90,9,0,35.000
fastmultrec,20,50,3.0,1,1,10,90.0,9.0,0.0,0.088
insider_relax,20,50,3.0,1,1,10,90.0,9.0,0.0,0.029
lca,20,50,3.0,1,1,10,90.0,9.0,0.0,0.019
segdup,20,50,3.0,1,1,10,50,5,0,40.865
fastmultrec,20,50,3.0,1,1,10,50.0,5.0,0.0,0.181
insider_relax,20,50,3.0,1,1,10,50.0,5.0,0.0,0.072
lca,20,50,3.0,1,1,10,50.0,5.0,0.0,0.034
segdup,20,50,3.0,1,1,10,60,6,0,277.939
fastmultrec,20,50,3.0,1,1,10,60.0,6.0,0.0,0.388
insider_relax,20,50,3.0,1,1,10,60.0,6.0,0.0,0.150
lca,20,50,3.0,1,1,10,60.0,6.0,0.0,0.074
segdup,20,50,3.0,1,1,10,90,9,0,31.731
fastmultrec,20,50,3.0,1,1,10,90.0,9.0,0.0,0.075
insider_relax,20,50,3.0,1,1,10,90.0,9.0,0.0,0.031
lca,20,50,3.0,1,1,10,90.0,9.0,0.0,0.024
segdup,20,50,3.0,1,1,10,60,6,0,137.093
fastmultrec,20,50,3.0,1,1,10,60.0,6.0,0.0,0.276
insider_relax,20,50,3.0,1,1,10,60.0,6.0,0.0,0.127
lca,20,50,3.0,1,1,10,60.0,6.0,0.0,0.064
segdup,20,50,3.0,1,1,10,90,9,0,1226.039
fastmultrec,20,50,3.0,1,1,10,90.0,9.0,0.0,1.650
insider_relax,20,50,3.0,1,1,10,90.0,9.0,0.0,0.520
lca,20,50,3.0,1,1,10,90.0,9.0,0.0,0.249
segdup,20,50,3.0,1,1,10,30,3,0,10.506
fastmultrec,20,50,3.0,1,1,10,30.0,3.0,0.0,0.019
insider_relax,20,50,3.0,1,1,10,30.0,3.0,0.0,0.010
lca,20,50,3.0,1,1,10,30.0,3.0,0.0,0.007
segdup,20,50,3.0,1,1,15,195,13,0,33768.015
fastmultrec,20,50,3.0,1,1,15,195.0,13.0,0.0,213.466
insider_relax,20,50,3.0,1,1,15,50.0,5.0,0.0,2.448
lca,20,50,3.0,1,1,15,195.0,13.0,0.0,24.095
segdup,20,50,3.0,1,1,15,120,8,0,84.304
fastmultrec,20,50,3.0,1,1,15,120.0,8.0,0.0,0.249
insider_relax,20,50,3.0,1,1,15,120.0,8.0,0.0,0.067
lca,20,50,3.0,1,1,15,120.0,8.0,0.0,0.053
segdup,20,50,3.0,1,1,15,105,7,0,143.693
fastmultrec,20,50,3.0,1,1,15,105.0,7.0,0.0,0.830
insider_relax,20,50,3.0,1,1,15,105.0,7.0,0.0,0.177
lca,20,50,3.0,1,1,15,105.0,7.0,0.0,0.111
segdup,20,50,3.0,1,1,15,120,8,0,176.001
fastmultrec,20,50,3.0,1,1,15,120.0,8.0,0.0,0.364
insider_relax,20,50,3.0,1,1,15,120.0,8.0,0.0,0.149
lca,20,50,3.0,1,1,15,120.0,8.0,0.0,0.083
segdup,20,50,3.0,1,1,15,165,11,0,194.574
fastmultrec,20,50,3.0,1,1,15,165.0,11.0,0.0,0.439
insider_relax,20,50,3.0,1,1,15,165.0,11.0,0.0,0.164
lca,20,50,3.0,1,1,15,165.0,11.0,0.0,0.094
segdup,20,50,3.0,1,1,15,60,4,0,7.335
fastmultrec,20,50,3.0,1,1,15,60.0,4.0,0.0,0.047
insider_relax,20,50,3.0,1,1,15,60.0,4.0,0.0,0.019
lca,20,50,3.0,1,1,15,60.0,4.0,0.0,0.012
segdup,20,50,3.0,1,1,15,120,8,0,204.016
fastmultrec,20,50,3.0,1,1,15,120.0,8.0,0.0,0.588
insider_relax,20,50,3.0,1,1,15,120.0,8.0,0.0,0.217
lca,20,50,3.0,1,1,15,120.0,8.0,0.0,0.109
segdup,20,50,3.0,1,1,15,45,3,0,17.301
fastmultrec,20,50,3.0,1,1,15,45.0,3.0,0.0,0.034
insider_relax,20,50,3.0,1,1,15,45.0,3.0,0.0,0.019
lca,20,50,3.0,1,1,15,45.0,3.0,0.0,0.009
segdup,20,50,3.0,1,1,15,30,2,0,6.801
fastmultrec,20,50,3.0,1,1,15,30.0,2.0,0.0,0.018
insider_relax,20,50,3.0,1,1,15,30.0,2.0,0.0,0.008
lca,20,50,3.0,1,1,15,30.0,2.0,0.0,0.006
segdup,20,50,3.0,1,1,15,120,8,0,44.510
fastmultrec,20,50,3.0,1,1,15,120.0,8.0,0.0,0.152
insider_relax,20,50,3.0,1,1,15,120.0,8.0,0.0,0.054
lca,20,50,3.0,1,1,15,120.0,8.0,0.0,0.034
segdup,20,50,3.0,1,1,20,40,2,0,3.199
fastmultrec,20,50,3.0,1,1,20,40.0,2.0,0.0,0.042
insider_relax,20,50,3.0,1,1,20,40.0,2.0,0.0,0.019
lca,20,50,3.0,1,1,20,40.0,2.0,0.0,0.014
segdup,20,50,3.0,1,1,20,180,9,0,19.886
fastmultrec,20,50,3.0,1,1,20,180.0,9.0,0.0,0.082
insider_relax,20,50,3.0,1,1,20,180.0,9.0,0.0,0.038
lca,20,50,3.0,1,1,20,180.0,9.0,0.0,0.021
segdup,20,50,3.0,1,1,20,180,9,0,48.187
fastmultrec,20,50,3.0,1,1,20,180.0,9.0,0.0,0.192
insider_relax,20,50,3.0,1,1,20,180.0,9.0,0.0,0.081
lca,20,50,3.0,1,1,20,180.0,9.0,0.0,0.044
segdup,20,50,3.0,1,1,20,200,10,0,270.195
fastmultrec,20,50,3.0,1,1,20,200.0,10.0,0.0,1.270
insider_relax,20,50,3.0,1,1,20,200.0,10.0,0.0,0.266
lca,20,50,3.0,1,1,20,200.0,10.0,0.0,0.155
segdup,20,50,3.0,1,1,20,120,6,0,53.933
fastmultrec,20,50,3.0,1,1,20,120.0,6.0,0.0,0.157
insider_relax,20,50,3.0,1,1,20,120.0,6.0,0.0,0.061
lca,20,50,3.0,1,1,20,120.0,6.0,0.0,0.036
segdup,20,50,3.0,1,1,20,160,8,0,258.536
fastmultrec,20,50,3.0,1,1,20,160.0,8.0,0.0,1.170
insider_relax,20,50,3.0,1,1,20,160.0,8.0,0.0,0.249
lca,20,50,3.0,1,1,20,160.0,8.0,0.0,0.130
segdup,20,50,3.0,1,1,20,60,3,0,11.670
fastmultrec,20,50,3.0,1,1,20,60.0,3.0,0.0,0.037
insider_relax,20,50,3.0,1,1,20,60.0,3.0,0.0,0.018
lca,20,50,3.0,1,1,20,60.0,3.0,0.0,0.009
segdup,20,50,3.0,1,1,20,80,4,0,4.151
fastmultrec,20,50,3.0,1,1,20,80.0,4.0,0.0,0.043
insider_relax,20,50,3.0,1,1,20,80.0,4.0,0.0,0.018
lca,20,50,3.0,1,1,20,80.0,4.0,0.0,0.012
segdup,20,50,3.0,1,1,20,100,5,0,15.729
fastmultrec,20,50,3.0,1,1,20,100.0,5.0,0.0,0.059
insider_relax,20,50,3.0,1,1,20,100.0,5.0,0.0,0.033
lca,20,50,3.0,1,1,20,100.0,5.0,0.0,0.014
segdup,20,50,3.0,1,1,20,120,6,0,12.789
fastmultrec,20,50,3.0,1,1,20,120.0,6.0,0.0,0.081
insider_relax,20,50,3.0,1,1,20,120.0,6.0,0.0,0.030
lca,20,50,3.0,1,1,20,120.0,6.0,0.0,0.018
segdup,20,50,3.0,1,0.5,25,50,2,0,4.353
fastmultrec,20,50,3.0,1,0.5,25,50.0,2.0,0.0,0.015
insider_relax,20,50,3.0,1,0.5,25,50.0,2.0,0.0,0.008
lca,20,50,3.0,1,0.5,25,50.0,2.0,0.0,0.005
segdup,20,50,3.0,1,0.5,25,150,6,0,42.459
fastmultrec,20,50,3.0,1,0.5,25,150.0,6.0,0.0,0.071
insider_relax,20,50,3.0,1,0.5,25,150.0,6.0,0.0,0.035
lca,20,50,3.0,1,0.5,25,150.0,6.0,0.0,0.018
segdup,20,50,3.0,1,0.5,25,100,4,0,5.593
fastmultrec,20,50,3.0,1,0.5,25,100.0,4.0,0.0,0.019
insider_relax,20,50,3.0,1,0.5,25,100.0,4.0,0.0,0.010
lca,20,50,3.0,1,0.5,25,100.0,4.0,0.0,0.006
segdup,20,50,3.0,1,0.5,25,125,5,0,24.871
fastmultrec,20,50,3.0,1,0.5,25,125.0,5.0,0.0,0.095
insider_relax,20,50,3.0,1,0.5,25,125.0,5.0,0.0,0.039
lca,20,50,3.0,1,0.5,25,125.0,5.0,0.0,0.021
segdup,20,50,3.0,1,0.5,25,225,9,0,31.550
fastmultrec,20,50,3.0,1,0.5,25,225.0,9.0,0.0,0.059
insider_relax,20,50,3.0,1,0.5,25,225.0,9.0,0.0,0.029
lca,20,50,3.0,1,0.5,25,225.0,9.0,0.0,0.017
segdup,20,50,3.0,1,0.5,25,175,7,0,214.859
fastmultrec,20,50,3.0,1,0.5,25,175.0,7.0,0.0,0.283
insider_relax,20,50,3.0,1,0.5,25,175.0,7.0,0.0,0.128
lca,20,50,3.0,1,0.5,25,175.0,7.0,0.0,0.061
segdup,20,50,3.0,1,0.5,25,175,7,0,12.580
fastmultrec,20,50,3.0,1,0.5,25,175.0,7.0,0.0,0.038
insider_relax,20,50,3.0,1,0.5,25,175.0,7.0,0.0,0.019
lca,20,50,3.0,1,0.5,25,175.0,7.0,0.0,0.012
segdup,20,50,3.0,1,0.5,25,125,5,0,15.963
fastmultrec,20,50,3.0,1,0.5,25,125.0,5.0,0.0,0.066
insider_relax,20,50,3.0,1,0.5,25,125.0,5.0,0.0,0.029
lca,20,50,3.0,1,0.5,25,125.0,5.0,0.0,0.017
segdup,20,50,3.0,1,0.5,25,250,10,0,32.205
fastmultrec,20,50,3.0,1,0.5,25,250.0,10.0,0.0,0.078
insider_relax,20,50,3.0,1,0.5,25,250.0,10.0,0.0,0.036
lca,20,50,3.0,1,0.5,25,250.0,10.0,0.0,0.020
segdup,20,50,3.0,1,0.5,25,275,11,0,17.910
fastmultrec,20,50,3.0,1,0.5,25,275.0,11.0,0.0,0.042
insider_relax,20,50,3.0,1,0.5,25,275.0,11.0,0.0,0.024
lca,20,50,3.0,1,0.5,25,275.0,11.0,0.0,0.014
segdup,20,50,3.0,1,0.5,5,35,7,0,41.974
fastmultrec,20,50,3.0,1,0.5,5,35.0,7.0,0.0,0.072
insider_relax,20,50,3.0,1,0.5,5,35.0,7.0,0.0,0.031
lca,20,50,3.0,1,0.5,5,35.0,7.0,0.0,0.018
segdup,20,50,3.0,1,0.5,5,45,9,0,20.063
fastmultrec,20,50,3.0,1,0.5,5,45.0,9.0,0.0,0.044
insider_relax,20,50,3.0,1,0.5,5,45.0,9.0,0.0,0.021
lca,20,50,3.0,1,0.5,5,45.0,9.0,0.0,0.012
segdup,20,50,3.0,1,0.5,5,20,4,0,12.459
fastmultrec,20,50,3.0,1,0.5,5,20.0,4.0,0.0,0.026
insider_relax,20,50,3.0,1,0.5,5,20.0,4.0,0.0,0.011
lca,20,50,3.0,1,0.5,5,20.0,4.0,0.0,0.007
segdup,20,50,3.0,1,0.5,5,35,7,0,22.782
fastmultrec,20,50,3.0,1,0.5,5,35.0,7.0,0.0,0.062
insider_relax,20,50,3.0,1,0.5,5,35.0,7.0,0.0,0.030
lca,20,50,3.0,1,0.5,5,35.0,7.0,0.0,0.015
segdup,20,50,3.0,1,0.5,5,30,6,0,35.335
fastmultrec,20,50,3.0,1,0.5,5,30.0,6.0,0.0,0.055
insider_relax,20,50,3.0,1,0.5,5,30.0,6.0,0.0,0.029
lca,20,50,3.0,1,0.5,5,30.0,6.0,0.0,0.015
segdup,20,50,3.0,1,0.5,5,35,7,0,16.142
fastmultrec,20,50,3.0,1,0.5,5,35.0,7.0,0.0,0.070
insider_relax,20,50,3.0,1,0.5,5,35.0,7.0,0.0,0.028
lca,20,50,3.0,1,0.5,5,35.0,7.0,0.0,0.017
segdup,20,50,3.0,1,0.5,5,40,8,0,259.038
fastmultrec,20,50,3.0,1,0.5,5,40.0,8.0,0.0,0.273
insider_relax,20,50,3.0,1,0.5,5,40.0,8.0,0.0,0.117
lca,20,50,3.0,1,0.5,5,40.0,8.0,0.0,0.058
segdup,20,50,3.0,1,0.5,5,30,6,0,17.627
fastmultrec,20,50,3.0,1,0.5,5,30.0,6.0,0.0,0.033
insider_relax,20,50,3.0,1,0.5,5,30.0,6.0,0.0,0.017
lca,20,50,3.0,1,0.5,5,30.0,6.0,0.0,0.009
segdup,20,50,3.0,1,0.5,5,30,6,0,12.517
fastmultrec,20,50,3.0,1,0.5,5,30.0,6.0,0.0,0.042
insider_relax,20,50,3.0,1,0.5,5,30.0,6.0,0.0,0.019
lca,20,50,3.0,1,0.5,5,30.0,6.0,0.0,0.012
segdup,20,50,3.0,1,0.5,5,30,6,0,13.561
fastmultrec,20,50,3.0,1,0.5,5,30.0,6.0,0.0,0.057
insider_relax,20,50,3.0,1,0.5,5,30.0,6.0,0.0,0.025
lca,20,50,3.0,1,0.5,5,30.0,6.0,0.0,0.014
segdup,20,50,3.0,1,0.5,10,110,11,0,39.750
fastmultrec,20,50,3.0,1,0.5,10,110.0,11.0,0.0,0.071
insider_relax,20,50,3.0,1,0.5,10,110.0,11.0,0.0,0.031
lca,20,50,3.0,1,0.5,10,110.0,11.0,0.0,0.019
segdup,20,50,3.0,1,0.5,10,60,6,0,31.468
fastmultrec,20,50,3.0,1,0.5,10,60.0,6.0,0.0,0.053
insider_relax,20,50,3.0,1,0.5,10,60.0,6.0,0.0,0.026
lca,20,50,3.0,1,0.5,10,60.0,6.0,0.0,0.015
segdup,20,50,3.0,1,0.5,10,40,4,0,6.405
fastmultrec,20,50,3.0,1,0.5,10,40.0,4.0,0.0,0.063
insider_relax,20,50,3.0,1,0.5,10,40.0,4.0,0.0,0.031
lca,20,50,3.0,1,0.5,10,40.0,4.0,0.0,0.015
segdup,20,50,3.0,1,0.5,10,60,6,0,4.801
fastmultrec,20,50,3.0,1,0.5,10,60.0,6.0,0.0,0.050
insider_relax,20,50,3.0,1,0.5,10,60.0,6.0,0.0,0.025
lca,20,50,3.0,1,0.5,10,60.0,6.0,0.0,0.013
segdup,20,50,3.0,1,0.5,10,70,7,0,34.600
fastmultrec,20,50,3.0,1,0.5,10,70.0,7.0,0.0,0.048
insider_relax,20,50,3.0,1,0.5,10,70.0,7.0,0.0,0.023
lca,20,50,3.0,1,0.5,10,70.0,7.0,0.0,0.014
segdup,20,50,3.0,1,0.5,10,80,8,0,16.527
fastmultrec,20,50,3.0,1,0.5,10,80.0,8.0,0.0,0.035
insider_relax,20,50,3.0,1,0.5,10,80.0,8.0,0.0,0.018
lca,20,50,3.0,1,0.5,10,80.0,8.0,0.0,0.010
segdup,20,50,3.0,1,0.5,10,110,11,0,28.338
fastmultrec,20,50,3.0,1,0.5,10,110.0,11.0,0.0,0.060
insider_relax,20,50,3.0,1,0.5,10,110.0,11.0,0.0,0.028
lca,20,50,3.0,1,0.5,10,110.0,11.0,0.0,0.015
segdup,20,50,3.0,1,0.5,10,80,8,0,11.318
fastmultrec,20,50,3.0,1,0.5,10,80.0,8.0,0.0,0.030
insider_relax,20,50,3.0,1,0.5,10,80.0,8.0,0.0,0.014
lca,20,50,3.0,1,0.5,10,80.0,8.0,0.0,0.010
segdup,20,50,3.0,1,0.5,10,110,11,0,175.811
fastmultrec,20,50,3.0,1,0.5,10,110.0,11.0,0.0,0.172
insider_relax,20,50,3.0,1,0.5,10,110.0,11.0,0.0,0.071
lca,20,50,3.0,1,0.5,10,110.0,11.0,0.0,0.047
segdup,20,50,3.0,1,0.5,10,110,11,0,57.164
fastmultrec,20,50,3.0,1,0.5,10,110.0,11.0,0.0,0.158
insider_relax,20,50,3.0,1,0.5,10,110.0,11.0,0.0,0.061
lca,20,50,3.0,1,0.5,10,110.0,11.0,0.0,0.033
segdup,20,50,3.0,1,0.5,15,90,6,0,6.926
fastmultrec,20,50,3.0,1,0.5,15,90.0,6.0,0.0,0.023
insider_relax,20,50,3.0,1,0.5,15,90.0,6.0,0.0,0.012
lca,20,50,3.0,1,0.5,15,90.0,6.0,0.0,0.007
segdup,20,50,3.0,1,0.5,15,165,11,0,668.657
fastmultrec,20,50,3.0,1,0.5,15,165.0,11.0,0.0,0.821
insider_relax,20,50,3.0,1,0.5,15,165.0,11.0,0.0,0.313
lca,20,50,3.0,1,0.5,15,165.0,11.0,0.0,0.154
segdup,20,50,3.0,1,0.5,15,90,6,0,19.414
fastmultrec,20,50,3.0,1,0.5,15,90.0,6.0,0.0,0.041
insider_relax,20,50,3.0,1,0.5,15,90.0,6.0,0.0,0.022
lca,20,50,3.0,1,0.5,15,90.0,6.0,0.0,0.010
segdup,20,50,3.0,1,0.5,15,45,3,0,5.131
fastmultrec,20,50,3.0,1,0.5,15,45.0,3.0,0.0,0.026
insider_relax,20,50,3.0,1,0.5,15,45.0,3.0,0.0,0.013
lca,20,50,3.0,1,0.5,15,45.0,3.0,0.0,0.008
segdup,20,50,3.0,1,0.5,15,45,3,0,5.878
fastmultrec,20,50,3.0,1,0.5,15,45.0,3.0,0.0,0.019
insider_relax,20,50,3.0,1,0.5,15,45.0,3.0,0.0,0.010
lca,20,50,3.0,1,0.5,15,45.0,3.0,0.0,0.006
segdup,20,50,3.0,1,0.5,15,105,7,0,48.651
fastmultrec,20,50,3.0,1,0.5,15,105.0,7.0,0.0,0.082
insider_relax,20,50,3.0,1,0.5,15,105.0,7.0,0.0,0.043
lca,20,50,3.0,1,0.5,15,105.0,7.0,0.0,0.021
segdup,20,50,3.0,1,0.5,15,120,8,0,31.107
fastmultrec,20,50,3.0,1,0.5,15,120.0,8.0,0.0,0.084
insider_relax,20,50,3.0,1,0.5,15,120.0,8.0,0.0,0.032
lca,20,50,3.0,1,0.5,15,120.0,8.0,0.0,0.018
segdup,20,50,3.0,1,0.5,15,90,6,0,9.046
fastmultrec,20,50,3.0,1,0.5,15,90.0,6.0,0.0,0.042
insider_relax,20,50,3.0,1,0.5,15,90.0,6.0,0.0,0.018
lca,20,50,3.0,1,0.5,15,90.0,6.0,0.0,0.012
segdup,20,50,3.0,1,0.5,15,120,8,0,118.096
fastmultrec,20,50,3.0,1,0.5,15,120.0,8.0,0.0,0.216
insider_relax,20,50,3.0,1,0.5,15,120.0,8.0,0.0,0.085
lca,20,50,3.0,1,0.5,15,120.0,8.0,0.0,0.043
segdup,20,50,3.0,1,0.5,15,90,6,0,22.532
fastmultrec,20,50,3.0,1,0.5,15,90.0,6.0,0.0,0.053
insider_relax,20,50,3.0,1,0.5,15,90.0,6.0,0.0,0.021
lca,20,50,3.0,1,0.5,15,90.0,6.0,0.0,0.014
segdup,20,50,3.0,1,0.5,20,120,6,0,5.794
fastmultrec,20,50,3.0,1,0.5,20,120.0,6.0,0.0,0.032
insider_relax,20,50,3.0,1,0.5,20,120.0,6.0,0.0,0.015
lca,20,50,3.0,1,0.5,20,120.0,6.0,0.0,0.008
segdup,20,50,3.0,1,0.5,20,240,12,0,228.201
fastmultrec,20,50,3.0,1,0.5,20,240.0,12.0,0.0,0.438
insider_relax,20,50,3.0,1,0.5,20,240.0,12.0,0.0,0.164
lca,20,50,3.0,1,0.5,20,240.0,12.0,0.0,0.085
segdup,20,50,3.0,1,0.5,20,140,7,0,9.191
fastmultrec,20,50,3.0,1,0.5,20,140.0,7.0,0.0,0.037
insider_relax,20,50,3.0,1,0.5,20,140.0,7.0,0.0,0.020
lca,20,50,3.0,1,0.5,20,140.0,7.0,0.0,0.010
segdup,20,50,3.0,1,0.5,20,200,10,0,20.885
fastmultrec,20,50,3.0,1,0.5,20,200.0,10.0,0.0,0.053
insider_relax,20,50,3.0,1,0.5,20,200.0,10.0,0.0,0.026
lca,20,50,3.0,1,0.5,20,200.0,10.0,0.0,0.014
segdup,20,50,3.0,1,0.5,20,260,13,0,62.627
fastmultrec,20,50,3.0,1,0.5,20,260.0,13.0,0.0,0.187
insider_relax,20,50,3.0,1,0.5,20,260.0,13.0,0.0,0.074
lca,20,50,3.0,1,0.5,20,260.0,13.0,0.0,0.039
segdup,20,50,3.0,1,0.5,20,60,3,0,13.256
fastmultrec,20,50,3.0,1,0.5,20,60.0,3.0,0.0,0.036
insider_relax,20,50,3.0,1,0.5,20,60.0,3.0,0.0,0.017
lca,20,50,3.0,1,0.5,20,60.0,3.0,0.0,0.010
segdup,20,50,3.0,1,0.5,20,140,7,0,12.257
fastmultrec,20,50,3.0,1,0.5,20,140.0,7.0,0.0,0.045
insider_relax,20,50,3.0,1,0.5,20,140.0,7.0,0.0,0.022
lca,20,50,3.0,1,0.5,20,140.0,7.0,0.0,0.010
segdup,20,50,3.0,1,0.5,20,220,11,0,196.878
fastmultrec,20,50,3.0,1,0.5,20,220.0,11.0,0.0,0.312
insider_relax,20,50,3.0,1,0.5,20,220.0,11.0,0.0,0.155
lca,20,50,3.0,1,0.5,20,220.0,11.0,0.0,0.080
segdup,20,50,3.0,1,0.5,20,40,2,0,14.344
fastmultrec,20,50,3.0,1,0.5,20,40.0,2.0,0.0,0.035
insider_relax,20,50,3.0,1,0.5,20,40.0,2.0,0.0,0.016
lca,20,50,3.0,1,0.5,20,40.0,2.0,0.0,0.009
segdup,20,50,3.0,1,0.5,20,160,8,0,18.245
fastmultrec,20,50,3.0,1,0.5,20,160.0,8.0,0.0,0.056
insider_relax,20,50,3.0,1,0.5,20,160.0,8.0,0.0,0.026
lca,20,50,3.0,1,0.5,20,160.0,8.0,0.0,0.013
segdup,20,50,3.0,1,0.8,25,125,5,0,31.176
fastmultrec,20,50,3.0,1,0.8,25,125.0,5.0,0.0,0.083
insider_relax,20,50,3.0,1,0.8,25,125.0,5.0,0.0,0.038
lca,20,50,3.0,1,0.8,25,125.0,5.0,0.0,0.018
segdup,20,50,3.0,1,0.8,25,200,8,0,20.954
fastmultrec,20,50,3.0,1,0.8,25,200.0,8.0,0.0,0.061
insider_relax,20,50,3.0,1,0.8,25,200.0,8.0,0.0,0.029
lca,20,50,3.0,1,0.8,25,200.0,8.0,0.0,0.016
segdup,20,50,3.0,1,0.8,25,175,7,0,25.945
fastmultrec,20,50,3.0,1,0.8,25,175.0,7.0,0.0,0.089
insider_relax,20,50,3.0,1,0.8,25,175.0,7.0,0.0,0.035
lca,20,50,3.0,1,0.8,25,175.0,7.0,0.0,0.017
segdup,20,50,3.0,1,0.8,25,175,7,0,42.098
fastmultrec,20,50,3.0,1,0.8,25,175.0,7.0,0.0,0.092
insider_relax,20,50,3.0,1,0.8,25,175.0,7.0,0.0,0.040
lca,20,50,3.0,1,0.8,25,175.0,7.0,0.0,0.024
segdup,20,50,3.0,1,0.8,25,225,9,0,63.235
fastmultrec,20,50,3.0,1,0.8,25,225.0,9.0,0.0,0.108
insider_relax,20,50,3.0,1,0.8,25,225.0,9.0,0.0,0.048
lca,20,50,3.0,1,0.8,25,225.0,9.0,0.0,0.031
segdup,20,50,3.0,1,0.8,25,125,5,0,28.019
fastmultrec,20,50,3.0,1,0.8,25,125.0,5.0,0.0,0.059
insider_relax,20,50,3.0,1,0.8,25,125.0,5.0,0.0,0.027
lca,20,50,3.0,1,0.8,25,125.0,5.0,0.0,0.015
segdup,20,50,3.0,1,0.8,25,200,8,0,2.676
fastmultrec,20,50,3.0,1,0.8,25,200.0,8.0,0.0,0.043
insider_relax,20,50,3.0,1,0.8,25,200.0,8.0,0.0,0.016
lca,20,50,3.0,1,0.8,25,200.0,8.0,0.0,0.011
segdup,20,50,3.0,1,0.8,25,150,6,0,27.117
fastmultrec,20,50,3.0,1,0.8,25,150.0,6.0,0.0,0.099
insider_relax,20,50,3.0,1,0.8,25,150.0,6.0,0.0,0.043
lca,20,50,3.0,1,0.8,25,150.0,6.0,0.0,0.022
segdup,20,50,3.0,1,0.8,25,275,11,0,1278.134
fastmultrec,20,50,3.0,1,0.8,25,275.0,11.0,0.0,3.105
insider_relax,20,50,3.0,1,0.8,25,275.0,11.0,0.0,0.902
lca,20,50,3.0,1,0.8,25,275.0,11.0,0.0,0.448
segdup,20,50,3.0,1,0.8,25,150,6,0,14.041
fastmultrec,20,50,3.0,1,0.8,25,150.0,6.0,0.0,0.062
insider_relax,20,50,3.0,1,0.8,25,150.0,6.0,0.0,0.029
lca,20,50,3.0,1,0.8,25,150.0,6.0,0.0,0.015
segdup,20,50,3.0,1,0.8,5,50,10,0,144.637
fastmultrec,20,50,3.0,1,0.8,5,50.0,10.0,0.0,0.152
insider_relax,20,50,3.0,1,0.8,5,50.0,10.0,0.0,0.068
lca,20,50,3.0,1,0.8,5,50.0,10.0,0.0,0.046
segdup,20,50,3.0,1,0.8,5,25,5,0,49.740
fastmultrec,20,50,3.0,1,0.8,5,25.0,5.0,0.0,0.085
insider_relax,20,50,3.0,1,0.8,5,25.0,5.0,0.0,0.034
lca,20,50,3.0,1,0.8,5,25.0,5.0,0.0,0.021
segdup,20,50,3.0,1,0.8,5,40,8,0,1741.380
fastmultrec,20,50,3.0,1,0.8,5,40.0,8.0,0.0,1.072
insider_relax,20,50,3.0,1,0.8,5,40.0,8.0,0.0,0.534
lca,20,50,3.0,1,0.8,5,40.0,8.0,0.0,0.248
segdup,20,50,3.0,1,0.8,5,35,7,0,106.380
fastmultrec,20,50,3.0,1,0.8,5,35.0,7.0,0.0,0.164
insider_relax,20,50,3.0,1,0.8,5,35.0,7.0,0.0,0.073
lca,20,50,3.0,1,0.8,5,35.0,7.0,0.0,0.038
segdup,20,50,3.0,1,0.8,5,20,4,0,12.319
fastmultrec,20,50,3.0,1,0.8,5,20.0,4.0,0.0,0.023
insider_relax,20,50,3.0,1,0.8,5,20.0,4.0,0.0,0.011
lca,20,50,3.0,1,0.8,5,20.0,4.0,0.0,0.006
segdup,20,50,3.0,1,0.8,5,40,8,0,44.520
fastmultrec,20,50,3.0,1,0.8,5,40.0,8.0,0.0,0.070
insider_relax,20,50,3.0,1,0.8,5,40.0,8.0,0.0,0.028
lca,20,50,3.0,1,0.8,5,40.0,8.0,0.0,0.017
segdup,20,50,3.0,1,0.8,5,35,7,0,35.150
fastmultrec,20,50,3.0,1,0.8,5,35.0,7.0,0.0,0.054
insider_relax,20,50,3.0,1,0.8,5,35.0,7.0,0.0,0.026
lca,20,50,3.0,1,0.8,5,35.0,7.0,0.0,0.015
segdup,20,50,3.0,1,0.8,5,30,6,0,72.875
fastmultrec,20,50,3.0,1,0.8,5,30.0,6.0,0.0,0.111
insider_relax,20,50,3.0,1,0.8,5,30.0,6.0,0.0,0.047
lca,20,50,3.0,1,0.8,5,30.0,6.0,0.0,0.025
segdup,20,50,3.0,1,0.8,5,45,9,0,182.948
fastmultrec,20,50,3.0,1,0.8,5,45.0,9.0,0.0,0.261
insider_relax,20,50,3.0,1,0.8,5,45.0,9.0,0.0,0.106
lca,20,50,3.0,1,0.8,5,45.0,9.0,0.0,0.055
segdup,20,50,3.0,1,0.8,5,55,11,0,15.488
fastmultrec,20,50,3.0,1,0.8,5,55.0,11.0,0.0,0.044
insider_relax,20,50,3.0,1,0.8,5,55.0,11.0,0.0,0.020
lca,20,50,3.0,1,0.8,5,55.0,11.0,0.0,0.012
segdup,20,50,3.0,1,0.8,10,80,8,0,197.432
fastmultrec,20,50,3.0,1,0.8,10,80.0,8.0,0.0,0.250
insider_relax,20,50,3.0,1,0.8,10,80.0,8.0,0.0,0.115
lca,20,50,3.0,1,0.8,10,80.0,8.0,0.0,0.059
segdup,20,50,3.0,1,0.8,10,60,6,0,69.639
fastmultrec,20,50,3.0,1,0.8,10,60.0,6.0,0.0,0.166
insider_relax,20,50,3.0,1,0.8,10,60.0,6.0,0.0,0.060
lca,20,50,3.0,1,0.8,10,60.0,6.0,0.0,0.032
segdup,20,50,3.0,1,0.8,10,50,5,0,56.887
fastmultrec,20,50,3.0,1,0.8,10,50.0,5.0,0.0,0.133
insider_relax,20,50,3.0,1,0.8,10,50.0,5.0,0.0,0.049
lca,20,50,3.0,1,0.8,10,50.0,5.0,0.0,0.027
segdup,20,50,3.0,1,0.8,10,50,5,0,37.686
fastmultrec,20,50,3.0,1,0.8,10,50.0,5.0,0.0,0.067
insider_relax,20,50,3.0,1,0.8,10,50.0,5.0,0.0,0.029
lca,20,50,3.0,1,0.8,10,50.0,5.0,0.0,0.018
segdup,20,50,3.0,1,0.8,10,40,4,0,8.572
fastmultrec,20,50,3.0,1,0.8,10,40.0,4.0,0.0,0.032
insider_relax,20,50,3.0,1,0.8,10,40.0,4.0,0.0,0.015
lca,20,50,3.0,1,0.8,10,40.0,4.0,0.0,0.010
segdup,20,50,3.0,1,0.8,10,40,4,0,106.094
fastmultrec,20,50,3.0,1,0.8,10,40.0,4.0,0.0,0.132
insider_relax,20,50,3.0,1,0.8,10,40.0,4.0,0.0,0.056
lca,20,50,3.0,1,0.8,10,40.0,4.0,0.0,0.029
segdup,20,50,3.0,1,0.8,10,80,8,0,52.547
fastmultrec,20,50,3.0,1,0.8,10,80.0,8.0,0.0,0.074
insider_relax,20,50,3.0,1,0.8,10,80.0,8.0,0.0,0.035
lca,20,50,3.0,1,0.8,10,80.0,8.0,0.0,0.022
segdup,20,50,3.0,1,0.8,10,80,8,0,514.367
fastmultrec,20,50,3.0,1,0.8,10,80.0,8.0,0.0,0.541
insider_relax,20,50,3.0,1,0.8,10,80.0,8.0,0.0,0.224
lca,20,50,3.0,1,0.8,10,80.0,8.0,0.0,0.108
segdup,20,50,3.0,1,0.8,10,90,9,0,166.498
fastmultrec,20,50,3.0,1,0.8,10,90.0,9.0,0.0,0.228
insider_relax,20,50,3.0,1,0.8,10,90.0,9.0,0.0,0.096
lca,20,50,3.0,1,0.8,10,90.0,9.0,0.0,0.054
segdup,20,50,3.0,1,0.8,10,70,7,0,346.951
fastmultrec,20,50,3.0,1,0.8,10,70.0,7.0,0.0,0.357
insider_relax,20,50,3.0,1,0.8,10,70.0,7.0,0.0,0.148
lca,20,50,3.0,1,0.8,10,70.0,7.0,0.0,0.078
segdup,20,50,3.0,1,0.8,15,120,8,0,77.816
fastmultrec,20,50,3.0,1,0.8,15,120.0,8.0,0.0,0.157
insider_relax,20,50,3.0,1,0.8,15,120.0,8.0,0.0,0.063
lca,20,50,3.0,1,0.8,15,120.0,8.0,0.0,0.033
segdup,20,50,3.0,1,0.8,15,135,9,0,8.926
fastmultrec,20,50,3.0,1,0.8,15,135.0,9.0,0.0,0.138
insider_relax,20,50,3.0,1,0.8,15,135.0,9.0,0.0,0.039
lca,20,50,3.0,1,0.8,15,135.0,9.0,0.0,0.027
segdup,20,50,3.0,1,0.8,15,105,7,0,135.264
fastmultrec,20,50,3.0,1,0.8,15,105.0,7.0,0.0,0.243
insider_relax,20,50,3.0,1,0.8,15,105.0,7.0,0.0,0.076
lca,20,50,3.0,1,0.8,15,105.0,7.0,0.0,0.045
segdup,20,50,3.0,1,0.8,15,135,9,0,224.659
fastmultrec,20,50,3.0,1,0.8,15,135.0,9.0,0.0,0.372
insider_relax,20,50,3.0,1,0.8,15,135.0,9.0,0.0,0.147
lca,20,50,3.0,1,0.8,15,135.0,9.0,0.0,0.078
segdup,20,50,3.0,1,0.8,15,75,5,0,45.708
fastmultrec,20,50,3.0,1,0.8,15,75.0,5.0,0.0,0.247
insider_relax,20,50,3.0,1,0.8,15,75.0,5.0,0.0,0.082
lca,20,50,3.0,1,0.8,15,75.0,5.0,0.0,0.043
segdup,20,50,3.0,1,0.8,15,75,5,0,40.036
fastmultrec,20,50,3.0,1,0.8,15,75.0,5.0,0.0,0.139
insider_relax,20,50,3.0,1,0.8,15,75.0,5.0,0.0,0.058
lca,20,50,3.0,1,0.8,15,75.0,5.0,0.0,0.030
segdup,20,50,3.0,1,0.8,15,120,8,0,9.654
fastmultrec,20,50,3.0,1,0.8,15,120.0,8.0,0.0,0.041
insider_relax,20,50,3.0,1,0.8,15,120.0,8.0,0.0,0.019
lca,20,50,3.0,1,0.8,15,120.0,8.0,0.0,0.012
segdup,20,50,3.0,1,0.8,15,195,13,0,1321.393
fastmultrec,20,50,3.0,1,0.8,15,195.0,13.0,0.0,2.442
insider_relax,20,50,3.0,1,0.8,15,195.0,13.0,0.0,0.591
lca,20,50,3.0,1,0.8,15,195.0,13.0,0.0,0.286
segdup,20,50,3.0,1,0.8,15,15,1,0,0.849
fastmultrec,20,50,3.0,1,0.8,15,15.0,1.0,0.0,0.015
insider_relax,20,50,3.0,1,0.8,15,15.0,1.0,0.0,0.007
lca,20,50,3.0,1,0.8,15,15.0,1.0,0.0,0.005
segdup,20,50,3.0,1,0.8,15,105,7,0,59.896
fastmultrec,20,50,3.0,1,0.8,15,105.0,7.0,0.0,0.233
insider_relax,20,50,3.0,1,0.8,15,105.0,7.0,0.0,0.078
lca,20,50,3.0,1,0.8,15,105.0,7.0,0.0,0.044
segdup,20,50,3.0,1,0.8,20,160,8,0,65.510
fastmultrec,20,50,3.0,1,0.8,20,160.0,8.0,0.0,0.192
insider_relax,20,50,3.0,1,0.8,20,160.0,8.0,0.0,0.078
lca,20,50,3.0,1,0.8,20,160.0,8.0,0.0,0.049
segdup,20,50,3.0,1,0.8,20,120,6,0,69.393
fastmultrec,20,50,3.0,1,0.8,20,120.0,6.0,0.0,0.208
insider_relax,20,50,3.0,1,0.8,20,120.0,6.0,0.0,0.086
lca,20,50,3.0,1,0.8,20,120.0,6.0,0.0,0.047
segdup,20,50,3.0,1,0.8,20,220,11,0,318.864
fastmultrec,20,50,3.0,1,0.8,20,220.0,11.0,0.0,0.644
insider_relax,20,50,3.0,1,0.8,20,220.0,11.0,0.0,0.234
lca,20,50,3.0,1,0.8,20,220.0,11.0,0.0,0.116
segdup,20,50,3.0,1,0.8,20,80,4,0,10.504
fastmultrec,20,50,3.0,1,0.8,20,80.0,4.0,0.0,0.036
insider_relax,20,50,3.0,1,0.8,20,80.0,4.0,0.0,0.017
lca,20,50,3.0,1,0.8,20,80.0,4.0,0.0,0.010
segdup,20,50,3.0,1,0.8,20,80,4,0,4.627
fastmultrec,20,50,3.0,1,0.8,20,80.0,4.0,0.0,0.035
insider_relax,20,50,3.0,1,0.8,20,80.0,4.0,0.0,0.017
lca,20,50,3.0,1,0.8,20,80.0,4.0,0.0,0.009
segdup,20,50,3.0,1,0.8,20,120,6,0,95.336
fastmultrec,20,50,3.0,1,0.8,20,120.0,6.0,0.0,0.224
insider_relax,20,50,3.0,1,0.8,20,120.0,6.0,0.0,0.073
lca,20,50,3.0,1,0.8,20,120.0,6.0,0.0,0.039
segdup,20,50,3.0,1,0.8,20,100,5,0,4.261
fastmultrec,20,50,3.0,1,0.8,20,100.0,5.0,0.0,0.027
insider_relax,20,50,3.0,1,0.8,20,100.0,5.0,0.0,0.015
lca,20,50,3.0,1,0.8,20,100.0,5.0,0.0,0.008
segdup,20,50,3.0,1,0.8,20,220,11,0,326.334
fastmultrec,20,50,3.0,1,0.8,20,220.0,11.0,0.0,0.834
insider_relax,20,50,3.0,1,0.8,20,220.0,11.0,0.0,0.212
lca,20,50,3.0,1,0.8,20,220.0,11.0,0.0,0.129
segdup,20,50,3.0,1,0.8,20,180,9,0,73.769
fastmultrec,20,50,3.0,1,0.8,20,180.0,9.0,0.0,0.145
insider_relax,20,50,3.0,1,0.8,20,180.0,9.0,0.0,0.052
lca,20,50,3.0,1,0.8,20,180.0,9.0,0.0,0.033
segdup,20,50,3.0,1,0.8,20,180,9,0,47.181
fastmultrec,20,50,3.0,1,0.8,20,180.0,9.0,0.0,0.160
insider_relax,20,50,3.0,1,0.8,20,180.0,9.0,0.0,0.062
lca,20,50,3.0,1,0.8,20,180.0,9.0,0.0,0.034
segdup,20,50,3.0,1,0.2,25,250,10,0,13.716
fastmultrec,20,50,3.0,1,0.2,25,250.0,10.0,0.0,0.031
insider_relax,20,50,3.0,1,0.2,25,250.0,10.0,0.0,0.019
lca,20,50,3.0,1,0.2,25,250.0,10.0,0.0,0.009
segdup,20,50,3.0,1,0.2,25,225,9,0,29.814
fastmultrec,20,50,3.0,1,0.2,25,225.0,9.0,0.0,0.072
insider_relax,20,50,3.0,1,0.2,25,225.0,9.0,0.0,0.036
lca,20,50,3.0,1,0.2,25,225.0,9.0,0.0,0.021
segdup,20,50,3.0,1,0.2,25,100,4,0,8.178
fastmultrec,20,50,3.0,1,0.2,25,100.0,4.0,0.0,0.023
insider_relax,20,50,3.0,1,0.2,25,100.0,4.0,0.0,0.012
lca,20,50,3.0,1,0.2,25,100.0,4.0,0.0,0.007
segdup,20,50,3.0,1,0.2,25,175,7,0,7.981
fastmultrec,20,50,3.0,1,0.2,25,175.0,7.0,0.0,0.023
insider_relax,20,50,3.0,1,0.2,25,175.0,7.0,0.0,0.014
lca,20,50,3.0,1,0.2,25,175.0,7.0,0.0,0.008
segdup,20,50,3.0,1,0.2,25,200,8,0,5.797
fastmultrec,20,50,3.0,1,0.2,25,200.0,8.0,0.0,0.023
insider_relax,20,50,3.0,1,0.2,25,200.0,8.0,0.0,0.014
lca,20,50,3.0,1,0.2,25,200.0,8.0,0.0,0.008
segdup,20,50,3.0,1,0.2,25,75,3,0,6.841
fastmultrec,20,50,3.0,1,0.2,25,75.0,3.0,0.0,0.023
insider_relax,20,50,3.0,1,0.2,25,75.0,3.0,0.0,0.010
lca,20,50,3.0,1,0.2,25,75.0,3.0,0.0,0.006
segdup,20,50,3.0,1,0.2,25,350,14,0,13.451
fastmultrec,20,50,3.0,1,0.2,25,350.0,14.0,0.0,0.038
insider_relax,20,50,3.0,1,0.2,25,350.0,14.0,0.0,0.023
lca,20,50,3.0,1,0.2,25,350.0,14.0,0.0,0.010
segdup,20,50,3.0,1,0.2,25,200,8,0,5.987
fastmultrec,20,50,3.0,1,0.2,25,200.0,8.0,0.0,0.032
insider_relax,20,50,3.0,1,0.2,25,200.0,8.0,0.0,0.017
lca,20,50,3.0,1,0.2,25,200.0,8.0,0.0,0.007
segdup,20,50,3.0,1,0.2,25,225,9,0,9.514
fastmultrec,20,50,3.0,1,0.2,25,225.0,9.0,0.0,0.034
insider_relax,20,50,3.0,1,0.2,25,225.0,9.0,0.0,0.021
lca,20,50,3.0,1,0.2,25,225.0,9.0,0.0,0.009
segdup,20,50,3.0,1,0.2,25,125,5,0,9.655
fastmultrec,20,50,3.0,1,0.2,25,125.0,5.0,0.0,0.029
insider_relax,20,50,3.0,1,0.2,25,125.0,5.0,0.0,0.015
lca,20,50,3.0,1,0.2,25,125.0,5.0,0.0,0.007
segdup,20,50,3.0,1,0.2,5,30,6,0,6.561
fastmultrec,20,50,3.0,1,0.2,5,30.0,6.0,0.0,0.025
insider_relax,20,50,3.0,1,0.2,5,30.0,6.0,0.0,0.013
lca,20,50,3.0,1,0.2,5,30.0,6.0,0.0,0.009
segdup,20,50,3.0,1,0.2,5,35,7,0,12.352
fastmultrec,20,50,3.0,1,0.2,5,35.0,7.0,0.0,0.022
insider_relax,20,50,3.0,1,0.2,5,35.0,7.0,0.0,0.011
lca,20,50,3.0,1,0.2,5,35.0,7.0,0.0,0.006
segdup,20,50,3.0,1,0.2,5,20,4,0,11.599
fastmultrec,20,50,3.0,1,0.2,5,20.0,4.0,0.0,0.023
insider_relax,20,50,3.0,1,0.2,5,20.0,4.0,0.0,0.012
lca,20,50,3.0,1,0.2,5,20.0,4.0,0.0,0.007
segdup,20,50,3.0,1,0.2,5,30,6,0,11.017
fastmultrec,20,50,3.0,1,0.2,5,30.0,6.0,0.0,0.021
insider_relax,20,50,3.0,1,0.2,5,30.0,6.0,0.0,0.011
lca,20,50,3.0,1,0.2,5,30.0,6.0,0.0,0.006
segdup,20,50,3.0,1,0.2,5,50,10,0,3.546
fastmultrec,20,50,3.0,1,0.2,5,50.0,10.0,0.0,0.044
insider_relax,20,50,3.0,1,0.2,5,50.0,10.0,0.0,0.015
lca,20,50,3.0,1,0.2,5,50.0,10.0,0.0,0.010
segdup,20,50,3.0,1,0.2,5,35,7,0,14.407
fastmultrec,20,50,3.0,1,0.2,5,35.0,7.0,0.0,0.040
insider_relax,20,50,3.0,1,0.2,5,35.0,7.0,0.0,0.022
lca,20,50,3.0,1,0.2,5,35.0,7.0,0.0,0.010
segdup,20,50,3.0,1,0.2,5,10,2,0,5.386
fastmultrec,20,50,3.0,1,0.2,5,10.0,2.0,0.0,0.020
insider_relax,20,50,3.0,1,0.2,5,10.0,2.0,0.0,0.009
lca,20,50,3.0,1,0.2,5,10.0,2.0,0.0,0.007
segdup,20,50,3.0,1,0.2,5,35,7,0,9.536
fastmultrec,20,50,3.0,1,0.2,5,35.0,7.0,0.0,0.020
insider_relax,20,50,3.0,1,0.2,5,35.0,7.0,0.0,0.011
lca,20,50,3.0,1,0.2,5,35.0,7.0,0.0,0.007
segdup,20,50,3.0,1,0.2,5,25,5,0,6.230
fastmultrec,20,50,3.0,1,0.2,5,25.0,5.0,0.0,0.019
insider_relax,20,50,3.0,1,0.2,5,25.0,5.0,0.0,0.010
lca,20,50,3.0,1,0.2,5,25.0,5.0,0.0,0.006
segdup,20,50,3.0,1,0.2,5,30,6,0,11.995
fastmultrec,20,50,3.0,1,0.2,5,30.0,6.0,0.0,0.024
insider_relax,20,50,3.0,1,0.2,5,30.0,6.0,0.0,0.012
lca,20,50,3.0,1,0.2,5,30.0,6.0,0.0,0.009
segdup,20,50,3.0,1,0.2,10,73,7,3,10.799
fastmultrec,20,50,3.0,1,0.2,10,73.0,7.0,3.0,0.051
insider_relax,20,50,3.0,1,0.2,10,73.0,7.0,3.0,0.015
lca,20,50,3.0,1,0.2,10,80.0,8.0,0.0,0.011
segdup,20,50,3.0,1,0.2,10,90,9,0,11.265
fastmultrec,20,50,3.0,1,0.2,10,90.0,9.0,0.0,0.029
insider_relax,20,50,3.0,1,0.2,10,90.0,9.0,0.0,0.017
lca,20,50,3.0,1,0.2,10,90.0,9.0,0.0,0.008
segdup,20,50,3.0,1,0.2,10,40,4,0,8.381
fastmultrec,20,50,3.0,1,0.2,10,40.0,4.0,0.0,0.023
insider_relax,20,50,3.0,1,0.2,10,40.0,4.0,0.0,0.012
lca,20,50,3.0,1,0.2,10,40.0,4.0,0.0,0.007
segdup,20,50,3.0,1,0.2,10,80,8,0,13.037
fastmultrec,20,50,3.0,1,0.2,10,80.0,8.0,0.0,0.037
insider_relax,20,50,3.0,1,0.2,10,80.0,8.0,0.0,0.016
lca,20,50,3.0,1,0.2,10,80.0,8.0,0.0,0.008
segdup,20,50,3.0,1,0.2,10,60,6,0,9.207
fastmultrec,20,50,3.0,1,0.2,10,60.0,6.0,0.0,0.018
insider_relax,20,50,3.0,1,0.2,10,60.0,6.0,0.0,0.010
lca,20,50,3.0,1,0.2,10,60.0,6.0,0.0,0.007
segdup,20,50,3.0,1,0.2,10,90,9,0,31.282
fastmultrec,20,50,3.0,1,0.2,10,90.0,9.0,0.0,0.056
insider_relax,20,50,3.0,1,0.2,10,90.0,9.0,0.0,0.027
lca,20,50,3.0,1,0.2,10,90.0,9.0,0.0,0.015
segdup,20,50,3.0,1,0.2,10,60,6,0,11.385
fastmultrec,20,50,3.0,1,0.2,10,60.0,6.0,0.0,0.022
insider_relax,20,50,3.0,1,0.2,10,60.0,6.0,0.0,0.012
lca,20,50,3.0,1,0.2,10,60.0,6.0,0.0,0.007
segdup,20,50,3.0,1,0.2,10,30,3,0,2.625
fastmultrec,20,50,3.0,1,0.2,10,30.0,3.0,0.0,0.044
insider_relax,20,50,3.0,1,0.2,10,30.0,3.0,0.0,0.016
lca,20,50,3.0,1,0.2,10,30.0,3.0,0.0,0.010
segdup,20,50,3.0,1,0.2,10,30,3,0,6.533
fastmultrec,20,50,3.0,1,0.2,10,30.0,3.0,0.0,0.028
insider_relax,20,50,3.0,1,0.2,10,30.0,3.0,0.0,0.012
lca,20,50,3.0,1,0.2,10,30.0,3.0,0.0,0.007
segdup,20,50,3.0,1,0.2,10,80,8,0,30.951
fastmultrec,20,50,3.0,1,0.2,10,80.0,8.0,0.0,0.048
insider_relax,20,50,3.0,1,0.2,10,80.0,8.0,0.0,0.023
lca,20,50,3.0,1,0.2,10,80.0,8.0,0.0,0.014
segdup,20,50,3.0,1,0.2,15,75,5,0,10.003
fastmultrec,20,50,3.0,1,0.2,15,75.0,5.0,0.0,0.020
insider_relax,20,50,3.0,1,0.2,15,75.0,5.0,0.0,0.011
lca,20,50,3.0,1,0.2,15,75.0,5.0,0.0,0.006
segdup,20,50,3.0,1,0.2,15,150,10,0,10.527
fastmultrec,20,50,3.0,1,0.2,15,150.0,10.0,0.0,0.027
insider_relax,20,50,3.0,1,0.2,15,150.0,10.0,0.0,0.019
lca,20,50,3.0,1,0.2,15,150.0,10.0,0.0,0.008
segdup,20,50,3.0,1,0.2,15,45,3,0,2.297
fastmultrec,20,50,3.0,1,0.2,15,45.0,3.0,0.0,0.034
insider_relax,20,50,3.0,1,0.2,15,45.0,3.0,0.0,0.013
lca,20,50,3.0,1,0.2,15,45.0,3.0,0.0,0.010
segdup,20,50,3.0,1,0.2,15,120,8,0,27.455
fastmultrec,20,50,3.0,1,0.2,15,120.0,8.0,0.0,0.085
insider_relax,20,50,3.0,1,0.2,15,120.0,8.0,0.0,0.039
lca,20,50,3.0,1,0.2,15,120.0,8.0,0.0,0.021
segdup,20,50,3.0,1,0.2,15,45,3,0,4.758
fastmultrec,20,50,3.0,1,0.2,15,45.0,3.0,0.0,0.016
insider_relax,20,50,3.0,1,0.2,15,45.0,3.0,0.0,0.009
lca,20,50,3.0,1,0.2,15,45.0,3.0,0.0,0.006
segdup,20,50,3.0,1,0.2,15,90,6,0,2.384
fastmultrec,20,50,3.0,1,0.2,15,90.0,6.0,0.0,0.023
insider_relax,20,50,3.0,1,0.2,15,90.0,6.0,0.0,0.011
lca,20,50,3.0,1,0.2,15,90.0,6.0,0.0,0.006
segdup,20,50,3.0,1,0.2,15,15,1,0,1.035
fastmultrec,20,50,3.0,1,0.2,15,15.0,1.0,0.0,0.017
insider_relax,20,50,3.0,1,0.2,15,15.0,1.0,0.0,0.008
lca,20,50,3.0,1,0.2,15,15.0,1.0,0.0,0.006
segdup,20,50,3.0,1,0.2,15,75,5,0,7.828
fastmultrec,20,50,3.0,1,0.2,15,75.0,5.0,0.0,0.020
insider_relax,20,50,3.0,1,0.2,15,75.0,5.0,0.0,0.011
lca,20,50,3.0,1,0.2,15,75.0,5.0,0.0,0.006
segdup,20,50,3.0,1,0.2,15,150,10,0,16.762
fastmultrec,20,50,3.0,1,0.2,15,150.0,10.0,0.0,0.040
insider_relax,20,50,3.0,1,0.2,15,150.0,10.0,0.0,0.017
lca,20,50,3.0,1,0.2,15,150.0,10.0,0.0,0.010
segdup,20,50,3.0,1,0.2,15,150,10,0,14.243
fastmultrec,20,50,3.0,1,0.2,15,150.0,10.0,0.0,0.038
insider_relax,20,50,3.0,1,0.2,15,150.0,10.0,0.0,0.018
lca,20,50,3.0,1,0.2,15,150.0,10.0,0.0,0.009
segdup,20,50,3.0,1,0.2,20,120,6,0,8.164
fastmultrec,20,50,3.0,1,0.2,20,120.0,6.0,0.0,0.019
insider_relax,20,50,3.0,1,0.2,20,120.0,6.0,0.0,0.012
lca,20,50,3.0,1,0.2,20,120.0,6.0,0.0,0.006
segdup,20,50,3.0,1,0.2,20,120,6,0,7.407
fastmultrec,20,50,3.0,1,0.2,20,120.0,6.0,0.0,0.029
insider_relax,20,50,3.0,1,0.2,20,120.0,6.0,0.0,0.016
lca,20,50,3.0,1,0.2,20,120.0,6.0,0.0,0.008
segdup,20,50,3.0,1,0.2,20,100,5,0,5.888
fastmultrec,20,50,3.0,1,0.2,20,100.0,5.0,0.0,0.020
insider_relax,20,50,3.0,1,0.2,20,100.0,5.0,0.0,0.011
lca,20,50,3.0,1,0.2,20,100.0,5.0,0.0,0.006
segdup,20,50,3.0,1,0.2,20,120,6,0,6.611
fastmultrec,20,50,3.0,1,0.2,20,120.0,6.0,0.0,0.028
insider_relax,20,50,3.0,1,0.2,20,120.0,6.0,0.0,0.016
lca,20,50,3.0,1,0.2,20,120.0,6.0,0.0,0.008
segdup,20,50,3.0,1,0.2,20,80,4,0,3.931
fastmultrec,20,50,3.0,1,0.2,20,80.0,4.0,0.0,0.017
insider_relax,20,50,3.0,1,0.2,20,80.0,4.0,0.0,0.008
lca,20,50,3.0,1,0.2,20,80.0,4.0,0.0,0.005
segdup,20,50,3.0,1,0.2,20,80,4,0,8.010
fastmultrec,20,50,3.0,1,0.2,20,80.0,4.0,0.0,0.020
insider_relax,20,50,3.0,1,0.2,20,80.0,4.0,0.0,0.010
lca,20,50,3.0,1,0.2,20,80.0,4.0,0.0,0.006
segdup,20,50,3.0,1,0.2,20,80,4,0,8.305
fastmultrec,20,50,3.0,1,0.2,20,80.0,4.0,0.0,0.025
insider_relax,20,50,3.0,1,0.2,20,80.0,4.0,0.0,0.013
lca,20,50,3.0,1,0.2,20,80.0,4.0,0.0,0.007
segdup,20,50,3.0,1,0.2,20,100,5,0,7.667
fastmultrec,20,50,3.0,1,0.2,20,100.0,5.0,0.0,0.019
insider_relax,20,50,3.0,1,0.2,20,100.0,5.0,0.0,0.010
lca,20,50,3.0,1,0.2,20,100.0,5.0,0.0,0.006
segdup,20,50,3.0,1,0.2,20,140,7,0,9.624
fastmultrec,20,50,3.0,1,0.2,20,140.0,7.0,0.0,0.035
insider_relax,20,50,3.0,1,0.2,20,140.0,7.0,0.0,0.018
lca,20,50,3.0,1,0.2,20,140.0,7.0,0.0,0.010
segdup,20,50,3.0,1,0.2,20,100,5,0,2.462
fastmultrec,20,50,3.0,1,0.2,20,100.0,5.0,0.0,0.028
insider_relax,20,50,3.0,1,0.2,20,100.0,5.0,0.0,0.017
lca,20,50,3.0,1,0.2,20,100.0,5.0,0.0,0.008
